Date,Close,Volume,Dividends,Stock Splits,Close_IHSG
2003-11-10 00:00:00+07:00,43.72919845581055,5658651738,0.0,0.0,620.0458374023438
2003-11-11 00:00:00+07:00,44.8504524230957,3232466332,0.0,0.0,617.6939086914062
2003-11-12 00:00:00+07:00,47.09296798706055,2203244555,0.0,0.0,619.847900390625
2003-11-13 00:00:00+07:00,47.09296798706055,1309077610,0.0,0.0,614.612060546875
2003-11-14 00:00:00+07:00,47.09296798706055,1897824280,0.0,0.0,610.311279296875
2003-11-17 00:00:00+07:00,44.8504524230957,465863546,0.0,0.0,607.765380859375
2003-11-18 00:00:00+07:00,43.72919845581055,437868063,0.0,0.0,605.7633666992188
2003-11-19 00:00:00+07:00,44.8504524230957,305194771,0.0,0.0,601.91455078125
2003-11-20 00:00:00+07:00,45.97171401977539,930962579,0.0,0.0,605.7813720703125
2003-11-21 00:00:00+07:00,47.09296798706055,678662222,0.0,0.0,617.0599975585938
2003-11-24 00:00:00+07:00,47.09296798706055,0,0.0,0.0,
2003-11-25 00:00:00+07:00,47.09296798706055,0,0.0,0.0,
2003-11-26 00:00:00+07:00,47.09296798706055,0,0.0,0.0,
2003-11-27 00:00:00+07:00,47.09296798706055,0,0.0,0.0,
2003-11-28 00:00:00+07:00,47.09296798706055,0,0.0,0.0,
2003-12-01 00:00:00+07:00,48.2142333984375,829645329,0.0,0.0,629.91552734375
2003-12-02 00:00:00+07:00,47.09296798706055,523889548,0.0,0.0,633.703369140625
2003-12-03 00:00:00+07:00,45.97171401977539,507625767,0.0,0.0,643.8379516601562
2003-12-04 00:00:00+07:00,47.09296798706055,787635604,0.0,0.0,641.1251220703125
2003-12-05 00:00:00+07:00,45.97171401977539,490173966,0.0,0.0,638.0201416015625
2003-12-08 00:00:00+07:00,45.97171401977539,460165448,0.0,0.0,647.7457885742188
2003-12-09 00:00:00+07:00,45.97171401977539,207386582,0.0,0.0,644.4338989257812
2003-12-10 00:00:00+07:00,47.09296798706055,1136534130,0.0,0.0,645.935791015625
2003-12-11 00:00:00+07:00,47.09296798706055,244149217,0.0,0.0,653.2985229492188
2003-12-12 00:00:00+07:00,48.2142333984375,960036082,0.0,0.0,656.7144165039062
2003-12-15 00:00:00+07:00,49.33550262451172,1286092713,0.0,0.0,658.496337890625
2003-12-16 00:00:00+07:00,49.33550262451172,370381897,0.0,0.0,656.8834228515625
2003-12-17 00:00:00+07:00,51.57802200317383,508857789,0.0,0.0,655.6724853515625
2003-12-18 00:00:00+07:00,57.18431854248047,1664229745,0.0,0.0,664.85107421875
2003-12-19 00:00:00+07:00,56.06306076049805,624898793,0.0,0.0,672.2658081054688
2003-12-22 00:00:00+07:00,56.06306076049805,158859243,0.0,0.0,674.3687744140625
2003-12-23 00:00:00+07:00,56.06306076049805,306338791,0.0,0.0,679.280517578125
2003-12-24 00:00:00+07:00,56.06306076049805,0,0.0,0.0,
2003-12-25 00:00:00+07:00,56.06306076049805,0,0.0,0.0,
2003-12-26 00:00:00+07:00,56.06306076049805,0,0.0,0.0,
2003-12-29 00:00:00+07:00,56.06306076049805,294783091,0.0,0.0,693.0060424804688
2003-12-30 00:00:00+07:00,56.06306076049805,338090839,0.0,0.0,691.8681030273438
2003-12-31 00:00:00+07:00,56.06306076049805,0,0.0,0.0,
2004-01-01 00:00:00+07:00,56.06306076049805,0,0.0,0.0,
2004-01-02 00:00:00+07:00,57.18431854248047,250930834,0.0,0.0,704.4705200195312
2004-01-05 00:00:00+07:00,57.18431854248047,377675023,0.0,0.0,725.4437866210938
2004-01-06 00:00:00+07:00,57.18431854248047,511695838,0.0,0.0,723.9608154296875
2004-01-07 00:00:00+07:00,58.30559158325195,335791799,0.0,0.0,709.3394165039062
2004-01-08 00:00:00+07:00,62.790626525878906,773489360,0.0,0.0,730.7864990234375
2004-01-09 00:00:00+07:00,68.39694213867188,987877563,0.0,0.0,753.6627197265625
2004-01-12 00:00:00+07:00,67.27568054199219,187608240,0.0,0.0,742.4771118164062
2004-01-13 00:00:00+07:00,66.15440368652344,213552188,0.0,0.0,743.1141357421875
2004-01-14 00:00:00+07:00,69.51820373535156,691306940,0.0,0.0,756.5335083007812
2004-01-15 00:00:00+07:00,71.7607192993164,503214691,0.0,0.0,763.4232177734375
2004-01-16 00:00:00+07:00,74.00322723388672,798905299,0.0,0.0,770.303955078125
2004-01-19 00:00:00+07:00,70.63947296142578,310991871,0.0,0.0,766.453125
2004-01-20 00:00:00+07:00,70.63947296142578,330737212,0.0,0.0,773.0949096679688
2004-01-21 00:00:00+07:00,69.51820373535156,191777312,0.0,0.0,776.2708129882812
2004-01-22 00:00:00+07:00,69.51820373535156,0,0.0,0.0,
2004-01-23 00:00:00+07:00,70.63947296142578,27703978,0.0,0.0,785.8484497070312
2004-01-26 00:00:00+07:00,69.51820373535156,49385353,0.0,0.0,786.8433837890625
2004-01-27 00:00:00+07:00,68.39694213867188,375876492,0.0,0.0,772.4639892578125
2004-01-28 00:00:00+07:00,67.27568054199219,493941531,0.0,0.0,767.0771484375
2004-01-29 00:00:00+07:00,62.790626525878906,294321083,0.0,0.0,759.6143798828125
2004-01-30 00:00:00+07:00,63.911903381347656,504848219,0.0,0.0,752.9027099609375
2004-02-02 00:00:00+07:00,63.911903381347656,0,0.0,0.0,
2004-02-03 00:00:00+07:00,61.66935348510742,646800171,0.0,0.0,730.29052734375
2004-02-04 00:00:00+07:00,65.03315734863281,510964325,0.0,0.0,730.24658203125
2004-02-05 00:00:00+07:00,66.15440368652344,341363396,0.0,0.0,736.4393920898438
2004-02-06 00:00:00+07:00,70.63947296142578,430778440,0.0,0.0,758.8944091796875
2004-02-09 00:00:00+07:00,74.00322723388672,380117065,0.0,0.0,767.2251586914062
2004-02-10 00:00:00+07:00,71.7607192993164,161053781,0.0,0.0,766.7411499023438
2004-02-11 00:00:00+07:00,71.7607192993164,22352386,0.0,0.0,769.7630615234375
2004-02-12 00:00:00+07:00,68.39694213867188,126529685,0.0,0.0,766.05322265625
2004-02-13 00:00:00+07:00,72.88197326660156,350526554,0.0,0.0,773.1099243164062
2004-02-16 00:00:00+07:00,70.63947296142578,26081450,0.0,0.0,775.19482421875
2004-02-17 00:00:00+07:00,70.63947296142578,90922070,0.0,0.0,776.9688110351562
2004-02-18 00:00:00+07:00,71.7607192993164,115523995,0.0,0.0,785.8764038085938
2004-02-19 00:00:00+07:00,71.7607192993164,339894870,0.0,0.0,789.4013061523438
2004-02-20 00:00:00+07:00,74.00322723388672,393685799,0.0,0.0,794.4360961914062
2004-02-23 00:00:00+07:00,74.00322723388672,0,0.0,0.0,
2004-02-24 00:00:00+07:00,71.7607192993164,208844107,0.0,0.0,780.72265625
2004-02-25 00:00:00+07:00,70.63947296142578,314258928,0.0,0.0,777.0227661132812
2004-02-26 00:00:00+07:00,68.39694213867188,335560795,0.0,0.0,775.98583984375
2004-02-27 00:00:00+07:00,69.51820373535156,146082523,0.0,0.0,761.0513916015625
2004-03-01 00:00:00+07:00,71.7607192993164,232225011,0.0,0.0,758.9763793945312
2004-03-02 00:00:00+07:00,71.7607192993164,218997282,0.0,0.0,779.7156372070312
2004-03-03 00:00:00+07:00,74.00322723388672,404586988,0.0,0.0,776.7957763671875
2004-03-04 00:00:00+07:00,74.00322723388672,186299217,0.0,0.0,774.7378540039062
2004-03-05 00:00:00+07:00,70.63947296142578,153139145,0.0,0.0,777.9796752929688
2004-03-08 00:00:00+07:00,70.63947296142578,107312353,0.0,0.0,772.837890625
2004-03-09 00:00:00+07:00,72.88197326660156,121777603,0.0,0.0,771.0479736328125
2004-03-10 00:00:00+07:00,70.63947296142578,197706414,0.0,0.0,760.2974243164062
2004-03-11 00:00:00+07:00,69.51820373535156,199086938,0.0,0.0,741.1691284179688
2004-03-12 00:00:00+07:00,67.27568054199219,275659261,0.0,0.0,738.1232299804688
2004-03-15 00:00:00+07:00,66.15440368652344,235998076,0.0,0.0,724.122802734375
2004-03-16 00:00:00+07:00,63.911903381347656,975458348,0.0,0.0,716.149169921875
2004-03-17 00:00:00+07:00,66.15440368652344,329224686,0.0,0.0,730.5565185546875
2004-03-18 00:00:00+07:00,67.27568054199219,268811643,0.0,0.0,733.5414428710938
2004-03-19 00:00:00+07:00,68.39694213867188,38665667,0.0,0.0,742.8851318359375
2004-03-22 00:00:00+07:00,68.39694213867188,0,0.0,0.0,
2004-03-23 00:00:00+07:00,68.39694213867188,517355435,0.0,0.0,736.4133911132812
2004-03-24 00:00:00+07:00,68.39694213867188,127074194,0.0,0.0,738.7642822265625
2004-03-25 00:00:00+07:00,66.15440368652344,149454081,0.0,0.0,727.07470703125
2004-03-26 00:00:00+07:00,63.911903381347656,155663688,0.0,0.0,714.1012573242188
2004-03-29 00:00:00+07:00,65.03315734863281,276489775,0.0,0.0,716.89306640625
2004-03-30 00:00:00+07:00,68.39694213867188,104287301,0.0,0.0,730.0325317382812
2004-03-31 00:00:00+07:00,68.39694213867188,158820743,0.0,0.0,735.6483764648438
2004-04-01 00:00:00+07:00,69.51820373535156,57800498,0.0,0.0,737.624267578125
2004-04-02 00:00:00+07:00,72.88197326660156,438550074,0.0,0.0,750.6227416992188
2004-04-05 00:00:00+07:00,72.88197326660156,0,0.0,0.0,
2004-04-06 00:00:00+07:00,78.48829650878906,795352237,0.0,0.0,771.5179443359375
2004-04-07 00:00:00+07:00,77.36701202392578,277556794,0.0,0.0,774.3688354492188
2004-04-08 00:00:00+07:00,76.24577331542969,45403284,0.0,0.0,779.586669921875
2004-04-09 00:00:00+07:00,76.24577331542969,0,0.0,0.0,
2004-04-12 00:00:00+07:00,75.12451171875,44066761,0.0,0.0,767.7821655273438
2004-04-13 00:00:00+07:00,75.12451171875,61023554,0.0,0.0,771.708984375
2004-04-14 00:00:00+07:00,75.12451171875,51376387,0.0,0.0,777.9576416015625
2004-04-15 00:00:00+07:00,77.36701202392578,67882172,0.0,0.0,772.9569091796875
2004-04-16 00:00:00+07:00,81.8520736694336,221109319,0.0,0.0,776.5418090820312
2004-04-19 00:00:00+07:00,86.33712768554688,240343151,0.0,0.0,784.8084106445312
2004-04-20 00:00:00+07:00,87.4583969116211,131479770,0.0,0.0,810.827392578125
2004-04-21 00:00:00+07:00,85.21585083007812,460599955,0.0,0.0,814.1713256835938
2004-04-22 00:00:00+07:00,82.97333526611328,199312442,0.0,0.0,804.3956909179688
2004-04-23 00:00:00+07:00,82.97333526611328,175502531,0.0,0.0,815.4122314453125
2004-04-26 00:00:00+07:00,79.60955047607422,275059750,0.0,0.0,811.71337890625
2004-04-27 00:00:00+07:00,82.97333526611328,176250544,0.0,0.0,818.1271362304688
2004-04-28 00:00:00+07:00,82.97333526611328,305431275,0.0,0.0,817.901123046875
2004-04-29 00:00:00+07:00,81.8520736694336,214536705,0.0,0.0,801.935791015625
2004-04-30 00:00:00+07:00,77.36701202392578,448351244,0.0,0.0,783.3825073242188
2004-05-03 00:00:00+07:00,77.36701202392578,0,0.0,0.0,
2004-05-04 00:00:00+07:00,72.88197326660156,549459490,0.0,0.0,779.5726928710938
2004-05-05 00:00:00+07:00,70.63947296142578,1005246863,0.0,0.0,758.052490234375
2004-05-06 00:00:00+07:00,71.7607192993164,719995436,0.0,0.0,746.0879516601562
2004-05-07 00:00:00+07:00,75.12451171875,490729476,0.0,0.0,743.6080932617188
2004-05-10 00:00:00+07:00,70.63947296142578,368885871,0.0,0.0,707.1904907226562
2004-05-11 00:00:00+07:00,74.00322723388672,636586495,0.0,0.0,718.2330322265625
2004-05-12 00:00:00+07:00,78.48829650878906,582443560,0.0,0.0,744.2620239257812
2004-05-13 00:00:00+07:00,76.24577331542969,233677036,0.0,0.0,739.1082763671875
2004-05-14 00:00:00+07:00,72.88197326660156,127618704,0.0,0.0,722.6808471679688
2004-05-17 00:00:00+07:00,67.27568054199219,140582428,0.0,0.0,668.4509887695312
2004-05-18 00:00:00+07:00,67.27568054199219,395858337,0.0,0.0,676.1256713867188
2004-05-19 00:00:00+07:00,70.63947296142578,288919990,0.0,0.0,706.76953125
2004-05-20 00:00:00+07:00,70.63947296142578,0,0.0,0.0,
2004-05-21 00:00:00+07:00,74.00322723388672,133718309,0.0,0.0,724.90380859375
2004-05-24 00:00:00+07:00,75.12451171875,101823258,0.0,0.0,732.551513671875
2004-05-25 00:00:00+07:00,72.88197326660156,131914278,0.0,0.0,717.1070556640625
2004-05-26 00:00:00+07:00,72.88197326660156,249280805,0.0,0.0,717.97705078125
2004-05-27 00:00:00+07:00,75.12451171875,52454406,0.0,0.0,728.28466796875
2004-05-28 00:00:00+07:00,76.24577331542969,142127954,0.0,0.0,733.96142578125
2004-05-31 00:00:00+07:00,77.36701202392578,58317507,0.0,0.0,732.4874877929688
2004-06-01 00:00:00+07:00,76.24577331542969,68415681,0.0,0.0,731.1735229492188
2004-06-02 00:00:00+07:00,71.7607192993164,182515152,0.0,0.0,719.0139770507812
2004-06-03 00:00:00+07:00,71.7607192993164,0,0.0,0.0,
2004-06-04 00:00:00+07:00,67.27568054199219,761741157,0.0,0.0,697.9097900390625
2004-06-07 00:00:00+07:00,68.39694213867188,226372910,0.0,0.0,700.7576904296875
2004-06-08 00:00:00+07:00,68.39694213867188,321695056,0.0,0.0,703.5516357421875
2004-06-09 00:00:00+07:00,71.7607192993164,364782800,0.0,0.0,709.7254028320312
2004-06-10 00:00:00+07:00,71.7607192993164,178505583,0.0,0.0,706.8135375976562
2004-06-11 00:00:00+07:00,72.88197326660156,53862430,0.0,0.0,704.0975341796875
2004-06-14 00:00:00+07:00,72.88197326660156,95608151,0.0,0.0,696.3109741210938
2004-06-15 00:00:00+07:00,75.12451171875,244055715,0.0,0.0,707.3834838867188
2004-06-16 00:00:00+07:00,74.00322723388672,117845035,0.0,0.0,707.8594360351562
2004-06-17 00:00:00+07:00,70.63947296142578,39012173,0.0,0.0,700.1098022460938
2004-06-18 00:00:00+07:00,71.7607192993164,178516583,0.0,0.0,692.6881103515625
2004-06-21 00:00:00+07:00,68.39694213867188,94002123,0.0,0.0,689.588134765625
2004-06-22 00:00:00+07:00,69.51820373535156,93534615,0.0,0.0,691.0661010742188
2004-06-23 00:00:00+07:00,70.63947296142578,70225212,0.0,0.0,699.728759765625
2004-06-24 00:00:00+07:00,69.51820373535156,45958793,0.0,0.0,709.3234252929688
2004-06-25 00:00:00+07:00,71.7607192993164,119572065,0.0,0.0,720.2039794921875
2004-06-28 00:00:00+07:00,72.88197326660156,159843760,0.0,0.0,720.510986328125
2004-06-29 00:00:00+07:00,74.00322723388672,85427475,0.0,0.0,722.2649536132812
2004-06-30 00:00:00+07:00,75.12451171875,252976869,0.0,0.0,732.3724975585938
2004-07-01 00:00:00+07:00,75.12451171875,239160630,0.0,0.0,729.7796020507812
2004-07-02 00:00:00+07:00,77.36701202392578,154244664,0.0,0.0,744.9959716796875
2004-07-05 00:00:00+07:00,77.36701202392578,0,0.0,0.0,744.9959716796875
2004-07-06 00:00:00+07:00,80.7308120727539,533360712,0.0,0.0,768.22509765625
2004-07-07 00:00:00+07:00,84.69206237792969,349608038,7.653504,0.0,771.6339721679688
2004-07-08 00:00:00+07:00,83.51578521728516,137870881,0.0,0.0,759.71240234375
2004-07-09 00:00:00+07:00,82.3395004272461,121728102,0.0,0.0,761.1104125976562
2004-07-12 00:00:00+07:00,83.51578521728516,158325734,0.0,0.0,757.5455322265625
2004-07-13 00:00:00+07:00,83.51578521728516,90702066,0.0,0.0,756.552490234375
2004-07-14 00:00:00+07:00,82.3395004272461,78205850,0.0,0.0,744.2869873046875
2004-07-15 00:00:00+07:00,81.16320037841797,142039953,0.0,0.0,745.3109741210938
2004-07-16 00:00:00+07:00,81.16320037841797,202579499,0.0,0.0,756.0655517578125
2004-07-19 00:00:00+07:00,78.81065368652344,50688875,0.0,0.0,754.24365234375
2004-07-20 00:00:00+07:00,79.98694610595703,60468044,0.0,0.0,756.6375122070312
2004-07-21 00:00:00+07:00,81.16320037841797,115232490,0.0,0.0,761.2094116210938
2004-07-22 00:00:00+07:00,81.16320037841797,64939621,0.0,0.0,761.4884033203125
2004-07-23 00:00:00+07:00,83.51578521728516,103434786,0.0,0.0,766.337158203125
2004-07-26 00:00:00+07:00,82.3395004272461,218557275,0.0,0.0,761.7744140625
2004-07-27 00:00:00+07:00,81.16320037841797,64439113,0.0,0.0,759.2493896484375
2004-07-28 00:00:00+07:00,82.3395004272461,32703564,0.0,0.0,760.17041015625
2004-07-29 00:00:00+07:00,81.16320037841797,86362491,0.0,0.0,760.9434204101562
2004-07-30 00:00:00+07:00,81.16320037841797,98237196,0.0,0.0,756.9534912109375
2004-08-02 00:00:00+07:00,79.98694610595703,145065005,0.0,0.0,749.4288330078125
2004-08-03 00:00:00+07:00,82.3395004272461,58658513,0.0,0.0,757.2655029296875
2004-08-04 00:00:00+07:00,81.16320037841797,71556235,0.0,0.0,758.2745361328125
2004-08-05 00:00:00+07:00,82.3395004272461,45089778,0.0,0.0,761.9813842773438
2004-08-06 00:00:00+07:00,79.98694610595703,83909449,0.0,0.0,753.9026489257812
2004-08-09 00:00:00+07:00,78.81065368652344,84041451,0.0,0.0,750.0107421875
2004-08-10 00:00:00+07:00,78.81065368652344,106872345,0.0,0.0,752.4136962890625
2004-08-11 00:00:00+07:00,81.16320037841797,120727085,0.0,0.0,763.917236328125
2004-08-12 00:00:00+07:00,78.81065368652344,73239265,0.0,0.0,758.1495361328125
2004-08-13 00:00:00+07:00,78.81065368652344,225085887,0.0,0.0,755.8905639648438
2004-08-16 00:00:00+07:00,78.81065368652344,113153454,0.0,0.0,751.9207153320312
2004-08-17 00:00:00+07:00,78.81065368652344,0,0.0,0.0,751.9207153320312
2004-08-18 00:00:00+07:00,78.81065368652344,75675807,0.0,0.0,754.2246704101562
2004-08-19 00:00:00+07:00,78.81065368652344,132557789,0.0,0.0,753.6597290039062
2004-08-20 00:00:00+07:00,78.81065368652344,2029535,0.0,0.0,750.4427490234375
2004-08-23 00:00:00+07:00,77.63436126708984,28165986,0.0,0.0,749.341796875
2004-08-24 00:00:00+07:00,77.63436126708984,51502889,0.0,0.0,738.8372802734375
2004-08-25 00:00:00+07:00,75.28182983398438,250446825,0.0,0.0,731.6875
2004-08-26 00:00:00+07:00,76.45808410644531,136006349,0.0,0.0,735.2254028320312
2004-08-27 00:00:00+07:00,78.81065368652344,73090762,0.0,0.0,746.73095703125
2004-08-30 00:00:00+07:00,81.16320037841797,456051377,0.0,0.0,752.9957275390625
2004-08-31 00:00:00+07:00,81.16320037841797,168632912,0.0,0.0,754.6746215820312
2004-09-01 00:00:00+07:00,82.3395004272461,226284908,0.0,0.0,775.0658569335938
2004-09-02 00:00:00+07:00,84.69206237792969,246338254,0.0,0.0,780.2406616210938
2004-09-03 00:00:00+07:00,84.69206237792969,173973504,0.0,0.0,786.4594116210938
2004-09-06 00:00:00+07:00,84.69206237792969,34909102,0.0,0.0,784.7564086914062
2004-09-07 00:00:00+07:00,84.69206237792969,149619084,0.0,0.0,786.6564331054688
2004-09-08 00:00:00+07:00,84.69206237792969,80966898,0.0,0.0,789.1043090820312
2004-09-09 00:00:00+07:00,88.22090911865234,697241543,0.0,0.0,782.6195678710938
2004-09-10 00:00:00+07:00,91.74972534179688,173659999,0.0,0.0,797.7439575195312
2004-09-13 00:00:00+07:00,91.74972534179688,0,0.0,0.0,
2004-09-14 00:00:00+07:00,90.57345581054688,243230701,0.0,0.0,808.9845581054688
2004-09-15 00:00:00+07:00,94.10228729248047,555361092,0.0,0.0,815.4542846679688
2004-09-16 00:00:00+07:00,91.74972534179688,143414977,0.0,0.0,813.0324096679688
2004-09-17 00:00:00+07:00,91.74972534179688,277303789,0.0,0.0,814.5942993164062
2004-09-20 00:00:00+07:00,91.74972534179688,0,0.0,0.0,814.5942993164062
2004-09-21 00:00:00+07:00,95.2785415649414,360036218,0.0,0.0,823.825927734375
2004-09-22 00:00:00+07:00,91.74972534179688,70538718,0.0,0.0,818.1981201171875
2004-09-23 00:00:00+07:00,90.57345581054688,69983208,0.0,0.0,816.730224609375
2004-09-24 00:00:00+07:00,90.57345581054688,27945982,0.0,0.0,819.7890625
2004-09-27 00:00:00+07:00,89.39714813232422,142270957,0.0,0.0,815.5502319335938
2004-09-28 00:00:00+07:00,91.74972534179688,138261388,0.0,0.0,812.0953979492188
2004-09-29 00:00:00+07:00,92.92599487304688,61568063,0.0,0.0,812.8604125976562
2004-09-30 00:00:00+07:00,96.45482635498047,295487103,0.0,0.0,820.10205078125
2004-10-01 00:00:00+07:00,101.15994262695312,353364603,0.0,0.0,835.8724365234375
2004-10-04 00:00:00+07:00,103.51250457763672,489156448,0.0,0.0,856.4156494140625
2004-10-05 00:00:00+07:00,103.51250457763672,735357201,0.0,0.0,861.2844848632812
2004-10-06 00:00:00+07:00,101.15994262695312,248147786,0.0,0.0,856.0266723632812
2004-10-07 00:00:00+07:00,97.63113403320312,205808054,0.0,0.0,849.7929077148438
2004-10-08 00:00:00+07:00,99.98369598388672,550174502,0.0,0.0,855.6856689453125
2004-10-11 00:00:00+07:00,99.98369598388672,123482632,0.0,0.0,860.1105346679688
2004-10-12 00:00:00+07:00,98.80738830566406,208481100,0.0,0.0,849.159912109375
2004-10-13 00:00:00+07:00,98.80738830566406,136979865,0.0,0.0,863.1373901367188
2004-10-14 00:00:00+07:00,97.63113403320312,310067855,0.0,0.0,859.6305541992188
2004-10-15 00:00:00+07:00,98.80738830566406,123818138,0.0,0.0,857.5596313476562
2004-10-18 00:00:00+07:00,95.2785415649414,123724637,0.0,0.0,854.353759765625
2004-10-19 00:00:00+07:00,92.92599487304688,356461156,0.0,0.0,853.3598022460938
2004-10-20 00:00:00+07:00,92.92599487304688,437708560,0.0,0.0,840.75830078125
2004-10-21 00:00:00+07:00,90.57345581054688,147996556,0.0,0.0,834.1365356445312
2004-10-22 00:00:00+07:00,92.92599487304688,360833732,0.0,0.0,850.7408447265625
2004-10-25 00:00:00+07:00,92.92599487304688,113532960,0.0,0.0,846.6021118164062
2004-10-26 00:00:00+07:00,91.74972534179688,110282404,0.0,0.0,841.3203125
2004-10-27 00:00:00+07:00,92.92599487304688,228110940,0.0,0.0,849.1509399414062
2004-10-28 00:00:00+07:00,94.10228729248047,377713524,0.0,0.0,862.08544921875
2004-10-29 00:00:00+07:00,91.74972534179688,435272018,0.0,0.0,860.4535522460938
2004-11-01 00:00:00+07:00,94.10228729248047,193911349,0.0,0.0,863.5553588867188
2004-11-02 00:00:00+07:00,96.45482635498047,505772235,0.0,0.0,881.3616943359375
2004-11-03 00:00:00+07:00,98.80738830566406,556477611,0.0,0.0,890.330322265625
2004-11-04 00:00:00+07:00,96.45482635498047,304221254,0.0,0.0,888.3014526367188
2004-11-05 00:00:00+07:00,94.10228729248047,215829227,0.0,0.0,893.604248046875
2004-11-08 00:00:00+07:00,92.92599487304688,223639362,0.0,0.0,888.703369140625
2004-11-09 00:00:00+07:00,96.45482635498047,252448860,0.0,0.0,901.344970703125
2004-11-10 00:00:00+07:00,99.98369598388672,503115690,0.0,0.0,918.67724609375
2004-11-11 00:00:00+07:00,101.15994262695312,381536090,0.0,0.0,925.1489868164062
2004-11-12 00:00:00+07:00,101.15994262695312,342138909,0.0,0.0,933.9937133789062
2004-11-15 00:00:00+07:00,101.15994262695312,0,0.0,0.0,
2004-11-16 00:00:00+07:00,101.15994262695312,0,0.0,0.0,
2004-11-17 00:00:00+07:00,101.15994262695312,0,0.0,0.0,
2004-11-18 00:00:00+07:00,101.15994262695312,0,0.0,0.0,
2004-11-19 00:00:00+07:00,101.15994262695312,0,0.0,0.0,933.9937133789062
2004-11-22 00:00:00+07:00,99.98369598388672,369155376,0.0,0.0,939.9544677734375
2004-11-23 00:00:00+07:00,104.68879699707031,1038896444,0.0,0.0,958.981689453125
2004-11-24 00:00:00+07:00,105.86505126953125,935879664,0.0,0.0,961.2864990234375
2004-11-25 00:00:00+07:00,105.86505126953125,427797389,0.0,0.0,955.6438598632812
2004-11-26 00:00:00+07:00,110.5701904296875,885916801,0.0,0.0,965.178466796875
2004-11-29 00:00:00+07:00,112.9227294921875,742243320,0.0,0.0,964.0484619140625
2004-11-30 00:00:00+07:00,114.09901428222656,608338007,0.0,0.0,977.72900390625
2004-12-01 00:00:00+07:00,118.80413818359375,728223578,0.0,0.0,986.1605834960938
2004-12-02 00:00:00+07:00,117.62783813476562,595170780,0.0,0.0,997.6591796875
2004-12-03 00:00:00+07:00,115.27528381347656,219398789,0.0,0.0,981.3687744140625
2004-12-06 00:00:00+07:00,115.27528381347656,176564049,0.0,0.0,983.1597290039062
2004-12-07 00:00:00+07:00,115.27528381347656,219338288,0.0,0.0,986.37158203125
2004-12-08 00:00:00+07:00,116.4515609741211,471193138,0.0,0.0,979.181884765625
2004-12-09 00:00:00+07:00,116.4515609741211,310078855,0.0,0.0,963.7594604492188
2004-12-10 00:00:00+07:00,112.9227294921875,506635750,0.0,0.0,945.1932373046875
2004-12-13 00:00:00+07:00,112.9227294921875,349239532,0.0,0.0,935.74755859375
2004-12-14 00:00:00+07:00,112.9227294921875,262910041,0.0,0.0,922.037109375
2004-12-15 00:00:00+07:00,111.74644470214844,435063014,0.0,0.0,939.1144409179688
2004-12-16 00:00:00+07:00,115.27528381347656,237290598,0.0,0.0,957.1287231445312
2004-12-17 00:00:00+07:00,118.80413818359375,346054977,0.0,0.0,973.316162109375
2004-12-20 00:00:00+07:00,116.4515609741211,533767719,0.0,0.0,966.775390625
2004-12-21 00:00:00+07:00,123.50922393798828,563385731,0.0,0.0,976.2809448242188
2004-12-22 00:00:00+07:00,128.21432495117188,742413823,0.0,0.0,985.1436767578125
2004-12-23 00:00:00+07:00,128.21432495117188,130704257,0.0,0.0,986.4675903320312
2004-12-24 00:00:00+07:00,128.21432495117188,0,0.0,0.0,
2004-12-27 00:00:00+07:00,130.56690979003906,183021161,0.0,0.0,997.4791870117188
2004-12-28 00:00:00+07:00,134.09576416015625,160833777,0.0,0.0,1003.8798828125
2004-12-29 00:00:00+07:00,136.4482879638672,174727017,0.0,0.0,1004.390869140625
2004-12-30 00:00:00+07:00,135.2720489501953,119423562,0.0,0.0,1000.194091796875
2004-12-31 00:00:00+07:00,135.2720489501953,0,0.0,0.0,
2005-01-03 00:00:00+07:00,132.9194793701172,106740343,0.0,0.0,1000.8380737304688
2005-01-04 00:00:00+07:00,132.9194793701172,269097647,0.0,0.0,1018.5033569335938
2005-01-05 00:00:00+07:00,134.09576416015625,367483347,0.0,0.0,1015.3914794921875
2005-01-06 00:00:00+07:00,132.9194793701172,235888074,0.0,0.0,1029.8458251953125
2005-01-07 00:00:00+07:00,127.03807830810547,509715804,0.0,0.0,1032.48486328125
2005-01-10 00:00:00+07:00,127.03807830810547,404388984,0.0,0.0,1015.4384765625
2005-01-11 00:00:00+07:00,128.21432495117188,325402120,0.0,0.0,1011.6336059570312
2005-01-12 00:00:00+07:00,127.03807830810547,279685330,0.0,0.0,1008.5386962890625
2005-01-13 00:00:00+07:00,129.390625,222066335,0.0,0.0,1021.6301879882812
2005-01-14 00:00:00+07:00,128.21432495117188,199422444,0.0,0.0,1021.30029296875
2005-01-17 00:00:00+07:00,129.390625,61562563,0.0,0.0,1024.8450927734375
2005-01-18 00:00:00+07:00,127.03807830810547,100178730,0.0,0.0,1017.6864013671875
2005-01-19 00:00:00+07:00,129.390625,113719964,0.0,0.0,1027.77001953125
2005-01-20 00:00:00+07:00,130.56690979003906,206044558,0.0,0.0,1035.7066650390625
2005-01-24 00:00:00+07:00,128.21432495117188,175695034,0.0,0.0,1030.6768798828125
2005-01-25 00:00:00+07:00,129.390625,118769051,0.0,0.0,1026.85302734375
2005-01-26 00:00:00+07:00,129.390625,97703687,0.0,0.0,1037.4686279296875
2005-01-27 00:00:00+07:00,129.390625,83854448,0.0,0.0,1044.9473876953125
2005-01-28 00:00:00+07:00,130.56690979003906,118235542,0.0,0.0,1046.4423828125
2005-01-31 00:00:00+07:00,129.390625,34837601,0.0,0.0,1045.3944091796875
2005-02-01 00:00:00+07:00,127.03807830810547,206435065,0.0,0.0,1047.4912109375
2005-02-02 00:00:00+07:00,132.9194793701172,391232757,0.0,0.0,1052.783935546875
2005-02-03 00:00:00+07:00,134.09576416015625,294541087,0.0,0.0,1049.290283203125
2005-02-04 00:00:00+07:00,132.9194793701172,75510804,0.0,0.0,1048.3502197265625
2005-02-07 00:00:00+07:00,134.09576416015625,56430974,0.0,0.0,1041.5875244140625
2005-02-08 00:00:00+07:00,132.9194793701172,34040087,0.0,0.0,1036.563720703125
2005-02-11 00:00:00+07:00,136.4482879638672,267519120,0.0,0.0,1045.828369140625
2005-02-14 00:00:00+07:00,144.68226623535156,451557799,0.0,0.0,1050.6920166015625
2005-02-15 00:00:00+07:00,145.85853576660156,104633807,0.0,0.0,1067.1583251953125
2005-02-16 00:00:00+07:00,143.50599670410156,99590220,0.0,0.0,1073.4031982421875
2005-02-17 00:00:00+07:00,145.85853576660156,314841938,0.0,0.0,1082.9359130859375
2005-02-18 00:00:00+07:00,149.3873748779297,232670518,0.0,0.0,1092.4505615234375
2005-02-21 00:00:00+07:00,149.3873748779297,103786792,0.0,0.0,1093.7353515625
2005-02-22 00:00:00+07:00,151.73989868164062,94590633,0.0,0.0,1099.8702392578125
2005-02-23 00:00:00+07:00,155.2687225341797,91197075,0.0,0.0,1102.8831787109375
2005-02-24 00:00:00+07:00,155.2687225341797,95300146,0.0,0.0,1101.9761962890625
2005-02-25 00:00:00+07:00,154.09246826171875,83942449,0.0,0.0,1083.3338623046875
2005-02-28 00:00:00+07:00,154.09246826171875,109490391,0.0,0.0,1073.7862548828125
2005-03-01 00:00:00+07:00,151.73989868164062,115732998,0.0,0.0,1093.238525390625
2005-03-02 00:00:00+07:00,151.73989868164062,28457491,0.0,0.0,1082.704833984375
2005-03-03 00:00:00+07:00,150.56365966796875,143799983,0.0,0.0,1094.55322265625
2005-03-04 00:00:00+07:00,149.3873748779297,96345164,0.0,0.0,1102.9652099609375
2005-03-07 00:00:00+07:00,155.2687225341797,103126781,0.0,0.0,1105.2548828125
2005-03-08 00:00:00+07:00,154.09246826171875,120628083,0.0,0.0,1114.1636962890625
2005-03-09 00:00:00+07:00,152.91616821289062,23677908,0.0,0.0,1116.764404296875
2005-03-10 00:00:00+07:00,150.56365966796875,99227213,0.0,0.0,1108.00390625
2005-03-14 00:00:00+07:00,143.50599670410156,262915541,0.0,0.0,1123.438232421875
2005-03-15 00:00:00+07:00,144.68226623535156,122217610,0.0,0.0,1118.9573974609375
2005-03-16 00:00:00+07:00,154.09246826171875,179924607,0.0,0.0,1138.189697265625
2005-03-17 00:00:00+07:00,149.3873748779297,187388236,0.0,0.0,1134.5467529296875
2005-03-18 00:00:00+07:00,148.2111358642578,57657495,0.0,0.0,1147.829345703125
2005-03-21 00:00:00+07:00,145.85853576660156,61854068,0.0,0.0,1151.51416015625
2005-03-22 00:00:00+07:00,145.85853576660156,112817948,0.0,0.0,1152.5560302734375
2005-03-23 00:00:00+07:00,139.9771270751953,327195151,0.0,0.0,1142.103515625
2005-03-24 00:00:00+07:00,132.9194793701172,251893350,0.0,0.0,1114.5076904296875
2005-03-28 00:00:00+07:00,130.56690979003906,277661295,0.0,0.0,1100.197265625
2005-03-29 00:00:00+07:00,130.56690979003906,461831976,0.0,0.0,1070.2584228515625
2005-03-30 00:00:00+07:00,129.390625,282468378,0.0,0.0,1065.08544921875
2005-03-31 00:00:00+07:00,134.09576416015625,182900159,0.0,0.0,1080.1229248046875
2005-04-01 00:00:00+07:00,135.2720489501953,159497254,0.0,0.0,1095.0233154296875
2005-04-04 00:00:00+07:00,136.4482879638672,192673827,0.0,0.0,1100.1602783203125
2005-04-05 00:00:00+07:00,138.80087280273438,116475511,0.0,0.0,1096.4832763671875
2005-04-06 00:00:00+07:00,139.9771270751953,111057918,0.0,0.0,1103.2451171875
2005-04-07 00:00:00+07:00,143.50599670410156,144553496,0.0,0.0,1111.5777587890625
2005-04-08 00:00:00+07:00,138.80087280273438,180854123,0.0,0.0,1111.1827392578125
2005-04-11 00:00:00+07:00,137.6245880126953,73838775,0.0,0.0,1105.93896484375
2005-04-12 00:00:00+07:00,136.4482879638672,136000849,0.0,0.0,1110.8408203125
2005-04-13 00:00:00+07:00,136.4482879638672,183158663,0.0,0.0,1116.62646484375
2005-04-14 00:00:00+07:00,136.4482879638672,120617083,0.0,0.0,1108.395751953125
2005-04-15 00:00:00+07:00,132.9194793701172,109259387,0.0,0.0,1096.4752197265625
2005-04-18 00:00:00+07:00,125.8617935180664,174699517,0.0,0.0,1060.147705078125
2005-04-19 00:00:00+07:00,130.56690979003906,169919934,0.0,0.0,1062.6517333984375
2005-04-20 00:00:00+07:00,134.09576416015625,95454148,0.0,0.0,1070.9044189453125
2005-04-21 00:00:00+07:00,128.21432495117188,155823191,0.0,0.0,1047.76318359375
2005-04-25 00:00:00+07:00,124.68551635742188,95388147,0.0,0.0,1019.8353271484375
2005-04-26 00:00:00+07:00,128.21432495117188,123466132,0.0,0.0,1031.727783203125
2005-04-27 00:00:00+07:00,125.8617935180664,113444959,0.0,0.0,1032.1778564453125
2005-04-28 00:00:00+07:00,125.8617935180664,122817121,0.0,0.0,1038.3165283203125
2005-04-29 00:00:00+07:00,125.8617935180664,98083194,0.0,0.0,1029.5728759765625
2005-05-02 00:00:00+07:00,125.8617935180664,25503940,0.0,0.0,1026.4820556640625
2005-05-03 00:00:00+07:00,125.8617935180664,21780376,0.0,0.0,1033.462890625
2005-05-04 00:00:00+07:00,130.56690979003906,203701518,0.0,0.0,1049.5382080078125
2005-05-06 00:00:00+07:00,134.09576416015625,143904485,0.0,0.0,1068.2333984375
2005-05-09 00:00:00+07:00,136.4482879638672,35151107,0.0,0.0,1080.1649169921875
2005-05-10 00:00:00+07:00,134.09576416015625,52767911,0.0,0.0,1071.1153564453125
2005-05-11 00:00:00+07:00,131.74317932128906,136363855,0.0,0.0,1057.0357666015625
2005-05-12 00:00:00+07:00,130.56690979003906,127283198,0.0,0.0,1063.78564453125
2005-05-13 00:00:00+07:00,131.74317932128906,45293282,0.0,0.0,1059.231689453125
2005-05-16 00:00:00+07:00,128.21432495117188,29695012,0.0,0.0,1048.7462158203125
2005-05-17 00:00:00+07:00,129.390625,111899432,0.0,0.0,1045.7322998046875
2005-05-18 00:00:00+07:00,127.03807830810547,60743049,0.0,0.0,1040.222412109375
2005-05-19 00:00:00+07:00,129.390625,63141090,0.0,0.0,1045.42431640625
2005-05-20 00:00:00+07:00,131.74317932128906,70148211,0.0,0.0,1048.0712890625
2005-05-23 00:00:00+07:00,130.56690979003906,30971034,0.0,0.0,1045.109375
2005-05-25 00:00:00+07:00,129.390625,88078521,0.0,0.0,1049.0152587890625
2005-05-26 00:00:00+07:00,131.74317932128906,173087989,0.0,0.0,1054.3199462890625
2005-05-27 00:00:00+07:00,131.74317932128906,76594322,0.0,0.0,1061.4537353515625
2005-05-30 00:00:00+07:00,132.9194793701172,81846913,0.0,0.0,1062.914794921875
2005-05-31 00:00:00+07:00,136.4482879638672,180716621,0.0,0.0,1088.1265869140625
2005-06-01 00:00:00+07:00,135.2720489501953,105568823,0.0,0.0,1082.89892578125
2005-06-02 00:00:00+07:00,135.2720489501953,147963555,0.0,0.0,1091.4224853515625
2005-06-03 00:00:00+07:00,132.9194793701172,188757760,0.0,0.0,1092.45947265625
2005-06-06 00:00:00+07:00,129.390625,421257776,0.0,0.0,1096.790283203125
2005-06-07 00:00:00+07:00,128.21432495117188,171558963,0.0,0.0,1092.771484375
2005-06-08 00:00:00+07:00,129.390625,153249146,0.0,0.0,1095.46728515625
2005-06-09 00:00:00+07:00,127.03807830810547,304985767,0.0,0.0,1094.1463623046875
2005-06-10 00:00:00+07:00,127.03807830810547,251821849,0.0,0.0,1096.8892822265625
2005-06-13 00:00:00+07:00,127.03807830810547,46772807,0.0,0.0,1100.835205078125
2005-06-14 00:00:00+07:00,128.21432495117188,291307031,0.0,0.0,1105.846923828125
2005-06-15 00:00:00+07:00,128.21432495117188,327728660,0.0,0.0,1119.535400390625
2005-06-16 00:00:00+07:00,130.56690979003906,399290396,0.0,0.0,1125.7152099609375
2005-06-17 00:00:00+07:00,134.44747924804688,359568710,13.902487,0.0,1141.7735595703125
2005-06-20 00:00:00+07:00,140.6719207763672,1093957895,0.0,0.0,1147.665283203125
2005-06-21 00:00:00+07:00,143.16163635253906,525633078,0.0,0.0,1133.2818603515625
2005-06-22 00:00:00+07:00,141.91676330566406,233726537,0.0,0.0,1134.6507568359375
2005-06-23 00:00:00+07:00,143.16163635253906,207194078,0.0,0.0,1137.379638671875
2005-06-24 00:00:00+07:00,143.16163635253906,226163906,0.0,0.0,1135.622802734375
2005-06-27 00:00:00+07:00,143.16163635253906,157451219,0.0,0.0,1119.8543701171875
2005-06-28 00:00:00+07:00,143.16163635253906,256782935,0.0,0.0,1127.773193359375
2005-06-29 00:00:00+07:00,144.40652465820312,218001765,0.0,0.0,1126.813232421875
2005-06-30 00:00:00+07:00,144.40652465820312,264912075,0.0,0.0,1122.3323974609375
2005-07-01 00:00:00+07:00,144.40652465820312,194257855,0.0,0.0,1138.9437255859375
2005-07-04 00:00:00+07:00,150.6309356689453,340972889,0.0,0.0,1138.837646484375
2005-07-05 00:00:00+07:00,145.6514129638672,175343028,0.0,0.0,1131.1239013671875
2005-07-06 00:00:00+07:00,144.40652465820312,170348942,0.0,0.0,1117.7684326171875
2005-07-07 00:00:00+07:00,143.16163635253906,250622828,0.0,0.0,1108.3597412109375
2005-07-08 00:00:00+07:00,145.6514129638672,58818015,0.0,0.0,1110.5137939453125
2005-07-11 00:00:00+07:00,148.14120483398438,100492235,0.0,0.0,1123.418212890625
2005-07-12 00:00:00+07:00,149.3861083984375,133833811,0.0,0.0,1129.0711669921875
2005-07-13 00:00:00+07:00,149.3861083984375,35706616,0.0,0.0,1132.749755859375
2005-07-14 00:00:00+07:00,151.8758544921875,523273538,0.0,0.0,1136.5247802734375
2005-07-15 00:00:00+07:00,150.6309356689453,206886073,0.0,0.0,1131.4169921875
2005-07-18 00:00:00+07:00,146.8962860107422,94095625,0.0,0.0,1128.3961181640625
2005-07-19 00:00:00+07:00,148.14120483398438,44171262,0.0,0.0,1131.972900390625
2005-07-20 00:00:00+07:00,145.6514129638672,218001765,0.0,0.0,1140.6116943359375
2005-07-21 00:00:00+07:00,148.14120483398438,105288318,0.0,0.0,1157.468994140625
2005-07-22 00:00:00+07:00,148.14120483398438,122575117,0.0,0.0,1172.1983642578125
2005-07-25 00:00:00+07:00,148.14120483398438,258262460,0.0,0.0,1169.704345703125
2005-07-26 00:00:00+07:00,148.14120483398438,29618011,0.0,0.0,1177.957275390625
2005-07-27 00:00:00+07:00,149.3861083984375,183444668,0.0,0.0,1178.0662841796875
2005-07-28 00:00:00+07:00,155.61048889160156,385705162,0.0,0.0,1186.56787109375
2005-07-29 00:00:00+07:00,159.34512329101562,251436842,0.0,0.0,1182.2550048828125
2005-08-01 00:00:00+07:00,164.32467651367188,308390326,0.0,0.0,1178.17724609375
2005-08-02 00:00:00+07:00,161.83493041992188,80020882,0.0,0.0,1189.2806396484375
2005-08-03 00:00:00+07:00,160.58998107910156,72326249,0.0,0.0,1192.1566162109375
2005-08-04 00:00:00+07:00,155.61048889160156,49874861,0.0,0.0,1185.2808837890625
2005-08-05 00:00:00+07:00,148.14120483398438,282589381,0.0,0.0,1174.044189453125
2005-08-08 00:00:00+07:00,148.14120483398438,265885592,0.0,0.0,1158.541015625
2005-08-09 00:00:00+07:00,148.14120483398438,222792348,0.0,0.0,1162.753662109375
2005-08-10 00:00:00+07:00,149.3861083984375,251117837,0.0,0.0,1176.792236328125
2005-08-11 00:00:00+07:00,149.3861083984375,258751969,0.0,0.0,1167.9266357421875
2005-08-12 00:00:00+07:00,146.8962860107422,169666930,0.0,0.0,1153.924072265625
2005-08-15 00:00:00+07:00,140.6719207763672,296856627,0.0,0.0,1118.23046875
2005-08-16 00:00:00+07:00,141.91676330566406,208536101,0.0,0.0,1113.7816162109375
2005-08-18 00:00:00+07:00,141.91676330566406,190979798,0.0,0.0,1100.2562255859375
2005-08-19 00:00:00+07:00,139.42697143554688,227659932,0.0,0.0,1087.91064453125
2005-08-22 00:00:00+07:00,133.2025604248047,209086111,0.0,0.0,1076.3111572265625
2005-08-23 00:00:00+07:00,126.97814178466797,566988293,0.0,0.0,1066.050537109375
2005-08-24 00:00:00+07:00,125.73326110839844,1101196020,0.0,0.0,1035.4046630859375
2005-08-25 00:00:00+07:00,128.22305297851562,583065070,0.0,0.0,1061.8057861328125
2005-08-26 00:00:00+07:00,126.97814178466797,403822474,0.0,0.0,1048.833251953125
2005-08-29 00:00:00+07:00,115.77418518066406,764716708,0.0,0.0,994.7312622070312
2005-08-30 00:00:00+07:00,126.97814178466797,981876959,0.0,0.0,1039.7794189453125
2005-08-31 00:00:00+07:00,128.22305297851562,442356140,0.0,0.0,1050.049072265625
2005-09-01 00:00:00+07:00,126.97814178466797,436185033,0.0,0.0,1039.189453125
2005-09-05 00:00:00+07:00,128.22305297851562,97500184,0.0,0.0,1035.8507080078125
2005-09-06 00:00:00+07:00,135.69235229492188,273162218,0.0,0.0,1051.552978515625
2005-09-07 00:00:00+07:00,138.1820831298828,255864419,0.0,0.0,1059.3387451171875
2005-09-08 00:00:00+07:00,135.69235229492188,156274199,0.0,0.0,1080.4078369140625
2005-09-09 00:00:00+07:00,136.93722534179688,162747811,0.0,0.0,1098.413330078125
2005-09-12 00:00:00+07:00,140.6719207763672,185369701,0.0,0.0,1105.6138916015625
2005-09-13 00:00:00+07:00,136.93722534179688,193619844,0.0,0.0,1085.7017822265625
2005-09-14 00:00:00+07:00,133.2025604248047,84976467,0.0,0.0,1058.585693359375
2005-09-15 00:00:00+07:00,131.95770263671875,144861502,0.0,0.0,1050.864990234375
2005-09-16 00:00:00+07:00,129.46791076660156,141577945,0.0,0.0,1056.6849365234375
2005-09-19 00:00:00+07:00,130.71279907226562,20812359,0.0,0.0,1066.54931640625
2005-09-20 00:00:00+07:00,130.71279907226562,90278559,0.0,0.0,1055.5499267578125
2005-09-21 00:00:00+07:00,129.46791076660156,89052038,0.0,0.0,1044.015380859375
2005-09-22 00:00:00+07:00,123.24349975585938,270516672,0.0,0.0,1016.7184448242188
2005-09-23 00:00:00+07:00,119.50885009765625,66358646,0.0,0.0,1012.8115844726562
2005-09-26 00:00:00+07:00,124.48839569091797,304369757,0.0,0.0,1034.5447998046875
2005-09-27 00:00:00+07:00,126.97814178466797,202012989,0.0,0.0,1037.5936279296875
2005-09-28 00:00:00+07:00,124.48839569091797,65951639,0.0,0.0,1027.847900390625
2005-09-29 00:00:00+07:00,130.71279907226562,240651156,0.0,0.0,1048.26123046875
2005-09-30 00:00:00+07:00,134.44747924804688,164749845,0.0,0.0,1079.23291015625
2005-10-03 00:00:00+07:00,133.2025604248047,210268631,0.0,0.0,1083.371826171875
2005-10-04 00:00:00+07:00,131.95770263671875,93963622,0.0,0.0,1101.1231689453125
2005-10-05 00:00:00+07:00,129.46791076660156,66468648,0.0,0.0,1104.011962890625
2005-10-06 00:00:00+07:00,125.73326110839844,54115434,0.0,0.0,1096.333251953125
2005-10-07 00:00:00+07:00,121.99858856201172,110045900,0.0,0.0,1094.6092529296875
2005-10-10 00:00:00+07:00,124.48839569091797,72161246,0.0,0.0,1102.7371826171875
2005-10-11 00:00:00+07:00,120.75372314453125,46288799,0.0,0.0,1105.5859375
2005-10-12 00:00:00+07:00,115.77418518066406,301713211,0.0,0.0,1102.9371337890625
2005-10-13 00:00:00+07:00,117.01907348632812,108505874,0.0,0.0,1090.4925537109375
2005-10-14 00:00:00+07:00,119.50885009765625,237593103,0.0,0.0,1096.6612548828125
2005-10-17 00:00:00+07:00,117.01907348632812,76209316,0.0,0.0,1090.0484619140625
2005-10-18 00:00:00+07:00,120.75372314453125,78403854,0.0,0.0,1095.830322265625
2005-10-19 00:00:00+07:00,117.01907348632812,120600583,0.0,0.0,1075.8701171875
2005-10-20 00:00:00+07:00,119.50885009765625,86802499,0.0,0.0,1075.3592529296875
2005-10-21 00:00:00+07:00,119.50885009765625,22682391,0.0,0.0,1075.920166015625
2005-10-24 00:00:00+07:00,123.24349975585938,209817624,0.0,0.0,1073.040283203125
2005-10-25 00:00:00+07:00,121.99858856201172,84536460,0.0,0.0,1062.1307373046875
2005-10-26 00:00:00+07:00,118.26397705078125,77182833,0.0,0.0,1062.1337890625
2005-10-27 00:00:00+07:00,118.26397705078125,63696600,0.0,0.0,1063.6556396484375
2005-10-28 00:00:00+07:00,117.01907348632812,60908052,0.0,0.0,1058.2147216796875
2005-10-31 00:00:00+07:00,121.99858856201172,83254938,0.0,0.0,1066.1824951171875
2005-11-01 00:00:00+07:00,121.99858856201172,135560841,0.0,0.0,1064.9114990234375
2005-11-07 00:00:00+07:00,121.99858856201172,0,0.0,0.0,
2005-11-08 00:00:00+07:00,121.99858856201172,0,0.0,0.0,
2005-11-09 00:00:00+07:00,121.99858856201172,358672195,0.0,0.0,1052.780029296875
2005-11-10 00:00:00+07:00,118.26397705078125,189005264,0.0,0.0,1043.6563720703125
2005-11-11 00:00:00+07:00,119.50885009765625,56227471,0.0,0.0,1028.94384765625
2005-11-14 00:00:00+07:00,120.75372314453125,113719964,0.0,0.0,1017.693359375
2005-11-15 00:00:00+07:00,123.24349975585938,112267939,0.0,0.0,1022.0361938476562
2005-11-16 00:00:00+07:00,129.46791076660156,166240371,0.0,0.0,1025.7890625
2005-11-17 00:00:00+07:00,130.71279907226562,460924461,0.0,0.0,1033.2408447265625
2005-11-18 00:00:00+07:00,135.69235229492188,302681228,0.0,0.0,1054.9439697265625
2005-11-21 00:00:00+07:00,135.69235229492188,121992107,0.0,0.0,1062.415771484375
2005-11-22 00:00:00+07:00,135.69235229492188,130066246,0.0,0.0,1066.2523193359375
2005-11-23 00:00:00+07:00,135.69235229492188,49847360,0.0,0.0,1061.0386962890625
2005-11-24 00:00:00+07:00,138.1820831298828,176558549,0.0,0.0,1078.136962890625
2005-11-25 00:00:00+07:00,140.6719207763672,159458754,0.0,0.0,1074.3582763671875
2005-11-28 00:00:00+07:00,149.3861083984375,319291514,0.0,0.0,1081.0179443359375
2005-11-29 00:00:00+07:00,146.8962860107422,332398241,0.0,0.0,1082.23583984375
2005-11-30 00:00:00+07:00,148.14120483398438,239881143,0.0,0.0,1096.5982666015625
2005-12-01 00:00:00+07:00,148.14120483398438,195104869,0.0,0.0,1096.3282470703125
2005-12-02 00:00:00+07:00,148.14120483398438,226708415,0.0,0.0,1119.3734130859375
2005-12-05 00:00:00+07:00,146.8962860107422,41267212,0.0,0.0,1120.534423828125
2005-12-06 00:00:00+07:00,145.6514129638672,63647099,0.0,0.0,1123.3912353515625
2005-12-07 00:00:00+07:00,149.3861083984375,364848801,0.0,0.0,1151.3201904296875
2005-12-08 00:00:00+07:00,153.12074279785156,278447809,0.0,0.0,1158.27392578125
2005-12-09 00:00:00+07:00,149.3861083984375,102059762,0.0,0.0,1160.0228271484375
2005-12-12 00:00:00+07:00,151.8758544921875,224640380,0.0,0.0,1174.961181640625
2005-12-13 00:00:00+07:00,154.3656005859375,231284494,0.0,0.0,1181.98193359375
2005-12-14 00:00:00+07:00,153.12074279785156,202948005,0.0,0.0,1173.67236328125
2005-12-15 00:00:00+07:00,148.14120483398438,91714084,0.0,0.0,1155.9190673828125
2005-12-16 00:00:00+07:00,148.14120483398438,122267111,0.0,0.0,1143.3814697265625
2005-12-19 00:00:00+07:00,150.6309356689453,85108470,0.0,0.0,1162.28271484375
2005-12-20 00:00:00+07:00,151.8758544921875,70291214,0.0,0.0,1162.98876953125
2005-12-21 00:00:00+07:00,149.3861083984375,76759325,0.0,0.0,1160.513671875
2005-12-22 00:00:00+07:00,151.8758544921875,69235195,0.0,0.0,1163.9716796875
2005-12-23 00:00:00+07:00,149.3861083984375,37494147,0.0,0.0,1158.29296875
2005-12-26 00:00:00+07:00,149.3861083984375,0,0.0,0.0,
2005-12-27 00:00:00+07:00,148.14120483398438,40425698,0.0,0.0,1161.6617431640625
2005-12-28 00:00:00+07:00,150.6309356689453,46959811,0.0,0.0,1164.09765625
2005-12-29 00:00:00+07:00,150.6309356689453,145087006,0.0,0.0,1162.5897216796875
2005-12-30 00:00:00+07:00,150.6309356689453,0,0.0,0.0,
2006-01-02 00:00:00+07:00,149.3861083984375,47619822,0.0,0.0,1171.663330078125
2006-01-03 00:00:00+07:00,158.1002960205078,400379415,0.0,0.0,1184.643798828125
2006-01-04 00:00:00+07:00,166.814453125,577795979,0.0,0.0,1211.6517333984375
2006-01-05 00:00:00+07:00,164.32467651367188,176894055,0.0,0.0,1210.9527587890625
2006-01-06 00:00:00+07:00,165.569580078125,111783930,0.0,0.0,1222.201416015625
2006-01-09 00:00:00+07:00,170.54910278320312,297615640,0.0,0.0,1245.0054931640625
2006-01-10 00:00:00+07:00,170.54910278320312,0,0.0,0.0,
2006-01-11 00:00:00+07:00,171.79396057128906,256716934,0.0,0.0,1261.2340087890625
2006-01-12 00:00:00+07:00,169.30421447753906,244660725,0.0,0.0,1256.2041015625
2006-01-13 00:00:00+07:00,166.814453125,275890265,0.0,0.0,1250.3792724609375
2006-01-16 00:00:00+07:00,166.814453125,220317305,0.0,0.0,1235.2080078125
2006-01-17 00:00:00+07:00,161.83493041992188,261474516,0.0,0.0,1212.82275390625
2006-01-18 00:00:00+07:00,156.8554229736328,96620168,0.0,0.0,1193.149658203125
2006-01-19 00:00:00+07:00,165.569580078125,132475288,0.0,0.0,1230.0111083984375
2006-01-20 00:00:00+07:00,163.0797882080078,106443338,0.0,0.0,1222.84033203125
2006-01-23 00:00:00+07:00,159.34512329101562,164881847,0.0,0.0,1200.0802001953125
2006-01-24 00:00:00+07:00,163.0797882080078,130616256,0.0,0.0,1207.1729736328125
2006-01-25 00:00:00+07:00,166.814453125,317646986,0.0,0.0,1230.069091796875
2006-01-26 00:00:00+07:00,165.569580078125,104628307,0.0,0.0,1226.6051025390625
2006-01-27 00:00:00+07:00,168.05931091308594,185193698,0.0,0.0,1229.6611328125
2006-01-30 00:00:00+07:00,169.30421447753906,91840586,0.0,0.0,1232.273193359375
2006-01-31 00:00:00+07:00,169.30421447753906,0,0.0,0.0,
2006-02-01 00:00:00+07:00,168.05931091308594,269449654,0.0,0.0,1240.6466064453125
2006-02-02 00:00:00+07:00,168.05931091308594,138360389,0.0,0.0,1243.3446044921875
2006-02-03 00:00:00+07:00,169.30421447753906,152974142,0.0,0.0,1244.07763671875
2006-02-06 00:00:00+07:00,170.54910278320312,226350909,0.0,0.0,1245.6005859375
2006-02-07 00:00:00+07:00,170.54910278320312,212254166,0.0,0.0,1259.3131103515625
2006-02-08 00:00:00+07:00,169.30421447753906,158056230,0.0,0.0,1238.121826171875
2006-02-09 00:00:00+07:00,168.05931091308594,142243456,0.0,0.0,1246.591552734375
2006-02-10 00:00:00+07:00,165.569580078125,157913227,0.0,0.0,1253.0562744140625
2006-02-13 00:00:00+07:00,164.32467651367188,84541960,0.0,0.0,1252.3553466796875
2006-02-14 00:00:00+07:00,159.34512329101562,104980313,0.0,0.0,1230.3302001953125
2006-02-15 00:00:00+07:00,161.83493041992188,209647121,0.0,0.0,1236.894775390625
2006-02-16 00:00:00+07:00,161.83493041992188,40156193,0.0,0.0,1237.8258056640625
2006-02-17 00:00:00+07:00,166.814453125,104325801,0.0,0.0,1243.4266357421875
2006-02-20 00:00:00+07:00,168.05931091308594,99606720,0.0,0.0,1247.3653564453125
2006-02-21 00:00:00+07:00,164.32467651367188,71556235,0.0,0.0,1236.040771484375
2006-02-22 00:00:00+07:00,161.83493041992188,320501535,0.0,0.0,1231.2021484375
2006-02-23 00:00:00+07:00,158.1002960205078,288584484,0.0,0.0,1224.1163330078125
2006-02-24 00:00:00+07:00,154.3656005859375,117449028,0.0,0.0,1216.0927734375
2006-02-27 00:00:00+07:00,164.32467651367188,189593774,0.0,0.0,1235.374755859375
2006-02-28 00:00:00+07:00,161.83493041992188,86015985,0.0,0.0,1230.6160888671875
2006-03-01 00:00:00+07:00,165.569580078125,82259420,0.0,0.0,1239.2218017578125
2006-03-02 00:00:00+07:00,168.05931091308594,166212870,0.0,0.0,1249.6292724609375
2006-03-03 00:00:00+07:00,168.05931091308594,63487596,0.0,0.0,1261.216064453125
2006-03-06 00:00:00+07:00,171.79396057128906,161581790,0.0,0.0,1262.6407470703125
2006-03-07 00:00:00+07:00,170.54910278320312,231399996,0.0,0.0,1246.2025146484375
2006-03-08 00:00:00+07:00,170.54910278320312,199746950,0.0,0.0,1233.5479736328125
2006-03-09 00:00:00+07:00,175.52862548828125,286158942,0.0,0.0,1239.52880859375
2006-03-10 00:00:00+07:00,185.48768615722656,723851002,0.0,0.0,1247.3734130859375
2006-03-13 00:00:00+07:00,182.9979248046875,302741729,0.0,0.0,1243.6126708984375
2006-03-14 00:00:00+07:00,184.24281311035156,56584977,0.0,0.0,1245.33056640625
2006-03-15 00:00:00+07:00,185.48768615722656,86587995,0.0,0.0,1244.3927001953125
2006-03-16 00:00:00+07:00,191.712158203125,292280548,0.0,0.0,1273.7474365234375
2006-03-17 00:00:00+07:00,199.18145751953125,425228844,0.0,0.0,1305.127197265625
2006-03-20 00:00:00+07:00,206.6507568359375,210125629,0.0,0.0,1330.0611572265625
2006-03-21 00:00:00+07:00,201.671142578125,226779917,0.0,0.0,1327.0904541015625
2006-03-22 00:00:00+07:00,197.93653869628906,152803639,0.0,0.0,1302.2772216796875
2006-03-23 00:00:00+07:00,196.69168090820312,34733099,0.0,0.0,1305.572265625
2006-03-24 00:00:00+07:00,195.4467315673828,73706773,0.0,0.0,1311.322998046875
2006-03-27 00:00:00+07:00,190.46725463867188,101174247,0.0,0.0,1311.89892578125
2006-03-28 00:00:00+07:00,197.93653869628906,274080734,0.0,0.0,1325.16748046875
2006-03-29 00:00:00+07:00,194.20193481445312,203635517,0.0,0.0,1322.9224853515625
2006-03-30 00:00:00+07:00,197.93653869628906,0,0.0,0.0,
2006-03-31 00:00:00+07:00,197.93653869628906,0,0.0,0.0,
2006-04-03 00:00:00+07:00,204.16094970703125,226350909,0.0,0.0,1329.26123046875
2006-04-04 00:00:00+07:00,205.40585327148438,128856225,0.0,0.0,1326.396484375
2006-04-05 00:00:00+07:00,219.099609375,152413132,0.0,0.0,1344.547607421875
2006-04-06 00:00:00+07:00,222.834228515625,90031055,0.0,0.0,1354.960205078125
2006-04-07 00:00:00+07:00,224.07908630371094,78970364,0.0,0.0,1363.2449951171875
2006-04-10 00:00:00+07:00,224.07908630371094,0,0.0,0.0,
2006-04-11 00:00:00+07:00,221.58937072753906,31977552,0.0,0.0,1360.073974609375
2006-04-12 00:00:00+07:00,219.099609375,84679462,0.0,0.0,1372.340576171875
2006-04-13 00:00:00+07:00,221.58937072753906,108401372,0.0,0.0,1382.068115234375
2006-04-14 00:00:00+07:00,221.58937072753906,0,0.0,0.0,
2006-04-17 00:00:00+07:00,221.58937072753906,30014018,0.0,0.0,1386.73095703125
2006-04-18 00:00:00+07:00,227.81378173828125,85394474,0.0,0.0,1417.31982421875
2006-04-19 00:00:00+07:00,239.0177001953125,274179735,0.0,0.0,1453.17041015625
2006-04-20 00:00:00+07:00,245.2421417236328,247289771,0.0,0.0,1464.470947265625
2006-04-21 00:00:00+07:00,242.7523651123047,82352922,0.0,0.0,1459.231201171875
2006-04-24 00:00:00+07:00,237.7728271484375,154244664,0.0,0.0,1442.808837890625
2006-04-25 00:00:00+07:00,235.28306579589844,108324371,0.0,0.0,1458.7274169921875
2006-04-26 00:00:00+07:00,237.7728271484375,118648049,0.0,0.0,1481.6612548828125
2006-04-27 00:00:00+07:00,239.0177001953125,293738073,0.0,0.0,1474.551513671875
2006-04-28 00:00:00+07:00,230.30352783203125,149723586,0.0,0.0,1464.3489990234375
2006-05-01 00:00:00+07:00,224.07908630371094,242851194,0.0,0.0,1476.3974609375
2006-05-02 00:00:00+07:00,221.58937072753906,299199667,0.0,0.0,1475.83544921875
2006-05-03 00:00:00+07:00,220.34446716308594,200885469,0.0,0.0,1499.0126953125
2006-05-04 00:00:00+07:00,215.3649444580078,432637472,0.0,0.0,1484.2742919921875
2006-05-05 00:00:00+07:00,212.87518310546875,263520551,0.0,0.0,1483.0032958984375
2006-05-08 00:00:00+07:00,219.099609375,379011546,0.0,0.0,1507.8673095703125
2006-05-09 00:00:00+07:00,221.58937072753906,295767608,0.0,0.0,1532.5643310546875
2006-05-10 00:00:00+07:00,224.07908630371094,191909314,0.0,0.0,1539.341064453125
2006-05-11 00:00:00+07:00,224.07908630371094,250089319,0.0,0.0,1553.0015869140625
2006-05-12 00:00:00+07:00,219.099609375,128471219,0.0,0.0,1525.720703125
2006-05-15 00:00:00+07:00,200.4263153076172,369837387,0.0,0.0,1429.4864501953125
2006-05-16 00:00:00+07:00,204.16094970703125,552088535,0.0,0.0,1427.7584228515625
2006-05-17 00:00:00+07:00,216.6098175048828,439886597,0.0,0.0,1462.1009521484375
2006-05-18 00:00:00+07:00,206.6507568359375,270560673,0.0,0.0,1400.79248046875
2006-05-19 00:00:00+07:00,204.16094970703125,221637328,0.0,0.0,1392.9359130859375
2006-05-22 00:00:00+07:00,194.20193481445312,415933684,0.0,0.0,1308.994140625
2006-05-23 00:00:00+07:00,200.4263153076172,233319529,0.0,0.0,1326.20849609375
2006-05-24 00:00:00+07:00,207.89561462402344,366421828,0.0,0.0,1323.095458984375
2006-05-25 00:00:00+07:00,207.89561462402344,0,0.0,0.0,
2006-05-26 00:00:00+07:00,207.89561462402344,0,0.0,0.0,
2006-05-29 00:00:00+07:00,196.69168090820312,480922806,0.0,0.0,1333.8321533203125
2006-05-30 00:00:00+07:00,202.91607666015625,255737917,0.0,0.0,1366.116943359375
2006-05-31 00:00:00+07:00,196.69168090820312,298380153,0.0,0.0,1329.944091796875
2006-06-01 00:00:00+07:00,189.22232055664062,349096529,0.0,0.0,1321.508544921875
2006-06-02 00:00:00+07:00,192.9569854736328,364524296,0.0,0.0,1347.6336669921875
2006-06-05 00:00:00+07:00,194.20193481445312,321398051,0.0,0.0,1348.9854736328125
2006-06-06 00:00:00+07:00,189.22232055664062,280658847,0.0,0.0,1316.8936767578125
2006-06-07 00:00:00+07:00,186.73263549804688,179462599,0.0,0.0,1287.1279296875
2006-06-08 00:00:00+07:00,176.7735137939453,647108177,0.0,0.0,1241.2777099609375
2006-06-09 00:00:00+07:00,184.24281311035156,562681718,0.0,0.0,1274.7034912109375
2006-06-12 00:00:00+07:00,187.9774627685547,206858572,0.0,0.0,1273.0604248046875
2006-06-13 00:00:00+07:00,182.9979248046875,152638636,0.0,0.0,1236.519775390625
2006-06-14 00:00:00+07:00,186.73263549804688,156505203,0.0,0.0,1234.1500244140625
2006-06-15 00:00:00+07:00,195.4467315673828,251717347,0.0,0.0,1241.6016845703125
2006-06-16 00:00:00+07:00,210.38534545898438,432208465,0.0,0.0,1309.47412109375
2006-06-19 00:00:00+07:00,204.16094970703125,183697672,0.0,0.0,1295.0006103515625
2006-06-20 00:00:00+07:00,209.1405029296875,213337684,0.0,0.0,1294.9195556640625
2006-06-21 00:00:00+07:00,209.1405029296875,148711568,0.0,0.0,1293.236572265625
2006-06-22 00:00:00+07:00,210.7530975341797,102774775,14.197936,0.0,1303.399169921875
2006-06-23 00:00:00+07:00,206.8742218017578,73954277,0.0,0.0,1290.11376953125
2006-06-26 00:00:00+07:00,204.2882843017578,54780946,0.0,0.0,1283.802978515625
2006-06-27 00:00:00+07:00,205.58123779296875,116305008,0.0,0.0,1285.576904296875
2006-06-28 00:00:00+07:00,201.70236206054688,145263009,0.0,0.0,1272.0035400390625
2006-06-29 00:00:00+07:00,199.11643981933594,98325198,0.0,0.0,1274.6944580078125
2006-06-30 00:00:00+07:00,212.04603576660156,239012128,0.0,0.0,1310.2120361328125
2006-07-03 00:00:00+07:00,223.68275451660156,265616087,0.0,0.0,1327.703369140625
2006-07-04 00:00:00+07:00,222.38973999023438,176107541,0.0,0.0,1337.8160400390625
2006-07-05 00:00:00+07:00,221.09681701660156,116954020,0.0,0.0,1338.27099609375
2006-07-06 00:00:00+07:00,218.51084899902344,161988797,0.0,0.0,1339.9688720703125
2006-07-07 00:00:00+07:00,215.9249267578125,183186164,0.0,0.0,1347.8526611328125
2006-07-10 00:00:00+07:00,213.3390350341797,105200317,0.0,0.0,1339.77783203125
2006-07-11 00:00:00+07:00,217.2178955078125,74614288,0.0,0.0,1343.892578125
2006-07-12 00:00:00+07:00,219.80384826660156,104864811,0.0,0.0,1345.8145751953125
2006-07-13 00:00:00+07:00,219.80384826660156,51898896,0.0,0.0,1333.9771728515625
2006-07-14 00:00:00+07:00,212.04603576660156,115034486,0.0,0.0,1303.5341796875
2006-07-17 00:00:00+07:00,204.2882843017578,78194850,0.0,0.0,1283.89892578125
2006-07-18 00:00:00+07:00,204.2882843017578,97538684,0.0,0.0,1286.0
2006-07-19 00:00:00+07:00,201.70236206054688,58185505,0.0,0.0,1280.4461669921875
2006-07-20 00:00:00+07:00,214.6320037841797,152330631,0.0,0.0,1315.5386962890625
2006-07-21 00:00:00+07:00,217.2178955078125,123020624,0.0,0.0,1314.52587890625
2006-07-24 00:00:00+07:00,206.8742218017578,133069298,0.0,0.0,1303.0992431640625
2006-07-25 00:00:00+07:00,208.1671600341797,154514168,0.0,0.0,1307.72412109375
2006-07-26 00:00:00+07:00,205.58123779296875,81725911,0.0,0.0,1312.7789306640625
2006-07-27 00:00:00+07:00,221.09681701660156,349157030,0.0,0.0,1330.5401611328125
2006-07-28 00:00:00+07:00,219.80384826660156,283804902,0.0,0.0,1337.3580322265625
2006-07-31 00:00:00+07:00,221.09681701660156,156257698,0.0,0.0,1351.596435546875
2006-08-01 00:00:00+07:00,226.26864624023438,254846901,0.0,0.0,1371.6395263671875
2006-08-02 00:00:00+07:00,230.14756774902344,262299530,0.0,0.0,1394.3096923828125
2006-08-03 00:00:00+07:00,223.68275451660156,158738241,0.0,0.0,1379.6612548828125
2006-08-04 00:00:00+07:00,223.68275451660156,164518841,0.0,0.0,1389.2989501953125
2006-08-07 00:00:00+07:00,226.26864624023438,85141470,0.0,0.0,1403.4354248046875
2006-08-08 00:00:00+07:00,223.68275451660156,39133175,0.0,0.0,1396.028564453125
2006-08-09 00:00:00+07:00,227.5616455078125,46448302,0.0,0.0,1413.0450439453125
2006-08-10 00:00:00+07:00,221.09681701660156,283705900,0.0,0.0,1384.8021240234375
2006-08-11 00:00:00+07:00,226.26864624023438,236999093,0.0,0.0,1402.136474609375
2006-08-14 00:00:00+07:00,232.7334442138672,262151027,0.0,0.0,1415.1689453125
2006-08-15 00:00:00+07:00,231.44053649902344,162555307,0.0,0.0,1424.1834716796875
2006-08-16 00:00:00+07:00,231.44053649902344,142881467,0.0,0.0,1437.7119140625
2006-08-17 00:00:00+07:00,231.44053649902344,0,0.0,0.0,
2006-08-18 00:00:00+07:00,231.44053649902344,0,0.0,0.0,
2006-08-21 00:00:00+07:00,231.44053649902344,0,0.0,0.0,
2006-08-22 00:00:00+07:00,237.9053497314453,161306786,0.0,0.0,1434.97314453125
2006-08-23 00:00:00+07:00,234.0264129638672,79976881,0.0,0.0,1438.574951171875
2006-08-24 00:00:00+07:00,231.44053649902344,86274490,0.0,0.0,1429.428466796875
2006-08-25 00:00:00+07:00,228.85459899902344,65181625,0.0,0.0,1416.8748779296875
2006-08-28 00:00:00+07:00,228.85459899902344,59665030,0.0,0.0,1417.9488525390625
2006-08-29 00:00:00+07:00,228.85459899902344,130478753,0.0,0.0,1432.875244140625
2006-08-30 00:00:00+07:00,227.5616455078125,81857913,0.0,0.0,1425.16943359375
2006-08-31 00:00:00+07:00,224.97572326660156,177581567,0.0,0.0,1431.206298828125
2006-09-01 00:00:00+07:00,232.7334442138672,203179009,0.0,0.0,1444.433837890625
2006-09-04 00:00:00+07:00,236.61236572265625,220042300,0.0,0.0,1469.5018310546875
2006-09-05 00:00:00+07:00,240.49127197265625,369100375,0.0,0.0,1468.180908203125
2006-09-06 00:00:00+07:00,243.07713317871094,291796540,0.0,0.0,1472.5057373046875
2006-09-07 00:00:00+07:00,243.07713317871094,225965902,0.0,0.0,1470.40869140625
2006-09-08 00:00:00+07:00,243.07713317871094,92577599,0.0,0.0,1466.5189208984375
2006-09-11 00:00:00+07:00,237.9053497314453,40871205,0.0,0.0,1447.1976318359375
2006-09-12 00:00:00+07:00,236.61236572265625,162038298,0.0,0.0,1435.151123046875
2006-09-13 00:00:00+07:00,243.07713317871094,214547705,0.0,0.0,1451.0235595703125
2006-09-14 00:00:00+07:00,241.7842254638672,74630789,0.0,0.0,1461.2349853515625
2006-09-15 00:00:00+07:00,243.07713317871094,157456719,0.0,0.0,1465.64404296875
2006-09-18 00:00:00+07:00,245.66310119628906,35668116,0.0,0.0,1474.2005615234375
2006-09-19 00:00:00+07:00,253.42083740234375,331353223,0.0,0.0,1485.291259765625
2006-09-20 00:00:00+07:00,253.42083740234375,135115333,0.0,0.0,1479.24951171875
2006-09-21 00:00:00+07:00,257.2997741699219,288837488,0.0,0.0,1507.306396484375
2006-09-22 00:00:00+07:00,257.2997741699219,350895060,0.0,0.0,1510.76611328125
2006-09-25 00:00:00+07:00,258.59271240234375,60385543,0.0,0.0,1506.6973876953125
2006-09-26 00:00:00+07:00,256.0068054199219,77380836,0.0,0.0,1500.0465087890625
2006-09-27 00:00:00+07:00,257.2997741699219,64362111,0.0,0.0,1522.999755859375
2006-09-28 00:00:00+07:00,256.0068054199219,60781549,0.0,0.0,1533.7403564453125
2006-09-29 00:00:00+07:00,253.42083740234375,47278816,0.0,0.0,1534.5552978515625
2006-10-02 00:00:00+07:00,253.42083740234375,14789755,0.0,0.0,1528.847412109375
2006-10-03 00:00:00+07:00,245.66310119628906,250842832,0.0,0.0,1537.650146484375
2006-10-04 00:00:00+07:00,249.54202270507812,173049488,0.0,0.0,1537.025146484375
2006-10-05 00:00:00+07:00,253.42083740234375,201952488,0.0,0.0,1544.91796875
2006-10-06 00:00:00+07:00,253.42083740234375,85471476,0.0,0.0,1549.5687255859375
2006-10-09 00:00:00+07:00,250.8349151611328,54758945,0.0,0.0,1543.3638916015625
2006-10-10 00:00:00+07:00,256.0068054199219,81060400,0.0,0.0,1554.8563232421875
2006-10-11 00:00:00+07:00,254.71383666992188,81632409,0.0,0.0,1553.05859375
2006-10-12 00:00:00+07:00,254.71383666992188,76093814,0.0,0.0,1549.4747314453125
2006-10-13 00:00:00+07:00,258.59271240234375,171503962,0.0,0.0,1572.1368408203125
2006-10-16 00:00:00+07:00,253.42083740234375,44759773,0.0,0.0,1561.7252197265625
2006-10-17 00:00:00+07:00,254.71383666992188,41107710,0.0,0.0,1566.762939453125
2006-10-18 00:00:00+07:00,254.71383666992188,53141917,0.0,0.0,1564.488037109375
2006-10-19 00:00:00+07:00,254.71383666992188,26944965,0.0,0.0,1568.533935546875
2006-10-20 00:00:00+07:00,252.1278839111328,95635651,0.0,0.0,1572.7847900390625
2006-10-23 00:00:00+07:00,252.1278839111328,0,0.0,0.0,
2006-10-24 00:00:00+07:00,252.1278839111328,0,0.0,0.0,
2006-10-25 00:00:00+07:00,252.1278839111328,0,0.0,0.0,
2006-10-26 00:00:00+07:00,252.1278839111328,0,0.0,0.0,
2006-10-27 00:00:00+07:00,252.1278839111328,0,0.0,0.0,
2006-10-30 00:00:00+07:00,253.42083740234375,128828725,0.0,0.0,1580.12744140625
2006-10-31 00:00:00+07:00,253.42083740234375,102054262,0.0,0.0,1582.564453125
2006-11-01 00:00:00+07:00,253.42083740234375,87099504,0.0,0.0,1589.8062744140625
2006-11-02 00:00:00+07:00,261.17864990234375,239144130,0.0,0.0,1607.6334228515625
2006-11-03 00:00:00+07:00,261.17864990234375,90256558,0.0,0.0,1612.860107421875
2006-11-06 00:00:00+07:00,268.93646240234375,119005555,0.0,0.0,1640.7841796875
2006-11-07 00:00:00+07:00,274.10833740234375,99106211,0.0,0.0,1654.087646484375
2006-11-08 00:00:00+07:00,268.93646240234375,61480061,0.0,0.0,1646.001953125
2006-11-09 00:00:00+07:00,281.8661193847656,69840206,0.0,0.0,1660.1993408203125
2006-11-10 00:00:00+07:00,274.10833740234375,45711289,0.0,0.0,1664.772216796875
2006-11-13 00:00:00+07:00,274.10833740234375,56485975,0.0,0.0,1639.206298828125
2006-11-14 00:00:00+07:00,271.5223693847656,118285043,0.0,0.0,1672.005859375
2006-11-15 00:00:00+07:00,274.10833740234375,95102142,0.0,0.0,1670.0450439453125
2006-11-16 00:00:00+07:00,276.6941833496094,47889327,0.0,0.0,1668.759033203125
2006-11-17 00:00:00+07:00,276.6941833496094,22511888,0.0,0.0,1672.0428466796875
2006-11-20 00:00:00+07:00,281.8661193847656,78491855,0.0,0.0,1683.9405517578125
2006-11-21 00:00:00+07:00,274.10833740234375,16967793,0.0,0.0,1681.2745361328125
2006-11-22 00:00:00+07:00,279.2801513671875,46860809,0.0,0.0,1705.3746337890625
2006-11-23 00:00:00+07:00,281.8661193847656,44352766,0.0,0.0,1704.063720703125
2006-11-24 00:00:00+07:00,289.6238098144531,98743205,0.0,0.0,1717.6630859375
2006-11-27 00:00:00+07:00,287.03790283203125,64615116,0.0,0.0,1728.86572265625
2006-11-28 00:00:00+07:00,274.10833740234375,66474148,0.0,0.0,1691.0181884765625
2006-11-29 00:00:00+07:00,276.6941833496094,91477580,0.0,0.0,1713.330322265625
2006-11-30 00:00:00+07:00,276.6941833496094,243241701,0.0,0.0,1718.8941650390625
2006-12-01 00:00:00+07:00,276.6941833496094,113422959,0.0,0.0,1734.6824951171875
2006-12-04 00:00:00+07:00,268.93646240234375,184440185,0.0,0.0,1731.1676025390625
2006-12-05 00:00:00+07:00,276.6941833496094,176635550,0.0,0.0,1776.68896484375
2006-12-06 00:00:00+07:00,276.6941833496094,155383183,0.0,0.0,1784.3585205078125
2006-12-07 00:00:00+07:00,276.6941833496094,78898862,0.0,0.0,1782.0465087890625
2006-12-08 00:00:00+07:00,268.93646240234375,118026538,0.0,0.0,1775.2159423828125
2006-12-11 00:00:00+07:00,266.3505554199219,92324594,0.0,0.0,1759.6044921875
2006-12-12 00:00:00+07:00,268.93646240234375,76308318,0.0,0.0,1754.5096435546875
2006-12-13 00:00:00+07:00,266.3505554199219,174061506,0.0,0.0,1753.7296142578125
2006-12-14 00:00:00+07:00,268.93646240234375,110381406,0.0,0.0,1767.733154296875
2006-12-15 00:00:00+07:00,271.5223693847656,135665343,0.0,0.0,1792.0941162109375
2006-12-18 00:00:00+07:00,271.5223693847656,64928621,0.0,0.0,1787.550537109375
2006-12-19 00:00:00+07:00,263.7645263671875,336875318,0.0,0.0,1736.6025390625
2006-12-20 00:00:00+07:00,261.17864990234375,174479513,0.0,0.0,1766.7301025390625
2006-12-21 00:00:00+07:00,266.3505554199219,148717068,0.0,0.0,1789.0164794921875
2006-12-22 00:00:00+07:00,271.5223693847656,101658255,0.0,0.0,1785.6905517578125
2006-12-26 00:00:00+07:00,268.93646240234375,19233832,0.0,0.0,1783.9095458984375
2006-12-27 00:00:00+07:00,271.5223693847656,60358042,0.0,0.0,1803.19384765625
2006-12-28 00:00:00+07:00,266.3505554199219,88177523,0.0,0.0,1805.45263671875
2006-12-29 00:00:00+07:00,266.3505554199219,0,0.0,0.0,
2007-01-02 00:00:00+07:00,271.5223693847656,38654667,0.0,0.0,1836.4486083984375
2007-01-03 00:00:00+07:00,271.5223693847656,131034263,0.0,0.0,1834.6375732421875
2007-01-04 00:00:00+07:00,271.5223693847656,219327288,0.0,0.0,1824.0321044921875
2007-01-05 00:00:00+07:00,279.2801513671875,96070159,0.0,0.0,1832.4786376953125
2007-01-08 00:00:00+07:00,274.10833740234375,64065106,0.0,0.0,1813.323486328125
2007-01-09 00:00:00+07:00,268.93646240234375,102994778,0.0,0.0,1780.8116455078125
2007-01-10 00:00:00+07:00,261.17864990234375,222841849,0.0,0.0,1710.3004150390625
2007-01-11 00:00:00+07:00,256.0068054199219,96955674,0.0,0.0,1703.7777099609375
2007-01-12 00:00:00+07:00,257.2997741699219,282446378,0.0,0.0,1677.9786376953125
2007-01-15 00:00:00+07:00,259.8857116699219,304892266,0.0,0.0,1730.4075927734375
2007-01-16 00:00:00+07:00,258.59271240234375,96598168,0.0,0.0,1754.2255859375
2007-01-17 00:00:00+07:00,261.17864990234375,110936916,0.0,0.0,1758.4146728515625
2007-01-18 00:00:00+07:00,258.59271240234375,129648239,0.0,0.0,1777.6387939453125
2007-01-19 00:00:00+07:00,268.93646240234375,76819826,0.0,0.0,1795.4891357421875
2007-01-22 00:00:00+07:00,281.8661193847656,297571639,0.0,0.0,1817.33837890625
2007-01-23 00:00:00+07:00,276.6941833496094,89035537,0.0,0.0,1808.5045166015625
2007-01-24 00:00:00+07:00,279.2801513671875,169947435,0.0,0.0,1805.6217041015625
2007-01-25 00:00:00+07:00,276.6941833496094,154167662,0.0,0.0,1773.886962890625
2007-01-26 00:00:00+07:00,271.5223693847656,137458374,0.0,0.0,1759.1375732421875
2007-01-29 00:00:00+07:00,271.5223693847656,115490994,0.0,0.0,1764.92626953125
2007-01-30 00:00:00+07:00,276.6941833496094,73970777,0.0,0.0,1765.4532470703125
2007-01-31 00:00:00+07:00,274.10833740234375,141951951,0.0,0.0,1757.189697265625
2007-02-01 00:00:00+07:00,268.93646240234375,144019987,0.0,0.0,1771.257080078125
2007-02-02 00:00:00+07:00,266.3505554199219,144795500,0.0,0.0,1780.3116455078125
2007-02-05 00:00:00+07:00,266.3505554199219,64972622,0.0,0.0,1768.4700927734375
2007-02-06 00:00:00+07:00,261.17864990234375,54962449,0.0,0.0,1761.2244873046875
2007-02-07 00:00:00+07:00,258.59271240234375,232879522,0.0,0.0,1764.84033203125
2007-02-08 00:00:00+07:00,258.59271240234375,165305355,0.0,0.0,1751.2508544921875
2007-02-09 00:00:00+07:00,248.2490234375,341407396,0.0,0.0,1740.249267578125
2007-02-12 00:00:00+07:00,249.54202270507812,198481928,0.0,0.0,1734.39453125
2007-02-13 00:00:00+07:00,248.2490234375,160971280,0.0,0.0,1727.292724609375
2007-02-14 00:00:00+07:00,252.1278839111328,207480083,0.0,0.0,1750.9178466796875
2007-02-15 00:00:00+07:00,261.17864990234375,381530589,0.0,0.0,1790.335205078125
2007-02-16 00:00:00+07:00,256.0068054199219,403921476,0.0,0.0,1794.293212890625
2007-02-19 00:00:00+07:00,258.59271240234375,12380713,0.0,0.0,1799.222900390625
2007-02-20 00:00:00+07:00,258.59271240234375,57222988,0.0,0.0,1806.4117431640625
2007-02-21 00:00:00+07:00,258.59271240234375,25217935,0.0,0.0,1816.4954833984375
2007-02-22 00:00:00+07:00,250.8349151611328,127899209,0.0,0.0,1808.37060546875
2007-02-23 00:00:00+07:00,244.3701629638672,281373860,0.0,0.0,1791.483154296875
2007-02-26 00:00:00+07:00,246.9560546875,137238370,0.0,0.0,1783.881591796875
2007-02-27 00:00:00+07:00,246.9560546875,297500138,0.0,0.0,1763.9393310546875
2007-02-28 00:00:00+07:00,245.66310119628906,188983264,0.0,0.0,1740.9031982421875
2007-03-01 00:00:00+07:00,249.54202270507812,175546532,0.0,0.0,1759.4215087890625
2007-03-02 00:00:00+07:00,252.1278839111328,167268889,0.0,0.0,1759.9505615234375
2007-03-05 00:00:00+07:00,246.9560546875,199130939,0.0,0.0,1698.7537841796875
2007-03-06 00:00:00+07:00,250.8349151611328,95184644,0.0,0.0,1732.37060546875
2007-03-07 00:00:00+07:00,257.2997741699219,258988473,0.0,0.0,1743.12109375
2007-03-08 00:00:00+07:00,258.59271240234375,146357527,0.0,0.0,1771.489013671875
2007-03-09 00:00:00+07:00,258.59271240234375,54060433,0.0,0.0,1764.5133056640625
2007-03-12 00:00:00+07:00,263.7645263671875,134449822,0.0,0.0,1794.4521484375
2007-03-13 00:00:00+07:00,256.0068054199219,108890880,0.0,0.0,1797.33203125
2007-03-14 00:00:00+07:00,252.1278839111328,159761259,0.0,0.0,1762.2154541015625
2007-03-15 00:00:00+07:00,254.71383666992188,48010329,0.0,0.0,1776.2918701171875
2007-03-16 00:00:00+07:00,256.0068054199219,78546856,0.0,0.0,1777.82080078125
2007-03-20 00:00:00+07:00,254.71383666992188,61958570,0.0,0.0,1775.3538818359375
2007-03-21 00:00:00+07:00,257.2997741699219,67095658,0.0,0.0,1779.1678466796875
2007-03-22 00:00:00+07:00,259.8857116699219,194505359,0.0,0.0,1808.99560546875
2007-03-23 00:00:00+07:00,253.42083740234375,56749980,0.0,0.0,1805.8907470703125
2007-03-26 00:00:00+07:00,258.59271240234375,71116228,0.0,0.0,1813.6474609375
2007-03-27 00:00:00+07:00,258.59271240234375,128355717,0.0,0.0,1819.589111328125
2007-03-28 00:00:00+07:00,258.59271240234375,65726135,0.0,0.0,1800.3218994140625
2007-03-29 00:00:00+07:00,261.17864990234375,178247078,0.0,0.0,1817.648193359375
2007-03-30 00:00:00+07:00,261.17864990234375,198894435,0.0,0.0,1830.8526611328125
2007-04-02 00:00:00+07:00,268.93646240234375,598168331,0.0,0.0,1849.31201171875
2007-04-03 00:00:00+07:00,279.2801513671875,656062331,0.0,0.0,1894.5023193359375
2007-04-04 00:00:00+07:00,287.03790283203125,310194357,0.0,0.0,1921.9761962890625
2007-04-05 00:00:00+07:00,274.10833740234375,185606205,0.0,0.0,1895.5372314453125
2007-04-09 00:00:00+07:00,284.45196533203125,76704324,0.0,0.0,1913.660400390625
2007-04-10 00:00:00+07:00,292.2098388671875,127981710,0.0,0.0,1925.39599609375
2007-04-11 00:00:00+07:00,284.45196533203125,70720221,0.0,0.0,1930.96875
2007-04-12 00:00:00+07:00,279.2801513671875,75279800,0.0,0.0,1930.3218994140625
2007-04-13 00:00:00+07:00,276.6941833496094,121095591,0.0,0.0,1941.076416015625
2007-04-16 00:00:00+07:00,281.8661193847656,138871898,0.0,0.0,1963.74560546875
2007-04-17 00:00:00+07:00,281.8661193847656,36927637,0.0,0.0,1965.3614501953125
2007-04-18 00:00:00+07:00,276.6941833496094,70274713,0.0,0.0,1959.6007080078125
2007-04-19 00:00:00+07:00,271.5223693847656,110040400,0.0,0.0,1918.2784423828125
2007-04-20 00:00:00+07:00,279.2801513671875,68140676,0.0,0.0,1968.654296875
2007-04-23 00:00:00+07:00,284.45196533203125,119385062,0.0,0.0,1986.6497802734375
2007-04-24 00:00:00+07:00,274.10833740234375,90944070,0.0,0.0,1981.4927978515625
2007-04-25 00:00:00+07:00,281.8661193847656,47949828,0.0,0.0,1986.59375
2007-04-26 00:00:00+07:00,284.45196533203125,91466579,0.0,0.0,2015.954345703125
2007-04-27 00:00:00+07:00,279.2801513671875,107895363,0.0,0.0,2019.597412109375
2007-04-30 00:00:00+07:00,271.5223693847656,131666774,0.0,0.0,1999.0892333984375
2007-05-01 00:00:00+07:00,274.10833740234375,29491509,0.0,0.0,2001.10009765625
2007-05-02 00:00:00+07:00,274.10833740234375,140131420,0.0,0.0,2008.480712890625
2007-05-03 00:00:00+07:00,271.5223693847656,116206007,0.0,0.0,2025.565185546875
2007-05-04 00:00:00+07:00,276.6941833496094,52234402,0.0,0.0,2033.2889404296875
2007-05-07 00:00:00+07:00,274.10833740234375,44226263,0.0,0.0,2036.9617919921875
2007-05-08 00:00:00+07:00,276.6941833496094,161697292,0.0,0.0,2022.7113037109375
2007-05-09 00:00:00+07:00,281.8661193847656,183499669,0.0,0.0,2037.898681640625
2007-05-10 00:00:00+07:00,294.7956848144531,436240034,0.0,0.0,2046.9512939453125
2007-05-11 00:00:00+07:00,294.7956848144531,122124109,0.0,0.0,2022.2183837890625
2007-05-14 00:00:00+07:00,297.38165283203125,101416251,0.0,0.0,2044.1314697265625
2007-05-15 00:00:00+07:00,299.9675598144531,158061730,0.0,0.0,2037.70361328125
2007-05-16 00:00:00+07:00,310.3113708496094,135241835,0.0,0.0,2063.6826171875
2007-05-21 00:00:00+07:00,325.8269348144531,246701261,0.0,0.0,2071.19140625
2007-05-22 00:00:00+07:00,318.069091796875,208206096,0.0,0.0,2078.6728515625
2007-05-23 00:00:00+07:00,325.8269348144531,107416855,0.0,0.0,2104.1640625
2007-05-24 00:00:00+07:00,320.6549987792969,119363061,0.0,0.0,2078.52392578125
2007-05-25 00:00:00+07:00,310.3113708496094,97076676,0.0,0.0,2060.353759765625
2007-05-28 00:00:00+07:00,315.4831848144531,58207505,0.0,0.0,2076.677001953125
2007-05-29 00:00:00+07:00,310.3113708496094,38264160,0.0,0.0,2058.65576171875
2007-05-30 00:00:00+07:00,307.72540283203125,40145193,0.0,0.0,2055.31591796875
2007-05-31 00:00:00+07:00,315.4831848144531,49110348,0.0,0.0,2084.242919921875
2007-06-04 00:00:00+07:00,323.2409362792969,226218907,0.0,0.0,2111.669921875
2007-06-05 00:00:00+07:00,325.8269348144531,169457926,0.0,0.0,2093.02880859375
2007-06-06 00:00:00+07:00,320.6549987792969,160850278,0.0,0.0,2102.362060546875
2007-06-07 00:00:00+07:00,318.069091796875,47196315,0.0,0.0,2093.729736328125
2007-06-08 00:00:00+07:00,302.553466796875,191282303,0.0,0.0,2054.3701171875
2007-06-11 00:00:00+07:00,307.72540283203125,181431633,0.0,0.0,2083.947998046875
2007-06-12 00:00:00+07:00,315.4831848144531,308835834,0.0,0.0,2108.498046875
2007-06-13 00:00:00+07:00,312.89715576171875,267046112,0.0,0.0,2088.519775390625
2007-06-14 00:00:00+07:00,311.4618225097656,180865123,15.730637,0.0,2108.330078125
2007-06-15 00:00:00+07:00,308.7997131347656,135329837,0.0,0.0,2120.557373046875
2007-06-18 00:00:00+07:00,316.7859802246094,120375079,0.0,0.0,2126.410400390625
2007-06-19 00:00:00+07:00,319.44805908203125,73981777,0.0,0.0,2142.102783203125
2007-06-20 00:00:00+07:00,316.7859802246094,59203022,0.0,0.0,2160.98974609375
2007-06-21 00:00:00+07:00,314.1239318847656,129945244,0.0,0.0,2152.25634765625
2007-06-22 00:00:00+07:00,311.4618225097656,95041641,0.0,0.0,2152.2373046875
2007-06-25 00:00:00+07:00,306.1377258300781,61007053,0.0,0.0,2152.119140625
2007-06-26 00:00:00+07:00,306.1377258300781,137892881,0.0,0.0,2153.458251953125
2007-06-27 00:00:00+07:00,306.1377258300781,103308284,0.0,0.0,2125.25537109375
2007-06-28 00:00:00+07:00,303.47564697265625,38022156,0.0,0.0,2112.76904296875
2007-06-29 00:00:00+07:00,306.1377258300781,197370909,0.0,0.0,2139.19482421875
2007-07-02 00:00:00+07:00,316.7859802246094,171399460,0.0,0.0,2167.73583984375
2007-07-03 00:00:00+07:00,322.1100769042969,194620861,0.0,0.0,2189.033447265625
2007-07-04 00:00:00+07:00,319.44805908203125,54010932,0.0,0.0,2196.01953125
2007-07-05 00:00:00+07:00,327.4342041015625,132161782,0.0,0.0,2220.844482421875
2007-07-06 00:00:00+07:00,324.7721862792969,70467217,0.0,0.0,2226.96435546875
2007-07-09 00:00:00+07:00,340.7445373535156,236520585,0.0,0.0,2271.255615234375
2007-07-10 00:00:00+07:00,346.0686950683594,154943176,0.0,0.0,2282.290283203125
2007-07-11 00:00:00+07:00,338.08258056640625,76511821,0.0,0.0,2273.32861328125
2007-07-12 00:00:00+07:00,340.7445373535156,57206488,0.0,0.0,2284.8271484375
2007-07-13 00:00:00+07:00,335.4205017089844,98270197,0.0,0.0,2301.51171875
2007-07-16 00:00:00+07:00,340.7445373535156,88144522,0.0,0.0,2286.12890625
2007-07-17 00:00:00+07:00,332.7583923339844,152121627,0.0,0.0,2301.252685546875
2007-07-18 00:00:00+07:00,338.08258056640625,84283455,0.0,0.0,2294.501708984375
2007-07-19 00:00:00+07:00,335.4205017089844,182839658,0.0,0.0,2333.59228515625
2007-07-20 00:00:00+07:00,340.7445373535156,132794293,0.0,0.0,2366.3037109375
2007-07-23 00:00:00+07:00,346.0686950683594,233391031,0.0,0.0,2380.1171875
2007-07-24 00:00:00+07:00,359.3789978027344,176833554,0.0,0.0,2401.050537109375
2007-07-25 00:00:00+07:00,351.3928527832031,159277251,0.0,0.0,2394.4716796875
2007-07-26 00:00:00+07:00,335.4205017089844,264807573,0.0,0.0,2365.170654296875
2007-07-27 00:00:00+07:00,324.7721862792969,305271772,0.0,0.0,2298.32470703125
2007-07-30 00:00:00+07:00,316.7859802246094,385886665,0.0,0.0,2301.462646484375
2007-07-31 00:00:00+07:00,335.4205017089844,223776865,0.0,0.0,2348.58154296875
2007-08-01 00:00:00+07:00,322.1100769042969,167439392,0.0,0.0,2256.220458984375
2007-08-02 00:00:00+07:00,324.7721862792969,115446994,0.0,0.0,2270.765625
2007-08-03 00:00:00+07:00,327.4342041015625,142479960,0.0,0.0,2269.70263671875
2007-08-06 00:00:00+07:00,322.1100769042969,191315304,0.0,0.0,2189.021484375
2007-08-07 00:00:00+07:00,324.7721862792969,238352116,0.0,0.0,2173.986328125
2007-08-08 00:00:00+07:00,335.4205017089844,150306596,0.0,0.0,2262.5478515625
2007-08-09 00:00:00+07:00,324.7721862792969,126540685,0.0,0.0,2241.31494140625
2007-08-10 00:00:00+07:00,319.44805908203125,145433511,0.0,0.0,2207.31005859375
2007-08-13 00:00:00+07:00,319.44805908203125,0,0.0,0.0,2211.368896484375
2007-08-14 00:00:00+07:00,308.7997131347656,174969022,0.0,0.0,2168.5537109375
2007-08-15 00:00:00+07:00,292.8273620605469,170557945,0.0,0.0,2029.0040283203125
2007-08-16 00:00:00+07:00,282.1790771484375,454929357,0.0,0.0,1908.560791015625
2007-08-20 00:00:00+07:00,295.48944091796875,561499198,0.0,0.0,2041.5045166015625
2007-08-21 00:00:00+07:00,290.165283203125,149212077,0.0,0.0,1992.929443359375
2007-08-22 00:00:00+07:00,300.8135986328125,105106815,0.0,0.0,2062.91064453125
2007-08-23 00:00:00+07:00,314.1239318847656,223974868,0.0,0.0,2117.577392578125
2007-08-24 00:00:00+07:00,316.7859802246094,111079918,0.0,0.0,2143.025634765625
2007-08-27 00:00:00+07:00,324.7721862792969,222605344,0.0,0.0,2175.268310546875
2007-08-28 00:00:00+07:00,324.7721862792969,172691982,0.0,0.0,2159.524658203125
2007-08-29 00:00:00+07:00,319.44805908203125,112674946,0.0,0.0,2134.7998046875
2007-08-30 00:00:00+07:00,319.44805908203125,120468580,0.0,0.0,2150.631591796875
2007-08-31 00:00:00+07:00,332.7583923339844,251904351,0.0,0.0,2194.253662109375
2007-09-03 00:00:00+07:00,335.4205017089844,240189148,0.0,0.0,2213.48779296875
2007-09-04 00:00:00+07:00,335.4205017089844,101619755,0.0,0.0,2215.03076171875
2007-09-05 00:00:00+07:00,332.7583923339844,60160039,0.0,0.0,2214.535888671875
2007-09-06 00:00:00+07:00,327.4342041015625,183714173,0.0,0.0,2220.690673828125
2007-09-07 00:00:00+07:00,335.4205017089844,48252333,0.0,0.0,2239.813720703125
2007-09-10 00:00:00+07:00,327.4342041015625,169116921,0.0,0.0,2209.555908203125
2007-09-11 00:00:00+07:00,330.0963134765625,15246263,0.0,0.0,2211.326904296875
2007-09-12 00:00:00+07:00,335.4205017089844,183059661,0.0,0.0,2209.8447265625
2007-09-13 00:00:00+07:00,332.7583923339844,66177143,0.0,0.0,2222.65966796875
2007-09-14 00:00:00+07:00,332.7583923339844,99348215,0.0,0.0,2225.5205078125
2007-09-17 00:00:00+07:00,330.0963134765625,61573563,0.0,0.0,2223.134521484375
2007-09-18 00:00:00+07:00,330.0963134765625,49308351,0.0,0.0,2239.77490234375
2007-09-19 00:00:00+07:00,340.7445373535156,160333269,0.0,0.0,2313.2490234375
2007-09-20 00:00:00+07:00,348.730712890625,140615428,0.0,0.0,2304.541259765625
2007-09-21 00:00:00+07:00,348.730712890625,64807619,0.0,0.0,2335.396240234375
2007-09-24 00:00:00+07:00,362.04107666015625,199240941,0.0,0.0,2353.538330078125
2007-09-25 00:00:00+07:00,359.3789978027344,71952242,0.0,0.0,2330.2724609375
2007-09-26 00:00:00+07:00,372.6893615722656,67926173,0.0,0.0,2360.921142578125
2007-09-27 00:00:00+07:00,367.365234375,111998434,0.0,0.0,2378.7373046875
2007-09-28 00:00:00+07:00,351.3928527832031,72947759,0.0,0.0,2359.1142578125
2007-10-01 00:00:00+07:00,367.365234375,53675427,0.0,0.0,2399.362548828125
2007-10-02 00:00:00+07:00,383.337646484375,118208041,0.0,0.0,2464.847412109375
2007-10-03 00:00:00+07:00,396.6479797363281,150312096,0.0,0.0,2451.490478515625
2007-10-04 00:00:00+07:00,391.3238220214844,54665444,0.0,0.0,2473.05859375
2007-10-05 00:00:00+07:00,396.6479797363281,48549338,0.0,0.0,2500.483642578125
2007-10-08 00:00:00+07:00,409.9583740234375,71215230,0.0,0.0,2523.6025390625
2007-10-09 00:00:00+07:00,417.9444885253906,61947569,0.0,0.0,2546.5087890625
2007-10-10 00:00:00+07:00,417.9444885253906,162566307,0.0,0.0,2591.382080078125
2007-10-11 00:00:00+07:00,417.9444885253906,113521960,0.0,0.0,2638.1103515625
2007-10-17 00:00:00+07:00,407.2962951660156,156142196,0.0,0.0,2641.487060546875
2007-10-18 00:00:00+07:00,383.337646484375,166592377,0.0,0.0,2616.63818359375
2007-10-19 00:00:00+07:00,372.6893615722656,164667344,0.0,0.0,2563.65234375
2007-10-22 00:00:00+07:00,359.3789978027344,113796965,0.0,0.0,2453.115234375
2007-10-23 00:00:00+07:00,370.0271911621094,190402288,0.0,0.0,2553.699462890625
2007-10-24 00:00:00+07:00,378.0135498046875,200560964,0.0,0.0,2524.882568359375
2007-10-25 00:00:00+07:00,391.3238220214844,188785260,0.0,0.0,2596.56201171875
2007-10-26 00:00:00+07:00,404.6340637207031,179765104,0.0,0.0,2624.329833984375
2007-10-29 00:00:00+07:00,407.2962951660156,149525582,0.0,0.0,2667.42822265625
2007-10-30 00:00:00+07:00,420.6065979003906,278689813,0.0,0.0,2662.818359375
2007-10-31 00:00:00+07:00,412.6203308105469,127508702,0.0,0.0,2643.384033203125
2007-11-01 00:00:00+07:00,439.2410583496094,252107854,0.0,0.0,2704.5517578125
2007-11-02 00:00:00+07:00,441.9031066894531,101058745,0.0,0.0,2710.511474609375
2007-11-05 00:00:00+07:00,431.2547912597656,117548030,0.0,0.0,2652.375
2007-11-06 00:00:00+07:00,425.9308166503906,96466166,0.0,0.0,2681.7978515625
2007-11-07 00:00:00+07:00,439.2410583496094,173858002,0.0,0.0,2713.872314453125
2007-11-08 00:00:00+07:00,423.2686767578125,65126624,0.0,0.0,2678.119873046875
2007-11-09 00:00:00+07:00,420.6065979003906,79069365,0.0,0.0,2707.561767578125
2007-11-12 00:00:00+07:00,407.2962951660156,135681843,0.0,0.0,2671.798095703125
2007-11-13 00:00:00+07:00,415.282470703125,234430549,0.0,0.0,2654.10498046875
2007-11-14 00:00:00+07:00,433.9169006347656,223028852,0.0,0.0,2691.766357421875
2007-11-15 00:00:00+07:00,423.2686767578125,155581187,0.0,0.0,2705.71484375
2007-11-16 00:00:00+07:00,412.6203308105469,78557856,0.0,0.0,2668.600341796875
2007-11-19 00:00:00+07:00,417.9444885253906,85058969,0.0,0.0,2646.7099609375
2007-11-20 00:00:00+07:00,407.2962951660156,360096719,0.0,0.0,2624.760009765625
2007-11-21 00:00:00+07:00,383.337646484375,192827830,0.0,0.0,2563.521484375
2007-11-22 00:00:00+07:00,385.99957275390625,167653895,0.0,0.0,2569.413818359375
2007-11-23 00:00:00+07:00,383.337646484375,129516237,0.0,0.0,2584.24609375
2007-11-26 00:00:00+07:00,385.99957275390625,249484309,0.0,0.0,2647.94091796875
2007-11-27 00:00:00+07:00,385.99957275390625,95921656,0.0,0.0,2627.851806640625
2007-11-28 00:00:00+07:00,391.3238220214844,216742243,0.0,0.0,2671.791015625
2007-11-29 00:00:00+07:00,404.6340637207031,182113645,0.0,0.0,2699.711669921875
2007-11-30 00:00:00+07:00,415.282470703125,203696018,0.0,0.0,2688.227294921875
2007-12-03 00:00:00+07:00,423.2686767578125,92071590,0.0,0.0,2726.819091796875
2007-12-04 00:00:00+07:00,425.9308166503906,61727566,0.0,0.0,2752.8359375
2007-12-05 00:00:00+07:00,420.6065979003906,68509183,0.0,0.0,2767.950439453125
2007-12-06 00:00:00+07:00,423.2686767578125,144234491,0.0,0.0,2795.2900390625
2007-12-07 00:00:00+07:00,415.282470703125,82506925,0.0,0.0,2778.8388671875
2007-12-10 00:00:00+07:00,423.2686767578125,78926363,0.0,0.0,2790.156005859375
2007-12-11 00:00:00+07:00,423.2686767578125,124533150,0.0,0.0,2810.8525390625
2007-12-12 00:00:00+07:00,423.2686767578125,99584720,0.0,0.0,2795.730224609375
2007-12-13 00:00:00+07:00,420.6065979003906,54153935,0.0,0.0,2755.621826171875
2007-12-14 00:00:00+07:00,415.282470703125,45397784,0.0,0.0,2739.954345703125
2007-12-17 00:00:00+07:00,401.9720764160156,61243557,0.0,0.0,2664.814208984375
2007-12-18 00:00:00+07:00,385.99957275390625,251992352,0.0,0.0,2646.125
2007-12-19 00:00:00+07:00,385.99957275390625,153276647,0.0,0.0,2657.87353515625
2007-12-26 00:00:00+07:00,391.3238220214844,130165248,0.0,0.0,2714.4423828125
2007-12-27 00:00:00+07:00,393.98590087890625,212496170,0.0,0.0,2739.597412109375
2007-12-28 00:00:00+07:00,393.98590087890625,108753378,0.0,0.0,2745.718994140625
2007-12-31 00:00:00+07:00,393.98590087890625,0,0.0,0.0,
2008-01-02 00:00:00+07:00,391.3238220214844,49242350,0.0,0.0,2731.40087890625
2008-01-03 00:00:00+07:00,383.337646484375,113235955,0.0,0.0,2714.958984375
2008-01-04 00:00:00+07:00,399.3100891113281,158039729,0.0,0.0,2765.082275390625
2008-01-07 00:00:00+07:00,396.6479797363281,70071210,0.0,0.0,2776.3017578125
2008-01-08 00:00:00+07:00,399.3100891113281,92649100,0.0,0.0,2785.516845703125
2008-01-09 00:00:00+07:00,415.282470703125,176019540,0.0,0.0,2830.15283203125
2008-01-14 00:00:00+07:00,409.9583740234375,172273975,0.0,0.0,2810.2626953125
2008-01-15 00:00:00+07:00,401.9720764160156,150614601,0.0,0.0,2729.9248046875
2008-01-16 00:00:00+07:00,388.66180419921875,116662515,0.0,0.0,2592.210205078125
2008-01-17 00:00:00+07:00,385.99957275390625,109446390,0.0,0.0,2649.176025390625
2008-01-18 00:00:00+07:00,378.0135498046875,154316165,0.0,0.0,2611.030517578125
2008-01-21 00:00:00+07:00,359.3789978027344,83870948,0.0,0.0,2485.7822265625
2008-01-22 00:00:00+07:00,335.4205017089844,202904004,0.0,0.0,2294.4345703125
2008-01-23 00:00:00+07:00,346.0686950683594,254984404,0.0,0.0,2476.181640625
2008-01-24 00:00:00+07:00,356.7169494628906,290185012,0.0,0.0,2516.60302734375
2008-01-25 00:00:00+07:00,372.6893615722656,254626898,0.0,0.0,2620.39111328125
2008-01-28 00:00:00+07:00,359.3789978027344,68921690,0.0,0.0,2581.948486328125
2008-01-29 00:00:00+07:00,362.04107666015625,196518394,0.0,0.0,2607.741455078125
2008-01-30 00:00:00+07:00,364.7031555175781,45205280,0.0,0.0,2610.25732421875
2008-01-31 00:00:00+07:00,372.6893615722656,286120441,0.0,0.0,2627.148681640625
2008-02-01 00:00:00+07:00,367.365234375,130621756,0.0,0.0,2646.718017578125
2008-02-04 00:00:00+07:00,383.337646484375,141440443,0.0,0.0,2701.523681640625
2008-02-05 00:00:00+07:00,375.3514404296875,166795880,0.0,0.0,2704.141845703125
2008-02-06 00:00:00+07:00,364.7031555175781,113499960,0.0,0.0,2638.984375
2008-02-11 00:00:00+07:00,359.3789978027344,107202351,0.0,0.0,2589.28125
2008-02-12 00:00:00+07:00,359.3789978027344,72491252,0.0,0.0,2591.96923828125
2008-02-13 00:00:00+07:00,356.7169494628906,60369042,0.0,0.0,2610.679443359375
2008-02-14 00:00:00+07:00,367.365234375,78018847,0.0,0.0,2675.541015625
2008-02-15 00:00:00+07:00,380.67559814453125,84107452,0.0,0.0,2688.086181640625
2008-02-18 00:00:00+07:00,372.6893615722656,62250075,0.0,0.0,2684.59716796875
2008-02-19 00:00:00+07:00,388.66180419921875,187030730,0.0,0.0,2711.7666015625
2008-02-20 00:00:00+07:00,385.99957275390625,105530322,0.0,0.0,2689.1513671875
2008-02-21 00:00:00+07:00,393.98590087890625,132607290,0.0,0.0,2734.103515625
2008-02-22 00:00:00+07:00,396.6479797363281,109787396,0.0,0.0,2741.07421875
2008-02-25 00:00:00+07:00,399.3100891113281,55638961,0.0,0.0,2751.755126953125
2008-02-26 00:00:00+07:00,391.3238220214844,56980984,0.0,0.0,2738.765380859375
2008-02-27 00:00:00+07:00,388.66180419921875,52910913,0.0,0.0,2740.03125
2008-02-28 00:00:00+07:00,393.98590087890625,84750963,0.0,0.0,2756.206787109375
2008-02-29 00:00:00+07:00,383.337646484375,96152660,0.0,0.0,2721.838134765625
2008-03-03 00:00:00+07:00,375.3514404296875,90971571,0.0,0.0,2652.208984375
2008-03-04 00:00:00+07:00,362.04107666015625,165811363,0.0,0.0,2634.6494140625
2008-03-05 00:00:00+07:00,367.365234375,88001520,0.0,0.0,2639.549560546875
2008-03-06 00:00:00+07:00,364.7031555175781,56287972,0.0,0.0,2656.3525390625
2008-03-10 00:00:00+07:00,335.4205017089844,284624416,0.0,0.0,2527.768310546875
2008-03-11 00:00:00+07:00,338.08258056640625,228407945,0.0,0.0,2523.435791015625
2008-03-12 00:00:00+07:00,340.7445373535156,363666281,0.0,0.0,2556.142333984375
2008-03-13 00:00:00+07:00,324.7721862792969,200769967,0.0,0.0,2440.4970703125
2008-03-14 00:00:00+07:00,319.44805908203125,92533598,0.0,0.0,2383.3271484375
2008-03-17 00:00:00+07:00,300.8135986328125,128394217,0.0,0.0,2312.23095703125
2008-03-18 00:00:00+07:00,298.1513977050781,182806657,0.0,0.0,2339.70361328125
2008-03-19 00:00:00+07:00,290.165283203125,194378857,0.0,0.0,2323.475341796875
2008-03-24 00:00:00+07:00,284.8412170410156,142298457,0.0,0.0,2339.20263671875
2008-03-25 00:00:00+07:00,322.1100769042969,318840507,0.0,0.0,2419.521728515625
2008-03-26 00:00:00+07:00,346.0686950683594,308038320,0.0,0.0,2440.544921875
2008-03-27 00:00:00+07:00,338.08258056640625,121519098,0.0,0.0,2451.254638671875
2008-03-28 00:00:00+07:00,338.08258056640625,130693257,0.0,0.0,2477.489501953125
2008-03-31 00:00:00+07:00,335.4205017089844,102670273,0.0,0.0,2447.203857421875
2008-04-01 00:00:00+07:00,316.7859802246094,243797210,0.0,0.0,2393.15576171875
2008-04-02 00:00:00+07:00,316.7859802246094,179286596,0.0,0.0,2342.09765625
2008-04-03 00:00:00+07:00,300.8135986328125,226658914,0.0,0.0,2237.8837890625
2008-04-04 00:00:00+07:00,308.7997131347656,250639329,0.0,0.0,2276.996337890625
2008-04-07 00:00:00+07:00,319.44805908203125,143783483,0.0,0.0,2286.7080078125
2008-04-08 00:00:00+07:00,311.4618225097656,117493029,0.0,0.0,2249.682373046875
2008-04-09 00:00:00+07:00,295.48944091796875,157104713,0.0,0.0,2180.00439453125
2008-04-10 00:00:00+07:00,303.47564697265625,334504777,0.0,0.0,2235.846923828125
2008-04-11 00:00:00+07:00,322.1100769042969,217039248,0.0,0.0,2303.83935546875
2008-04-14 00:00:00+07:00,314.1239318847656,158864743,0.0,0.0,2272.3876953125
2008-04-15 00:00:00+07:00,311.4618225097656,67530166,0.0,0.0,2294.167724609375
2008-04-16 00:00:00+07:00,319.44805908203125,61749566,0.0,0.0,2337.832275390625
2008-04-17 00:00:00+07:00,319.44805908203125,121607100,0.0,0.0,2341.688720703125
2008-04-18 00:00:00+07:00,332.7583923339844,180947625,0.0,0.0,2349.177490234375
2008-04-21 00:00:00+07:00,338.08258056640625,120518081,0.0,0.0,2335.798095703125
2008-04-22 00:00:00+07:00,330.0963134765625,297676141,0.0,0.0,2289.0068359375
2008-04-23 00:00:00+07:00,330.0963134765625,56265971,0.0,0.0,2314.2119140625
2008-04-24 00:00:00+07:00,316.7859802246094,69554201,0.0,0.0,2269.8916015625
2008-04-25 00:00:00+07:00,311.4618225097656,85630979,0.0,0.0,2240.49072265625
2008-04-28 00:00:00+07:00,300.8135986328125,66908655,0.0,0.0,2254.220458984375
2008-04-29 00:00:00+07:00,311.4618225097656,103137781,0.0,0.0,2303.436279296875
2008-04-30 00:00:00+07:00,316.7859802246094,183307166,0.0,0.0,2304.42626953125
2008-05-05 00:00:00+07:00,367.365234375,273855230,0.0,0.0,2387.893310546875
2008-05-06 00:00:00+07:00,348.730712890625,176195543,0.0,0.0,2371.734619140625
2008-05-07 00:00:00+07:00,332.7583923339844,197541412,0.0,0.0,2382.606201171875
2008-05-08 00:00:00+07:00,332.7583923339844,147710551,0.0,0.0,2376.840576171875
2008-05-09 00:00:00+07:00,322.1100769042969,80928397,0.0,0.0,2374.934814453125
2008-05-12 00:00:00+07:00,316.7859802246094,115810000,0.0,0.0,2377.91015625
2008-05-13 00:00:00+07:00,338.08258056640625,210945143,0.0,0.0,2418.8056640625
2008-05-14 00:00:00+07:00,340.7445373535156,95069142,0.0,0.0,2449.24267578125
2008-05-15 00:00:00+07:00,346.0686950683594,105370820,0.0,0.0,2449.7158203125
2008-05-16 00:00:00+07:00,340.7445373535156,81296904,0.0,0.0,2468.744140625
2008-05-21 00:00:00+07:00,343.4065856933594,145703016,0.0,0.0,2494.61181640625
2008-05-22 00:00:00+07:00,332.7583923339844,182790157,0.0,0.0,2503.8544921875
2008-05-23 00:00:00+07:00,330.0963134765625,81538908,0.0,0.0,2465.859130859375
2008-05-26 00:00:00+07:00,319.44805908203125,36751634,0.0,0.0,2419.6328125
2008-05-27 00:00:00+07:00,316.7859802246094,70137211,0.0,0.0,2396.905517578125
2008-05-28 00:00:00+07:00,322.1100769042969,208283097,0.0,0.0,2433.67431640625
2008-05-29 00:00:00+07:00,311.4618225097656,158309234,0.0,0.0,2446.85888671875
2008-05-30 00:00:00+07:00,308.7997131347656,151945624,0.0,0.0,2444.254150390625
2008-06-02 00:00:00+07:00,316.7859802246094,137496874,0.0,0.0,2427.673583984375
2008-06-03 00:00:00+07:00,316.7859802246094,121464097,0.0,0.0,2403.720458984375
2008-06-04 00:00:00+07:00,303.47564697265625,59632029,0.0,0.0,2362.495849609375
2008-06-05 00:00:00+07:00,303.47564697265625,393119290,0.0,0.0,2399.58349609375
2008-06-06 00:00:00+07:00,292.8273620605469,479718285,0.0,0.0,2402.142578125
2008-06-09 00:00:00+07:00,284.8412170410156,409938580,0.0,0.0,2409.983154296875
2008-06-10 00:00:00+07:00,271.53082275390625,723009488,0.0,0.0,2373.724609375
2008-06-11 00:00:00+07:00,274.19293212890625,468751096,0.0,0.0,2374.692626953125
2008-06-12 00:00:00+07:00,276.8550109863281,573489405,0.0,0.0,2408.914306640625
2008-06-13 00:00:00+07:00,274.19293212890625,271737693,0.0,0.0,2398.323486328125
2008-06-16 00:00:00+07:00,274.19293212890625,191634309,0.0,0.0,2397.947509765625
2008-06-17 00:00:00+07:00,271.53082275390625,192937832,0.0,0.0,2377.88330078125
2008-06-18 00:00:00+07:00,271.53082275390625,204471531,0.0,0.0,2364.488037109375
2008-06-19 00:00:00+07:00,271.3281555175781,127855208,17.848782,0.0,2372.9697265625
2008-06-20 00:00:00+07:00,271.3281555175781,110733412,0.0,0.0,2371.68359375
2008-06-23 00:00:00+07:00,261.6378479003906,272667209,0.0,0.0,2362.65185546875
2008-06-24 00:00:00+07:00,264.4064636230469,206369064,0.0,0.0,2365.28564453125
2008-06-25 00:00:00+07:00,267.1751403808594,380249067,0.0,0.0,2341.270751953125
2008-06-26 00:00:00+07:00,285.1714782714844,766520739,0.0,0.0,2350.800537109375
2008-06-27 00:00:00+07:00,279.6341247558594,475532713,0.0,0.0,2332.0244140625
2008-06-30 00:00:00+07:00,282.40277099609375,253631380,0.0,0.0,2349.013427734375
2008-07-01 00:00:00+07:00,293.4773864746094,400153911,0.0,0.0,2378.71533203125
2008-07-02 00:00:00+07:00,304.552001953125,916706333,0.0,0.0,2378.38134765625
2008-07-03 00:00:00+07:00,299.0147399902344,292566553,0.0,0.0,2286.52197265625
2008-07-04 00:00:00+07:00,299.0147399902344,91510580,0.0,0.0,2314.660888671875
2008-07-07 00:00:00+07:00,299.0147399902344,32164555,0.0,0.0,2303.728515625
2008-07-08 00:00:00+07:00,296.2460632324219,129087229,0.0,0.0,2278.88427734375
2008-07-09 00:00:00+07:00,310.08929443359375,313736418,0.0,0.0,2285.936767578125
2008-07-10 00:00:00+07:00,304.552001953125,197343408,0.0,0.0,2276.142333984375
2008-07-11 00:00:00+07:00,318.395263671875,289761504,0.0,0.0,2276.764404296875
2008-07-14 00:00:00+07:00,304.552001953125,172493979,0.0,0.0,2259.4521484375
2008-07-15 00:00:00+07:00,287.9401550292969,275340255,0.0,0.0,2214.765869140625
2008-07-16 00:00:00+07:00,290.708740234375,303511742,0.0,0.0,2218.03857421875
2008-07-17 00:00:00+07:00,296.2460632324219,337496829,0.0,0.0,2167.628662109375
2008-07-18 00:00:00+07:00,315.62664794921875,330363206,0.0,0.0,2141.0517578125
2008-07-21 00:00:00+07:00,329.46990966796875,294876593,0.0,0.0,2194.9814453125
2008-07-22 00:00:00+07:00,321.1639099121094,97819189,0.0,0.0,2212.667724609375
2008-07-23 00:00:00+07:00,329.46990966796875,175937038,0.0,0.0,2225.757568359375
2008-07-24 00:00:00+07:00,354.3877868652344,349806042,0.0,0.0,2256.96630859375
2008-07-25 00:00:00+07:00,332.2386474609375,187866744,0.0,0.0,2245.256591796875
2008-07-28 00:00:00+07:00,335.0071716308594,49660357,0.0,0.0,2275.58740234375
2008-07-29 00:00:00+07:00,335.0071716308594,111717929,0.0,0.0,2278.595458984375
2008-07-31 00:00:00+07:00,337.77587890625,178577084,0.0,0.0,2304.418212890625
2008-08-01 00:00:00+07:00,326.7012634277344,123163627,0.0,0.0,2248.662353515625
2008-08-04 00:00:00+07:00,326.7012634277344,87935518,0.0,0.0,2227.58837890625
2008-08-05 00:00:00+07:00,335.0071716308594,142012452,0.0,0.0,2185.533935546875
2008-08-06 00:00:00+07:00,335.0071716308594,118917553,0.0,0.0,2187.118896484375
2008-08-07 00:00:00+07:00,346.0818786621094,137397873,0.0,0.0,2198.925537109375
2008-08-08 00:00:00+07:00,335.0071716308594,41800722,0.0,0.0,2195.840576171875
2008-08-11 00:00:00+07:00,323.9325866699219,98055693,0.0,0.0,2133.836669921875
2008-08-12 00:00:00+07:00,321.1639099121094,108082366,0.0,0.0,2057.498779296875
2008-08-13 00:00:00+07:00,335.0071716308594,226246407,0.0,0.0,2063.440673828125
2008-08-14 00:00:00+07:00,332.2386474609375,69202195,0.0,0.0,2106.56005859375
2008-08-15 00:00:00+07:00,337.77587890625,149745586,0.0,0.0,2085.066650390625
2008-08-19 00:00:00+07:00,323.9325866699219,186348718,0.0,0.0,2042.4185791015625
2008-08-20 00:00:00+07:00,321.1639099121094,103176282,0.0,0.0,2069.61767578125
2008-08-21 00:00:00+07:00,321.1639099121094,72623254,0.0,0.0,2088.169677734375
2008-08-22 00:00:00+07:00,323.9325866699219,57178987,0.0,0.0,2120.408447265625
2008-08-25 00:00:00+07:00,323.9325866699219,72430751,0.0,0.0,2127.1416015625
2008-08-26 00:00:00+07:00,318.395263671875,54709444,0.0,0.0,2107.466064453125
2008-08-27 00:00:00+07:00,323.9325866699219,62783584,0.0,0.0,2130.97998046875
2008-08-28 00:00:00+07:00,315.62664794921875,62772584,0.0,0.0,2144.764404296875
2008-08-29 00:00:00+07:00,323.9325866699219,87121504,0.0,0.0,2165.85888671875
2008-09-01 00:00:00+07:00,329.46990966796875,226372910,0.0,0.0,2164.535888671875
2008-09-02 00:00:00+07:00,346.0818786621094,305051768,0.0,0.0,2158.9677734375
2008-09-03 00:00:00+07:00,354.3877868652344,272689210,0.0,0.0,2115.91748046875
2008-09-04 00:00:00+07:00,348.85052490234375,136605859,0.0,0.0,2075.153076171875
2008-09-05 00:00:00+07:00,321.1639099121094,420674766,0.0,0.0,2022.4852294921875
2008-09-08 00:00:00+07:00,329.46990966796875,164117334,0.0,0.0,2037.918701171875
2008-09-09 00:00:00+07:00,318.395263671875,176767553,0.0,0.0,1958.67578125
2008-09-10 00:00:00+07:00,304.552001953125,371635919,0.0,0.0,1884.969482421875
2008-09-11 00:00:00+07:00,299.0147399902344,241641173,0.0,0.0,1870.0601806640625
2008-09-12 00:00:00+07:00,279.6341247558594,326458138,0.0,0.0,1803.99169921875
2008-09-15 00:00:00+07:00,265.7908630371094,142903468,0.0,0.0,1719.1871337890625
2008-09-16 00:00:00+07:00,285.1714782714844,271737693,0.0,0.0,1735.5684814453125
2008-09-17 00:00:00+07:00,293.4773864746094,245001731,0.0,0.0,1769.8251953125
2008-09-18 00:00:00+07:00,287.9401550292969,309006337,0.0,0.0,1787.603515625
2008-09-19 00:00:00+07:00,310.08929443359375,235013559,0.0,0.0,1891.658447265625
2008-09-22 00:00:00+07:00,326.7012634277344,174188008,0.0,0.0,1897.2681884765625
2008-09-23 00:00:00+07:00,307.3206481933594,183191664,0.0,0.0,1873.027099609375
2008-09-24 00:00:00+07:00,310.08929443359375,131490771,0.0,0.0,1883.4776611328125
2008-09-25 00:00:00+07:00,304.552001953125,102961778,0.0,0.0,1869.9881591796875
2008-09-26 00:00:00+07:00,299.0147399902344,199367443,0.0,0.0,1846.01904296875
2008-10-06 00:00:00+07:00,274.0968017578125,219728795,0.0,0.0,1648.6748046875
2008-10-07 00:00:00+07:00,265.7908630371094,106943847,0.0,0.0,1619.657958984375
2008-10-08 00:00:00+07:00,236.72000122070312,65737135,0.0,0.0,1451.6124267578125
2008-10-09 00:00:00+07:00,236.72000122070312,0,0.0,0.0,
2008-10-10 00:00:00+07:00,236.72000122070312,0,0.0,0.0,
2008-10-13 00:00:00+07:00,233.95130920410156,22,0.0,0.0,1461.8160400390625
2008-10-14 00:00:00+07:00,256.1005554199219,233567034,0.0,0.0,1555.9063720703125
2008-10-15 00:00:00+07:00,236.72000122070312,765877228,0.0,0.0,1520.3477783203125
2008-10-16 00:00:00+07:00,229.79833984375,155289682,0.0,0.0,1463.1939697265625
2008-10-17 00:00:00+07:00,207.6491241455078,597398318,0.0,0.0,1399.3695068359375
2008-10-20 00:00:00+07:00,213.1864471435547,475114706,0.0,0.0,1426.8824462890625
2008-10-21 00:00:00+07:00,224.26101684570312,267772125,0.0,0.0,1440.093017578125
2008-10-22 00:00:00+07:00,215.95509338378906,281764366,0.0,0.0,1379.6893310546875
2008-10-23 00:00:00+07:00,200.72743225097656,329301687,0.0,0.0,1337.1519775390625
2008-10-24 00:00:00+07:00,181.34686279296875,233913540,0.0,0.0,1244.8155517578125
2008-10-27 00:00:00+07:00,163.3506317138672,156598704,0.0,0.0,1166.36376953125
2008-10-28 00:00:00+07:00,148.12303161621094,379913562,0.0,0.0,1111.3468017578125
2008-10-29 00:00:00+07:00,146.7386932373047,537051276,0.0,0.0,1113.5806884765625
2008-10-30 00:00:00+07:00,160.5819549560547,108351871,0.0,0.0,1173.8173828125
2008-10-31 00:00:00+07:00,191.03713989257812,387784197,0.0,0.0,1256.655029296875
2008-11-03 00:00:00+07:00,214.5707244873047,373654453,0.0,0.0,1352.663330078125
2008-11-04 00:00:00+07:00,196.5745086669922,761174647,0.0,0.0,1369.731689453125
2008-11-05 00:00:00+07:00,204.88046264648438,727321562,0.0,0.0,1366.221923828125
2008-11-06 00:00:00+07:00,193.8058319091797,314440431,0.0,0.0,1307.8460693359375
2008-11-07 00:00:00+07:00,195.19015502929688,539537319,0.0,0.0,1338.3079833984375
2008-11-10 00:00:00+07:00,203.4961395263672,256749934,0.0,0.0,1340.62890625
2008-11-11 00:00:00+07:00,204.88046264648438,230877487,0.0,0.0,1336.5050048828125
2008-11-12 00:00:00+07:00,210.417724609375,225272891,0.0,0.0,1326.5694580078125
2008-11-13 00:00:00+07:00,189.65284729003906,308670831,0.0,0.0,1259.6640625
2008-11-14 00:00:00+07:00,181.34686279296875,173516997,0.0,0.0,1264.32763671875
2008-11-17 00:00:00+07:00,179.96255493164062,222616345,0.0,0.0,1236.884765625
2008-11-18 00:00:00+07:00,164.73495483398438,167103886,0.0,0.0,1189.815673828125
2008-11-19 00:00:00+07:00,157.81332397460938,306668796,0.0,0.0,1180.3111572265625
2008-11-20 00:00:00+07:00,143.97007751464844,289304997,0.0,0.0,1154.925048828125
2008-11-21 00:00:00+07:00,139.8170623779297,566630787,0.0,0.0,1146.2313232421875
2008-11-24 00:00:00+07:00,139.8170623779297,201149474,0.0,0.0,1141.356689453125
2008-11-25 00:00:00+07:00,141.20138549804688,750289959,0.0,0.0,1154.0960693359375
2008-11-26 00:00:00+07:00,159.1976318359375,490118965,0.0,0.0,1193.1046142578125
2008-11-27 00:00:00+07:00,184.11557006835938,616417647,0.0,0.0,1202.0272216796875
2008-11-28 00:00:00+07:00,188.2685089111328,441107619,0.0,0.0,1241.49267578125
2008-12-01 00:00:00+07:00,175.8096160888672,283419895,0.0,0.0,1223.077392578125
2008-12-02 00:00:00+07:00,171.65660095214844,266606104,0.0,0.0,1191.3116455078125
2008-12-03 00:00:00+07:00,177.1938934326172,200379461,0.0,0.0,1192.4796142578125
2008-12-04 00:00:00+07:00,191.03713989257812,399070392,0.0,0.0,1205.277099609375
2008-12-05 00:00:00+07:00,188.2685089111328,220839814,0.0,0.0,1202.2952880859375
2008-12-09 00:00:00+07:00,204.88046264648438,490652474,0.0,0.0,1266.066650390625
2008-12-10 00:00:00+07:00,224.26101684570312,373263947,0.0,0.0,1315.84375
2008-12-11 00:00:00+07:00,225.64535522460938,362384759,0.0,0.0,1316.6427001953125
2008-12-12 00:00:00+07:00,203.4961395263672,163468323,0.0,0.0,1262.9188232421875
2008-12-15 00:00:00+07:00,236.72000122070312,282215374,0.0,0.0,1359.2249755859375
2008-12-16 00:00:00+07:00,242.25723266601562,274416239,0.0,0.0,1342.78369140625
2008-12-17 00:00:00+07:00,251.94761657714844,225932902,0.0,0.0,1363.9310302734375
2008-12-18 00:00:00+07:00,245.02597045898438,200467462,0.0,0.0,1351.71142578125
2008-12-19 00:00:00+07:00,245.02597045898438,181068627,0.0,0.0,1348.2325439453125
2008-12-22 00:00:00+07:00,250.563232421875,63058589,0.0,0.0,1345.255615234375
2008-12-23 00:00:00+07:00,245.02597045898438,114951985,0.0,0.0,1343.66357421875
2008-12-24 00:00:00+07:00,240.8729705810547,37054140,0.0,0.0,1336.56201171875
2008-12-30 00:00:00+07:00,253.3319549560547,121304595,0.0,0.0,1355.355224609375
2008-12-31 00:00:00+07:00,253.3319549560547,0,0.0,0.0,
2009-01-05 00:00:00+07:00,268.5594787597656,180051109,0.0,0.0,1437.281982421875
2009-01-06 00:00:00+07:00,265.7908630371094,271440688,0.0,0.0,1435.4810791015625
2009-01-07 00:00:00+07:00,261.6378479003906,210521636,0.0,0.0,1421.4146728515625
2009-01-08 00:00:00+07:00,256.1005554199219,79811878,0.0,0.0,1402.6064453125
2009-01-09 00:00:00+07:00,260.2535095214844,47850826,0.0,0.0,1416.6148681640625
2009-01-12 00:00:00+07:00,265.7908630371094,98143695,0.0,0.0,1406.498291015625
2009-01-13 00:00:00+07:00,265.7908630371094,198646931,0.0,0.0,1399.6785888671875
2009-01-14 00:00:00+07:00,263.02215576171875,147952555,0.0,0.0,1386.8519287109375
2009-01-15 00:00:00+07:00,254.71621704101562,187971246,0.0,0.0,1343.441650390625
2009-01-16 00:00:00+07:00,256.1005554199219,167840899,0.0,0.0,1363.822998046875
2009-01-19 00:00:00+07:00,260.2535095214844,45722289,0.0,0.0,1350.6343994140625
2009-01-20 00:00:00+07:00,257.48486328125,157451219,0.0,0.0,1344.0986328125
2009-01-21 00:00:00+07:00,257.48486328125,87308508,0.0,0.0,1321.4014892578125
2009-01-22 00:00:00+07:00,250.563232421875,97714687,0.0,0.0,1327.271484375
2009-01-23 00:00:00+07:00,239.48866271972656,121601600,0.0,0.0,1315.53369140625
2009-01-27 00:00:00+07:00,239.48866271972656,56106469,0.0,0.0,1336.5789794921875
2009-01-28 00:00:00+07:00,235.33567810058594,108087866,0.0,0.0,1321.3995361328125
2009-01-29 00:00:00+07:00,250.563232421875,208970609,0.0,0.0,1324.5985107421875
2009-01-30 00:00:00+07:00,251.94761657714844,82908432,0.0,0.0,1332.6151123046875
2009-02-02 00:00:00+07:00,240.8729705810547,136000849,0.0,0.0,1310.5919189453125
2009-02-03 00:00:00+07:00,243.6416015625,66556649,0.0,0.0,1304.2802734375
2009-02-04 00:00:00+07:00,243.6416015625,86279990,0.0,0.0,1320.3115234375
2009-02-05 00:00:00+07:00,240.8729705810547,92665600,0.0,0.0,1328.023193359375
2009-02-06 00:00:00+07:00,247.7946319580078,127695705,0.0,0.0,1350.58837890625
2009-02-09 00:00:00+07:00,246.41024780273438,71930242,0.0,0.0,1342.173583984375
2009-02-10 00:00:00+07:00,233.95130920410156,91653583,0.0,0.0,1332.0771484375
2009-02-11 00:00:00+07:00,225.64535522460938,151538617,0.0,0.0,1324.7724609375
2009-02-12 00:00:00+07:00,233.95130920410156,97687187,0.0,0.0,1325.3695068359375
2009-02-13 00:00:00+07:00,245.02597045898438,248312788,0.0,0.0,1338.6898193359375
2009-02-16 00:00:00+07:00,247.7946319580078,56502475,0.0,0.0,1341.94970703125
2009-02-17 00:00:00+07:00,245.02597045898438,80427889,0.0,0.0,1317.98876953125
2009-02-18 00:00:00+07:00,251.94761657714844,92214592,0.0,0.0,1330.55810546875
2009-02-19 00:00:00+07:00,243.6416015625,92297094,0.0,0.0,1323.64453125
2009-02-20 00:00:00+07:00,232.5670166015625,67299162,0.0,0.0,1296.8916015625
2009-02-23 00:00:00+07:00,229.79833984375,93870121,0.0,0.0,1312.387939453125
2009-02-24 00:00:00+07:00,220.10809326171875,344987958,0.0,0.0,1295.818603515625
2009-02-25 00:00:00+07:00,224.26101684570312,151725620,0.0,0.0,1300.0574951171875
2009-02-26 00:00:00+07:00,213.1864471435547,326903646,0.0,0.0,1290.2708740234375
2009-02-27 00:00:00+07:00,206.26475524902344,185342201,0.0,0.0,1285.4259033203125
2009-03-02 00:00:00+07:00,200.72743225097656,125259163,0.0,0.0,1256.06005859375
2009-03-03 00:00:00+07:00,204.88046264648438,169969435,0.0,0.0,1264.7667236328125
2009-03-04 00:00:00+07:00,217.33938598632812,315853955,0.0,0.0,1289.329833984375
2009-03-05 00:00:00+07:00,211.80209350585938,256188925,0.0,0.0,1288.02392578125
2009-03-06 00:00:00+07:00,213.1864471435547,95322146,0.0,0.0,1286.6429443359375
2009-03-10 00:00:00+07:00,221.49240112304688,247548275,0.0,0.0,1300.1644287109375
2009-03-11 00:00:00+07:00,225.64535522460938,312608899,0.0,0.0,1314.4678955078125
2009-03-12 00:00:00+07:00,217.33938598632812,207348081,0.0,0.0,1310.363037109375
2009-03-13 00:00:00+07:00,227.02964782714844,212056162,0.0,0.0,1327.385498046875
2009-03-16 00:00:00+07:00,233.95130920410156,246200752,0.0,0.0,1324.7955322265625
2009-03-17 00:00:00+07:00,231.18263244628906,151648619,0.0,0.0,1312.041015625
2009-03-18 00:00:00+07:00,229.79833984375,115694498,0.0,0.0,1322.7855224609375
2009-03-19 00:00:00+07:00,233.95130920410156,104380802,0.0,0.0,1341.55078125
2009-03-20 00:00:00+07:00,236.72000122070312,131237766,0.0,0.0,1360.8360595703125
2009-03-23 00:00:00+07:00,250.563232421875,260946507,0.0,0.0,1406.59228515625
2009-03-24 00:00:00+07:00,256.1005554199219,424271828,0.0,0.0,1436.06005859375
2009-03-25 00:00:00+07:00,242.25723266601562,129142230,0.0,0.0,1419.9178466796875
2009-03-27 00:00:00+07:00,247.7946319580078,135632342,0.0,0.0,1462.68798828125
2009-03-30 00:00:00+07:00,229.79833984375,201033972,0.0,0.0,1419.036865234375
2009-03-31 00:00:00+07:00,232.5670166015625,386337672,0.0,0.0,1434.01806640625
2009-04-01 00:00:00+07:00,250.563232421875,402331949,0.0,0.0,1461.6910400390625
2009-04-02 00:00:00+07:00,269.94378662109375,412991133,0.0,0.0,1499.674560546875
2009-04-03 00:00:00+07:00,274.0968017578125,330896715,0.0,0.0,1500.302490234375
2009-04-06 00:00:00+07:00,285.1714782714844,281472861,0.0,0.0,1516.58203125
2009-04-07 00:00:00+07:00,282.40277099609375,149217577,0.0,0.0,1490.7989501953125
2009-04-08 00:00:00+07:00,258.86920166015625,422489797,0.0,0.0,1465.6929931640625
2009-04-09 00:00:00+07:00,258.86920166015625,0,0.0,0.0,
2009-04-13 00:00:00+07:00,267.1751403808594,488842943,0.0,0.0,1540.3428955078125
2009-04-14 00:00:00+07:00,285.1714782714844,492396004,0.0,0.0,1570.1998291015625
2009-04-15 00:00:00+07:00,276.86541748046875,303456741,0.0,0.0,1593.600830078125
2009-04-16 00:00:00+07:00,276.86541748046875,373643453,0.0,0.0,1625.0238037109375
2009-04-17 00:00:00+07:00,290.708740234375,304413757,0.0,0.0,1634.726318359375
2009-04-20 00:00:00+07:00,293.4773864746094,120441080,0.0,0.0,1661.7802734375
2009-04-22 00:00:00+07:00,282.40277099609375,118400545,0.0,0.0,1615.169189453125
2009-04-23 00:00:00+07:00,274.0968017578125,78854862,0.0,0.0,1592.6378173828125
2009-04-24 00:00:00+07:00,275.48114013671875,110870915,0.0,0.0,1591.274169921875
2009-04-27 00:00:00+07:00,272.7125244140625,141434942,0.0,0.0,1576.019775390625
2009-04-28 00:00:00+07:00,279.6341247558594,78343353,0.0,0.0,1595.8529052734375
2009-04-29 00:00:00+07:00,290.708740234375,164381339,0.0,0.0,1644.12109375
2009-04-30 00:00:00+07:00,321.1639099121094,413178136,0.0,0.0,1722.698974609375
2009-05-01 00:00:00+07:00,326.7012634277344,321112046,0.0,0.0,1729.5147705078125
2009-05-04 00:00:00+07:00,348.85052490234375,269669657,0.0,0.0,1788.0775146484375
2009-05-05 00:00:00+07:00,332.2386474609375,235057560,0.0,0.0,1772.0009765625
2009-05-06 00:00:00+07:00,321.1639099121094,227956937,0.0,0.0,1798.26611328125
2009-05-07 00:00:00+07:00,329.46990966796875,172851485,0.0,0.0,1828.7808837890625
2009-05-08 00:00:00+07:00,332.2386474609375,82479424,0.0,0.0,1862.45947265625
2009-05-11 00:00:00+07:00,326.7012634277344,128966227,0.0,0.0,1830.669677734375
2009-05-12 00:00:00+07:00,323.9325866699219,166757380,0.0,0.0,1841.9503173828125
2009-05-13 00:00:00+07:00,332.2386474609375,129367734,0.0,0.0,1851.260009765625
2009-05-14 00:00:00+07:00,321.1639099121094,63663599,0.0,0.0,1784.93359375
2009-05-15 00:00:00+07:00,310.08929443359375,139289905,0.0,0.0,1750.8458251953125
2009-05-18 00:00:00+07:00,329.46990966796875,93831620,0.0,0.0,1803.497802734375
2009-05-19 00:00:00+07:00,368.23114013671875,290267513,0.0,0.0,1885.9425048828125
2009-05-20 00:00:00+07:00,348.85052490234375,308670831,0.0,0.0,1885.6485595703125
2009-05-21 00:00:00+07:00,348.85052490234375,0,0.0,0.0,
2009-05-22 00:00:00+07:00,335.0071716308594,213909694,0.0,0.0,1881.6358642578125
2009-05-25 00:00:00+07:00,337.77587890625,53405922,0.0,0.0,1890.8973388671875
2009-05-26 00:00:00+07:00,340.5444641113281,93765619,0.0,0.0,1857.513671875
2009-05-27 00:00:00+07:00,340.5444641113281,108104367,0.0,0.0,1892.7694091796875
2009-05-28 00:00:00+07:00,337.77587890625,46074295,0.0,0.0,1902.8018798828125
2009-05-29 00:00:00+07:00,346.0818786621094,337650832,0.0,0.0,1916.7564697265625
2009-06-01 00:00:00+07:00,354.3877868652344,198558929,0.0,0.0,1998.502197265625
2009-06-02 00:00:00+07:00,370.9997253417969,253317875,0.0,0.0,1998.565185546875
2009-06-03 00:00:00+07:00,368.23114013671875,187943746,0.0,0.0,2010.835693359375
2009-06-04 00:00:00+07:00,368.23114013671875,88843034,0.0,0.0,2032.6368408203125
2009-06-05 00:00:00+07:00,376.5370178222656,142314958,0.0,0.0,2078.849853515625
2009-06-08 00:00:00+07:00,357.1564025878906,77837344,0.0,0.0,2056.56689453125
2009-06-09 00:00:00+07:00,359.92510986328125,131226766,0.0,0.0,2093.212646484375
2009-06-10 00:00:00+07:00,359.92510986328125,88645031,0.0,0.0,2108.73193359375
2009-06-11 00:00:00+07:00,351.6192321777344,234903557,0.0,0.0,2089.503662109375
2009-06-12 00:00:00+07:00,348.85052490234375,181761639,0.0,0.0,2090.86181640625
2009-06-15 00:00:00+07:00,370.9997253417969,263190545,0.0,0.0,2069.794677734375
2009-06-16 00:00:00+07:00,351.6192321777344,330434707,0.0,0.0,2030.286865234375
2009-06-17 00:00:00+07:00,352.70916748046875,184649189,15.377917,0.0,2024.8861083984375
2009-06-18 00:00:00+07:00,329.95367431640625,191744311,0.0,0.0,1950.9110107421875
2009-06-19 00:00:00+07:00,341.33148193359375,211627155,0.0,0.0,1990.39453125
2009-06-22 00:00:00+07:00,329.95367431640625,146715034,0.0,0.0,1974.9501953125
2009-06-23 00:00:00+07:00,324.2648620605469,163160318,0.0,0.0,1914.3104248046875
2009-06-24 00:00:00+07:00,347.020263671875,270544172,0.0,0.0,1995.5963134765625
2009-06-25 00:00:00+07:00,366.9312438964844,240200148,0.0,0.0,2044.0914306640625
2009-06-26 00:00:00+07:00,369.7756652832031,271957697,0.0,0.0,2040.1136474609375
2009-06-29 00:00:00+07:00,375.4645080566406,124934657,0.0,0.0,2033.6368408203125
2009-06-30 00:00:00+07:00,358.39801025390625,52591908,0.0,0.0,2026.701171875
2009-07-01 00:00:00+07:00,366.9312438964844,78700859,0.0,0.0,2059.8037109375
2009-07-02 00:00:00+07:00,375.4645080566406,126980693,0.0,0.0,2065.672607421875
2009-07-03 00:00:00+07:00,378.3090515136719,131831777,0.0,0.0,2075.22119140625
2009-07-06 00:00:00+07:00,364.0868225097656,62244575,0.0,0.0,2034.9307861328125
2009-07-07 00:00:00+07:00,369.7756652832031,177268061,0.0,0.0,2083.166015625
2009-07-08 00:00:00+07:00,369.7756652832031,0,0.0,0.0,
2009-07-09 00:00:00+07:00,403.90887451171875,526364591,0.0,0.0,2083.89306640625
2009-07-10 00:00:00+07:00,386.8422546386719,191804812,0.0,0.0,2063.013671875
2009-07-13 00:00:00+07:00,369.7756652832031,189753277,0.0,0.0,2020.0604248046875
2009-07-14 00:00:00+07:00,386.8422546386719,64103607,0.0,0.0,2056.4990234375
2009-07-15 00:00:00+07:00,418.1309814453125,261711020,0.0,0.0,2123.195556640625
2009-07-16 00:00:00+07:00,395.37548828125,205731053,0.0,0.0,2117.867431640625
2009-07-17 00:00:00+07:00,386.8422546386719,204543032,0.0,0.0,2106.27099609375
2009-07-20 00:00:00+07:00,386.8422546386719,0,0.0,0.0,
2009-07-21 00:00:00+07:00,389.6866760253906,249709813,0.0,0.0,2146.470458984375
2009-07-22 00:00:00+07:00,378.3090515136719,327470156,0.0,0.0,2125.532470703125
2009-07-23 00:00:00+07:00,381.15338134765625,133613807,0.0,0.0,2160.6328125
2009-07-24 00:00:00+07:00,392.5310974121094,310392361,0.0,0.0,2185.569091796875
2009-07-27 00:00:00+07:00,389.6866760253906,167791398,0.0,0.0,2209.014892578125
2009-07-28 00:00:00+07:00,392.5310974121094,349839042,0.0,0.0,2237.017822265625
2009-07-29 00:00:00+07:00,398.219970703125,251002335,0.0,0.0,2225.7255859375
2009-07-30 00:00:00+07:00,423.81982421875,301273203,0.0,0.0,2298.045654296875
2009-07-31 00:00:00+07:00,415.2865295410156,250089319,0.0,0.0,2323.1455078125
2009-08-03 00:00:00+07:00,420.9754333496094,75048796,0.0,0.0,2338.7060546875
2009-08-04 00:00:00+07:00,432.35302734375,231531999,0.0,0.0,2360.002197265625
2009-08-05 00:00:00+07:00,415.2865295410156,260247995,0.0,0.0,2316.972900390625
2009-08-06 00:00:00+07:00,409.59771728515625,188493755,0.0,0.0,2359.88525390625
2009-08-07 00:00:00+07:00,412.4420471191406,78794360,0.0,0.0,2349.04150390625
2009-08-10 00:00:00+07:00,415.2865295410156,128333716,0.0,0.0,2389.46923828125
2009-08-11 00:00:00+07:00,429.5086669921875,290069510,0.0,0.0,2399.182373046875
2009-08-12 00:00:00+07:00,412.4420471191406,177988574,0.0,0.0,2347.2666015625
2009-08-13 00:00:00+07:00,415.2865295410156,222115836,0.0,0.0,2396.396484375
2009-08-14 00:00:00+07:00,412.4420471191406,142699964,0.0,0.0,2386.772216796875
2009-08-18 00:00:00+07:00,392.5310974121094,345224462,0.0,0.0,2336.896240234375
2009-08-19 00:00:00+07:00,389.6866760253906,205412047,0.0,0.0,2277.663330078125
2009-08-20 00:00:00+07:00,403.90887451171875,134499323,0.0,0.0,2328.54833984375
2009-08-21 00:00:00+07:00,415.2865295410156,256045922,0.0,0.0,2333.80615234375
2009-08-24 00:00:00+07:00,426.664306640625,155075178,0.0,0.0,2375.78173828125
2009-08-25 00:00:00+07:00,426.664306640625,106344336,0.0,0.0,2380.42822265625
2009-08-26 00:00:00+07:00,429.5086669921875,54720445,0.0,0.0,2379.994140625
2009-08-27 00:00:00+07:00,432.35302734375,129978245,0.0,0.0,2355.972412109375
2009-08-28 00:00:00+07:00,446.5752258300781,151494616,0.0,0.0,2377.154296875
2009-08-31 00:00:00+07:00,432.35302734375,115578996,0.0,0.0,2341.44580078125
2009-09-01 00:00:00+07:00,420.9754333496094,105172816,0.0,0.0,2326.823486328125
2009-09-02 00:00:00+07:00,409.59771728515625,196023385,0.0,0.0,2285.8359375
2009-09-03 00:00:00+07:00,409.59771728515625,384687644,0.0,0.0,2322.155517578125
2009-09-04 00:00:00+07:00,403.90887451171875,260368997,0.0,0.0,2322.6455078125
2009-09-07 00:00:00+07:00,412.4420471191406,86923501,0.0,0.0,2340.30078125
2009-09-08 00:00:00+07:00,415.2865295410156,147039539,0.0,0.0,2371.209716796875
2009-09-09 00:00:00+07:00,420.9754333496094,289073993,0.0,0.0,2383.2451171875
2009-09-10 00:00:00+07:00,432.35302734375,222984851,0.0,0.0,2411.769287109375
2009-09-11 00:00:00+07:00,429.5086669921875,167675896,0.0,0.0,2415.85205078125
2009-09-14 00:00:00+07:00,412.4420471191406,149707085,0.0,0.0,2382.609130859375
2009-09-15 00:00:00+07:00,423.81982421875,150059091,0.0,0.0,2420.0146484375
2009-09-16 00:00:00+07:00,438.04205322265625,215537722,0.0,0.0,2439.261962890625
2009-09-17 00:00:00+07:00,438.04205322265625,140846432,0.0,0.0,2456.890380859375
2009-09-24 00:00:00+07:00,432.35302734375,230415479,0.0,0.0,2468.80615234375
2009-09-25 00:00:00+07:00,432.35302734375,163930331,0.0,0.0,2444.48876953125
2009-09-28 00:00:00+07:00,423.81982421875,66083641,0.0,0.0,2397.734375
2009-09-29 00:00:00+07:00,432.35302734375,165805863,0.0,0.0,2443.736083984375
2009-09-30 00:00:00+07:00,426.664306640625,174947021,0.0,0.0,2467.4951171875
2009-10-01 00:00:00+07:00,435.1975402832031,166383373,0.0,0.0,2477.87451171875
2009-10-02 00:00:00+07:00,438.04205322265625,108703877,0.0,0.0,2479.751220703125
2009-10-05 00:00:00+07:00,438.04205322265625,214085697,0.0,0.0,2480.31640625
2009-10-06 00:00:00+07:00,460.7973327636719,340659384,0.0,0.0,2528.04736328125
2009-10-07 00:00:00+07:00,486.3972473144531,477600749,0.0,0.0,2513.30810546875
2009-10-08 00:00:00+07:00,477.8639831542969,162285803,0.0,0.0,2484.42138671875
2009-10-09 00:00:00+07:00,457.9529724121094,163891830,0.0,0.0,2474.304443359375
2009-10-12 00:00:00+07:00,443.73089599609375,329488691,0.0,0.0,2456.59326171875
2009-10-13 00:00:00+07:00,449.419677734375,183158663,0.0,0.0,2471.8955078125
2009-10-14 00:00:00+07:00,457.9529724121094,157181714,0.0,0.0,2511.623046875
2009-10-15 00:00:00+07:00,460.7973327636719,172922986,0.0,0.0,2515.28515625
2009-10-16 00:00:00+07:00,452.2641906738281,196661396,0.0,0.0,2515.7080078125
2009-10-19 00:00:00+07:00,460.7973327636719,191139301,0.0,0.0,2520.826171875
2009-10-20 00:00:00+07:00,449.419677734375,225146388,0.0,0.0,2502.11865234375
2009-10-21 00:00:00+07:00,438.04205322265625,191557308,0.0,0.0,2476.70068359375
2009-10-22 00:00:00+07:00,420.9754333496094,466072550,0.0,0.0,2433.08935546875
2009-10-23 00:00:00+07:00,432.35302734375,314489932,0.0,0.0,2467.85205078125
2009-10-26 00:00:00+07:00,426.664306640625,141121437,0.0,0.0,2467.6181640625
2009-10-27 00:00:00+07:00,420.9754333496094,233121526,0.0,0.0,2425.1064453125
2009-10-28 00:00:00+07:00,415.2865295410156,179726604,0.0,0.0,2355.222412109375
2009-10-29 00:00:00+07:00,406.7532653808594,548694977,0.0,0.0,2343.941650390625
2009-10-30 00:00:00+07:00,403.90887451171875,347595003,0.0,0.0,2367.608642578125
2009-11-02 00:00:00+07:00,412.4420471191406,264384066,0.0,0.0,2371.5498046875
2009-11-03 00:00:00+07:00,398.219970703125,394224809,0.0,0.0,2334.01513671875
2009-11-04 00:00:00+07:00,395.37548828125,453653335,0.0,0.0,2371.763671875
2009-11-05 00:00:00+07:00,409.59771728515625,401919442,0.0,0.0,2367.121826171875
2009-11-06 00:00:00+07:00,423.81982421875,432312967,0.0,0.0,2395.0126953125
2009-11-09 00:00:00+07:00,423.81982421875,185259699,0.0,0.0,2406.340576171875
2009-11-10 00:00:00+07:00,418.1309814453125,256359427,0.0,0.0,2381.8623046875
2009-11-11 00:00:00+07:00,418.1309814453125,301784712,0.0,0.0,2403.785400390625
2009-11-12 00:00:00+07:00,415.2865295410156,390836750,0.0,0.0,2420.186767578125
2009-11-13 00:00:00+07:00,423.81982421875,310810368,0.0,0.0,2426.70654296875
2009-11-16 00:00:00+07:00,426.664306640625,170997953,0.0,0.0,2468.5791015625
2009-11-17 00:00:00+07:00,438.04205322265625,424128825,0.0,0.0,2473.692626953125
2009-11-18 00:00:00+07:00,435.1975402832031,212540171,0.0,0.0,2484.13232421875
2009-11-19 00:00:00+07:00,435.1975402832031,233556034,0.0,0.0,2468.692138671875
2009-11-20 00:00:00+07:00,438.04205322265625,166735379,0.0,0.0,2487.268310546875
2009-11-23 00:00:00+07:00,435.1975402832031,65649133,0.0,0.0,2481.3193359375
2009-11-24 00:00:00+07:00,432.35302734375,186948229,0.0,0.0,2471.78759765625
2009-11-25 00:00:00+07:00,435.1975402832031,99744222,0.0,0.0,2461.432373046875
2009-11-26 00:00:00+07:00,435.1975402832031,251007835,0.0,0.0,2393.42578125
2009-11-30 00:00:00+07:00,420.9754333496094,158083730,0.0,0.0,2415.742919921875
2009-12-01 00:00:00+07:00,435.04205322265625,115067487,4.15811,0.0,2452.4052734375
2009-12-02 00:00:00+07:00,449.35272216796875,441894132,0.0,0.0,2471.467529296875
2009-12-03 00:00:00+07:00,460.8012390136719,354442622,0.0,0.0,2499.939697265625
2009-12-04 00:00:00+07:00,452.21484375,146275026,0.0,0.0,2511.447021484375
2009-12-07 00:00:00+07:00,449.35272216796875,215818227,0.0,0.0,2483.661376953125
2009-12-08 00:00:00+07:00,452.21484375,97021675,0.0,0.0,2483.79541015625
2009-12-09 00:00:00+07:00,446.4906921386719,119308060,0.0,0.0,2481.200439453125
2009-12-10 00:00:00+07:00,443.62847900390625,69097693,0.0,0.0,2486.34033203125
2009-12-11 00:00:00+07:00,449.35272216796875,63174091,0.0,0.0,2519.001220703125
2009-12-14 00:00:00+07:00,446.4906921386719,53075916,0.0,0.0,2506.28857421875
2009-12-15 00:00:00+07:00,435.04205322265625,112762947,0.0,0.0,2494.639892578125
2009-12-16 00:00:00+07:00,437.904296875,87990519,0.0,0.0,2522.447021484375
2009-12-17 00:00:00+07:00,432.1800231933594,99887225,0.0,0.0,2509.47802734375
2009-12-21 00:00:00+07:00,423.59368896484375,218606775,0.0,0.0,2431.29443359375
2009-12-22 00:00:00+07:00,429.3180236816406,71413233,0.0,0.0,2467.541015625
2009-12-23 00:00:00+07:00,429.3180236816406,66699652,0.0,0.0,2474.78662109375
2009-12-28 00:00:00+07:00,440.76641845703125,87468010,0.0,0.0,2509.593994140625
2009-12-29 00:00:00+07:00,435.04205322265625,34238091,0.0,0.0,2518.89599609375
2009-12-30 00:00:00+07:00,437.904296875,56810481,0.0,0.0,2534.25732421875
2010-01-04 00:00:00+07:00,446.4906921386719,125094160,0.0,0.0,2575.31298828125
2010-01-05 00:00:00+07:00,449.35272216796875,163644326,0.0,0.0,2605.175537109375
2010-01-06 00:00:00+07:00,443.62847900390625,104842810,0.0,0.0,2603.195556640625
2010-01-07 00:00:00+07:00,437.904296875,101933260,0.0,0.0,2586.794189453125
2010-01-08 00:00:00+07:00,440.76641845703125,87237006,0.0,0.0,2614.268310546875
2010-01-11 00:00:00+07:00,440.76641845703125,117284025,0.0,0.0,2632.1015625
2010-01-12 00:00:00+07:00,449.35272216796875,289673503,0.0,0.0,2659.447265625
2010-01-13 00:00:00+07:00,449.35272216796875,110617910,0.0,0.0,2632.76953125
2010-01-14 00:00:00+07:00,449.35272216796875,65357628,0.0,0.0,2645.077880859375
2010-01-15 00:00:00+07:00,446.4906921386719,72100745,0.0,0.0,2646.987060546875
2010-01-18 00:00:00+07:00,452.21484375,168390908,0.0,0.0,2642.445068359375
2010-01-19 00:00:00+07:00,469.38751220703125,326282135,0.0,0.0,2665.96728515625
2010-01-20 00:00:00+07:00,463.6632385253906,252784366,0.0,0.0,2667.162353515625
2010-01-21 00:00:00+07:00,452.21484375,145813018,0.0,0.0,2638.279541015625
2010-01-22 00:00:00+07:00,452.21484375,136561858,0.0,0.0,2610.238525390625
2010-01-25 00:00:00+07:00,446.4906921386719,146935037,0.0,0.0,2597.759033203125
2010-01-26 00:00:00+07:00,435.04205322265625,203740019,0.0,0.0,2578.314697265625
2010-01-27 00:00:00+07:00,432.1800231933594,117894536,0.0,0.0,2564.454345703125
2010-01-28 00:00:00+07:00,437.904296875,105222317,0.0,0.0,2619.463134765625
2010-01-29 00:00:00+07:00,437.904296875,202706001,0.0,0.0,2610.6943359375
2010-02-01 00:00:00+07:00,432.1800231933594,171828467,0.0,0.0,2587.4482421875
2010-02-02 00:00:00+07:00,432.1800231933594,144861502,0.0,0.0,2580.150634765625
2010-02-03 00:00:00+07:00,432.1800231933594,125094160,0.0,0.0,2604.447509765625
2010-02-04 00:00:00+07:00,423.59368896484375,198608430,0.0,0.0,2593.119140625
2010-02-05 00:00:00+07:00,415.0072326660156,222874849,0.0,0.0,2518.878173828125
2010-02-08 00:00:00+07:00,406.4209899902344,494029533,0.0,0.0,2475.4755859375
2010-02-09 00:00:00+07:00,415.0072326660156,225283891,0.0,0.0,2489.388427734375
2010-02-10 00:00:00+07:00,409.2830810546875,226466411,0.0,0.0,2483.34130859375
2010-02-11 00:00:00+07:00,417.8694152832031,160047264,0.0,0.0,2507.653564453125
2010-02-12 00:00:00+07:00,432.1800231933594,201864486,0.0,0.0,2534.038330078125
2010-02-15 00:00:00+07:00,435.04205322265625,135395838,0.0,0.0,2517.358154296875
2010-02-16 00:00:00+07:00,437.904296875,58999519,0.0,0.0,2558.4052734375
2010-02-17 00:00:00+07:00,437.904296875,64510614,0.0,0.0,2581.23974609375
2010-02-18 00:00:00+07:00,432.1800231933594,72375750,0.0,0.0,2559.934326171875
2010-02-19 00:00:00+07:00,432.1800231933594,60754049,0.0,0.0,2554.2763671875
2010-02-22 00:00:00+07:00,429.3180236816406,104529305,0.0,0.0,2564.163330078125
2010-02-23 00:00:00+07:00,426.45574951171875,241124164,0.0,0.0,2583.550048828125
2010-02-24 00:00:00+07:00,420.7315673828125,244660725,0.0,0.0,2579.315673828125
2010-02-25 00:00:00+07:00,409.2830810546875,244869729,0.0,0.0,2548.933837890625
2010-03-01 00:00:00+07:00,412.1451721191406,252883367,0.0,0.0,2554.574462890625
2010-03-02 00:00:00+07:00,417.8694152832031,372532434,0.0,0.0,2576.49072265625
2010-03-03 00:00:00+07:00,423.59368896484375,129257732,0.0,0.0,2566.9892578125
2010-03-04 00:00:00+07:00,415.0072326660156,561317695,0.0,0.0,2565.545166015625
2010-03-05 00:00:00+07:00,415.0072326660156,104848310,0.0,0.0,2578.671630859375
2010-03-08 00:00:00+07:00,426.45574951171875,289552501,0.0,0.0,2626.3486328125
2010-03-09 00:00:00+07:00,426.45574951171875,109143885,0.0,0.0,2657.0634765625
2010-03-10 00:00:00+07:00,429.3180236816406,101597754,0.0,0.0,2670.114990234375
2010-03-11 00:00:00+07:00,429.3180236816406,179611102,0.0,0.0,2676.41796875
2010-03-12 00:00:00+07:00,429.3180236816406,122756620,0.0,0.0,2666.4072265625
2010-03-15 00:00:00+07:00,426.45574951171875,100855242,0.0,0.0,2669.504150390625
2010-03-17 00:00:00+07:00,449.35272216796875,762071162,0.0,0.0,2756.15478515625
2010-03-18 00:00:00+07:00,449.35272216796875,256601432,0.0,0.0,2737.13525390625
2010-03-19 00:00:00+07:00,457.9391784667969,421400778,0.0,0.0,2742.8671875
2010-03-22 00:00:00+07:00,446.4906921386719,165657361,0.0,0.0,2702.295654296875
2010-03-23 00:00:00+07:00,457.9391784667969,385149652,0.0,0.0,2720.756103515625
2010-03-24 00:00:00+07:00,472.2497253417969,412919632,0.0,0.0,2774.741943359375
2010-03-25 00:00:00+07:00,477.973876953125,214184699,0.0,0.0,2799.0400390625
2010-03-26 00:00:00+07:00,480.8360595703125,193526342,0.0,0.0,2812.97265625
2010-03-29 00:00:00+07:00,475.11181640625,78057348,0.0,0.0,2794.662109375
2010-03-30 00:00:00+07:00,472.2497253417969,151142610,0.0,0.0,2798.1591796875
2010-03-31 00:00:00+07:00,472.2497253417969,102917777,0.0,0.0,2777.19287109375
2010-04-01 00:00:00+07:00,498.00872802734375,361037235,0.0,0.0,2829.885986328125
2010-04-05 00:00:00+07:00,512.3194580078125,251524844,0.0,0.0,2887.1337890625
2010-04-06 00:00:00+07:00,500.87078857421875,110573909,0.0,0.0,2880.85693359375
2010-04-07 00:00:00+07:00,498.00872802734375,269427653,0.0,0.0,2898.46923828125
2010-04-08 00:00:00+07:00,475.11181640625,290592019,0.0,0.0,2850.722900390625
2010-04-09 00:00:00+07:00,466.52545166015625,239061629,0.0,0.0,2844.900390625
2010-04-12 00:00:00+07:00,495.14666748046875,236229080,0.0,0.0,2881.220947265625
2010-04-13 00:00:00+07:00,498.00872802734375,81104400,0.0,0.0,2884.587646484375
2010-04-14 00:00:00+07:00,486.560302734375,206061059,0.0,0.0,2884.902587890625
2010-04-15 00:00:00+07:00,469.38751220703125,348392517,0.0,0.0,2900.417236328125
2010-04-16 00:00:00+07:00,466.52545166015625,316607468,0.0,0.0,2878.558837890625
2010-04-19 00:00:00+07:00,463.6632385253906,149058074,0.0,0.0,2840.314697265625
2010-04-20 00:00:00+07:00,477.973876953125,247240270,0.0,0.0,2891.157470703125
2010-04-21 00:00:00+07:00,483.6981201171875,332084735,0.0,0.0,2912.712646484375
2010-04-22 00:00:00+07:00,500.87078857421875,371800921,0.0,0.0,2926.41796875
2010-04-23 00:00:00+07:00,500.87078857421875,142479960,0.0,0.0,2924.616943359375
2010-04-26 00:00:00+07:00,509.4573059082031,131259767,0.0,0.0,2944.594482421875
2010-04-27 00:00:00+07:00,506.59515380859375,95272645,0.0,0.0,2939.184814453125
2010-04-28 00:00:00+07:00,495.14666748046875,190853296,0.0,0.0,2903.2060546875
2010-04-29 00:00:00+07:00,495.14666748046875,109143885,0.0,0.0,2926.74609375
2010-04-30 00:00:00+07:00,512.3194580078125,241168165,0.0,0.0,2971.136474609375
2010-05-03 00:00:00+07:00,509.4573059082031,205615551,0.0,0.0,2960.77978515625
2010-05-04 00:00:00+07:00,518.0435791015625,251079336,0.0,0.0,2958.89990234375
2010-05-05 00:00:00+07:00,489.4224853515625,314176426,0.0,0.0,2846.128173828125
2010-05-06 00:00:00+07:00,483.6981201171875,534779736,0.0,0.0,2810.506591796875
2010-05-07 00:00:00+07:00,475.11181640625,441696129,0.0,0.0,2739.226318359375
2010-05-10 00:00:00+07:00,492.2845764160156,237202597,0.0,0.0,2850.31591796875
2010-05-11 00:00:00+07:00,480.8360595703125,275604260,0.0,0.0,2812.78173828125
2010-05-12 00:00:00+07:00,477.973876953125,89662548,0.0,0.0,2847.510986328125
2010-05-14 00:00:00+07:00,483.6981201171875,137210869,0.0,0.0,2858.27392578125
2010-05-17 00:00:00+07:00,477.973876953125,143326975,0.0,0.0,2819.360107421875
2010-05-18 00:00:00+07:00,486.560302734375,93606116,0.0,0.0,2834.07568359375
2010-05-19 00:00:00+07:00,463.6632385253906,193157836,0.0,0.0,2729.377685546875
2010-05-20 00:00:00+07:00,466.52545166015625,173825002,0.0,0.0,2694.144287109375
2010-05-21 00:00:00+07:00,449.35272216796875,408156549,0.0,0.0,2623.118896484375
2010-05-24 00:00:00+07:00,455.0770568847656,114187472,0.0,0.0,2609.508544921875
2010-05-25 00:00:00+07:00,440.76641845703125,224370875,0.0,0.0,2514.02099609375
2010-05-26 00:00:00+07:00,463.6632385253906,226840418,0.0,0.0,2696.675048828125
2010-05-27 00:00:00+07:00,477.973876953125,218144767,0.0,0.0,2713.8173828125
2010-05-31 00:00:00+07:00,492.2845764160156,201154974,0.0,0.0,2796.84814453125
2010-06-01 00:00:00+07:00,477.973876953125,89541546,0.0,0.0,2724.509033203125
2010-06-02 00:00:00+07:00,480.8360595703125,110177903,0.0,0.0,2733.57177734375
2010-06-03 00:00:00+07:00,506.59515380859375,267337617,0.0,0.0,2810.86767578125
2010-06-04 00:00:00+07:00,500.87078857421875,59395525,0.0,0.0,2823.14111328125
2010-06-07 00:00:00+07:00,489.4224853515625,100635238,0.0,0.0,2750.1259765625
2010-06-08 00:00:00+07:00,500.87078857421875,42020725,0.0,0.0,2779.874755859375
2010-06-09 00:00:00+07:00,506.59515380859375,108885380,0.0,0.0,2785.684814453125
2010-06-10 00:00:00+07:00,495.14666748046875,38880171,0.0,0.0,2770.679443359375
2010-06-11 00:00:00+07:00,498.00872802734375,71655237,0.0,0.0,2801.789794921875
2010-06-14 00:00:00+07:00,500.87078857421875,46156797,0.0,0.0,2826.72705078125
2010-06-15 00:00:00+07:00,500.87078857421875,214762209,0.0,0.0,2830.06298828125
2010-06-16 00:00:00+07:00,506.59515380859375,115479994,0.0,0.0,2858.5478515625
2010-06-17 00:00:00+07:00,509.4573059082031,214476204,0.0,0.0,2890.9853515625
2010-06-18 00:00:00+07:00,520.9057006835938,147144041,0.0,0.0,2929.47509765625
2010-06-21 00:00:00+07:00,523.7678833007812,171410460,0.0,0.0,2941.78857421875
2010-06-22 00:00:00+07:00,523.7678833007812,253977886,0.0,0.0,2934.474853515625
2010-06-23 00:00:00+07:00,523.7678833007812,69856706,0.0,0.0,2924.676025390625
2010-06-24 00:00:00+07:00,526.6298828125,116002503,0.0,0.0,2913.981689453125
2010-06-25 00:00:00+07:00,540.9404907226562,195302873,0.0,0.0,2946.908203125
2010-06-28 00:00:00+07:00,543.8025512695312,72766256,0.0,0.0,2955.616943359375
2010-06-29 00:00:00+07:00,531.1525268554688,205252545,12.007065,0.0,2893.258544921875
2010-06-30 00:00:00+07:00,539.8599243164062,92319094,0.0,0.0,2913.57080078125
2010-07-01 00:00:00+07:00,528.25,181712138,0.0,0.0,2874.13623046875
2010-07-02 00:00:00+07:00,536.9573974609375,102615272,0.0,0.0,2871.442138671875
2010-07-05 00:00:00+07:00,531.1525268554688,70907224,0.0,0.0,2877.19189453125
2010-07-06 00:00:00+07:00,531.1525268554688,136484857,0.0,0.0,2910.53466796875
2010-07-07 00:00:00+07:00,531.1525268554688,40612701,0.0,0.0,2901.93115234375
2010-07-08 00:00:00+07:00,522.445068359375,101801258,0.0,0.0,2915.794677734375
2010-07-09 00:00:00+07:00,539.8599243164062,129010228,0.0,0.0,2943.781494140625
2010-07-12 00:00:00+07:00,545.664794921875,92110090,0.0,0.0,2958.676025390625
2010-07-13 00:00:00+07:00,568.8846435546875,228264942,0.0,0.0,2961.396728515625
2010-07-14 00:00:00+07:00,560.17724609375,313015906,0.0,0.0,2980.94287109375
2010-07-15 00:00:00+07:00,568.8846435546875,79635875,0.0,0.0,2980.480712890625
2010-07-16 00:00:00+07:00,571.7871704101562,54324438,0.0,0.0,2992.33349609375
2010-07-19 00:00:00+07:00,565.982177734375,88881535,0.0,0.0,2975.456298828125
2010-07-20 00:00:00+07:00,565.982177734375,48367835,0.0,0.0,2995.324462890625
2010-07-21 00:00:00+07:00,577.5921020507812,91004571,0.0,0.0,3013.28369140625
2010-07-22 00:00:00+07:00,571.7871704101562,119495063,0.0,0.0,3009.805908203125
2010-07-23 00:00:00+07:00,577.5921020507812,80158384,0.0,0.0,3041.901611328125
2010-07-26 00:00:00+07:00,577.5921020507812,62481079,0.0,0.0,3023.581298828125
2010-07-27 00:00:00+07:00,580.4944458007812,124615652,0.0,0.0,3041.5595703125
2010-07-28 00:00:00+07:00,574.689697265625,145472012,0.0,0.0,3057.35595703125
2010-07-29 00:00:00+07:00,583.3970947265625,78568857,0.0,0.0,3096.6953125
2010-07-30 00:00:00+07:00,574.689697265625,107064849,0.0,0.0,3069.16064453125
2010-08-02 00:00:00+07:00,548.5673217773438,315287445,0.0,0.0,3058.85986328125
2010-08-03 00:00:00+07:00,525.3475341796875,438484073,0.0,0.0,2973.540283203125
2010-08-04 00:00:00+07:00,534.0549926757812,339982872,0.0,0.0,2983.130859375
2010-08-05 00:00:00+07:00,548.5673217773438,280955852,0.0,0.0,3044.822509765625
2010-08-06 00:00:00+07:00,545.664794921875,133360803,0.0,0.0,3060.473876953125
2010-08-09 00:00:00+07:00,554.3723754882812,133954813,0.0,0.0,3082.477783203125
2010-08-10 00:00:00+07:00,554.3723754882812,93485114,0.0,0.0,3057.041748046875
2010-08-11 00:00:00+07:00,545.664794921875,63658099,0.0,0.0,3035.199951171875
2010-08-12 00:00:00+07:00,539.8599243164062,171140956,0.0,0.0,3025.5263671875
2010-08-13 00:00:00+07:00,542.7623901367188,99298715,0.0,0.0,3052.89111328125
2010-08-16 00:00:00+07:00,534.0549926757812,150070092,0.0,0.0,3052.480224609375
2010-08-18 00:00:00+07:00,536.9573974609375,120138575,0.0,0.0,3071.96728515625
2010-08-19 00:00:00+07:00,563.0797119140625,254456395,0.0,0.0,3105.229248046875
2010-08-20 00:00:00+07:00,557.2747802734375,49181849,0.0,0.0,3117.5986328125
2010-08-23 00:00:00+07:00,554.3723754882812,21153365,0.0,0.0,3128.612060546875
2010-08-24 00:00:00+07:00,568.8846435546875,208486601,0.0,0.0,3114.817626953125
2010-08-25 00:00:00+07:00,568.8846435546875,79415871,0.0,0.0,3138.78759765625
2010-08-26 00:00:00+07:00,563.0797119140625,106052831,0.0,0.0,3145.0126953125
2010-08-27 00:00:00+07:00,548.5673217773438,182328149,0.0,0.0,3104.6123046875
2010-08-30 00:00:00+07:00,548.5673217773438,131155265,0.0,0.0,3099.4443359375
2010-08-31 00:00:00+07:00,539.8599243164062,119605065,0.0,0.0,3081.763916015625
2010-09-01 00:00:00+07:00,557.2747802734375,165409857,0.0,0.0,3135.19384765625
2010-09-02 00:00:00+07:00,551.4697875976562,160058264,0.0,0.0,3122.027587890625
2010-09-03 00:00:00+07:00,551.4697875976562,117311526,0.0,0.0,3164.154052734375
2010-09-06 00:00:00+07:00,554.3723754882812,181140128,0.0,0.0,3217.022705078125
2010-09-07 00:00:00+07:00,554.3723754882812,83606944,0.0,0.0,3230.76220703125
2010-09-15 00:00:00+07:00,586.299560546875,514814392,0.0,0.0,3356.9013671875
2010-09-16 00:00:00+07:00,621.129150390625,199620447,0.0,0.0,3341.502197265625
2010-09-17 00:00:00+07:00,603.71435546875,135159334,0.0,0.0,3384.521484375
2010-09-20 00:00:00+07:00,592.1044921875,81197902,0.0,0.0,3370.850830078125
2010-09-21 00:00:00+07:00,577.5921020507812,319016510,0.0,0.0,3364.90625
2010-09-22 00:00:00+07:00,577.5921020507812,177977574,0.0,0.0,3343.212646484375
2010-09-23 00:00:00+07:00,577.5921020507812,120732585,0.0,0.0,3337.067138671875
2010-09-24 00:00:00+07:00,580.4944458007812,227120922,0.0,0.0,3397.49365234375
2010-09-27 00:00:00+07:00,589.2019653320312,241646673,0.0,0.0,3467.90087890625
2010-09-28 00:00:00+07:00,580.4944458007812,222077335,0.0,0.0,3472.572021484375
2010-09-29 00:00:00+07:00,580.4944458007812,199950453,0.0,0.0,3495.328125
2010-09-30 00:00:00+07:00,580.4944458007812,208844107,0.0,0.0,3501.159912109375
2010-10-01 00:00:00+07:00,583.3970947265625,175469530,0.0,0.0,3546.97705078125
2010-10-04 00:00:00+07:00,600.8118286132812,384330138,0.0,0.0,3569.359130859375
2010-10-05 00:00:00+07:00,615.3242797851562,198657931,0.0,0.0,3591.55517578125
2010-10-06 00:00:00+07:00,615.3242797851562,135654343,0.0,0.0,3603.263916015625
2010-10-07 00:00:00+07:00,621.129150390625,101586754,0.0,0.0,3586.04638671875
2010-10-08 00:00:00+07:00,609.5193481445312,75956311,0.0,0.0,3546.816162109375
2010-10-11 00:00:00+07:00,626.9340209960938,129120230,0.0,0.0,3548.60791015625
2010-10-12 00:00:00+07:00,626.9340209960938,101817758,0.0,0.0,3547.110107421875
2010-10-13 00:00:00+07:00,638.5440063476562,167109386,0.0,0.0,3611.83837890625
2010-10-14 00:00:00+07:00,624.0316162109375,99848724,0.0,0.0,3618.337158203125
2010-10-15 00:00:00+07:00,609.5193481445312,101883759,0.0,0.0,3596.89111328125
2010-10-18 00:00:00+07:00,606.6167602539062,54577442,0.0,0.0,3566.779052734375
2010-10-19 00:00:00+07:00,615.3242797851562,75829809,0.0,0.0,3592.648193359375
2010-10-20 00:00:00+07:00,603.71435546875,134383821,0.0,0.0,3578.81494140625
2010-10-21 00:00:00+07:00,621.129150390625,123147127,0.0,0.0,3587.870361328125
2010-10-22 00:00:00+07:00,629.8366088867188,69675203,0.0,0.0,3597.605224609375
2010-10-25 00:00:00+07:00,684.983642578125,193520842,0.0,0.0,3643.34912109375
2010-10-26 00:00:00+07:00,667.5689086914062,158166231,0.0,0.0,3653.9599609375
2010-10-27 00:00:00+07:00,664.6663818359375,74014778,0.0,0.0,3624.325927734375
2010-10-28 00:00:00+07:00,655.9588623046875,79355370,0.0,0.0,3638.68408203125
2010-10-29 00:00:00+07:00,661.7637939453125,106663342,0.0,0.0,3635.182373046875
2010-11-01 00:00:00+07:00,702.3983154296875,229716967,0.0,0.0,3645.005126953125
2010-11-02 00:00:00+07:00,702.3983154296875,108885380,0.0,0.0,3625.346923828125
2010-11-03 00:00:00+07:00,708.203369140625,96306663,0.0,0.0,3605.532958984375
2010-11-04 00:00:00+07:00,693.6909790039062,128746223,0.0,0.0,3628.90478515625
2010-11-05 00:00:00+07:00,702.3983154296875,58796015,0.0,0.0,3655.16259765625
2010-11-08 00:00:00+07:00,699.4960327148438,84910466,0.0,0.0,3699.118896484375
2010-11-09 00:00:00+07:00,722.715576171875,137700378,0.0,0.0,3737.338623046875
2010-11-10 00:00:00+07:00,725.6180419921875,77226833,0.0,0.0,3756.82080078125
2010-11-11 00:00:00+07:00,725.6180419921875,76984829,0.0,0.0,3744.47216796875
2010-11-12 00:00:00+07:00,696.5934448242188,141297440,0.0,0.0,3665.703125
2010-11-15 00:00:00+07:00,682.0811767578125,87710014,0.0,0.0,3656.319580078125
2010-11-16 00:00:00+07:00,687.8860473632812,104166299,0.0,0.0,3673.884033203125
2010-11-18 00:00:00+07:00,702.3983154296875,112234938,0.0,0.0,3677.760986328125
2010-11-19 00:00:00+07:00,690.7885131835938,136996366,0.0,0.0,3724.903076171875
2010-11-22 00:00:00+07:00,687.8860473632812,90240058,0.0,0.0,3741.083251953125
2010-11-23 00:00:00+07:00,673.3736572265625,136127351,0.0,0.0,3678.051025390625
2010-11-24 00:00:00+07:00,655.9588623046875,242515688,0.0,0.0,3658.634765625
2010-11-25 00:00:00+07:00,664.6663818359375,137045867,0.0,0.0,3701.868896484375
2010-11-26 00:00:00+07:00,644.3489990234375,242389186,0.0,0.0,3642.358154296875
2010-11-29 00:00:00+07:00,632.739013671875,113565961,0.0,0.0,3630.494873046875
2010-11-30 00:00:00+07:00,609.5193481445312,304463258,0.0,0.0,3531.073486328125
2010-12-01 00:00:00+07:00,629.8366088867188,333289256,0.0,0.0,3618.953125
2010-12-02 00:00:00+07:00,650.1539916992188,131947279,0.0,0.0,3694.43603515625
2010-12-03 00:00:00+07:00,661.7637939453125,142925468,0.0,0.0,3696.115966796875
2010-12-06 00:00:00+07:00,667.5689086914062,69455199,0.0,0.0,3722.2021484375
2010-12-08 00:00:00+07:00,667.5689086914062,165657361,0.0,0.0,3769.845947265625
2010-12-09 00:00:00+07:00,650.1539916992188,188196750,0.0,0.0,3785.949462890625
2010-12-10 00:00:00+07:00,638.5440063476562,171971470,0.0,0.0,3747.568359375
2010-12-13 00:00:00+07:00,629.8366088867188,163319820,0.0,0.0,3692.088134765625
2010-12-14 00:00:00+07:00,621.129150390625,234573551,0.0,0.0,3689.5224609375
2010-12-15 00:00:00+07:00,624.0316162109375,173869003,0.0,0.0,3658.171630859375
2010-12-16 00:00:00+07:00,600.8118286132812,454203345,0.0,0.0,3571.59912109375
2010-12-17 00:00:00+07:00,595.0069580078125,475345710,0.0,0.0,3581.42529296875
2010-12-20 00:00:00+07:00,583.1073608398438,340136874,4.175382,0.0,3568.671142578125
2010-12-21 00:00:00+07:00,600.6007690429688,331721729,0.0,0.0,3637.30419921875
2010-12-22 00:00:00+07:00,600.6007690429688,159711758,0.0,0.0,3620.54296875
2010-12-23 00:00:00+07:00,600.6007690429688,160542272,0.0,0.0,3611.390380859375
2010-12-27 00:00:00+07:00,594.7696533203125,50507372,0.0,0.0,3625.125
2010-12-28 00:00:00+07:00,618.0938720703125,92819603,0.0,0.0,3659.8505859375
2010-12-29 00:00:00+07:00,618.0938720703125,113373458,0.0,0.0,3699.072998046875
2010-12-30 00:00:00+07:00,612.2628173828125,126425183,0.0,0.0,3703.367919921875
2011-01-03 00:00:00+07:00,603.5161743164062,139322906,0.0,0.0,3727.3720703125
2011-01-04 00:00:00+07:00,600.6007690429688,306338791,0.0,0.0,3759.914794921875
2011-01-05 00:00:00+07:00,618.0938720703125,261793521,0.0,0.0,3783.561767578125
2011-01-06 00:00:00+07:00,603.5161743164062,238203614,0.0,0.0,3736.11181640625
2011-01-07 00:00:00+07:00,571.4452514648438,665038486,0.0,0.0,3631.311767578125
2011-01-10 00:00:00+07:00,542.2898559570312,999856769,0.0,0.0,3478.41357421875
2011-01-11 00:00:00+07:00,559.7831420898438,514360634,0.0,2.0,3454.992431640625
2011-01-12 00:00:00+07:00,583.1073608398438,292299798,0.0,0.0,3554.627685546875
2011-01-13 00:00:00+07:00,594.7696533203125,342897922,0.0,0.0,3564.798095703125
2011-01-14 00:00:00+07:00,600.6007690429688,209924875,0.0,0.0,3569.005126953125
2011-01-17 00:00:00+07:00,588.9385375976562,251563345,0.0,0.0,3535.59326171875
2011-01-18 00:00:00+07:00,583.1073608398438,138959900,0.0,0.0,3548.5107421875
2011-01-19 00:00:00+07:00,559.7831420898438,311968138,0.0,0.0,3534.146240234375
2011-01-20 00:00:00+07:00,556.8676147460938,141635696,0.0,0.0,3453.9833984375
2011-01-21 00:00:00+07:00,548.1210327148438,366787585,0.0,0.0,3379.411376953125
2011-01-24 00:00:00+07:00,568.52978515625,245716744,0.0,0.0,3345.9306640625
2011-01-25 00:00:00+07:00,600.6007690429688,457877408,0.0,0.0,3433.772216796875
2011-01-26 00:00:00+07:00,618.0938720703125,322478819,0.0,0.0,3501.580810546875
2011-01-27 00:00:00+07:00,612.2628173828125,316794471,0.0,0.0,3514.4873046875
2011-01-28 00:00:00+07:00,594.7696533203125,177213060,0.0,0.0,3487.474365234375
2011-01-31 00:00:00+07:00,565.6141967773438,417817466,0.0,0.0,3409.034423828125
2011-02-01 00:00:00+07:00,571.4452514648438,303935249,0.0,0.0,3442.3671875
2011-02-02 00:00:00+07:00,574.3609008789062,216511239,0.0,0.0,3480.6904296875
2011-02-04 00:00:00+07:00,571.4452514648438,114055470,0.0,0.0,3496.032958984375
2011-02-07 00:00:00+07:00,568.52978515625,169015169,0.0,0.0,3487.5712890625
2011-02-08 00:00:00+07:00,562.6986694335938,209465617,0.0,0.0,3459.79833984375
2011-02-09 00:00:00+07:00,539.3743286132812,484192613,0.0,0.0,3417.337890625
2011-02-10 00:00:00+07:00,530.6277465820312,349159780,0.0,0.0,3373.512451171875
2011-02-11 00:00:00+07:00,536.4588623046875,209119111,0.0,0.0,3391.634033203125
2011-02-14 00:00:00+07:00,542.2898559570312,156571204,0.0,0.0,3416.634033203125
2011-02-16 00:00:00+07:00,553.9520874023438,244215218,0.0,0.0,3416.65185546875
2011-02-17 00:00:00+07:00,559.7831420898438,144523246,0.0,0.0,3434.24609375
2011-02-18 00:00:00+07:00,568.52978515625,318502251,0.0,0.0,3501.36083984375
2011-02-21 00:00:00+07:00,571.4452514648438,154005410,0.0,0.0,3497.507080078125
2011-02-22 00:00:00+07:00,553.9520874023438,212141414,0.0,0.0,3450.965576171875
2011-02-23 00:00:00+07:00,559.7831420898438,170208689,0.0,0.0,3473.988037109375
2011-02-24 00:00:00+07:00,542.2898559570312,163077816,0.0,0.0,3438.998291015625
2011-02-25 00:00:00+07:00,551.0364990234375,73858025,0.0,0.0,3443.396240234375
2011-02-28 00:00:00+07:00,548.1210327148438,173858002,0.0,0.0,3470.212890625
2011-03-01 00:00:00+07:00,571.4452514648438,255138406,0.0,0.0,3512.480224609375
2011-03-02 00:00:00+07:00,571.4452514648438,165140352,0.0,0.0,3486.061279296875
2011-03-03 00:00:00+07:00,574.3609008789062,248326539,0.0,0.0,3494.403076171875
2011-03-04 00:00:00+07:00,612.2628173828125,567648304,0.0,0.0,3542.76513671875
2011-03-07 00:00:00+07:00,618.0938720703125,312512647,0.0,0.0,3561.578369140625
2011-03-08 00:00:00+07:00,600.6007690429688,115931002,0.0,0.0,3580.174560546875
2011-03-09 00:00:00+07:00,600.6007690429688,154657171,0.0,0.0,3598.534912109375
2011-03-10 00:00:00+07:00,600.6007690429688,48101080,0.0,0.0,3587.50830078125
2011-03-11 00:00:00+07:00,600.6007690429688,146360277,0.0,0.0,3542.090087890625
2011-03-14 00:00:00+07:00,612.2628173828125,145092506,0.0,0.0,3569.7001953125
2011-03-15 00:00:00+07:00,594.7696533203125,138723396,0.0,0.0,3524.345703125
2011-03-16 00:00:00+07:00,594.7696533203125,184514437,0.0,0.0,3531.339599609375
2011-03-17 00:00:00+07:00,588.9385375976562,118604048,0.0,0.0,3484.074462890625
2011-03-18 00:00:00+07:00,583.1073608398438,98487451,0.0,0.0,3493.93408203125
2011-03-21 00:00:00+07:00,594.7696533203125,78244351,0.0,0.0,3518.708984375
2011-03-22 00:00:00+07:00,606.4317016601562,168682413,0.0,0.0,3517.584228515625
2011-03-23 00:00:00+07:00,612.2628173828125,152206878,0.0,0.0,3556.092529296875
2011-03-24 00:00:00+07:00,618.0938720703125,231078241,0.0,0.0,3611.50048828125
2011-03-25 00:00:00+07:00,623.9249877929688,219596792,0.0,0.0,3606.97265625
2011-03-28 00:00:00+07:00,623.9249877929688,93771119,0.0,0.0,3602.71875
2011-03-29 00:00:00+07:00,623.9249877929688,124519400,0.0,0.0,3591.375
2011-03-30 00:00:00+07:00,629.7559814453125,109358388,0.0,0.0,3640.836181640625
2011-03-31 00:00:00+07:00,670.5736083984375,522459524,0.0,0.0,3678.531005859375
2011-04-01 00:00:00+07:00,682.2357788085938,237873608,0.0,0.0,3707.343017578125
2011-04-04 00:00:00+07:00,676.404541015625,224527628,0.0,0.0,3699.903076171875
2011-04-05 00:00:00+07:00,670.5736083984375,135725844,0.0,0.0,3685.792724609375
2011-04-06 00:00:00+07:00,693.8978881835938,318802006,0.0,0.0,3727.653076171875
2011-04-07 00:00:00+07:00,723.0531616210938,325734876,0.0,0.0,3730.437744140625
2011-04-08 00:00:00+07:00,734.7155151367188,249264305,0.0,0.0,3741.665283203125
2011-04-11 00:00:00+07:00,717.2221069335938,165283354,0.0,0.0,3745.692138671875
2011-04-12 00:00:00+07:00,717.2221069335938,136242853,0.0,0.0,3719.088134765625
2011-04-13 00:00:00+07:00,723.0531616210938,173299743,0.0,0.0,3734.267822265625
2011-04-14 00:00:00+07:00,711.39111328125,159524755,0.0,0.0,3707.8349609375
2011-04-15 00:00:00+07:00,717.2221069335938,83389690,0.0,0.0,3730.36669921875
2011-04-18 00:00:00+07:00,728.8841552734375,129535487,0.0,0.0,3726.927978515625
2011-04-19 00:00:00+07:00,728.8841552734375,186684224,0.0,0.0,3732.504638671875
2011-04-20 00:00:00+07:00,769.7017822265625,358399940,0.0,0.0,3794.6142578125
2011-04-21 00:00:00+07:00,758.0396728515625,271206934,0.0,0.0,3800.93310546875
2011-04-25 00:00:00+07:00,758.0396728515625,84786714,0.0,0.0,3788.392578125
2011-04-26 00:00:00+07:00,752.2086181640625,108956881,0.0,0.0,3774.72412109375
2011-04-27 00:00:00+07:00,763.8707275390625,142620213,0.0,0.0,3804.78271484375
2011-04-28 00:00:00+07:00,763.8707275390625,129444735,0.0,0.0,3808.78076171875
2011-04-29 00:00:00+07:00,752.2086181640625,206173811,0.0,0.0,3819.46923828125
2011-05-02 00:00:00+07:00,763.8707275390625,197453410,0.0,0.0,3849.150146484375
2011-05-03 00:00:00+07:00,752.2086181640625,95943657,0.0,0.0,3813.719482421875
2011-05-04 00:00:00+07:00,746.37744140625,185314700,0.0,0.0,3814.779541015625
2011-05-05 00:00:00+07:00,734.7155151367188,111167920,0.0,0.0,3816.12353515625
2011-05-06 00:00:00+07:00,723.0531616210938,331160719,0.0,0.0,3798.406005859375
2011-05-09 00:00:00+07:00,711.39111328125,321244048,0.0,0.0,3785.302734375
2011-05-10 00:00:00+07:00,717.2221069335938,171580963,0.0,0.0,3800.3720703125
2011-05-11 00:00:00+07:00,734.7155151367188,176737302,0.0,0.0,3837.992919921875
2011-05-12 00:00:00+07:00,723.0531616210938,187586240,0.0,0.0,3808.561767578125
2011-05-13 00:00:00+07:00,728.8841552734375,156722456,0.0,0.0,3831.871826171875
2011-05-16 00:00:00+07:00,717.2221069335938,139875665,0.0,0.0,3799.078125
2011-05-18 00:00:00+07:00,740.5464477539062,309674598,0.0,0.0,3840.0595703125
2011-05-19 00:00:00+07:00,763.8707275390625,396837354,0.0,0.0,3859.659912109375
2011-05-20 00:00:00+07:00,763.8707275390625,110461157,0.0,0.0,3872.802001953125
2011-05-23 00:00:00+07:00,728.8841552734375,312056139,0.0,0.0,3778.30712890625
2011-05-24 00:00:00+07:00,723.0531616210938,194098352,0.0,0.0,3785.7958984375
2011-05-25 00:00:00+07:00,717.2221069335938,213464187,0.0,0.0,3780.01513671875
2011-05-26 00:00:00+07:00,728.8841552734375,133429554,0.0,0.0,3814.66748046875
2011-05-27 00:00:00+07:00,728.8841552734375,155946943,0.0,0.0,3832.228759765625
2011-05-30 00:00:00+07:00,754.8364868164062,183972677,12.734325,0.0,3825.98779296875
2011-05-31 00:00:00+07:00,748.9393310546875,202560248,0.0,0.0,3836.81787109375
2011-06-01 00:00:00+07:00,737.1450805664062,193740846,0.0,0.0,3837.61181640625
2011-06-03 00:00:00+07:00,766.6307373046875,226653414,0.0,0.0,3843.870361328125
2011-06-06 00:00:00+07:00,748.9393310546875,95418398,0.0,0.0,3834.0517578125
2011-06-07 00:00:00+07:00,754.8364868164062,104834560,0.0,0.0,3842.80322265625
2011-06-08 00:00:00+07:00,754.8364868164062,127866208,0.0,0.0,3825.671875
2011-06-09 00:00:00+07:00,743.0423583984375,96457916,0.0,0.0,3806.038818359375
2011-06-10 00:00:00+07:00,743.0423583984375,71776239,0.0,0.0,3787.50048828125
2011-06-13 00:00:00+07:00,737.1450805664062,101165997,0.0,0.0,3748.612060546875
2011-06-14 00:00:00+07:00,743.0423583984375,145153007,0.0,0.0,3773.1259765625
2011-06-15 00:00:00+07:00,754.8364868164062,162448055,0.0,0.0,3794.103271484375
2011-06-16 00:00:00+07:00,725.3507690429688,169125171,0.0,0.0,3740.3251953125
2011-06-17 00:00:00+07:00,731.247802734375,129403485,0.0,0.0,3722.158203125
2011-06-20 00:00:00+07:00,737.1450805664062,88411277,0.0,0.0,3728.97705078125
2011-06-21 00:00:00+07:00,748.9393310546875,130819759,0.0,0.0,3794.791259765625
2011-06-22 00:00:00+07:00,748.9393310546875,131537521,0.0,0.0,3821.683349609375
2011-06-23 00:00:00+07:00,748.9393310546875,145334510,0.0,0.0,3823.5009765625
2011-06-24 00:00:00+07:00,760.733642578125,126744189,0.0,0.0,3848.408203125
2011-06-27 00:00:00+07:00,754.8364868164062,81643410,0.0,0.0,3813.276611328125
2011-06-28 00:00:00+07:00,754.8364868164062,122341363,0.0,0.0,3830.123779296875
2011-06-30 00:00:00+07:00,766.6307373046875,223188355,0.0,0.0,3888.417724609375
2011-07-01 00:00:00+07:00,790.2195434570312,396070091,0.0,0.0,3926.945068359375
2011-07-04 00:00:00+07:00,790.2195434570312,0,0.0,0.0,3953.36328125
2011-07-05 00:00:00+07:00,790.2195434570312,118315293,0.0,0.0,3923.974365234375
2011-07-06 00:00:00+07:00,778.425048828125,137714128,0.0,0.0,3908.803955078125
2011-07-07 00:00:00+07:00,784.3224487304688,129810492,0.0,0.0,3939.319580078125
2011-07-08 00:00:00+07:00,802.013916015625,157057962,0.0,0.0,4003.534912109375
2011-07-11 00:00:00+07:00,807.9110107421875,83103685,0.0,0.0,3995.431396484375
2011-07-12 00:00:00+07:00,796.1166381835938,126260180,0.0,0.0,3937.861572265625
2011-07-13 00:00:00+07:00,796.1166381835938,48224832,0.0,0.0,3980.68994140625
2011-07-14 00:00:00+07:00,796.1166381835938,79734877,0.0,0.0,3997.4794921875
2011-07-15 00:00:00+07:00,796.1166381835938,236209829,0.0,0.0,4023.04541015625
2011-07-18 00:00:00+07:00,790.2195434570312,115570746,0.0,0.0,4032.81689453125
2011-07-19 00:00:00+07:00,784.3224487304688,130341251,0.0,0.0,4023.260498046875
2011-07-20 00:00:00+07:00,784.3224487304688,91232825,0.0,0.0,4050.474365234375
2011-07-21 00:00:00+07:00,784.3224487304688,175062523,0.0,0.0,4067.91455078125
2011-07-22 00:00:00+07:00,784.3224487304688,282218124,0.0,0.0,4106.662109375
2011-07-25 00:00:00+07:00,778.425048828125,151340614,0.0,0.0,4086.934814453125
2011-07-26 00:00:00+07:00,784.3224487304688,231936256,0.0,0.0,4132.6162109375
2011-07-27 00:00:00+07:00,813.8081665039062,381241834,0.0,0.0,4173.94921875
2011-07-28 00:00:00+07:00,802.013916015625,196515644,0.0,0.0,4145.666015625
2011-07-29 00:00:00+07:00,813.8081665039062,218903781,0.0,0.0,4130.63916015625
2011-08-01 00:00:00+07:00,849.1909790039062,308010820,0.0,0.0,4193.27783203125
2011-08-02 00:00:00+07:00,855.0881958007812,168767665,0.0,0.0,4177.68359375
2011-08-03 00:00:00+07:00,849.1909790039062,159904261,0.0,0.0,4136.34619140625
2011-08-04 00:00:00+07:00,837.3967895507812,192519825,0.0,0.0,4121.92529296875
2011-08-05 00:00:00+07:00,784.3224487304688,490902729,0.0,0.0,3921.490478515625
2011-08-08 00:00:00+07:00,766.6307373046875,609520527,0.0,0.0,3850.1162109375
2011-08-09 00:00:00+07:00,743.0423583984375,550545759,0.0,0.0,3734.9736328125
2011-08-10 00:00:00+07:00,772.528076171875,420009254,0.0,0.0,3863.425537109375
2011-08-11 00:00:00+07:00,760.733642578125,283694900,0.0,0.0,3869.21435546875
2011-08-12 00:00:00+07:00,766.6307373046875,240378901,0.0,0.0,3890.37451171875
2011-08-15 00:00:00+07:00,778.425048828125,130960011,0.0,0.0,3959.86767578125
2011-08-16 00:00:00+07:00,790.2195434570312,298429654,0.0,0.0,3953.123291015625
2011-08-18 00:00:00+07:00,807.9110107421875,201399728,0.0,0.0,4020.83740234375
2011-08-19 00:00:00+07:00,754.8364868164062,396048090,0.0,0.0,3842.598388671875
2011-08-22 00:00:00+07:00,748.9393310546875,265632588,0.0,0.0,3839.466796875
2011-08-23 00:00:00+07:00,760.733642578125,163616826,0.0,0.0,3880.31298828125
2011-08-24 00:00:00+07:00,754.8364868164062,235835823,0.0,0.0,3846.8701171875
2011-08-25 00:00:00+07:00,766.6307373046875,92827853,0.0,0.0,3844.227294921875
2011-08-26 00:00:00+07:00,772.528076171875,102365018,0.0,0.0,3841.58154296875
2011-09-05 00:00:00+07:00,784.3224487304688,466751811,0.0,0.0,3866.021728515625
2011-09-06 00:00:00+07:00,784.3224487304688,270379170,0.0,0.0,3889.819580078125
2011-09-07 00:00:00+07:00,807.9110107421875,125666170,0.0,0.0,4001.27734375
2011-09-08 00:00:00+07:00,819.705322265625,192492324,0.0,0.0,4005.23388671875
2011-09-09 00:00:00+07:00,807.9110107421875,80543391,0.0,0.0,3998.346435546875
2011-09-12 00:00:00+07:00,778.425048828125,99474718,0.0,0.0,3895.967529296875
2011-09-13 00:00:00+07:00,754.8364868164062,380482821,0.0,0.0,3874.632080078125
2011-09-14 00:00:00+07:00,725.3507690429688,439713344,0.0,0.0,3798.88916015625
2011-09-15 00:00:00+07:00,743.0423583984375,321431051,0.0,0.0,3774.18701171875
2011-09-16 00:00:00+07:00,760.733642578125,189008014,0.0,0.0,3835.03173828125
2011-09-19 00:00:00+07:00,725.3507690429688,159134248,0.0,0.0,3754.90576171875
2011-09-20 00:00:00+07:00,731.247802734375,501545412,0.0,0.0,3751.964111328125
2011-09-21 00:00:00+07:00,719.45361328125,184786691,0.0,0.0,3697.349853515625
2011-09-22 00:00:00+07:00,625.0989990234375,532640199,0.0,0.0,3369.01220703125
2011-09-23 00:00:00+07:00,660.4818725585938,385413657,0.0,0.0,3426.212646484375
2011-09-26 00:00:00+07:00,630.9961547851562,467186319,0.0,0.0,3316.008056640625
2011-09-27 00:00:00+07:00,678.173583984375,483747105,0.0,0.0,3473.802978515625
2011-09-28 00:00:00+07:00,695.8648681640625,495338555,0.0,0.0,3513.029296875
2011-09-29 00:00:00+07:00,695.8648681640625,367992106,0.0,0.0,3537.040283203125
2011-09-30 00:00:00+07:00,689.9678955078125,272708460,0.0,0.0,3548.893798828125
2011-10-03 00:00:00+07:00,625.0989990234375,358952699,0.0,0.0,3348.57763671875
2011-10-04 00:00:00+07:00,625.0989990234375,427739638,0.0,0.0,3269.32373046875
2011-10-05 00:00:00+07:00,636.893310546875,178084825,0.0,0.0,3293.11083984375
2011-10-06 00:00:00+07:00,701.7620239257812,299933930,0.0,0.0,3442.97216796875
2011-10-07 00:00:00+07:00,684.0704956054688,368542115,0.0,0.0,3425.55078125
2011-10-10 00:00:00+07:00,713.5563354492188,114151721,0.0,0.0,3450.949462890625
2011-10-11 00:00:00+07:00,737.1450805664062,345097960,0.0,0.0,3531.615478515625
2011-10-12 00:00:00+07:00,760.733642578125,315254445,0.0,0.0,3635.7890625
2011-10-13 00:00:00+07:00,760.733642578125,172262975,0.0,0.0,3675.240966796875
2011-10-14 00:00:00+07:00,772.528076171875,230781236,0.0,0.0,3664.537109375
2011-10-17 00:00:00+07:00,790.2195434570312,129216481,0.0,0.0,3728.869873046875
2011-10-18 00:00:00+07:00,754.8364868164062,167714396,0.0,0.0,3621.885986328125
2011-10-19 00:00:00+07:00,760.733642578125,101938760,0.0,0.0,3685.16259765625
2011-10-20 00:00:00+07:00,743.0423583984375,143714732,0.0,0.0,3622.634765625
2011-10-21 00:00:00+07:00,743.0423583984375,199430694,0.0,0.0,3620.52294921875
2011-10-24 00:00:00+07:00,766.6307373046875,268313884,0.0,0.0,3706.637939453125
2011-10-25 00:00:00+07:00,766.6307373046875,206963074,0.0,0.0,3710.333740234375
2011-10-26 00:00:00+07:00,784.3224487304688,141778698,0.0,0.0,3738.46142578125
2011-10-27 00:00:00+07:00,796.1166381835938,304133253,0.0,0.0,3812.85546875
2011-10-28 00:00:00+07:00,802.013916015625,289068492,0.0,0.0,3829.810791015625
2011-10-31 00:00:00+07:00,796.1166381835938,140549427,0.0,0.0,3790.699462890625
2011-11-01 00:00:00+07:00,772.528076171875,102777525,0.0,0.0,3684.86865234375
2011-11-02 00:00:00+07:00,790.2195434570312,220850814,0.0,0.0,3762.8876953125
2011-11-03 00:00:00+07:00,778.425048828125,143205973,0.0,0.0,3705.666015625
2011-11-04 00:00:00+07:00,802.013916015625,322330317,0.0,0.0,3783.480712890625
2011-11-07 00:00:00+07:00,807.9110107421875,115020736,0.0,0.0,3778.093017578125
2011-11-08 00:00:00+07:00,807.9110107421875,70744971,0.0,0.0,3805.499755859375
2011-11-09 00:00:00+07:00,831.4995727539062,334590029,0.0,0.0,3857.212890625
2011-11-10 00:00:00+07:00,813.8081665039062,235824823,0.0,0.0,3783.73388671875
2011-11-11 00:00:00+07:00,807.9110107421875,68201178,0.0,0.0,3778.738037109375
2011-11-14 00:00:00+07:00,819.705322265625,74267782,0.0,0.0,3832.890869140625
2011-11-15 00:00:00+07:00,813.8081665039062,66864654,0.0,0.0,3813.693603515625
2011-11-16 00:00:00+07:00,819.705322265625,97687187,0.0,0.0,3813.941650390625
2011-11-17 00:00:00+07:00,802.013916015625,94312879,0.0,0.0,3792.105224609375
2011-11-18 00:00:00+07:00,784.3224487304688,229716967,0.0,0.0,3754.353759765625
2011-11-21 00:00:00+07:00,766.6307373046875,123936390,0.0,0.0,3679.685791015625
2011-11-22 00:00:00+07:00,790.2195434570312,164257587,0.0,0.0,3735.38671875
2011-11-23 00:00:00+07:00,784.3224487304688,61823817,0.0,0.0,3686.864501953125
2011-11-24 00:00:00+07:00,784.3224487304688,120449330,0.0,0.0,3695.887939453125
2011-11-25 00:00:00+07:00,772.528076171875,198118921,0.0,0.0,3637.050048828125
2011-11-28 00:00:00+07:00,754.8364868164062,128578470,0.0,0.0,3646.9072265625
2011-11-29 00:00:00+07:00,766.6307373046875,218257519,0.0,0.0,3687.62548828125
2011-11-30 00:00:00+07:00,766.6307373046875,165423607,0.0,0.0,3714.935302734375
2011-12-01 00:00:00+07:00,766.6307373046875,0,0.0,0.0,3780.9521484375
2011-12-02 00:00:00+07:00,790.2195434570312,72989010,0.0,0.0,3779.68896484375
2011-12-05 00:00:00+07:00,796.1166381835938,36465629,0.0,0.0,3780.64599609375
2011-12-06 00:00:00+07:00,784.3224487304688,73937777,0.0,0.0,3752.52783203125
2011-12-07 00:00:00+07:00,790.2195434570312,91136574,0.0,0.0,3793.08740234375
2011-12-08 00:00:00+07:00,796.1166381835938,132590790,0.0,0.0,3781.61376953125
2011-12-09 00:00:00+07:00,790.2195434570312,111998434,0.0,0.0,3759.462646484375
2011-12-12 00:00:00+07:00,790.2195434570312,106556090,0.0,0.0,3792.00146484375
2011-12-13 00:00:00+07:00,772.528076171875,177859322,0.0,0.0,3763.432861328125
2011-12-14 00:00:00+07:00,778.425048828125,73679272,0.0,0.0,3751.4580078125
2011-12-15 00:00:00+07:00,766.6307373046875,162901813,0.0,0.0,3701.39599609375
2011-12-16 00:00:00+07:00,802.013916015625,218573775,0.0,0.0,3768.20703125
2011-12-19 00:00:00+07:00,802.013916015625,0,0.0,0.0,3770.14013671875
2011-12-20 00:00:00+07:00,813.8081665039062,138363139,0.0,0.0,3752.191650390625
2011-12-21 00:00:00+07:00,825.6026000976562,123034375,0.0,0.0,3794.119384765625
2011-12-22 00:00:00+07:00,807.9110107421875,106748593,0.0,0.0,3795.29541015625
2011-12-23 00:00:00+07:00,807.9110107421875,78098598,0.0,0.0,3797.0029296875
2011-12-27 00:00:00+07:00,807.9110107421875,54406939,0.0,0.0,3789.277587890625
2011-12-28 00:00:00+07:00,790.2195434570312,62637831,0.0,0.0,3769.067138671875
2011-12-29 00:00:00+07:00,796.1166381835938,74518037,0.0,0.0,3808.623779296875
2011-12-30 00:00:00+07:00,796.1166381835938,60294791,0.0,0.0,3821.84326171875
2012-01-02 00:00:00+07:00,802.013916015625,17418800,0.0,0.0,3808.99169921875
2012-01-03 00:00:00+07:00,813.8081665039062,90179557,0.0,0.0,3857.73193359375
2012-01-04 00:00:00+07:00,819.705322265625,166300872,0.0,0.0,3907.268798828125
2012-01-05 00:00:00+07:00,819.705322265625,147773802,0.0,0.0,3906.11181640625
2012-01-06 00:00:00+07:00,813.8081665039062,115661497,0.0,0.0,3869.264404296875
2012-01-09 00:00:00+07:00,825.6026000976562,128028461,0.0,0.0,3888.920654296875
2012-01-10 00:00:00+07:00,831.4995727539062,107276602,0.0,0.0,3938.688720703125
2012-01-11 00:00:00+07:00,825.6026000976562,176481548,0.0,0.0,3909.48779296875
2012-01-12 00:00:00+07:00,813.8081665039062,145386761,0.0,0.0,3909.344970703125
2012-01-13 00:00:00+07:00,807.9110107421875,16,0.0,0.0,3935.1728515625
2012-01-16 00:00:00+07:00,802.013916015625,183188914,0.0,0.0,3909.541015625
2012-01-17 00:00:00+07:00,819.705322265625,136889114,0.0,0.0,3954.60107421875
2012-01-18 00:00:00+07:00,831.4995727539062,213717191,0.0,0.0,3977.972900390625
2012-01-19 00:00:00+07:00,843.2941284179688,240156148,0.0,0.0,4000.917236328125
2012-01-20 00:00:00+07:00,831.4995727539062,106377337,0.0,0.0,3986.359619140625
2012-01-24 00:00:00+07:00,825.6026000976562,68517433,0.0,0.0,3994.427490234375
2012-01-25 00:00:00+07:00,819.705322265625,74916793,0.0,0.0,3963.45068359375
2012-01-26 00:00:00+07:00,825.6026000976562,71204229,0.0,0.0,3983.279052734375
2012-01-27 00:00:00+07:00,825.6026000976562,141847450,0.0,0.0,3986.254638671875
2012-01-30 00:00:00+07:00,813.8081665039062,132445037,0.0,0.0,3915.007568359375
2012-01-31 00:00:00+07:00,807.9110107421875,223581611,0.0,0.0,3941.539794921875
2012-02-01 00:00:00+07:00,831.4995727539062,185476953,0.0,0.0,3964.82177734375
2012-02-02 00:00:00+07:00,837.3967895507812,179806355,0.0,0.0,4016.74560546875
2012-02-03 00:00:00+07:00,843.2941284179688,163143817,0.0,0.0,4015.79248046875
2012-02-06 00:00:00+07:00,825.6026000976562,172414228,0.0,0.0,3974.63330078125
2012-02-07 00:00:00+07:00,807.9110107421875,168654913,0.0,0.0,3955.2978515625
2012-02-08 00:00:00+07:00,843.2941284179688,235681820,0.0,0.0,3988.543701171875
2012-02-09 00:00:00+07:00,819.705322265625,185834459,0.0,0.0,3978.8330078125
2012-02-10 00:00:00+07:00,784.3224487304688,490679975,0.0,0.0,3912.240966796875
2012-02-13 00:00:00+07:00,807.9110107421875,173442745,0.0,0.0,3961.747802734375
2012-02-14 00:00:00+07:00,790.2195434570312,126554435,0.0,0.0,3952.6630859375
2012-02-15 00:00:00+07:00,784.3224487304688,140684179,0.0,0.0,3952.89111328125
2012-02-16 00:00:00+07:00,796.1166381835938,127538952,0.0,0.0,3927.455078125
2012-02-17 00:00:00+07:00,802.013916015625,97172928,0.0,0.0,3976.38720703125
2012-02-20 00:00:00+07:00,802.013916015625,75898560,0.0,0.0,3980.097900390625
2012-02-21 00:00:00+07:00,813.8081665039062,149885838,0.0,0.0,4002.795166015625
2012-02-22 00:00:00+07:00,819.705322265625,117182274,0.0,0.0,3994.868408203125
2012-02-23 00:00:00+07:00,807.9110107421875,94439381,0.0,0.0,3958.65478515625
2012-02-24 00:00:00+07:00,802.013916015625,360228722,0.0,0.0,3894.41064453125
2012-02-27 00:00:00+07:00,784.3224487304688,214110448,0.0,0.0,3860.865966796875
2012-02-28 00:00:00+07:00,784.3224487304688,179710104,0.0,0.0,3903.40478515625
2012-02-29 00:00:00+07:00,813.8081665039062,298250901,0.0,0.0,3985.054931640625
2012-03-01 00:00:00+07:00,790.2195434570312,283813152,0.0,0.0,3962.131591796875
2012-03-02 00:00:00+07:00,784.3224487304688,391983520,0.0,0.0,4004.7119140625
2012-03-05 00:00:00+07:00,784.3224487304688,101011994,0.0,0.0,3984.741943359375
2012-03-06 00:00:00+07:00,778.425048828125,223504610,0.0,0.0,3966.921630859375
2012-03-07 00:00:00+07:00,760.733642578125,408747810,0.0,0.0,3942.363525390625
2012-03-08 00:00:00+07:00,754.8364868164062,290380265,0.0,0.0,3967.5146484375
2012-03-09 00:00:00+07:00,760.733642578125,16,0.0,0.0,3991.388671875
2012-03-12 00:00:00+07:00,784.3224487304688,208343598,0.0,0.0,3987.190673828125
2012-03-13 00:00:00+07:00,796.1166381835938,427112627,0.0,0.0,4008.486083984375
2012-03-14 00:00:00+07:00,802.013916015625,337015571,0.0,0.0,4054.168212890625
2012-03-15 00:00:00+07:00,802.013916015625,139938917,0.0,0.0,4039.82275390625
2012-03-16 00:00:00+07:00,802.013916015625,106182084,0.0,0.0,4028.380615234375
2012-03-19 00:00:00+07:00,802.013916015625,80191385,0.0,0.0,4024.576416015625
2012-03-20 00:00:00+07:00,790.2195434570312,171308708,0.0,0.0,4022.011474609375
2012-03-21 00:00:00+07:00,796.1166381835938,92775602,0.0,0.0,4036.07666015625
2012-03-22 00:00:00+07:00,802.013916015625,161207784,0.0,0.0,4041.40185546875
2012-03-26 00:00:00+07:00,796.1166381835938,135351837,0.0,0.0,4031.5478515625
2012-03-27 00:00:00+07:00,802.013916015625,174289760,0.0,0.0,4079.225341796875
2012-03-28 00:00:00+07:00,813.8081665039062,167169887,0.0,0.0,4090.41357421875
2012-03-29 00:00:00+07:00,825.6026000976562,221964583,0.0,0.0,4105.00732421875
2012-03-30 00:00:00+07:00,819.705322265625,174754518,0.0,0.0,4121.39013671875
2012-04-02 00:00:00+07:00,831.4995727539062,142884217,0.0,0.0,4165.90966796875
2012-04-03 00:00:00+07:00,831.4995727539062,0,0.0,0.0,4215.27978515625
2012-04-04 00:00:00+07:00,825.6026000976562,124805405,0.0,0.0,4133.87548828125
2012-04-05 00:00:00+07:00,825.6026000976562,120014822,0.0,0.0,4166.2119140625
2012-04-09 00:00:00+07:00,813.8081665039062,31785049,0.0,0.0,4153.90478515625
2012-04-10 00:00:00+07:00,813.8081665039062,149264328,0.0,0.0,4149.63720703125
2012-04-11 00:00:00+07:00,813.8081665039062,123895139,0.0,0.0,4129.8525390625
2012-04-12 00:00:00+07:00,825.6026000976562,115097738,0.0,0.0,4139.37939453125
2012-04-13 00:00:00+07:00,825.6026000976562,86565995,0.0,0.0,4159.11474609375
2012-04-16 00:00:00+07:00,831.4995727539062,99122712,0.0,0.0,4146.419921875
2012-04-17 00:00:00+07:00,825.6026000976562,139669412,0.0,0.0,4157.203125
2012-04-18 00:00:00+07:00,819.705322265625,130041496,0.0,0.0,4166.07470703125
2012-04-19 00:00:00+07:00,819.705322265625,31983052,0.0,0.0,4163.5537109375
2012-04-20 00:00:00+07:00,819.705322265625,42675237,0.0,0.0,4181.20556640625
2012-04-23 00:00:00+07:00,825.6026000976562,93991123,0.0,0.0,4155.3291015625
2012-04-24 00:00:00+07:00,813.8081665039062,188793510,0.0,0.0,4170.1904296875
2012-04-25 00:00:00+07:00,813.8081665039062,182245647,0.0,0.0,4163.48095703125
2012-04-26 00:00:00+07:00,819.705322265625,291538035,0.0,0.0,4180.1435546875
2012-04-27 00:00:00+07:00,804.3719482421875,455407866,22.232653,0.0,4163.81884765625
2012-04-30 00:00:00+07:00,798.3692626953125,622181746,0.0,0.0,4180.5693359375
2012-05-01 00:00:00+07:00,798.3692626953125,376123996,0.0,0.0,4195.82080078125
2012-05-02 00:00:00+07:00,798.3692626953125,16,0.0,0.0,4219.130859375
2012-05-03 00:00:00+07:00,786.36376953125,381294085,0.0,0.0,4223.8388671875
2012-05-04 00:00:00+07:00,786.36376953125,267530120,0.0,0.0,4216.51708984375
2012-05-07 00:00:00+07:00,780.36083984375,202755502,0.0,0.0,4158.69970703125
2012-05-08 00:00:00+07:00,792.366455078125,262607535,0.0,0.0,4180.91064453125
2012-05-09 00:00:00+07:00,780.36083984375,178698086,0.0,0.0,4128.8994140625
2012-05-10 00:00:00+07:00,774.3580932617188,159843760,0.0,0.0,4133.47021484375
2012-05-11 00:00:00+07:00,774.3580932617188,172669982,0.0,0.0,4113.97998046875
2012-05-14 00:00:00+07:00,738.3414916992188,291117278,0.0,0.0,4052.9091796875
2012-05-15 00:00:00+07:00,744.34423828125,259860238,0.0,0.0,4045.486572265625
2012-05-16 00:00:00+07:00,720.3331298828125,512644604,0.0,0.0,3980.341064453125
2012-05-21 00:00:00+07:00,702.3248291015625,602623408,0.0,0.0,3939.95458984375
2012-05-22 00:00:00+07:00,714.330322265625,392844285,0.0,0.0,4020.943603515625
2012-05-23 00:00:00+07:00,714.330322265625,236757089,0.0,0.0,3981.4228515625
2012-05-24 00:00:00+07:00,714.330322265625,132282784,0.0,0.0,3984.718017578125
2012-05-25 00:00:00+07:00,696.322021484375,310942370,0.0,0.0,3902.35595703125
2012-05-28 00:00:00+07:00,696.322021484375,181830390,0.0,0.0,3918.532470703125
2012-05-29 00:00:00+07:00,702.3248291015625,123939140,0.0,0.0,3918.912353515625
2012-05-30 00:00:00+07:00,708.32763671875,138935149,0.0,0.0,3917.763427734375
2012-05-31 00:00:00+07:00,678.313720703125,406209516,0.0,0.0,3832.6748046875
2012-06-01 00:00:00+07:00,660.3054809570312,294535587,0.0,0.0,3799.6181640625
2012-06-04 00:00:00+07:00,630.2914428710938,303140485,0.0,0.0,3654.439697265625
2012-06-05 00:00:00+07:00,642.2970581054688,260908006,0.0,0.0,3717.731201171875
2012-06-06 00:00:00+07:00,714.330322265625,509325297,0.0,0.0,3841.181640625
2012-06-07 00:00:00+07:00,708.32763671875,373635203,0.0,0.0,3840.446533203125
2012-06-08 00:00:00+07:00,708.32763671875,68863939,0.0,0.0,3825.178955078125
2012-06-11 00:00:00+07:00,738.3414916992188,275640010,0.0,0.0,3866.0625
2012-06-12 00:00:00+07:00,726.3359375,130726257,0.0,0.0,3852.427978515625
2012-06-13 00:00:00+07:00,726.3359375,140035168,0.0,0.0,3860.310791015625
2012-06-14 00:00:00+07:00,714.330322265625,190088783,0.0,0.0,3791.470458984375
2012-06-15 00:00:00+07:00,714.330322265625,128399717,0.0,0.0,3817.96044921875
2012-06-18 00:00:00+07:00,720.3331298828125,123936390,0.0,0.0,3860.0048828125
2012-06-19 00:00:00+07:00,714.330322265625,61502062,0.0,0.0,3880.664794921875
2012-06-20 00:00:00+07:00,732.3387451171875,154346415,0.0,0.0,3943.743408203125
2012-06-21 00:00:00+07:00,726.3359375,121596100,0.0,0.0,3901.635986328125
2012-06-22 00:00:00+07:00,714.330322265625,109135635,0.0,0.0,3889.37158203125
2012-06-25 00:00:00+07:00,726.3359375,215386470,0.0,0.0,3857.43896484375
2012-06-26 00:00:00+07:00,726.3359375,80246386,0.0,0.0,3881.249755859375
2012-06-27 00:00:00+07:00,744.34423828125,453438831,0.0,0.0,3934.7138671875
2012-06-28 00:00:00+07:00,744.34423828125,138299888,0.0,0.0,3887.423583984375
2012-06-29 00:00:00+07:00,762.3526611328125,148491564,0.0,0.0,3955.4228515625
2012-07-02 00:00:00+07:00,762.3526611328125,131369769,0.0,0.0,3991.384765625
2012-07-03 00:00:00+07:00,786.36376953125,284151407,0.0,0.0,4049.7353515625
2012-07-04 00:00:00+07:00,786.36376953125,205700802,0.0,0.0,4075.75830078125
2012-07-05 00:00:00+07:00,798.3692626953125,159964762,0.0,0.0,4069.677490234375
2012-07-06 00:00:00+07:00,804.3719482421875,323779592,0.0,0.0,4055.039306640625
2012-07-09 00:00:00+07:00,798.3692626953125,153075893,0.0,0.0,3984.889892578125
2012-07-10 00:00:00+07:00,804.3719482421875,105024314,0.0,0.0,4009.52197265625
2012-07-11 00:00:00+07:00,804.3719482421875,122214860,0.0,0.0,4018.9765625
2012-07-12 00:00:00+07:00,786.36376953125,166666628,0.0,0.0,3983.965087890625
2012-07-13 00:00:00+07:00,786.36376953125,44119012,0.0,0.0,4019.5166015625
2012-07-16 00:00:00+07:00,792.366455078125,98462700,0.0,0.0,4047.3076171875
2012-07-17 00:00:00+07:00,786.36376953125,60990553,0.0,0.0,4080.513427734375
2012-07-18 00:00:00+07:00,792.366455078125,127406950,0.0,0.0,4081.476318359375
2012-07-19 00:00:00+07:00,798.3692626953125,85702480,0.0,0.0,4096.0361328125
2012-07-20 00:00:00+07:00,786.36376953125,138071634,0.0,0.0,4081.042236328125
2012-07-23 00:00:00+07:00,768.35546875,74974544,0.0,0.0,4009.636962890625
2012-07-24 00:00:00+07:00,762.3526611328125,134994331,0.0,0.0,3991.957763671875
2012-07-25 00:00:00+07:00,762.3526611328125,36916637,0.0,0.0,4000.68359375
2012-07-26 00:00:00+07:00,762.3526611328125,58958268,0.0,0.0,4004.619873046875
2012-07-27 00:00:00+07:00,804.3719482421875,351813576,0.0,0.0,4084.052978515625
2012-07-30 00:00:00+07:00,816.3775024414062,269947412,0.0,0.0,4098.96142578125
2012-07-31 00:00:00+07:00,840.388671875,451846554,0.0,0.0,4142.17578125
2012-08-01 00:00:00+07:00,834.3857421875,157745474,0.0,0.0,4130.30419921875
2012-08-02 00:00:00+07:00,828.3831787109375,148167059,0.0,0.0,4092.95263671875
2012-08-03 00:00:00+07:00,840.388671875,138651894,0.0,0.0,4099.6533203125
2012-08-06 00:00:00+07:00,828.3831787109375,178431331,0.0,0.0,4105.33935546875
2012-08-07 00:00:00+07:00,816.3775024414062,83155936,0.0,0.0,4085.421142578125
2012-08-08 00:00:00+07:00,834.3857421875,181338132,0.0,0.0,4090.549560546875
2012-08-09 00:00:00+07:00,846.3914184570312,320350283,0.0,0.0,4131.00927734375
2012-08-10 00:00:00+07:00,864.3998413085938,265478585,0.0,0.0,4141.40283203125
2012-08-13 00:00:00+07:00,858.3970947265625,151392864,0.0,0.0,4102.3701171875
2012-08-14 00:00:00+07:00,852.394287109375,89365543,0.0,0.0,4121.3955078125
2012-08-15 00:00:00+07:00,852.394287109375,51805394,0.0,0.0,4141.82470703125
2012-08-16 00:00:00+07:00,858.3970947265625,146770035,0.0,0.0,4160.345703125
2012-08-23 00:00:00+07:00,876.4052734375,233407531,0.0,0.0,4162.4970703125
2012-08-24 00:00:00+07:00,876.4052734375,151233362,0.0,0.0,4145.23779296875
2012-08-27 00:00:00+07:00,876.4052734375,17949560,0.0,0.0,4145.716796875
2012-08-28 00:00:00+07:00,876.4052734375,132491788,0.0,0.0,4142.68701171875
2012-08-29 00:00:00+07:00,852.394287109375,126898191,0.0,0.0,4093.010498046875
2012-08-30 00:00:00+07:00,822.3801879882812,193102835,0.0,0.0,4025.426513671875
2012-08-31 00:00:00+07:00,834.3857421875,297544139,0.0,0.0,4060.1728515625
2012-09-03 00:00:00+07:00,852.394287109375,169999686,0.0,0.0,4117.78759765625
2012-09-04 00:00:00+07:00,846.3914184570312,139262405,0.0,0.0,4105.09326171875
2012-09-05 00:00:00+07:00,852.394287109375,183945177,0.0,0.0,4075.193359375
2012-09-06 00:00:00+07:00,870.4025268554688,288526733,0.0,0.0,4102.697265625
2012-09-07 00:00:00+07:00,882.4081420898438,191895564,0.0,0.0,4143.51806640625
2012-09-10 00:00:00+07:00,882.4081420898438,141129687,0.0,0.0,4160.498046875
2012-09-11 00:00:00+07:00,888.4110107421875,82215420,0.0,0.0,4155.19384765625
2012-09-12 00:00:00+07:00,888.4110107421875,105313069,0.0,0.0,4173.9345703125
2012-09-13 00:00:00+07:00,876.4052734375,58562261,0.0,0.0,4170.4765625
2012-09-14 00:00:00+07:00,888.4110107421875,170700948,0.0,0.0,4256.83251953125
2012-09-17 00:00:00+07:00,876.4052734375,94700635,0.0,0.0,4255.11767578125
2012-09-18 00:00:00+07:00,864.3998413085938,82050417,0.0,0.0,4223.72998046875
2012-09-19 00:00:00+07:00,864.3998413085938,253034620,0.0,0.0,4244.5458984375
2012-09-20 00:00:00+07:00,864.3998413085938,70511217,0.0,0.0,4217.35205078125
2012-09-21 00:00:00+07:00,870.4025268554688,135307837,0.0,0.0,4244.4560546875
2012-09-24 00:00:00+07:00,870.4025268554688,145887269,0.0,0.0,4200.75048828125
2012-09-25 00:00:00+07:00,882.4081420898438,101806758,0.0,0.0,4226.72216796875
2012-09-26 00:00:00+07:00,882.4081420898438,143956736,0.0,0.0,4180.00048828125
2012-09-27 00:00:00+07:00,894.413818359375,104873061,0.0,0.0,4224.85986328125
2012-09-28 00:00:00+07:00,894.413818359375,143563479,0.0,0.0,4262.39501953125
2012-10-01 00:00:00+07:00,888.4110107421875,132557789,0.0,0.0,4236.1279296875
2012-10-02 00:00:00+07:00,894.413818359375,79855879,0.0,0.0,4256.67333984375
2012-10-03 00:00:00+07:00,900.41650390625,42037226,0.0,0.0,4251.34619140625
2012-10-04 00:00:00+07:00,894.413818359375,102268766,0.0,0.0,4271.29443359375
2012-10-05 00:00:00+07:00,888.4110107421875,70670720,0.0,0.0,4311.14599609375
2012-10-08 00:00:00+07:00,888.4110107421875,126438933,0.0,0.0,4268.068359375
2012-10-09 00:00:00+07:00,924.427490234375,231146992,0.0,0.0,4280.08349609375
2012-10-10 00:00:00+07:00,912.4219970703125,138610644,0.0,0.0,4279.84326171875
2012-10-11 00:00:00+07:00,900.41650390625,108415122,0.0,0.0,4284.80029296875
2012-10-12 00:00:00+07:00,900.41650390625,87580762,0.0,0.0,4311.22314453125
2012-10-15 00:00:00+07:00,918.4246826171875,144985254,0.0,0.0,4313.35400390625
2012-10-16 00:00:00+07:00,906.4192504882812,112493443,0.0,0.0,4328.90771484375
2012-10-17 00:00:00+07:00,924.427490234375,199276691,0.0,0.0,4337.357421875
2012-10-18 00:00:00+07:00,936.43310546875,258457714,0.0,0.0,4356.79638671875
2012-10-19 00:00:00+07:00,930.4302978515625,107595608,0.0,0.0,4331.08544921875
2012-10-22 00:00:00+07:00,924.427490234375,98424200,0.0,0.0,4341.2080078125
2012-10-23 00:00:00+07:00,918.4246826171875,82773679,0.0,0.0,4329.9765625
2012-10-24 00:00:00+07:00,900.41650390625,144085988,0.0,0.0,4335.20654296875
2012-10-25 00:00:00+07:00,906.4192504882812,63757101,0.0,0.0,4338.984375
2012-10-29 00:00:00+07:00,900.41650390625,163691077,0.0,0.0,4331.19677734375
2012-10-30 00:00:00+07:00,918.4246826171875,157209215,0.0,0.0,4364.42822265625
2012-10-31 00:00:00+07:00,888.4110107421875,387220438,0.0,0.0,4350.12158203125
2012-11-01 00:00:00+07:00,864.3998413085938,535491999,0.0,0.0,4335.193359375
2012-11-02 00:00:00+07:00,858.3970947265625,208247346,0.0,0.0,4338.7236328125
2012-11-05 00:00:00+07:00,852.394287109375,317305980,0.0,0.0,4302.771484375
2012-11-06 00:00:00+07:00,846.3914184570312,166622627,0.0,0.0,4314.09716796875
2012-11-07 00:00:00+07:00,870.4025268554688,245243735,0.0,0.0,4350.25439453125
2012-11-08 00:00:00+07:00,870.4025268554688,124219645,0.0,0.0,4327.69970703125
2012-11-09 00:00:00+07:00,870.4025268554688,106129833,0.0,0.0,4333.4716796875
2012-11-12 00:00:00+07:00,864.3998413085938,152248129,0.0,0.0,4318.42236328125
2012-11-13 00:00:00+07:00,864.3998413085938,100450985,0.0,0.0,4331.91552734375
2012-11-14 00:00:00+07:00,870.4025268554688,115163739,0.0,0.0,4351.11474609375
2012-11-19 00:00:00+07:00,864.3998413085938,200365710,0.0,0.0,4313.27099609375
2012-11-20 00:00:00+07:00,864.3998413085938,96328663,0.0,0.0,4312.1982421875
2012-11-21 00:00:00+07:00,858.3970947265625,101705006,0.0,0.0,4317.1083984375
2012-11-22 00:00:00+07:00,852.394287109375,129631739,0.0,0.0,4335.75830078125
2012-11-23 00:00:00+07:00,846.3914184570312,95206644,0.0,0.0,4348.638671875
2012-11-26 00:00:00+07:00,870.4025268554688,147782052,0.0,0.0,4374.99853515625
2012-11-27 00:00:00+07:00,858.3970947265625,140829932,0.0,0.0,4337.34033203125
2012-11-28 00:00:00+07:00,858.3970947265625,226070404,0.0,0.0,4304.65576171875
2012-11-29 00:00:00+07:00,864.3998413085938,130366001,0.0,0.0,4318.91748046875
2012-11-30 00:00:00+07:00,846.3914184570312,183595921,0.0,0.0,4275.974609375
2012-12-03 00:00:00+07:00,846.3914184570312,164268587,0.0,0.0,4302.27685546875
2012-12-04 00:00:00+07:00,852.394287109375,161447038,0.0,0.0,4269.4853515625
2012-12-05 00:00:00+07:00,852.394287109375,152674387,0.0,0.0,4286.6728515625
2012-12-06 00:00:00+07:00,858.3970947265625,126205179,0.0,0.0,4292.43798828125
2012-12-07 00:00:00+07:00,846.3914184570312,91835086,0.0,0.0,4290.62890625
2012-12-10 00:00:00+07:00,846.3914184570312,91727834,0.0,0.0,4302.44189453125
2012-12-11 00:00:00+07:00,846.3914184570312,108280370,0.0,0.0,4317.74951171875
2012-12-12 00:00:00+07:00,864.3998413085938,171162956,0.0,0.0,4337.359375
2012-12-13 00:00:00+07:00,864.3998413085938,75178048,0.0,0.0,4320.0205078125
2012-12-14 00:00:00+07:00,840.388671875,143728482,0.0,0.0,4308.69482421875
2012-12-17 00:00:00+07:00,840.388671875,99708472,0.0,0.0,4315.6884765625
2012-12-18 00:00:00+07:00,828.3831787109375,198979686,0.0,0.0,4301.26904296875
2012-12-19 00:00:00+07:00,834.3857421875,153315148,0.0,0.0,4275.6923828125
2012-12-20 00:00:00+07:00,828.3831787109375,118408795,0.0,0.0,4254.650390625
2012-12-21 00:00:00+07:00,834.3857421875,105758576,0.0,0.0,4250.048828125
2012-12-26 00:00:00+07:00,834.3857421875,16,0.0,0.0,4274.927734375
2012-12-27 00:00:00+07:00,834.3857421875,96584418,0.0,0.0,4281.6943359375
2012-12-28 00:00:00+07:00,834.3857421875,145120006,0.0,0.0,4316.5185546875
2013-01-02 00:00:00+07:00,846.3914184570312,70164711,0.0,0.0,4346.3056640625
2013-01-03 00:00:00+07:00,864.3998413085938,144988004,0.0,0.0,4399.0869140625
2013-01-04 00:00:00+07:00,882.4081420898438,332343240,0.0,0.0,4409.8486328125
2013-01-07 00:00:00+07:00,888.4110107421875,303272488,0.0,0.0,4392.2080078125
2013-01-08 00:00:00+07:00,900.41650390625,257896704,0.0,0.0,4397.3740234375
2013-01-09 00:00:00+07:00,888.4110107421875,194802364,0.0,0.0,4362.75830078125
2013-01-10 00:00:00+07:00,888.4110107421875,255938670,0.0,0.0,4317.19677734375
2013-01-11 00:00:00+07:00,894.413818359375,321246798,0.0,0.0,4305.74462890625
2013-01-14 00:00:00+07:00,918.4246826171875,298105149,0.0,0.0,4382.3271484375
2013-01-15 00:00:00+07:00,936.43310546875,237128345,0.0,0.0,4400.6533203125
2013-01-16 00:00:00+07:00,942.4356689453125,240497153,0.0,0.0,4410.79248046875
2013-01-17 00:00:00+07:00,948.4388427734375,149748336,0.0,0.0,4398.2119140625
2013-01-18 00:00:00+07:00,960.4442138671875,194310106,0.0,0.0,4465.31005859375
2013-01-21 00:00:00+07:00,948.4388427734375,118059539,0.0,0.0,4439.80126953125
2013-01-22 00:00:00+07:00,912.4219970703125,125311414,0.0,0.0,4416.37548828125
2013-01-23 00:00:00+07:00,936.43310546875,122473365,0.0,0.0,4418.5546875
2013-01-25 00:00:00+07:00,942.4356689453125,115485494,0.0,0.0,4437.42529296875
2013-01-28 00:00:00+07:00,948.4388427734375,112243188,0.0,0.0,4416.7646484375
2013-01-29 00:00:00+07:00,936.43310546875,119118307,0.0,0.0,4438.85693359375
2013-01-30 00:00:00+07:00,942.4356689453125,126048427,0.0,0.0,4452.80224609375
2013-01-31 00:00:00+07:00,954.4414672851562,166790380,0.0,0.0,4453.52978515625
2013-02-01 00:00:00+07:00,960.4442138671875,328011915,0.0,0.0,4481.45947265625
2013-02-04 00:00:00+07:00,972.44970703125,192921332,0.0,0.0,4490.390625
2013-02-05 00:00:00+07:00,972.44970703125,168099403,0.0,0.0,4479.2666015625
2013-02-06 00:00:00+07:00,978.4524536132812,203396263,0.0,0.0,4498.80078125
2013-02-07 00:00:00+07:00,978.4524536132812,78874112,0.0,0.0,4502.97265625
2013-02-08 00:00:00+07:00,966.447021484375,107606608,0.0,0.0,4491.091796875
2013-02-11 00:00:00+07:00,978.4524536132812,60899801,0.0,0.0,4503.07177734375
2013-02-12 00:00:00+07:00,1008.4666137695312,170266440,0.0,0.0,4548.06640625
2013-02-13 00:00:00+07:00,1044.483154296875,223180104,0.0,0.0,4571.39013671875
2013-02-14 00:00:00+07:00,1026.4744873046875,76652073,0.0,0.0,4588.494140625
2013-02-15 00:00:00+07:00,1044.483154296875,106014331,0.0,0.0,4609.6064453125
2013-02-18 00:00:00+07:00,1038.4801025390625,70687220,0.0,0.0,4611.8662109375
2013-02-19 00:00:00+07:00,1044.483154296875,114245223,0.0,0.0,4601.88330078125
2013-02-20 00:00:00+07:00,1032.4776611328125,84869215,0.0,0.0,4634.27099609375
2013-02-21 00:00:00+07:00,1020.4720458984375,102158764,0.0,0.0,4632.2236328125
2013-02-22 00:00:00+07:00,1026.4744873046875,16,0.0,0.0,4650.94189453125
2013-02-25 00:00:00+07:00,1038.4801025390625,97753188,0.0,0.0,4695.923828125
2013-02-26 00:00:00+07:00,1032.4776611328125,96004158,0.0,0.0,4662.849609375
2013-02-27 00:00:00+07:00,1062.4913330078125,135461839,0.0,0.0,4716.2314453125
2013-02-28 00:00:00+07:00,1134.5247802734375,217182251,0.0,0.0,4795.60205078125
2013-03-01 00:00:00+07:00,1104.5107421875,231078241,0.0,0.0,4811.42578125
2013-03-04 00:00:00+07:00,1104.5107421875,0,0.0,0.0,4761.275390625
2013-03-05 00:00:00+07:00,1026.4744873046875,278761314,0.0,0.0,4751.5166015625
2013-03-06 00:00:00+07:00,1044.483154296875,192646327,0.0,0.0,4824.49560546875
2013-03-07 00:00:00+07:00,1044.483154296875,168272656,0.0,0.0,4848.10986328125
2013-03-08 00:00:00+07:00,1056.4886474609375,133963063,0.0,0.0,4874.30517578125
2013-03-11 00:00:00+07:00,1056.4886474609375,107216101,0.0,0.0,4854.123046875
2013-03-13 00:00:00+07:00,1068.494140625,109036633,0.0,0.0,4835.2509765625
2013-03-14 00:00:00+07:00,1056.4886474609375,118876303,0.0,0.0,4786.1806640625
2013-03-15 00:00:00+07:00,1056.4886474609375,150185594,0.0,0.0,4819.13671875
2013-03-18 00:00:00+07:00,1026.4744873046875,239215631,0.0,0.0,4802.63916015625
2013-03-19 00:00:00+07:00,1038.4801025390625,128295215,0.0,0.0,4822.439453125
2013-03-20 00:00:00+07:00,1044.483154296875,129826992,0.0,0.0,4831.31201171875
2013-03-21 00:00:00+07:00,1050.4859619140625,149231327,0.0,0.0,4802.47900390625
2013-03-22 00:00:00+07:00,1020.4720458984375,323394585,0.0,0.0,4722.9755859375
2013-03-25 00:00:00+07:00,1032.4776611328125,173781001,0.0,0.0,4799.47705078125
2013-03-26 00:00:00+07:00,1050.4859619140625,215845728,0.0,0.0,4842.330078125
2013-03-27 00:00:00+07:00,1084.40185546875,226216157,40.950565,0.0,4927.91064453125
2013-03-28 00:00:00+07:00,1078.24072265625,73341016,0.0,0.0,4940.7939453125
2013-04-01 00:00:00+07:00,1072.079345703125,49245100,0.0,0.0,4937.38330078125
2013-04-02 00:00:00+07:00,1078.24072265625,88059270,0.0,0.0,4957.05810546875
2013-04-03 00:00:00+07:00,1065.9178466796875,16,0.0,0.0,4981.27197265625
2013-04-04 00:00:00+07:00,1053.5948486328125,131163515,0.0,0.0,4922.41943359375
2013-04-05 00:00:00+07:00,1047.4339599609375,101881009,0.0,0.0,4925.87646484375
2013-04-08 00:00:00+07:00,1041.272216796875,107436105,0.0,0.0,4897.33056640625
2013-04-09 00:00:00+07:00,1047.4339599609375,113433959,0.0,0.0,4899.396484375
2013-04-10 00:00:00+07:00,1035.1112060546875,131686024,0.0,0.0,4877.28515625
2013-04-11 00:00:00+07:00,1041.272216796875,162285803,0.0,0.0,4924.07177734375
2013-04-12 00:00:00+07:00,1022.7882690429688,177996824,0.0,0.0,4937.01806640625
2013-04-15 00:00:00+07:00,1022.7882690429688,192082567,0.0,0.0,4894.4013671875
2013-04-16 00:00:00+07:00,1028.9495849609375,229307210,0.0,0.0,4945.06005859375
2013-04-17 00:00:00+07:00,1047.4339599609375,200789218,0.0,0.0,4998.4580078125
2013-04-18 00:00:00+07:00,1065.9178466796875,284453913,0.0,0.0,5012.443359375
2013-04-19 00:00:00+07:00,1078.24072265625,173929504,0.0,0.0,4998.26611328125
2013-04-22 00:00:00+07:00,1072.079345703125,149509082,0.0,0.0,4996.72802734375
2013-04-23 00:00:00+07:00,1072.079345703125,0,0.0,0.0,4975.13671875
2013-04-24 00:00:00+07:00,1078.24072265625,143909985,0.0,0.0,5011.412109375
2013-04-25 00:00:00+07:00,1109.047607421875,487778675,0.0,0.0,4994.32861328125
2013-04-26 00:00:00+07:00,1127.53173828125,251395592,0.0,0.0,4978.3134765625
2013-04-29 00:00:00+07:00,1133.6929931640625,140472426,0.0,0.0,4999.55712890625
2013-04-30 00:00:00+07:00,1158.3385009765625,313950922,0.0,0.0,5033.875
2013-05-01 00:00:00+07:00,1189.1455078125,313791419,0.0,0.0,5060.7216796875
2013-05-02 00:00:00+07:00,1152.177001953125,258707968,0.0,0.0,4993.8515625
2013-05-03 00:00:00+07:00,1096.7247314453125,301641710,0.0,0.0,4925.29150390625
2013-05-06 00:00:00+07:00,1133.6929931640625,133594557,0.0,0.0,4991.6767578125
2013-05-07 00:00:00+07:00,1164.5,147553798,0.0,0.0,5042.59326171875
2013-05-08 00:00:00+07:00,1139.8544921875,106413088,0.0,0.0,5089.13720703125
2013-05-10 00:00:00+07:00,1146.015869140625,62335326,0.0,0.0,5105.73779296875
2013-05-13 00:00:00+07:00,1115.2088623046875,97731188,0.0,0.0,5054.4306640625
2013-05-14 00:00:00+07:00,1146.015869140625,108813879,0.0,0.0,5081.7421875
2013-05-15 00:00:00+07:00,1139.8544921875,99873475,0.0,0.0,5089.68212890625
2013-05-16 00:00:00+07:00,1133.6929931640625,142545962,0.0,0.0,5078.48046875
2013-05-17 00:00:00+07:00,1152.177001953125,83714195,0.0,0.0,5145.48291015625
2013-05-20 00:00:00+07:00,1164.5,121043340,0.0,0.0,5214.77294921875
2013-05-21 00:00:00+07:00,1164.5,134667076,0.0,0.0,5188.55712890625
2013-05-22 00:00:00+07:00,1146.015869140625,85127720,0.0,0.0,5207.7958984375
2013-05-23 00:00:00+07:00,1146.015869140625,274982749,0.0,0.0,5121.20361328125
2013-05-24 00:00:00+07:00,1146.015869140625,120922338,0.0,0.0,5154.89208984375
2013-05-27 00:00:00+07:00,1121.370361328125,177782320,0.0,0.0,5084.9384765625
2013-05-28 00:00:00+07:00,1146.015869140625,78816361,0.0,0.0,5176.033203125
2013-05-29 00:00:00+07:00,1139.8544921875,115320491,0.0,0.0,5200.49072265625
2013-05-30 00:00:00+07:00,1115.2088623046875,161832045,0.0,0.0,5129.447265625
2013-05-31 00:00:00+07:00,1096.7247314453125,148351312,0.0,0.0,5068.4306640625
2013-06-03 00:00:00+07:00,1065.9178466796875,208684604,0.0,0.0,4971.16064453125
2013-06-04 00:00:00+07:00,1078.24072265625,114184722,0.0,0.0,5021.416015625
2013-06-05 00:00:00+07:00,1041.272216796875,181459134,0.0,0.0,5001.0263671875
2013-06-07 00:00:00+07:00,1016.626953125,197541412,0.0,0.0,4865.13525390625
2013-06-10 00:00:00+07:00,1010.4655151367188,302730728,0.0,0.0,4777.1796875
2013-06-11 00:00:00+07:00,967.3357543945312,243249951,0.0,0.0,4609.7685546875
2013-06-12 00:00:00+07:00,942.6902465820312,737793743,0.0,0.0,4697.70068359375
2013-06-13 00:00:00+07:00,911.8836669921875,479844788,0.0,0.0,4607.48388671875
2013-06-14 00:00:00+07:00,967.3357543945312,398039125,0.0,0.0,4760.55859375
2013-06-17 00:00:00+07:00,967.3357543945312,235101560,0.0,0.0,4774.318359375
2013-06-18 00:00:00+07:00,1004.3040771484375,315669702,0.0,0.0,4840.263671875
2013-06-19 00:00:00+07:00,985.8200073242188,235610319,0.0,0.0,4806.46875
2013-06-20 00:00:00+07:00,911.8836669921875,16,0.0,0.0,4629.81396484375
2013-06-21 00:00:00+07:00,887.2381591796875,324588106,0.0,0.0,4515.19677734375
2013-06-24 00:00:00+07:00,874.9153442382812,232865772,0.0,0.0,4429.28759765625
2013-06-25 00:00:00+07:00,874.9153442382812,257649200,0.0,0.0,4418.69970703125
2013-06-26 00:00:00+07:00,905.72216796875,428548152,0.0,0.0,4587.54931640625
2013-06-27 00:00:00+07:00,911.8836669921875,466254053,0.0,0.0,4675.5673828125
2013-06-28 00:00:00+07:00,955.0131225585938,299070415,0.0,0.0,4818.70751953125
2013-07-01 00:00:00+07:00,979.6586303710938,176041540,0.0,0.0,4777.2666015625
2013-07-02 00:00:00+07:00,967.3357543945312,149451331,0.0,0.0,4728.52001953125
2013-07-03 00:00:00+07:00,924.206298828125,205200294,0.0,0.0,4576.974609375
2013-07-04 00:00:00+07:00,955.0131225585938,105293818,0.0,0.0,4581.75439453125
2013-07-05 00:00:00+07:00,955.0131225585938,79580874,0.0,0.0,4602.62841796875
2013-07-08 00:00:00+07:00,899.5606689453125,159513755,0.0,0.0,4433.4521484375
2013-07-09 00:00:00+07:00,893.3993530273438,118397795,0.0,0.0,4403.62841796875
2013-07-10 00:00:00+07:00,893.3993530273438,296075613,0.0,0.0,4478.4697265625
2013-07-11 00:00:00+07:00,930.36767578125,282792884,0.0,0.0,4604.04296875
2013-07-12 00:00:00+07:00,967.3357543945312,285325678,0.0,0.0,4632.927734375
2013-07-15 00:00:00+07:00,961.1744995117188,124519400,0.0,0.0,4635.548828125
2013-07-16 00:00:00+07:00,967.3357543945312,85309223,0.0,0.0,4643.85791015625
2013-07-17 00:00:00+07:00,973.4974365234375,98344448,0.0,0.0,4678.818359375
2013-07-18 00:00:00+07:00,998.1427001953125,211907660,0.0,0.0,4720.25146484375
2013-07-19 00:00:00+07:00,998.1427001953125,136924865,0.0,0.0,4724.2275390625
2013-07-22 00:00:00+07:00,973.4974365234375,85606228,0.0,0.0,4678.80029296875
2013-07-23 00:00:00+07:00,1010.4655151367188,225891651,0.0,0.0,4766.9736328125
2013-07-24 00:00:00+07:00,998.1427001953125,118854302,0.0,0.0,4717.91943359375
2013-07-25 00:00:00+07:00,991.9815063476562,89087788,0.0,0.0,4673.935546875
2013-07-26 00:00:00+07:00,998.1427001953125,88557029,0.0,0.0,4658.69287109375
2013-07-29 00:00:00+07:00,967.3357543945312,115345242,0.0,0.0,4580.2880859375
2013-07-30 00:00:00+07:00,998.1427001953125,60737549,0.0,0.0,4608.30908203125
2013-07-31 00:00:00+07:00,1016.626953125,114181972,0.0,0.0,4610.197265625
2013-08-01 00:00:00+07:00,1004.3040771484375,121205593,0.0,0.0,4624.15625
2013-08-02 00:00:00+07:00,1010.4655151367188,48373335,0.0,0.0,4640.60009765625
2013-08-12 00:00:00+07:00,1016.626953125,204405530,0.0,0.0,4597.60107421875
2013-08-13 00:00:00+07:00,1016.626953125,126991693,0.0,0.0,4652.2158203125
2013-08-14 00:00:00+07:00,1022.7882690429688,138484141,0.0,0.0,4699.5498046875
2013-08-15 00:00:00+07:00,1022.7882690429688,141071936,0.0,0.0,4684.9462890625
2013-08-16 00:00:00+07:00,961.1744995117188,363798283,0.0,0.0,4568.47607421875
2013-08-19 00:00:00+07:00,881.07666015625,500580146,0.0,0.0,4313.35009765625
2013-08-20 00:00:00+07:00,844.1082153320312,718408658,0.0,0.0,4174.8203125
2013-08-21 00:00:00+07:00,831.7855834960938,482861590,0.0,0.0,4218.2841796875
2013-08-22 00:00:00+07:00,794.8173217773438,559114907,0.0,0.0,4171.25048828125
2013-08-23 00:00:00+07:00,819.4628295898438,441965633,0.0,0.0,4169.66455078125
2013-08-26 00:00:00+07:00,825.6241455078125,308406826,0.0,0.0,4120.50830078125
2013-08-27 00:00:00+07:00,807.1402587890625,260124242,0.0,0.0,3967.687744140625
2013-08-28 00:00:00+07:00,813.301513671875,467139568,0.0,0.0,4026.318603515625
2013-08-29 00:00:00+07:00,813.301513671875,475661965,0.0,0.0,4103.43310546875
2013-08-30 00:00:00+07:00,813.301513671875,215166466,0.0,0.0,4194.92578125
2013-09-02 00:00:00+07:00,782.4946899414062,307364558,0.0,0.0,4101.0732421875
2013-09-03 00:00:00+07:00,807.1402587890625,135761594,0.0,0.0,4163.85009765625
2013-09-04 00:00:00+07:00,819.4628295898438,337964337,0.0,0.0,4073.296630859375
2013-09-05 00:00:00+07:00,825.6241455078125,228339193,0.0,0.0,4050.706298828125
2013-09-06 00:00:00+07:00,831.7855834960938,139086402,0.0,0.0,4072.195556640625
2013-09-09 00:00:00+07:00,887.2381591796875,317190478,0.0,0.0,4191.0947265625
2013-09-10 00:00:00+07:00,991.9815063476562,452899822,0.0,0.0,4357.9736328125
2013-09-11 00:00:00+07:00,985.8200073242188,245774495,0.0,0.0,4349.24951171875
2013-09-12 00:00:00+07:00,961.1744995117188,299812928,0.0,0.0,4356.435546875
2013-09-13 00:00:00+07:00,967.3357543945312,144949503,0.0,0.0,4375.36865234375
2013-09-16 00:00:00+07:00,1010.4655151367188,289893507,0.0,0.0,4522.0625
2013-09-17 00:00:00+07:00,1004.3040771484375,198520428,0.0,0.0,4517.44482421875
2013-09-18 00:00:00+07:00,961.1744995117188,181959642,0.0,0.0,4463.080078125
2013-09-19 00:00:00+07:00,1028.9495849609375,477666750,0.0,0.0,4670.55126953125
2013-09-20 00:00:00+07:00,979.6586303710938,211770157,0.0,0.0,4583.6494140625
2013-09-23 00:00:00+07:00,967.3357543945312,214720958,0.0,0.0,4562.6796875
2013-09-24 00:00:00+07:00,961.1744995117188,195000368,0.0,0.0,4460.23974609375
2013-09-25 00:00:00+07:00,930.36767578125,319910275,0.0,0.0,4406.595703125
2013-09-26 00:00:00+07:00,948.8516235351562,166454875,0.0,0.0,4405.7216796875
2013-09-27 00:00:00+07:00,942.6902465820312,83491442,0.0,0.0,4423.546875
2013-09-30 00:00:00+07:00,893.3993530273438,267032362,0.0,0.0,4316.00732421875
2013-10-01 00:00:00+07:00,905.72216796875,188458005,0.0,0.0,4345.7294921875
2013-10-02 00:00:00+07:00,924.206298828125,140846432,0.0,0.0,4387.43310546875
2013-10-03 00:00:00+07:00,930.36767578125,138860898,0.0,0.0,4418.470703125
2013-10-04 00:00:00+07:00,924.206298828125,96133410,0.0,0.0,4389.17626953125
2013-10-07 00:00:00+07:00,930.36767578125,121681351,0.0,0.0,4374.78857421875
2013-10-08 00:00:00+07:00,973.4974365234375,233734787,0.0,0.0,4432.33447265625
2013-10-09 00:00:00+07:00,973.4974365234375,232937273,0.0,0.0,4457.2646484375
2013-10-10 00:00:00+07:00,991.9815063476562,197040903,0.0,0.0,4486.50390625
2013-10-11 00:00:00+07:00,991.9815063476562,184775691,0.0,0.0,4519.736328125
2013-10-16 00:00:00+07:00,1004.3040771484375,157640972,0.0,0.0,4492.0859375
2013-10-17 00:00:00+07:00,1004.3040771484375,121378846,0.0,0.0,4518.75439453125
2013-10-18 00:00:00+07:00,1010.4655151367188,110667411,0.0,0.0,4546.39404296875
2013-10-21 00:00:00+07:00,1004.3040771484375,166971884,0.0,0.0,4578.0
2013-10-22 00:00:00+07:00,991.9815063476562,100522486,0.0,0.0,4512.56787109375
2013-10-23 00:00:00+07:00,1004.3040771484375,122473365,0.0,0.0,4546.322265625
2013-10-24 00:00:00+07:00,1028.9495849609375,242980446,0.0,0.0,4594.66650390625
2013-10-25 00:00:00+07:00,1041.272216796875,372257429,0.0,0.0,4580.66748046875
2013-10-28 00:00:00+07:00,1028.9495849609375,97249929,0.0,0.0,4590.359375
2013-10-29 00:00:00+07:00,991.9815063476562,274314488,0.0,0.0,4562.5927734375
2013-10-30 00:00:00+07:00,985.8200073242188,208467350,0.0,0.0,4574.69970703125
2013-10-31 00:00:00+07:00,973.4974365234375,247160519,0.0,0.0,4510.45556640625
2013-11-01 00:00:00+07:00,942.6902465820312,364499545,0.0,0.0,4432.416015625
2013-11-04 00:00:00+07:00,948.8516235351562,202799502,0.0,0.0,4423.11572265625
2013-11-06 00:00:00+07:00,955.0131225585938,227582930,0.0,0.0,4449.5869140625
2013-11-07 00:00:00+07:00,985.8200073242188,193446591,0.0,0.0,4485.9345703125
2013-11-08 00:00:00+07:00,985.8200073242188,199298692,0.0,0.0,4476.5458984375
2013-11-11 00:00:00+07:00,973.4974365234375,117713033,0.0,0.0,4441.55126953125
2013-11-12 00:00:00+07:00,936.5289916992188,208439850,0.0,0.0,4380.46923828125
2013-11-13 00:00:00+07:00,899.5606689453125,266861859,0.0,0.0,4301.72412109375
2013-11-14 00:00:00+07:00,936.5289916992188,178115076,0.0,0.0,4367.201171875
2013-11-15 00:00:00+07:00,942.6902465820312,120322828,0.0,0.0,4335.27978515625
2013-11-18 00:00:00+07:00,955.0131225585938,137183369,0.0,0.0,4393.4208984375
2013-11-19 00:00:00+07:00,961.1744995117188,123892389,0.0,0.0,4398.1650390625
2013-11-20 00:00:00+07:00,942.6902465820312,113574211,0.0,0.0,4350.61669921875
2013-11-21 00:00:00+07:00,948.8516235351562,145661765,0.0,0.0,4326.03662109375
2013-11-22 00:00:00+07:00,942.6902465820312,83205437,0.0,0.0,4317.79150390625
2013-11-25 00:00:00+07:00,948.8516235351562,105535822,0.0,0.0,4334.634765625
2013-11-26 00:00:00+07:00,911.8836669921875,251082086,0.0,0.0,4235.09619140625
2013-11-27 00:00:00+07:00,899.5606689453125,157228465,0.0,0.0,4251.32373046875
2013-11-28 00:00:00+07:00,893.3993530273438,78425854,0.0,0.0,4233.759765625
2013-11-29 00:00:00+07:00,918.0449829101562,108178618,0.0,0.0,4256.2705078125
2013-12-02 00:00:00+07:00,948.8516235351562,158806992,0.0,0.0,4321.80859375
2013-12-03 00:00:00+07:00,936.5289916992188,96966674,0.0,0.0,4288.59716796875
2013-12-04 00:00:00+07:00,924.206298828125,94964640,0.0,0.0,4241.13671875
2013-12-05 00:00:00+07:00,905.72216796875,113389958,0.0,0.0,4216.72998046875
2013-12-06 00:00:00+07:00,881.07666015625,168415658,0.0,0.0,4180.62548828125
2013-12-09 00:00:00+07:00,899.5606689453125,121087341,0.0,0.0,4214.177734375
2013-12-10 00:00:00+07:00,893.3993530273438,249616311,0.0,0.0,4275.51171875
2013-12-11 00:00:00+07:00,905.72216796875,107119850,0.0,0.0,4271.57666015625
2013-12-12 00:00:00+07:00,881.07666015625,189918280,0.0,0.0,4212.0537109375
2013-12-13 00:00:00+07:00,862.5924682617188,170929202,0.0,0.0,4174.66748046875
2013-12-16 00:00:00+07:00,837.9469604492188,209999127,0.0,0.0,4125.79541015625
2013-12-17 00:00:00+07:00,856.4309692382812,193270588,0.0,0.0,4182.18359375
2013-12-18 00:00:00+07:00,874.9153442382812,180095110,0.0,0.0,4196.119140625
2013-12-19 00:00:00+07:00,874.9153442382812,216409487,0.0,0.0,4231.81494140625
2013-12-20 00:00:00+07:00,844.1082153320312,165893865,0.0,0.0,4195.39306640625
2013-12-23 00:00:00+07:00,862.5924682617188,141641196,0.0,0.0,4189.4453125
2013-12-24 00:00:00+07:00,862.5924682617188,36823136,0.0,0.0,4202.669921875
2013-12-27 00:00:00+07:00,881.07666015625,96059159,0.0,0.0,4212.81591796875
2013-12-30 00:00:00+07:00,893.3993530273438,103476037,0.0,0.0,4274.01025390625
2014-01-02 00:00:00+07:00,899.5606689453125,134892579,0.0,0.0,4327.0966796875
2014-01-03 00:00:00+07:00,893.3993530273438,112952700,0.0,0.0,4257.4970703125
2014-01-06 00:00:00+07:00,865.6732177734375,123158677,0.0,0.0,4202.64501953125
2014-01-07 00:00:00+07:00,871.8345336914062,97870340,0.0,0.0,4175.6435546875
2014-01-08 00:00:00+07:00,884.1573486328125,105881778,0.0,0.0,4200.42919921875
2014-01-09 00:00:00+07:00,902.6414794921875,233971291,0.0,0.0,4201.05419921875
2014-01-10 00:00:00+07:00,936.5289916992188,333963018,0.0,0.0,4254.8056640625
2014-01-13 00:00:00+07:00,1032.0303955078125,761610254,0.0,0.0,4390.60009765625
2014-01-15 00:00:00+07:00,1044.35302734375,359481259,0.0,0.0,4441.42138671875
2014-01-16 00:00:00+07:00,998.1427001953125,149927089,0.0,0.0,4412.3173828125
2014-01-17 00:00:00+07:00,1025.8690185546875,125248713,0.0,0.0,4412.056640625
2014-01-20 00:00:00+07:00,1010.4655151367188,73382817,0.0,0.0,4431.3994140625
2014-01-21 00:00:00+07:00,1025.8690185546875,138343889,0.0,0.0,4452.326171875
2014-01-22 00:00:00+07:00,1035.1112060546875,227383827,0.0,0.0,4477.314453125
2014-01-23 00:00:00+07:00,1072.079345703125,369611334,0.0,0.0,4495.86669921875
2014-01-24 00:00:00+07:00,1035.1112060546875,280965202,0.0,0.0,4437.169921875
2014-01-27 00:00:00+07:00,1016.626953125,238559470,0.0,0.0,4322.611328125
2014-01-28 00:00:00+07:00,1007.3849487304688,147482297,0.0,0.0,4341.48193359375
2014-01-29 00:00:00+07:00,1022.7882690429688,276946833,0.0,0.0,4417.1767578125
2014-01-30 00:00:00+07:00,1025.8690185546875,160342069,0.0,0.0,4418.58447265625
2014-02-03 00:00:00+07:00,1022.7882690429688,125575418,0.0,0.0,4386.087890625
2014-02-04 00:00:00+07:00,1019.7074584960938,171252607,0.0,0.0,4352.08642578125
2014-02-05 00:00:00+07:00,1025.8690185546875,144206990,0.0,0.0,4384.13916015625
2014-02-06 00:00:00+07:00,1035.1112060546875,190562891,0.0,0.0,4424.53662109375
2014-02-07 00:00:00+07:00,1075.15966796875,273969632,0.0,0.0,4466.49072265625
2014-02-10 00:00:00+07:00,1072.079345703125,171739916,0.0,0.0,4450.5751953125
2014-02-11 00:00:00+07:00,1084.40185546875,171472611,0.0,0.0,4470.015625
2014-02-12 00:00:00+07:00,1068.99853515625,187153932,0.0,0.0,4496.11083984375
2014-02-13 00:00:00+07:00,1072.079345703125,133719409,0.0,0.0,4491.48486328125
2014-02-14 00:00:00+07:00,1075.15966796875,282518979,0.0,0.0,4507.86865234375
2014-02-17 00:00:00+07:00,1102.88623046875,491929046,0.0,0.0,4555.19091796875
2014-02-18 00:00:00+07:00,1109.047607421875,191644760,0.0,0.0,4556.013671875
2014-02-19 00:00:00+07:00,1155.2578125,509337947,0.0,0.0,4592.47216796875
2014-02-20 00:00:00+07:00,1176.822509765625,369750486,0.0,0.0,4598.04248046875
2014-02-21 00:00:00+07:00,1189.1455078125,282791784,0.0,0.0,4645.9716796875
2014-02-24 00:00:00+07:00,1189.1455078125,251516594,0.0,0.0,4623.39453125
2014-02-25 00:00:00+07:00,1161.4190673828125,255164807,0.0,0.0,4577.11279296875
2014-02-26 00:00:00+07:00,1161.4190673828125,374460767,0.0,0.0,4532.54345703125
2014-02-27 00:00:00+07:00,1133.6929931640625,140810682,0.0,0.0,4568.76220703125
2014-02-28 00:00:00+07:00,1142.934814453125,157632172,0.0,0.0,4620.0361328125
2014-03-03 00:00:00+07:00,1139.8544921875,167311789,0.0,0.0,4584.0263671875
2014-03-04 00:00:00+07:00,1127.53173828125,152196428,0.0,0.0,4601.10546875
2014-03-05 00:00:00+07:00,1142.934814453125,261788571,0.0,0.0,4658.99072265625
2014-03-06 00:00:00+07:00,1173.741943359375,317662936,0.0,0.0,4687.67431640625
2014-03-07 00:00:00+07:00,1139.8544921875,172779984,0.0,0.0,4685.70751953125
2014-03-10 00:00:00+07:00,1118.2896728515625,224903834,0.0,0.0,4677.064453125
2014-03-11 00:00:00+07:00,1136.77392578125,133374003,0.0,0.0,4704.03076171875
2014-03-12 00:00:00+07:00,1127.53173828125,119551164,0.0,0.0,4684.2021484375
2014-03-13 00:00:00+07:00,1149.0965576171875,157158614,0.0,0.0,4725.98291015625
2014-03-14 00:00:00+07:00,1269.2431640625,460656056,0.0,0.0,4878.453125
2014-03-17 00:00:00+07:00,1232.2750244140625,372711165,0.0,0.0,4875.998046875
2014-03-18 00:00:00+07:00,1195.306884765625,265157379,0.0,0.0,4805.4248046875
2014-03-19 00:00:00+07:00,1210.710205078125,140086869,0.0,0.0,4821.26953125
2014-03-20 00:00:00+07:00,1176.822509765625,200903620,0.0,0.0,4698.7900390625
2014-03-21 00:00:00+07:00,1146.015869140625,348350716,0.0,0.0,4700.03173828125
2014-03-24 00:00:00+07:00,1161.4190673828125,186211766,0.0,0.0,4720.236328125
2014-03-25 00:00:00+07:00,1173.741943359375,189511823,0.0,0.0,4702.90771484375
2014-03-26 00:00:00+07:00,1164.5,178582584,0.0,0.0,4728.05615234375
2014-03-27 00:00:00+07:00,1164.5,178849889,0.0,0.0,4722.87353515625
2014-03-28 00:00:00+07:00,1179.9033203125,190962198,0.0,0.0,4768.09130859375
2014-04-01 00:00:00+07:00,1232.2750244140625,335194489,0.0,0.0,4873.744140625
2014-04-02 00:00:00+07:00,1232.2750244140625,171624414,0.0,0.0,4870.015625
2014-04-03 00:00:00+07:00,1244.597900390625,136000849,0.0,0.0,4891.12939453125
2014-04-04 00:00:00+07:00,1226.1136474609375,135563591,0.0,0.0,4857.7548828125
2014-04-07 00:00:00+07:00,1235.355712890625,235110910,0.0,0.0,4920.84765625
2014-04-08 00:00:00+07:00,1253.840087890625,312183742,0.0,0.0,4921.21240234375
2014-04-09 00:00:00+07:00,1253.840087890625,0,0.0,0.0,
2014-04-10 00:00:00+07:00,1161.4190673828125,730464316,0.0,0.0,4765.54345703125
2014-04-11 00:00:00+07:00,1176.822509765625,257335694,0.0,0.0,4816.388671875
2014-04-14 00:00:00+07:00,1204.548828125,198514928,0.0,0.0,4864.69482421875
2014-04-15 00:00:00+07:00,1213.7908935546875,178683236,0.0,0.0,4870.025390625
2014-04-16 00:00:00+07:00,1226.1136474609375,91413778,0.0,0.0,4872.8212890625
2014-04-17 00:00:00+07:00,1232.2750244140625,84766914,0.0,0.0,4896.861328125
2014-04-21 00:00:00+07:00,1238.4364013671875,102461269,0.0,0.0,4892.09765625
2014-04-22 00:00:00+07:00,1256.9205322265625,156262099,0.0,0.0,4898.015625
2014-04-23 00:00:00+07:00,1235.355712890625,112683196,0.0,0.0,4892.95751953125
2014-04-24 00:00:00+07:00,1238.4364013671875,192180469,0.0,0.0,4890.888671875
2014-04-25 00:00:00+07:00,1232.2750244140625,166418574,0.0,0.0,4897.45263671875
2014-04-28 00:00:00+07:00,1210.710205078125,212491220,0.0,0.0,4818.5703125
2014-04-29 00:00:00+07:00,1236.94580078125,128020211,46.78594,0.0,4819.49365234375
2014-04-30 00:00:00+07:00,1252.763427734375,208462400,0.0,0.0,4839.95751953125
2014-05-02 00:00:00+07:00,1271.7447509765625,155627388,0.0,0.0,4838.5712890625
2014-05-05 00:00:00+07:00,1274.9083251953125,77978696,0.0,0.0,4842.31396484375
2014-05-06 00:00:00+07:00,1268.5811767578125,36812685,0.0,0.0,4834.27978515625
2014-05-07 00:00:00+07:00,1287.562744140625,186565422,0.0,0.0,4861.8798828125
2014-05-08 00:00:00+07:00,1274.9083251953125,89721399,0.0,0.0,4860.7001953125
2014-05-09 00:00:00+07:00,1281.2352294921875,95212694,0.0,0.0,4897.94775390625
2014-05-12 00:00:00+07:00,1274.9083251953125,99616620,0.0,0.0,4912.806640625
2014-05-13 00:00:00+07:00,1271.7447509765625,109492591,0.0,0.0,4921.20263671875
2014-05-14 00:00:00+07:00,1338.17919921875,264623870,0.0,0.0,4991.44189453125
2014-05-16 00:00:00+07:00,1363.4874267578125,247752329,0.0,0.0,5031.375
2014-05-19 00:00:00+07:00,1388.7958984375,196334141,0.0,0.0,5014.80126953125
2014-05-20 00:00:00+07:00,1335.015625,224385175,0.0,0.0,4895.7646484375
2014-05-21 00:00:00+07:00,1325.5250244140625,113559361,0.0,0.0,4910.1005859375
2014-05-22 00:00:00+07:00,1366.651123046875,159253050,0.0,0.0,4969.6884765625
2014-05-23 00:00:00+07:00,1369.8145751953125,73599521,0.0,0.0,4972.86376953125
2014-05-26 00:00:00+07:00,1350.8333740234375,72206347,0.0,0.0,4963.7314453125
2014-05-28 00:00:00+07:00,1353.996826171875,115600996,0.0,0.0,4985.38427734375
2014-05-30 00:00:00+07:00,1290.7259521484375,315048191,0.0,0.0,4893.7177734375
2014-06-02 00:00:00+07:00,1303.380126953125,164202586,0.0,0.0,4911.8994140625
2014-06-03 00:00:00+07:00,1309.707275390625,115929902,0.0,0.0,4941.96435546875
2014-06-04 00:00:00+07:00,1300.2166748046875,160739726,0.0,0.0,4932.3720703125
2014-06-05 00:00:00+07:00,1284.3990478515625,184461086,0.0,0.0,4935.3720703125
2014-06-06 00:00:00+07:00,1274.9083251953125,208275397,0.0,0.0,4936.98388671875
2014-06-09 00:00:00+07:00,1249.5999755859375,258611716,0.0,0.0,4884.89306640625
2014-06-10 00:00:00+07:00,1293.889404296875,259488982,0.0,0.0,4945.89697265625
2014-06-11 00:00:00+07:00,1300.2166748046875,140282123,0.0,0.0,4971.75244140625
2014-06-12 00:00:00+07:00,1284.3990478515625,124005141,0.0,0.0,4934.21533203125
2014-06-13 00:00:00+07:00,1287.562744140625,69381498,0.0,0.0,4926.4716796875
2014-06-16 00:00:00+07:00,1284.3990478515625,96691670,0.0,0.0,4885.26904296875
2014-06-17 00:00:00+07:00,1287.562744140625,88185773,0.0,0.0,4909.32568359375
2014-06-18 00:00:00+07:00,1278.072021484375,96515667,0.0,0.0,4887.669921875
2014-06-19 00:00:00+07:00,1271.7447509765625,86615496,0.0,0.0,4864.083984375
2014-06-20 00:00:00+07:00,1265.417724609375,131853777,0.0,0.0,4847.51220703125
2014-06-23 00:00:00+07:00,1255.9271240234375,185597405,0.0,0.0,4841.9404296875
2014-06-24 00:00:00+07:00,1265.417724609375,130516704,0.0,0.0,4862.05126953125
2014-06-25 00:00:00+07:00,1274.9083251953125,148129658,0.0,0.0,4838.79345703125
2014-06-26 00:00:00+07:00,1271.7447509765625,191767962,0.0,0.0,4872.22998046875
2014-06-27 00:00:00+07:00,1278.072021484375,122130159,0.0,0.0,4844.94482421875
2014-06-30 00:00:00+07:00,1306.5435791015625,202094940,0.0,0.0,4878.39208984375
2014-07-01 00:00:00+07:00,1312.870849609375,89092188,0.0,0.0,4884.63525390625
2014-07-02 00:00:00+07:00,1303.380126953125,71485284,0.0,0.0,4908.08251953125
2014-07-03 00:00:00+07:00,1287.562744140625,211895009,0.0,0.0,4888.544921875
2014-07-04 00:00:00+07:00,1290.7259521484375,92172792,0.0,0.0,4905.6337890625
2014-07-07 00:00:00+07:00,1335.015625,295218699,0.0,0.0,4988.83642578125
2014-07-08 00:00:00+07:00,1414.1041259765625,354098866,0.0,0.0,5024.51611328125
2014-07-09 00:00:00+07:00,1414.1041259765625,0,0.0,0.0,
2014-07-10 00:00:00+07:00,1477.375244140625,554321024,0.0,0.0,5097.8115234375
2014-07-11 00:00:00+07:00,1455.2303466796875,258036406,0.0,0.0,5032.4033203125
2014-07-14 00:00:00+07:00,1439.4124755859375,238902676,0.0,0.0,5020.8671875
2014-07-15 00:00:00+07:00,1467.884521484375,136776912,0.0,0.0,5070.62353515625
2014-07-16 00:00:00+07:00,1442.5760498046875,190938547,0.0,0.0,5113.73095703125
2014-07-17 00:00:00+07:00,1445.73974609375,149388080,0.0,0.0,5071.0048828125
2014-07-18 00:00:00+07:00,1464.7208251953125,87621463,0.0,0.0,5086.81640625
2014-07-21 00:00:00+07:00,1480.5386962890625,192853131,0.0,0.0,5126.923828125
2014-07-22 00:00:00+07:00,1445.73974609375,336835167,0.0,0.0,5083.3232421875
2014-07-23 00:00:00+07:00,1442.5760498046875,226882768,0.0,0.0,5093.03173828125
2014-07-24 00:00:00+07:00,1439.4124755859375,246104500,0.0,0.0,5098.44287109375
2014-07-25 00:00:00+07:00,1417.2679443359375,178341680,0.0,0.0,5088.60400390625
2014-08-04 00:00:00+07:00,1388.7958984375,442724096,0.0,0.0,5119.0458984375
2014-08-05 00:00:00+07:00,1369.8145751953125,244880729,0.0,0.0,5108.8876953125
2014-08-06 00:00:00+07:00,1344.5062255859375,243311002,0.0,0.0,5058.02978515625
2014-08-07 00:00:00+07:00,1366.651123046875,177083808,0.0,0.0,5066.78076171875
2014-08-08 00:00:00+07:00,1360.323974609375,121311195,0.0,0.0,5053.56298828125
2014-08-11 00:00:00+07:00,1382.46875,156976561,0.0,0.0,5113.03662109375
2014-08-12 00:00:00+07:00,1379.3052978515625,95192894,0.0,0.0,5132.1953125
2014-08-13 00:00:00+07:00,1382.46875,143920435,0.0,0.0,5168.0673828125
2014-08-14 00:00:00+07:00,1369.8145751953125,156620705,0.0,0.0,5155.34619140625
2014-08-15 00:00:00+07:00,1360.323974609375,154913475,0.0,0.0,5148.76171875
2014-08-18 00:00:00+07:00,1366.651123046875,143504078,0.0,0.0,5156.55029296875
2014-08-19 00:00:00+07:00,1372.9781494140625,240603855,0.0,0.0,5164.966796875
2014-08-20 00:00:00+07:00,1395.123046875,243446304,0.0,0.0,5189.96533203125
2014-08-21 00:00:00+07:00,1417.2679443359375,219818996,0.0,0.0,5205.93310546875
2014-08-22 00:00:00+07:00,1426.7584228515625,166041267,0.0,0.0,5198.69384765625
2014-08-25 00:00:00+07:00,1429.9219970703125,107005448,0.0,0.0,5184.75439453125
2014-08-26 00:00:00+07:00,1401.4501953125,197038153,0.0,0.0,5146.3515625
2014-08-27 00:00:00+07:00,1407.7769775390625,93320661,0.0,0.0,5165.0458984375
2014-08-28 00:00:00+07:00,1404.613525390625,77968246,0.0,0.0,5184.27734375
2014-08-29 00:00:00+07:00,1398.2862548828125,107936064,0.0,0.0,5136.66259765625
2014-09-01 00:00:00+07:00,1398.2862548828125,30369324,0.0,0.0,5177.41650390625
2014-09-02 00:00:00+07:00,1404.613525390625,65922488,0.0,0.0,5201.3837890625
2014-09-03 00:00:00+07:00,1407.7769775390625,82468974,0.0,0.0,5223.93115234375
2014-09-04 00:00:00+07:00,1398.2862548828125,95065842,0.0,0.0,5205.119140625
2014-09-05 00:00:00+07:00,1385.6324462890625,162595458,0.0,0.0,5217.1318359375
2014-09-08 00:00:00+07:00,1385.6324462890625,178824038,0.0,0.0,5246.27880859375
2014-09-09 00:00:00+07:00,1369.8145751953125,205028691,0.0,0.0,5196.9169921875
2014-09-10 00:00:00+07:00,1360.323974609375,165345505,0.0,0.0,5142.791015625
2014-09-11 00:00:00+07:00,1357.1605224609375,123919340,0.0,0.0,5132.83349609375
2014-09-12 00:00:00+07:00,1338.17919921875,226718865,0.0,0.0,5143.5107421875
2014-09-15 00:00:00+07:00,1319.1978759765625,216780194,0.0,0.0,5144.69775390625
2014-09-16 00:00:00+07:00,1306.5435791015625,224782282,0.0,0.0,5130.30322265625
2014-09-17 00:00:00+07:00,1316.0341796875,205312496,0.0,0.0,5187.982421875
2014-09-18 00:00:00+07:00,1328.6884765625,205835555,0.0,0.0,5207.93896484375
2014-09-19 00:00:00+07:00,1366.651123046875,222901800,0.0,0.0,5227.37841796875
2014-09-22 00:00:00+07:00,1366.651123046875,114123671,0.0,0.0,5219.60009765625
2014-09-23 00:00:00+07:00,1347.669921875,137554075,0.0,0.0,5187.912109375
2014-09-24 00:00:00+07:00,1341.3424072265625,80394338,0.0,0.0,5173.80517578125
2014-09-25 00:00:00+07:00,1363.4874267578125,127735856,0.0,0.0,5201.1767578125
2014-09-26 00:00:00+07:00,1309.707275390625,302285771,0.0,0.0,5132.36328125
2014-09-29 00:00:00+07:00,1312.870849609375,195186271,0.0,0.0,5141.81103515625
2014-09-30 00:00:00+07:00,1319.1978759765625,272048998,0.0,0.0,5137.37890625
2014-10-01 00:00:00+07:00,1360.323974609375,251435742,0.0,0.0,5140.712890625
2014-10-02 00:00:00+07:00,1309.707275390625,196628946,0.0,0.0,5000.6142578125
2014-10-03 00:00:00+07:00,1268.5811767578125,310662965,0.0,0.0,4949.1533203125
2014-10-06 00:00:00+07:00,1331.8519287109375,159627607,0.0,0.0,4999.943359375
2014-10-07 00:00:00+07:00,1325.5250244140625,107879963,0.0,0.0,5032.64501953125
2014-10-08 00:00:00+07:00,1278.072021484375,247012566,0.0,0.0,4958.326171875
2014-10-09 00:00:00+07:00,1297.0528564453125,98315848,0.0,0.0,4993.6845703125
2014-10-10 00:00:00+07:00,1278.072021484375,132756893,0.0,0.0,4962.7666015625
2014-10-13 00:00:00+07:00,1271.7447509765625,89335843,0.0,0.0,4912.86181640625
2014-10-14 00:00:00+07:00,1278.072021484375,147576349,0.0,0.0,4922.390625
2014-10-15 00:00:00+07:00,1309.707275390625,116389710,0.0,0.0,4962.74658203125
2014-10-16 00:00:00+07:00,1293.889404296875,169907284,0.0,0.0,4951.4208984375
2014-10-17 00:00:00+07:00,1353.996826171875,400052709,0.0,0.0,5028.75
2014-10-20 00:00:00+07:00,1353.996826171875,246106700,0.0,0.0,5040.33642578125
2014-10-21 00:00:00+07:00,1338.17919921875,161867245,0.0,0.0,5029.1484375
2014-10-22 00:00:00+07:00,1357.1605224609375,121057640,0.0,0.0,5074.1259765625
2014-10-23 00:00:00+07:00,1372.9781494140625,260147343,0.0,0.0,5103.3193359375
2014-10-24 00:00:00+07:00,1366.651123046875,164000732,0.0,0.0,5072.87060546875
2014-10-27 00:00:00+07:00,1335.015625,105666725,0.0,0.0,5024.09619140625
2014-10-28 00:00:00+07:00,1328.6884765625,141338691,0.0,0.0,5001.109375
2014-10-29 00:00:00+07:00,1369.8145751953125,153552752,0.0,0.0,5073.85888671875
2014-10-30 00:00:00+07:00,1369.8145751953125,90322560,0.0,0.0,5058.65185546875
2014-10-31 00:00:00+07:00,1401.4501953125,189503573,0.0,0.0,5089.34912109375
2014-11-03 00:00:00+07:00,1404.613525390625,112812448,0.0,0.0,5085.31103515625
2014-11-04 00:00:00+07:00,1395.123046875,53685877,0.0,0.0,5070.74267578125
2014-11-05 00:00:00+07:00,1401.4501953125,56774730,0.0,0.0,5066.634765625
2014-11-06 00:00:00+07:00,1366.651123046875,104090947,0.0,0.0,5034.03515625
2014-11-07 00:00:00+07:00,1347.669921875,91080473,0.0,0.0,4987.22998046875
2014-11-10 00:00:00+07:00,1350.8333740234375,64480363,0.0,0.0,4965.19384765625
2014-11-11 00:00:00+07:00,1382.46875,89264341,0.0,0.0,5032.08837890625
2014-11-12 00:00:00+07:00,1385.6324462890625,110399556,0.0,0.0,5048.64404296875
2014-11-13 00:00:00+07:00,1391.9595947265625,91730584,0.0,0.0,5048.47119140625
2014-11-14 00:00:00+07:00,1401.4501953125,154882125,0.0,0.0,5049.291015625
2014-11-17 00:00:00+07:00,1401.4501953125,107177601,0.0,0.0,5053.74609375
2014-11-18 00:00:00+07:00,1410.9405517578125,140453175,0.0,0.0,5102.2705078125
2014-11-19 00:00:00+07:00,1404.613525390625,117345076,0.0,0.0,5127.73388671875
2014-11-20 00:00:00+07:00,1407.7769775390625,63795051,0.0,0.0,5093.36767578125
2014-11-21 00:00:00+07:00,1414.1041259765625,103153181,0.0,0.0,5111.845703125
2014-11-24 00:00:00+07:00,1423.5947265625,104831810,0.0,0.0,5141.56396484375
2014-11-25 00:00:00+07:00,1426.7584228515625,156868209,0.0,0.0,5118.74560546875
2014-11-26 00:00:00+07:00,1452.066650390625,96419965,0.0,0.0,5132.83642578125
2014-11-27 00:00:00+07:00,1455.2303466796875,61671465,0.0,0.0,5145.11474609375
2014-11-28 00:00:00+07:00,1458.39404296875,83248337,0.0,0.0,5149.68798828125
2014-12-01 00:00:00+07:00,1471.0479736328125,123258228,0.0,0.0,5164.0869140625
2014-12-02 00:00:00+07:00,1474.21142578125,88893635,0.0,0.0,5175.59130859375
2014-12-03 00:00:00+07:00,1467.884521484375,119154608,0.0,0.0,5165.8427734375
2014-12-04 00:00:00+07:00,1452.066650390625,150795554,0.0,0.0,5176.95849609375
2014-12-05 00:00:00+07:00,1452.066650390625,117458928,0.0,0.0,5187.79248046875
2014-12-08 00:00:00+07:00,1433.0853271484375,127174846,0.0,0.0,5143.81396484375
2014-12-09 00:00:00+07:00,1420.4312744140625,158860893,0.0,0.0,5122.11279296875
2014-12-10 00:00:00+07:00,1461.55712890625,139640261,0.0,0.0,5165.2060546875
2014-12-11 00:00:00+07:00,1455.2303466796875,142874317,0.0,0.0,5152.49462890625
2014-12-12 00:00:00+07:00,1474.21142578125,111855432,0.0,0.0,5160.232421875
2014-12-15 00:00:00+07:00,1448.903076171875,106262935,0.0,0.0,5108.23291015625
2014-12-16 00:00:00+07:00,1401.4501953125,263685554,0.0,0.0,5025.83203125
2014-12-17 00:00:00+07:00,1429.9219970703125,197011752,0.0,0.0,5035.453125
2014-12-18 00:00:00+07:00,1467.884521484375,140020318,0.0,0.0,5113.14599609375
2014-12-19 00:00:00+07:00,1458.39404296875,179722754,0.0,0.0,5144.4208984375
2014-12-22 00:00:00+07:00,1467.884521484375,77788943,0.0,0.0,5125.57275390625
2014-12-23 00:00:00+07:00,1480.5386962890625,67485615,0.0,0.0,5138.86767578125
2014-12-24 00:00:00+07:00,1467.884521484375,44033760,0.0,0.0,5166.78125
2014-12-29 00:00:00+07:00,1474.21142578125,50579423,0.0,0.0,5178.17138671875
2014-12-30 00:00:00+07:00,1474.21142578125,83777447,0.0,0.0,5226.7431640625
2015-01-02 00:00:00+07:00,1474.21142578125,49671357,0.0,0.0,5242.56494140625
2015-01-05 00:00:00+07:00,1467.884521484375,54526841,0.0,0.0,5219.7919921875
2015-01-06 00:00:00+07:00,1458.39404296875,71601886,0.0,0.0,5168.8583984375
2015-01-07 00:00:00+07:00,1490.029296875,160783727,0.0,0.0,5206.9150390625
2015-01-08 00:00:00+07:00,1515.3375244140625,161332636,0.0,0.0,5211.625
2015-01-09 00:00:00+07:00,1521.664794921875,147933855,0.0,0.0,5216.4619140625
2015-01-12 00:00:00+07:00,1486.86572265625,98847157,0.0,0.0,5187.7314453125
2015-01-13 00:00:00+07:00,1496.3564453125,86738698,0.0,0.0,5214.15576171875
2015-01-14 00:00:00+07:00,1486.86572265625,88165422,0.0,0.0,5159.46728515625
2015-01-15 00:00:00+07:00,1480.5386962890625,163544774,0.0,0.0,5188.51025390625
2015-01-16 00:00:00+07:00,1464.7208251953125,160613224,0.0,0.0,5148.1787109375
2015-01-19 00:00:00+07:00,1467.884521484375,102499770,0.0,0.0,5151.892578125
2015-01-20 00:00:00+07:00,1455.2303466796875,305800881,0.0,0.0,5165.888671875
2015-01-21 00:00:00+07:00,1445.73974609375,238037511,0.0,0.0,5215.06298828125
2015-01-22 00:00:00+07:00,1452.066650390625,179535751,0.0,0.0,5252.978515625
2015-01-23 00:00:00+07:00,1502.68359375,185410952,0.0,0.0,5323.67724609375
2015-01-26 00:00:00+07:00,1502.68359375,200738617,0.0,0.0,5259.81884765625
2015-01-27 00:00:00+07:00,1509.010498046875,136142751,0.0,0.0,5276.94384765625
2015-01-28 00:00:00+07:00,1480.5386962890625,162863863,0.0,0.0,5268.64697265625
2015-01-29 00:00:00+07:00,1480.5386962890625,102927127,0.0,0.0,5262.5126953125
2015-01-30 00:00:00+07:00,1477.375244140625,147868954,0.0,0.0,5289.19775390625
2015-02-02 00:00:00+07:00,1483.7020263671875,74154480,0.0,0.0,5276.03076171875
2015-02-03 00:00:00+07:00,1486.86572265625,102041612,0.0,0.0,5291.51171875
2015-02-04 00:00:00+07:00,1490.029296875,214824910,0.0,0.0,5315.0771484375
2015-02-05 00:00:00+07:00,1480.5386962890625,142598763,0.0,0.0,5279.689453125
2015-02-06 00:00:00+07:00,1474.21142578125,194154453,0.0,0.0,5342.30712890625
2015-02-09 00:00:00+07:00,1477.375244140625,143648731,0.0,0.0,5348.26220703125
2015-02-10 00:00:00+07:00,1474.21142578125,155653238,0.0,0.0,5321.2666015625
2015-02-11 00:00:00+07:00,1480.5386962890625,115794600,0.0,0.0,5336.3115234375
2015-02-12 00:00:00+07:00,1502.68359375,227360177,0.0,0.0,5343.203125
2015-02-13 00:00:00+07:00,1518.5010986328125,263997959,0.0,0.0,5373.95556640625
2015-02-16 00:00:00+07:00,1521.664794921875,296563472,0.0,0.0,5325.28759765625
2015-02-17 00:00:00+07:00,1518.5010986328125,138546843,0.0,0.0,5337.29345703125
2015-02-18 00:00:00+07:00,1578.608642578125,546873345,0.0,0.0,5390.23974609375
2015-02-20 00:00:00+07:00,1610.243896484375,205554500,0.0,0.0,5399.8935546875
2015-02-23 00:00:00+07:00,1607.08056640625,195699430,0.0,0.0,5403.06640625
2015-02-24 00:00:00+07:00,1619.734619140625,238958777,0.0,0.0,5417.103515625
2015-02-25 00:00:00+07:00,1635.55224609375,117731733,0.0,0.0,5444.89599609375
2015-02-26 00:00:00+07:00,1638.7159423828125,116841818,0.0,0.0,5451.2099609375
2015-02-27 00:00:00+07:00,1629.22509765625,103315434,0.0,0.0,5450.08203125
2015-03-02 00:00:00+07:00,1638.7159423828125,114639580,0.0,0.0,5477.61767578125
2015-03-03 00:00:00+07:00,1629.22509765625,92189292,0.0,0.0,5474.40576171875
2015-03-04 00:00:00+07:00,1622.8980712890625,117220774,0.0,0.0,5447.84716796875
2015-03-05 00:00:00+07:00,1626.0616455078125,90490312,0.0,0.0,5450.73486328125
2015-03-06 00:00:00+07:00,1654.533447265625,96560217,0.0,0.0,5514.57275390625
2015-03-09 00:00:00+07:00,1635.55224609375,98470400,0.0,0.0,5444.421875
2015-03-10 00:00:00+07:00,1629.22509765625,91844436,0.0,0.0,5462.7158203125
2015-03-11 00:00:00+07:00,1626.0616455078125,150966057,0.0,0.0,5419.35498046875
2015-03-12 00:00:00+07:00,1632.3887939453125,75197298,0.0,0.0,5439.6201171875
2015-03-13 00:00:00+07:00,1613.4075927734375,135312787,0.0,0.0,5426.2548828125
2015-03-16 00:00:00+07:00,1632.3887939453125,78571607,0.0,0.0,5435.05908203125
2015-03-17 00:00:00+07:00,1635.55224609375,66427397,0.0,0.0,5438.94091796875
2015-03-18 00:00:00+07:00,1641.8792724609375,95450848,0.0,0.0,5412.9404296875
2015-03-19 00:00:00+07:00,1651.3701171875,100387733,0.0,0.0,5453.64208984375
2015-03-20 00:00:00+07:00,1632.3887939453125,149571783,0.0,0.0,5442.85302734375
2015-03-23 00:00:00+07:00,1632.3887939453125,118939004,0.0,0.0,5436.88623046875
2015-03-24 00:00:00+07:00,1645.042724609375,116933669,0.0,0.0,5447.43603515625
2015-03-25 00:00:00+07:00,1664.024169921875,121217143,0.0,0.0,5405.2783203125
2015-03-26 00:00:00+07:00,1660.8604736328125,117552430,0.0,0.0,5368.5908203125
2015-03-27 00:00:00+07:00,1692.550048828125,136639960,53.599255,0.0,5396.64404296875
2015-03-30 00:00:00+07:00,1686.0777587890625,144405544,0.0,0.0,5438.44384765625
2015-03-31 00:00:00+07:00,1718.43994140625,211002894,0.0,0.0,5518.4599609375
2015-04-01 00:00:00+07:00,1682.8411865234375,212229965,0.0,0.0,5466.65478515625
2015-04-02 00:00:00+07:00,1682.8411865234375,125102960,0.0,0.0,5456.18701171875
2015-04-06 00:00:00+07:00,1686.0777587890625,102198365,0.0,0.0,5479.8173828125
2015-04-07 00:00:00+07:00,1705.4947509765625,126392733,0.0,0.0,5523.07470703125
2015-04-08 00:00:00+07:00,1695.786376953125,105140366,0.0,0.0,5486.3701171875
2015-04-09 00:00:00+07:00,1692.550048828125,43622903,0.0,0.0,5500.68603515625
2015-04-10 00:00:00+07:00,1686.0777587890625,60428993,0.0,0.0,5491.1259765625
2015-04-13 00:00:00+07:00,1682.8411865234375,136079500,0.0,0.0,5447.197265625
2015-04-14 00:00:00+07:00,1682.8411865234375,94192426,0.0,0.0,5418.89599609375
2015-04-15 00:00:00+07:00,1692.550048828125,80791995,0.0,0.0,5414.33642578125
2015-04-16 00:00:00+07:00,1699.022216796875,75442053,0.0,0.0,5420.52197265625
2015-04-17 00:00:00+07:00,1682.8411865234375,99767323,0.0,0.0,5410.43359375
2015-04-20 00:00:00+07:00,1702.2587890625,109599293,0.0,0.0,5400.5927734375
2015-04-21 00:00:00+07:00,1708.731201171875,48140131,0.0,0.0,5460.36083984375
2015-04-22 00:00:00+07:00,1705.4947509765625,100332182,0.0,0.0,5436.9072265625
2015-04-23 00:00:00+07:00,1689.3138427734375,207800189,0.0,0.0,5435.9970703125
2015-04-24 00:00:00+07:00,1676.3690185546875,164811446,0.0,0.0,5435.14306640625
2015-04-27 00:00:00+07:00,1556.6282958984375,497780047,0.0,0.0,5245.24169921875
2015-04-28 00:00:00+07:00,1537.2110595703125,342672968,0.0,0.0,5241.953125
2015-04-29 00:00:00+07:00,1504.8485107421875,376079995,0.0,0.0,5105.36376953125
2015-04-30 00:00:00+07:00,1504.8485107421875,258526465,0.0,0.0,5086.22705078125
2015-05-04 00:00:00+07:00,1504.8485107421875,232215660,0.0,0.0,5140.93701171875
2015-05-05 00:00:00+07:00,1514.557373046875,234983858,0.0,0.0,5160.107421875
2015-05-06 00:00:00+07:00,1521.029541015625,178719536,0.0,0.0,5184.74853515625
2015-05-07 00:00:00+07:00,1504.8485107421875,163944631,0.0,0.0,5150.28564453125
2015-05-08 00:00:00+07:00,1508.0845947265625,147337094,0.0,0.0,5182.01123046875
2015-05-11 00:00:00+07:00,1524.265869140625,94399780,0.0,0.0,5172.2802734375
2015-05-12 00:00:00+07:00,1556.6282958984375,186576422,0.0,0.0,5205.4091796875
2015-05-13 00:00:00+07:00,1576.04541015625,81381055,0.0,0.0,5245.9287109375
2015-05-15 00:00:00+07:00,1527.502197265625,146280526,0.0,0.0,5226.892578125
2015-05-18 00:00:00+07:00,1553.3919677734375,53435622,0.0,0.0,5237.607421875
2015-05-19 00:00:00+07:00,1588.990478515625,139255805,0.0,0.0,5269.166015625
2015-05-20 00:00:00+07:00,1614.8804931640625,130016195,0.0,0.0,5292.54296875
2015-05-21 00:00:00+07:00,1650.4791259765625,217056849,0.0,0.0,5313.0009765625
2015-05-22 00:00:00+07:00,1631.0615234375,134274919,0.0,0.0,5314.94580078125
2015-05-25 00:00:00+07:00,1598.6993408203125,120460330,0.0,0.0,5288.15576171875
2015-05-26 00:00:00+07:00,1601.9356689453125,81987166,0.0,0.0,5320.693359375
2015-05-27 00:00:00+07:00,1546.919677734375,160967980,0.0,0.0,5253.18359375
2015-05-28 00:00:00+07:00,1530.7384033203125,160285968,0.0,0.0,5237.197265625
2015-05-29 00:00:00+07:00,1524.265869140625,347453101,0.0,0.0,5216.17578125
2015-06-01 00:00:00+07:00,1517.793212890625,180903074,0.0,0.0,5213.61279296875
2015-06-03 00:00:00+07:00,1456.304931640625,310101956,0.0,0.0,5130.29931640625
2015-06-04 00:00:00+07:00,1440.123779296875,208206646,0.0,0.0,5095.62255859375
2015-06-05 00:00:00+07:00,1462.777587890625,109962849,0.0,0.0,5100.373046875
2015-06-08 00:00:00+07:00,1423.94287109375,183136663,0.0,0.0,5014.79736328125
2015-06-09 00:00:00+07:00,1355.98193359375,399282146,0.0,0.0,4899.69140625
2015-06-10 00:00:00+07:00,1346.2730712890625,209898475,0.0,0.0,4933.365234375
2015-06-11 00:00:00+07:00,1310.6744384765625,232668318,0.0,0.0,4928.62060546875
2015-06-12 00:00:00+07:00,1343.036865234375,166243671,0.0,0.0,4935.625
2015-06-15 00:00:00+07:00,1313.910888671875,139372957,0.0,0.0,4837.60546875
2015-06-16 00:00:00+07:00,1365.6903076171875,181513585,0.0,0.0,4872.4091796875
2015-06-17 00:00:00+07:00,1423.94287109375,191224552,0.0,0.0,4945.56005859375
2015-06-18 00:00:00+07:00,1394.816650390625,132440637,0.0,0.0,4945.30615234375
2015-06-19 00:00:00+07:00,1430.4150390625,142452460,0.0,0.0,4984.81201171875
2015-06-22 00:00:00+07:00,1417.47021484375,104511705,0.0,0.0,4959.05859375
2015-06-23 00:00:00+07:00,1398.0528564453125,154971226,0.0,0.0,4937.4560546875
2015-06-24 00:00:00+07:00,1333.328125,322983178,0.0,0.0,4953.3232421875
2015-06-25 00:00:00+07:00,1320.3831787109375,381805594,0.0,0.0,4919.8505859375
2015-06-26 00:00:00+07:00,1355.98193359375,216146583,0.0,0.0,4922.8134765625
2015-06-29 00:00:00+07:00,1343.036865234375,105070514,0.0,0.0,4882.38818359375
2015-06-30 00:00:00+07:00,1339.800537109375,216465588,0.0,0.0,4910.466796875
2015-07-01 00:00:00+07:00,1365.6903076171875,149727986,0.0,0.0,4903.87158203125
2015-07-02 00:00:00+07:00,1407.7615966796875,179726054,0.0,0.0,4944.587890625
2015-07-03 00:00:00+07:00,1401.2889404296875,124158044,0.0,0.0,4982.71630859375
2015-07-06 00:00:00+07:00,1346.2730712890625,115791299,0.0,0.0,4916.5498046875
2015-07-07 00:00:00+07:00,1355.98193359375,114379425,0.0,0.0,4905.8583984375
2015-07-08 00:00:00+07:00,1323.619384765625,138749796,0.0,0.0,4871.380859375
2015-07-09 00:00:00+07:00,1333.328125,104666807,0.0,0.0,4838.095703125
2015-07-10 00:00:00+07:00,1355.98193359375,104557905,0.0,0.0,4858.84521484375
2015-07-13 00:00:00+07:00,1355.98193359375,68977791,0.0,0.0,4893.7265625
2015-07-14 00:00:00+07:00,1359.2178955078125,136384205,0.0,0.0,4901.6162109375
2015-07-15 00:00:00+07:00,1310.6744384765625,194819965,0.0,0.0,4869.65966796875
2015-07-22 00:00:00+07:00,1339.800537109375,264081011,0.0,0.0,4906.49755859375
2015-07-23 00:00:00+07:00,1326.85546875,129274782,0.0,0.0,4902.654296875
2015-07-24 00:00:00+07:00,1307.4383544921875,249506859,0.0,0.0,4856.40625
2015-07-27 00:00:00+07:00,1265.3671875,186627573,0.0,0.0,4771.099609375
2015-07-28 00:00:00+07:00,1216.82373046875,198727232,0.0,0.0,4714.57275390625
2015-07-29 00:00:00+07:00,1229.7686767578125,198551779,0.0,0.0,4720.9375
2015-07-30 00:00:00+07:00,1210.3511962890625,189127366,0.0,0.0,4712.30908203125
2015-07-31 00:00:00+07:00,1294.4932861328125,245988448,0.0,0.0,4802.341796875
2015-08-03 00:00:00+07:00,1352.74560546875,275629010,0.0,0.0,4799.9951171875
2015-08-04 00:00:00+07:00,1346.2730712890625,185481353,0.0,0.0,4780.9013671875
2015-08-05 00:00:00+07:00,1398.0528564453125,134355770,0.0,0.0,4850.34326171875
2015-08-06 00:00:00+07:00,1394.816650390625,195384824,0.0,0.0,4806.376953125
2015-08-07 00:00:00+07:00,1365.6903076171875,58920317,0.0,0.0,4770.11767578125
2015-08-10 00:00:00+07:00,1368.9267578125,61042804,0.0,0.0,4748.7646484375
2015-08-11 00:00:00+07:00,1313.910888671875,89054788,0.0,0.0,4622.4111328125
2015-08-12 00:00:00+07:00,1255.6585693359375,255966171,0.0,0.0,4479.31689453125
2015-08-13 00:00:00+07:00,1297.7294921875,227895886,0.0,0.0,4584.0712890625
2015-08-14 00:00:00+07:00,1323.619384765625,77277434,0.0,0.0,4585.21240234375
2015-08-18 00:00:00+07:00,1268.6033935546875,128873275,0.0,0.0,4510.302734375
2015-08-19 00:00:00+07:00,1281.5484619140625,85629879,0.0,0.0,4484.06787109375
2015-08-20 00:00:00+07:00,1258.8946533203125,139306956,0.0,0.0,4441.73828125
2015-08-21 00:00:00+07:00,1229.7686767578125,177506215,0.0,0.0,4335.78466796875
2015-08-24 00:00:00+07:00,1184.46142578125,248510242,0.0,0.0,4163.56689453125
2015-08-25 00:00:00+07:00,1229.7686767578125,258717318,0.0,0.0,4228.3359375
2015-08-26 00:00:00+07:00,1262.131103515625,239235982,0.0,0.0,4237.56787109375
2015-08-27 00:00:00+07:00,1359.2178955078125,247086817,0.0,0.0,4430.45947265625
2015-08-28 00:00:00+07:00,1346.2730712890625,234548251,0.0,0.0,4446.0283203125
2015-08-31 00:00:00+07:00,1375.399169921875,204396730,0.0,0.0,4509.431640625
2015-09-01 00:00:00+07:00,1307.4383544921875,128265515,0.0,0.0,4412.28759765625
2015-09-02 00:00:00+07:00,1320.3831787109375,120962489,0.0,0.0,4401.1220703125
2015-09-03 00:00:00+07:00,1313.910888671875,94235877,0.0,0.0,4432.93798828125
2015-09-04 00:00:00+07:00,1304.2020263671875,106662242,0.0,0.0,4415.1708984375
2015-09-07 00:00:00+07:00,1265.3671875,88421727,0.0,0.0,4301.1982421875
2015-09-08 00:00:00+07:00,1284.78466796875,87639063,0.0,0.0,4318.42236328125
2015-09-09 00:00:00+07:00,1284.78466796875,186908078,0.0,0.0,4347.107421875
2015-09-10 00:00:00+07:00,1249.186279296875,136625659,0.0,0.0,4343.09228515625
2015-09-11 00:00:00+07:00,1242.7137451171875,69257196,0.0,0.0,4360.2978515625
2015-09-14 00:00:00+07:00,1245.94970703125,81844163,0.0,0.0,4390.2021484375
2015-09-15 00:00:00+07:00,1245.94970703125,83015683,0.0,0.0,4346.99072265625
2015-09-16 00:00:00+07:00,1242.7137451171875,55606510,0.0,0.0,4332.3447265625
2015-09-17 00:00:00+07:00,1297.7294921875,114613729,0.0,0.0,4378.2138671875
2015-09-18 00:00:00+07:00,1265.3671875,126506585,0.0,0.0,4380.14892578125
2015-09-21 00:00:00+07:00,1233.0047607421875,132395536,0.0,0.0,4375.91162109375
2015-09-22 00:00:00+07:00,1210.3511962890625,175062523,0.0,0.0,4343.875
2015-09-23 00:00:00+07:00,1139.154296875,379040696,0.0,0.0,4244.26171875
2015-09-25 00:00:00+07:00,1106.791748046875,456977593,0.0,0.0,4209.27490234375
2015-09-28 00:00:00+07:00,1074.4295654296875,230983639,0.0,0.0,4120.34228515625
2015-09-29 00:00:00+07:00,1080.9019775390625,333299706,0.0,0.0,4178.24560546875
2015-09-30 00:00:00+07:00,1119.7366943359375,412974083,0.0,0.0,4223.744140625
2015-10-01 00:00:00+07:00,1129.4453125,169041569,0.0,0.0,4254.71044921875
2015-10-02 00:00:00+07:00,1122.9730224609375,124785605,0.0,0.0,4207.634765625
2015-10-05 00:00:00+07:00,1181.2252197265625,182334199,0.0,0.0,4343.5322265625
2015-10-06 00:00:00+07:00,1223.296142578125,327137950,0.0,0.0,4445.60791015625
2015-10-07 00:00:00+07:00,1275.075927734375,258875171,0.0,0.0,4486.95751953125
2015-10-08 00:00:00+07:00,1291.257080078125,219113334,0.0,0.0,4491.2578125
2015-10-09 00:00:00+07:00,1365.6903076171875,275471158,0.0,0.0,4589.16552734375
2015-10-12 00:00:00+07:00,1398.0528564453125,189487072,0.0,0.0,4630.52685546875
2015-10-13 00:00:00+07:00,1297.7294921875,224369225,0.0,0.0,4482.90185546875
2015-10-15 00:00:00+07:00,1310.6744384765625,147112140,0.0,0.0,4507.01953125
2015-10-16 00:00:00+07:00,1333.328125,95461298,0.0,0.0,4521.70556640625
2015-10-19 00:00:00+07:00,1349.50927734375,84685512,0.0,0.0,4569.66650390625
2015-10-20 00:00:00+07:00,1375.399169921875,107579108,0.0,0.0,4585.6455078125
2015-10-21 00:00:00+07:00,1365.6903076171875,101230348,0.0,0.0,4605.046875
2015-10-22 00:00:00+07:00,1385.1077880859375,77972646,0.0,0.0,4584.38330078125
2015-10-23 00:00:00+07:00,1449.8326416015625,151021608,0.0,0.0,4652.96484375
2015-10-26 00:00:00+07:00,1501.6123046875,239808542,0.0,0.0,4691.5283203125
2015-10-27 00:00:00+07:00,1501.6123046875,130301100,0.0,0.0,4673.87646484375
2015-10-28 00:00:00+07:00,1436.8875732421875,152041876,0.0,0.0,4608.560546875
2015-10-29 00:00:00+07:00,1391.580322265625,212824525,0.0,0.0,4471.8466796875
2015-10-30 00:00:00+07:00,1362.4542236328125,193973500,0.0,0.0,4455.0068359375
2015-11-02 00:00:00+07:00,1330.0919189453125,164033733,0.0,0.0,4464.78515625
2015-11-03 00:00:00+07:00,1385.1077880859375,230369279,0.0,0.0,4532.9091796875
2015-11-04 00:00:00+07:00,1430.4150390625,164273537,0.0,0.0,4612.38525390625
2015-11-05 00:00:00+07:00,1388.34423828125,112339440,0.0,0.0,4577.0546875
2015-11-06 00:00:00+07:00,1385.1077880859375,62716483,0.0,0.0,4566.3740234375
2015-11-09 00:00:00+07:00,1368.9267578125,60820600,0.0,0.0,4499.33154296875
2015-11-10 00:00:00+07:00,1352.74560546875,112798148,0.0,0.0,4450.88037109375
2015-11-11 00:00:00+07:00,1355.98193359375,91353277,0.0,0.0,4451.416015625
2015-11-12 00:00:00+07:00,1362.4542236328125,106905896,0.0,0.0,4462.05126953125
2015-11-13 00:00:00+07:00,1362.4542236328125,91799335,0.0,0.0,4472.66357421875
2015-11-16 00:00:00+07:00,1362.4542236328125,112637545,0.0,0.0,4442.00732421875
2015-11-17 00:00:00+07:00,1410.9976806640625,109649893,0.0,0.0,4500.771484375
2015-11-18 00:00:00+07:00,1417.47021484375,141030685,0.0,0.0,4497.73486328125
2015-11-19 00:00:00+07:00,1420.70654296875,118788301,0.0,0.0,4518.76416015625
2015-11-20 00:00:00+07:00,1423.94287109375,82598226,0.0,0.0,4561.15673828125
2015-11-23 00:00:00+07:00,1423.94287109375,57231788,0.0,0.0,4540.88916015625
2015-11-24 00:00:00+07:00,1430.4150390625,44904425,0.0,0.0,4545.201171875
2015-11-25 00:00:00+07:00,1485.430908203125,115113688,0.0,0.0,4585.3671875
2015-11-26 00:00:00+07:00,1485.430908203125,129617438,0.0,0.0,4596.87841796875
2015-11-27 00:00:00+07:00,1462.777587890625,106859145,0.0,0.0,4560.3828125
2015-11-30 00:00:00+07:00,1394.816650390625,385544559,0.0,0.0,4446.28515625
2015-12-01 00:00:00+07:00,1456.304931640625,204488582,0.0,0.0,4557.49072265625
2015-12-02 00:00:00+07:00,1459.541259765625,111897232,0.0,0.0,4545.68603515625
2015-12-03 00:00:00+07:00,1459.541259765625,77578839,0.0,0.0,4537.205078125
2015-12-04 00:00:00+07:00,1462.777587890625,113487310,0.0,0.0,4508.27685546875
2015-12-07 00:00:00+07:00,1430.4150390625,88164322,0.0,0.0,4521.2158203125
2015-12-08 00:00:00+07:00,1410.9976806640625,129087229,0.0,0.0,4464.00830078125
2015-12-09 00:00:00+07:00,1410.9976806640625,0,0.0,0.0,
2015-12-10 00:00:00+07:00,1407.7615966796875,114144021,0.0,0.0,4466.03564453125
2015-12-11 00:00:00+07:00,1401.2889404296875,114291424,0.0,0.0,4393.35107421875
2015-12-14 00:00:00+07:00,1381.8717041015625,160776577,0.0,0.0,4374.0205078125
2015-12-15 00:00:00+07:00,1391.580322265625,99525869,0.0,0.0,4409.00048828125
2015-12-16 00:00:00+07:00,1469.2498779296875,163196068,0.0,0.0,4483.27880859375
2015-12-17 00:00:00+07:00,1495.1397705078125,161731393,0.0,0.0,4555.78662109375
2015-12-18 00:00:00+07:00,1407.7615966796875,144885702,0.0,0.0,4468.4794921875
2015-12-21 00:00:00+07:00,1436.8875732421875,60442193,0.0,0.0,4490.50537109375
2015-12-22 00:00:00+07:00,1430.4150390625,80111633,0.0,0.0,4517.392578125
2015-12-23 00:00:00+07:00,1436.8875732421875,35937620,0.0,0.0,4522.4775390625
2015-12-28 00:00:00+07:00,1475.7222900390625,110588210,0.0,0.0,4557.177734375
2015-12-29 00:00:00+07:00,1475.7222900390625,64666266,0.0,0.0,4569.18310546875
2015-12-30 00:00:00+07:00,1478.9586181640625,145578164,0.0,0.0,4592.8291015625
2016-01-04 00:00:00+07:00,1485.430908203125,110418807,0.0,0.0,4525.74267578125
2016-01-05 00:00:00+07:00,1498.3759765625,118849352,0.0,0.0,4557.64453125
2016-01-06 00:00:00+07:00,1491.903564453125,115640047,0.0,0.0,4608.80224609375
2016-01-07 00:00:00+07:00,1456.304931640625,78404404,0.0,0.0,4530.271484375
2016-01-08 00:00:00+07:00,1501.6123046875,117153123,0.0,0.0,4546.111328125
2016-01-11 00:00:00+07:00,1472.486083984375,124503450,0.0,0.0,4465.30908203125
2016-01-12 00:00:00+07:00,1501.6123046875,128978327,0.0,0.0,4512.3515625
2016-01-13 00:00:00+07:00,1501.6123046875,75355151,0.0,0.0,4537.00244140625
2016-01-14 00:00:00+07:00,1517.793212890625,175249526,0.0,0.0,4513.005859375
2016-01-15 00:00:00+07:00,1482.19482421875,112145287,0.0,0.0,4523.7998046875
2016-01-18 00:00:00+07:00,1475.7222900390625,68989341,0.0,0.0,4481.1015625
2016-01-19 00:00:00+07:00,1488.66748046875,67445464,0.0,0.0,4491.5615234375
2016-01-20 00:00:00+07:00,1423.94287109375,101954711,0.0,0.0,4427.8125
2016-01-21 00:00:00+07:00,1401.2889404296875,169901784,0.0,0.0,4413.9541015625
2016-01-22 00:00:00+07:00,1459.541259765625,142360058,0.0,0.0,4456.57080078125
2016-01-25 00:00:00+07:00,1478.9586181640625,101288099,0.0,0.0,4505.61279296875
2016-01-26 00:00:00+07:00,1462.777587890625,72482451,0.0,0.0,4510.29248046875
2016-01-27 00:00:00+07:00,1472.486083984375,89068538,0.0,0.0,4583.44921875
2016-01-28 00:00:00+07:00,1456.304931640625,97870340,0.0,0.0,4602.650390625
2016-01-29 00:00:00+07:00,1453.0687255859375,256297276,0.0,0.0,4614.9833984375
2016-02-01 00:00:00+07:00,1453.0687255859375,91888437,0.0,0.0,4624.45458984375
2016-02-02 00:00:00+07:00,1427.1790771484375,66356996,0.0,0.0,4587.25634765625
2016-02-03 00:00:00+07:00,1414.2340087890625,169675730,0.0,0.0,4595.92919921875
2016-02-04 00:00:00+07:00,1475.7222900390625,165717312,0.0,0.0,4665.6357421875
2016-02-05 00:00:00+07:00,1592.2266845703125,512537352,0.0,0.0,4798.7587890625
2016-02-09 00:00:00+07:00,1550.1556396484375,135980498,0.0,0.0,4768.439453125
2016-02-10 00:00:00+07:00,1524.265869140625,101815558,0.0,0.0,4732.29833984375
2016-02-11 00:00:00+07:00,1537.2110595703125,173954254,0.0,0.0,4775.67431640625
2016-02-12 00:00:00+07:00,1527.502197265625,158189332,0.0,0.0,4714.2099609375
2016-02-15 00:00:00+07:00,1537.2110595703125,107813962,0.0,0.0,4740.54150390625
2016-02-16 00:00:00+07:00,1543.6832275390625,83554143,0.0,0.0,4744.8193359375
2016-02-17 00:00:00+07:00,1546.919677734375,84647562,0.0,0.0,4765.3212890625
2016-02-18 00:00:00+07:00,1553.3919677734375,135121933,0.0,0.0,4778.6083984375
2016-02-19 00:00:00+07:00,1482.19482421875,366381128,0.0,0.0,4697.376953125
2016-02-22 00:00:00+07:00,1420.70654296875,284593615,0.0,0.0,4708.43701171875
2016-02-23 00:00:00+07:00,1372.1627197265625,300350287,0.0,0.0,4653.873046875
2016-02-24 00:00:00+07:00,1381.8717041015625,284699217,0.0,0.0,4657.541015625
2016-02-25 00:00:00+07:00,1352.74560546875,195037218,0.0,0.0,4658.14208984375
2016-02-26 00:00:00+07:00,1404.5252685546875,217515007,0.0,0.0,4732.96435546875
2016-02-29 00:00:00+07:00,1433.6514892578125,204357679,0.0,0.0,4770.7705078125
2016-03-01 00:00:00+07:00,1385.1077880859375,162947464,0.0,0.0,4779.79931640625
2016-03-02 00:00:00+07:00,1420.70654296875,177538116,0.0,0.0,4836.00732421875
2016-03-03 00:00:00+07:00,1443.35986328125,145946120,0.0,0.0,4843.85009765625
2016-03-04 00:00:00+07:00,1472.486083984375,105861428,0.0,0.0,4850.69384765625
2016-03-07 00:00:00+07:00,1475.7222900390625,110993017,0.0,0.0,4831.38720703125
2016-03-08 00:00:00+07:00,1466.013671875,151970924,0.0,0.0,4810.85498046875
2016-03-10 00:00:00+07:00,1423.94287109375,262774188,0.0,0.0,4793.01611328125
2016-03-11 00:00:00+07:00,1423.94287109375,0,0.0,0.0,4813.59130859375
2016-03-14 00:00:00+07:00,1423.94287109375,0,0.0,0.0,4877.3408203125
2016-03-15 00:00:00+07:00,1433.6514892578125,119004455,0.0,0.0,4849.591796875
2016-03-16 00:00:00+07:00,1430.4150390625,132047380,0.0,0.0,4861.251953125
2016-03-17 00:00:00+07:00,1423.94287109375,162228602,0.0,0.0,4885.498046875
2016-03-18 00:00:00+07:00,1440.123779296875,259153476,0.0,0.0,4885.51806640625
2016-03-21 00:00:00+07:00,1443.35986328125,130951761,0.0,0.0,4884.97314453125
2016-03-22 00:00:00+07:00,1446.59619140625,151479216,0.0,0.0,4855.91796875
2016-03-23 00:00:00+07:00,1459.541259765625,140720480,0.0,0.0,4853.98681640625
2016-03-24 00:00:00+07:00,1459.541259765625,112620495,0.0,0.0,4826.8994140625
2016-03-28 00:00:00+07:00,1436.8875732421875,54560392,0.0,0.0,4773.4404296875
2016-03-29 00:00:00+07:00,1420.70654296875,104528755,0.0,0.0,4781.111328125
2016-03-30 00:00:00+07:00,1443.35986328125,162989815,0.0,0.0,4816.46728515625
2016-03-31 00:00:00+07:00,1478.9586181640625,174889820,0.0,0.0,4845.18212890625
2016-04-01 00:00:00+07:00,1477.1834716796875,133941613,56.664707,0.0,4842.9970703125
2016-04-04 00:00:00+07:00,1477.1834716796875,65779486,0.0,0.0,4849.98681640625
2016-04-05 00:00:00+07:00,1477.1834716796875,87672614,0.0,0.0,4857.8828125
2016-04-06 00:00:00+07:00,1483.83740234375,92484097,0.0,0.0,4868.04052734375
2016-04-07 00:00:00+07:00,1477.1834716796875,107075849,0.0,0.0,4867.095703125
2016-04-08 00:00:00+07:00,1437.259765625,196905601,0.0,0.0,4846.51513671875
2016-04-11 00:00:00+07:00,1437.259765625,0,0.0,0.0,4786.78759765625
2016-04-12 00:00:00+07:00,1413.970703125,133667708,0.0,0.0,4829.38525390625
2016-04-13 00:00:00+07:00,1413.970703125,0,0.0,0.0,4852.81591796875
2016-04-14 00:00:00+07:00,1413.970703125,0,0.0,0.0,4814.65869140625
2016-04-15 00:00:00+07:00,1413.970703125,0,0.0,0.0,4823.38037109375
2016-04-18 00:00:00+07:00,1413.970703125,0,0.0,0.0,4865.34521484375
2016-04-19 00:00:00+07:00,1413.970703125,0,0.0,0.0,4881.740234375
2016-04-20 00:00:00+07:00,1394.0089111328125,263211446,0.0,0.0,4876.40625
2016-04-21 00:00:00+07:00,1423.9517822265625,227710533,0.0,0.0,4902.89892578125
2016-04-22 00:00:00+07:00,1450.567626953125,221574077,0.0,0.0,4914.54541015625
2016-04-25 00:00:00+07:00,1397.335693359375,296180665,0.0,0.0,4878.671875
2016-04-26 00:00:00+07:00,1357.4117431640625,185677707,0.0,0.0,4813.9052734375
2016-04-27 00:00:00+07:00,1357.4117431640625,156014044,0.0,0.0,4845.46923828125
2016-04-28 00:00:00+07:00,1380.700927734375,171253157,0.0,0.0,4848.201171875
2016-04-29 00:00:00+07:00,1377.373779296875,86244789,0.0,0.0,4838.39453125
2016-05-02 00:00:00+07:00,1367.3929443359375,66241494,0.0,0.0,4808.1318359375
2016-05-03 00:00:00+07:00,1400.6627197265625,160901979,0.0,0.0,4812.0771484375
2016-05-04 00:00:00+07:00,1377.373779296875,126440583,0.0,0.0,4822.40771484375
2016-05-09 00:00:00+07:00,1334.1229248046875,170279091,0.0,0.0,4749.13037109375
2016-05-10 00:00:00+07:00,1337.4500732421875,133962513,0.0,0.0,4762.9296875
2016-05-11 00:00:00+07:00,1330.7958984375,175368879,0.0,0.0,4799.77685546875
2016-05-12 00:00:00+07:00,1317.488037109375,158341134,0.0,0.0,4803.134765625
2016-05-13 00:00:00+07:00,1314.1612548828125,140777131,0.0,0.0,4761.529296875
2016-05-16 00:00:00+07:00,1324.14208984375,90902820,0.0,0.0,4731.37744140625
2016-05-17 00:00:00+07:00,1290.8720703125,111727279,0.0,0.0,4728.9716796875
2016-05-18 00:00:00+07:00,1267.5831298828125,238519869,0.0,0.0,4734.17236328125
2016-05-19 00:00:00+07:00,1287.544921875,182234647,0.0,0.0,4704.03369140625
2016-05-20 00:00:00+07:00,1304.1800537109375,183107512,0.0,0.0,4711.69482421875
2016-05-23 00:00:00+07:00,1320.8150634765625,75637306,0.0,0.0,4743.4775390625
2016-05-24 00:00:00+07:00,1307.507080078125,106542340,0.0,0.0,4710.60205078125
2016-05-25 00:00:00+07:00,1320.8150634765625,78334003,0.0,0.0,4772.79150390625
2016-05-26 00:00:00+07:00,1370.7198486328125,180724321,0.0,0.0,4784.37841796875
2016-05-27 00:00:00+07:00,1384.02783203125,108998682,0.0,0.0,4814.54345703125
2016-05-30 00:00:00+07:00,1413.970703125,237301048,0.0,0.0,4835.8447265625
2016-05-31 00:00:00+07:00,1377.373779296875,208615303,0.0,0.0,4796.68212890625
2016-06-01 00:00:00+07:00,1390.681884765625,133323952,0.0,0.0,4839.4794921875
2016-06-02 00:00:00+07:00,1367.3929443359375,97257629,0.0,0.0,4833.037109375
2016-06-03 00:00:00+07:00,1384.02783203125,67912423,0.0,0.0,4853.73291015625
2016-06-06 00:00:00+07:00,1410.6435546875,107442705,0.0,0.0,4895.83447265625
2016-06-07 00:00:00+07:00,1417.2977294921875,128565820,0.0,0.0,4933.796875
2016-06-08 00:00:00+07:00,1417.2977294921875,124220195,0.0,0.0,4915.86962890625
2016-06-09 00:00:00+07:00,1380.700927734375,78021597,0.0,0.0,4876.60400390625
2016-06-10 00:00:00+07:00,1374.0467529296875,63123490,0.0,0.0,4847.8671875
2016-06-13 00:00:00+07:00,1344.10400390625,106356987,0.0,0.0,4807.0390625
2016-06-14 00:00:00+07:00,1327.468994140625,110417707,0.0,0.0,4821.40234375
2016-06-15 00:00:00+07:00,1337.4500732421875,96543167,0.0,0.0,4814.63671875
2016-06-16 00:00:00+07:00,1357.4117431640625,161866695,0.0,0.0,4814.20361328125
2016-06-17 00:00:00+07:00,1364.065673828125,124721804,0.0,0.0,4834.955078125
2016-06-20 00:00:00+07:00,1374.0467529296875,81492707,0.0,0.0,4863.341796875
2016-06-21 00:00:00+07:00,1384.02783203125,104446804,0.0,0.0,4878.52392578125
2016-06-22 00:00:00+07:00,1397.335693359375,72391150,0.0,0.0,4896.66162109375
2016-06-23 00:00:00+07:00,1387.354736328125,52309753,0.0,0.0,4874.119140625
2016-06-24 00:00:00+07:00,1370.7198486328125,124718504,0.0,0.0,4834.380859375
2016-06-27 00:00:00+07:00,1360.7388916015625,39102925,0.0,0.0,4835.86328125
2016-06-28 00:00:00+07:00,1380.700927734375,168497610,0.0,0.0,4881.98095703125
2016-06-29 00:00:00+07:00,1420.624755859375,206998275,0.0,0.0,4979.9111328125
2016-06-30 00:00:00+07:00,1437.259765625,285078724,0.0,0.0,5016.4521484375
2016-07-01 00:00:00+07:00,1430.605712890625,112926300,0.0,0.0,4971.3876953125
2016-07-11 00:00:00+07:00,1510.453369140625,370975907,0.0,0.0,5068.82177734375
2016-07-12 00:00:00+07:00,1530.41552734375,175051523,0.0,0.0,5099.3349609375
2016-07-13 00:00:00+07:00,1537.0692138671875,118839452,0.0,0.0,5133.7333984375
2016-07-14 00:00:00+07:00,1513.7803955078125,117699282,0.0,0.0,5083.34130859375
2016-07-15 00:00:00+07:00,1530.41552734375,88819384,0.0,0.0,5109.97900390625
2016-07-18 00:00:00+07:00,1527.0882568359375,119466463,0.0,0.0,5127.3017578125
2016-07-19 00:00:00+07:00,1570.33935546875,275160952,0.0,0.0,5172.62841796875
2016-07-20 00:00:00+07:00,1580.3204345703125,152558335,0.0,0.0,5242.619140625
2016-07-21 00:00:00+07:00,1530.41552734375,115988753,0.0,0.0,5216.77001953125
2016-07-22 00:00:00+07:00,1520.4344482421875,107461406,0.0,0.0,5197.048828125
2016-07-25 00:00:00+07:00,1510.453369140625,89527246,0.0,0.0,5220.5986328125
2016-07-26 00:00:00+07:00,1537.0692138671875,69135644,0.0,0.0,5224.19140625
2016-07-27 00:00:00+07:00,1543.723388671875,304479759,0.0,0.0,5274.15576171875
2016-07-28 00:00:00+07:00,1517.1072998046875,132776693,0.0,0.0,5299.0068359375
2016-07-29 00:00:00+07:00,1533.742431640625,256196075,0.0,0.0,5215.791015625
2016-08-01 00:00:00+07:00,1560.358154296875,324829010,0.0,0.0,5361.36767578125
2016-08-02 00:00:00+07:00,1563.6851806640625,134250718,0.0,0.0,5373.11376953125
2016-08-03 00:00:00+07:00,1550.377197265625,77617340,0.0,0.0,5351.669921875
2016-08-04 00:00:00+07:00,1570.33935546875,186287117,0.0,0.0,5373.6533203125
2016-08-05 00:00:00+07:00,1593.6280517578125,282299525,0.0,0.0,5420.03515625
2016-08-08 00:00:00+07:00,1616.9171142578125,227839785,0.0,0.0,5458.7666015625
2016-08-09 00:00:00+07:00,1596.955078125,154562019,0.0,0.0,5440.0810546875
2016-08-10 00:00:00+07:00,1596.955078125,102617472,0.0,0.0,5423.73828125
2016-08-11 00:00:00+07:00,1583.6470947265625,124912657,0.0,0.0,5418.876953125
2016-08-12 00:00:00+07:00,1590.30126953125,148782519,0.0,0.0,5376.986328125
2016-08-15 00:00:00+07:00,1596.955078125,101972311,0.0,0.0,5320.353515625
2016-08-16 00:00:00+07:00,1610.26318359375,197105254,0.0,0.0,5371.63671875
2016-08-18 00:00:00+07:00,1610.26318359375,252765665,0.0,0.0,5461.23779296875
2016-08-19 00:00:00+07:00,1596.955078125,144417094,0.0,0.0,5415.82470703125
2016-08-22 00:00:00+07:00,1576.9932861328125,151063409,0.0,0.0,5426.9638671875
2016-08-23 00:00:00+07:00,1537.0692138671875,204825187,0.0,0.0,5416.9296875
2016-08-24 00:00:00+07:00,1550.377197265625,98438500,0.0,0.0,5403.78173828125
2016-08-25 00:00:00+07:00,1576.9932861328125,140641279,0.0,0.0,5453.904296875
2016-08-26 00:00:00+07:00,1563.6851806640625,101596654,0.0,0.0,5438.619140625
2016-08-29 00:00:00+07:00,1530.41552734375,160667675,0.0,0.0,5370.5546875
2016-08-30 00:00:00+07:00,1533.742431640625,139547310,0.0,0.0,5362.107421875
2016-08-31 00:00:00+07:00,1550.377197265625,170538145,0.0,0.0,5385.87255859375
2016-09-01 00:00:00+07:00,1557.031494140625,116693315,0.0,0.0,5334.33935546875
2016-09-02 00:00:00+07:00,1547.0504150390625,122769820,0.0,0.0,5353.2529296875
2016-09-05 00:00:00+07:00,1570.33935546875,137726778,0.0,0.0,5356.74560546875
2016-09-06 00:00:00+07:00,1580.3204345703125,80130334,0.0,0.0,5371.88671875
2016-09-07 00:00:00+07:00,1593.6280517578125,129184031,0.0,0.0,5381.14453125
2016-09-08 00:00:00+07:00,1593.6280517578125,64527664,0.0,0.0,5370.86865234375
2016-09-09 00:00:00+07:00,1563.6851806640625,109550342,0.0,0.0,5281.7109375
2016-09-13 00:00:00+07:00,1553.704345703125,119633116,0.0,0.0,5215.36376953125
2016-09-14 00:00:00+07:00,1557.031494140625,100627538,0.0,0.0,5145.837890625
2016-09-15 00:00:00+07:00,1593.6280517578125,155214880,0.0,0.0,5265.61376953125
2016-09-16 00:00:00+07:00,1586.97412109375,151791071,0.0,0.0,5267.56396484375
2016-09-19 00:00:00+07:00,1576.9932861328125,75104897,0.0,0.0,5321.63330078125
2016-09-20 00:00:00+07:00,1596.955078125,135471189,0.0,0.0,5302.287109375
2016-09-21 00:00:00+07:00,1596.955078125,171153606,0.0,0.0,5342.3837890625
2016-09-22 00:00:00+07:00,1606.93603515625,148067507,0.0,0.0,5380.052734375
2016-09-23 00:00:00+07:00,1606.93603515625,122425514,0.0,0.0,5388.69873046875
2016-09-26 00:00:00+07:00,1600.2822265625,79398821,0.0,0.0,5351.93115234375
2016-09-27 00:00:00+07:00,1610.26318359375,132320735,0.0,0.0,5419.39306640625
2016-09-28 00:00:00+07:00,1610.26318359375,228429395,0.0,0.0,5425.1259765625
2016-09-29 00:00:00+07:00,1626.8983154296875,142713715,0.0,0.0,5431.7451171875
2016-09-30 00:00:00+07:00,1623.5711669921875,123068475,0.0,0.0,5364.59521484375
2016-10-03 00:00:00+07:00,1633.552001953125,153450450,0.0,0.0,5463.70263671875
2016-10-04 00:00:00+07:00,1633.552001953125,75091147,0.0,0.0,5472.103515625
2016-10-05 00:00:00+07:00,1636.87890625,151006208,0.0,0.0,5420.43701171875
2016-10-06 00:00:00+07:00,1650.186767578125,115097738,0.0,0.0,5409.1337890625
2016-10-07 00:00:00+07:00,1593.6280517578125,142339158,0.0,0.0,5376.939453125
2016-10-10 00:00:00+07:00,1576.9932861328125,66738702,0.0,0.0,5360.61962890625
2016-10-11 00:00:00+07:00,1590.30126953125,174577415,0.0,0.0,5381.78759765625
2016-10-12 00:00:00+07:00,1596.955078125,70169662,0.0,0.0,5364.40185546875
2016-10-13 00:00:00+07:00,1593.6280517578125,98899408,0.0,0.0,5340.19189453125
2016-10-14 00:00:00+07:00,1626.8983154296875,96902873,0.0,0.0,5399.67431640625
2016-10-17 00:00:00+07:00,1616.9171142578125,110866514,0.0,0.0,5410.0927734375
2016-10-18 00:00:00+07:00,1623.5711669921875,75698907,0.0,0.0,5429.8359375
2016-10-19 00:00:00+07:00,1616.9171142578125,41200111,0.0,0.0,5409.07763671875
2016-10-20 00:00:00+07:00,1613.590087890625,67079708,0.0,0.0,5403.529296875
2016-10-21 00:00:00+07:00,1626.8983154296875,48630189,0.0,0.0,5409.08251953125
2016-10-24 00:00:00+07:00,1623.5711669921875,55387606,0.0,0.0,5420.83740234375
2016-10-25 00:00:00+07:00,1616.9171142578125,60999353,0.0,0.0,5397.66064453125
2016-10-26 00:00:00+07:00,1606.93603515625,124992408,0.0,0.0,5399.5888671875
2016-10-27 00:00:00+07:00,1623.5711669921875,77750442,0.0,0.0,5416.8359375
2016-10-28 00:00:00+07:00,1623.5711669921875,73928426,0.0,0.0,5410.26904296875
2016-10-31 00:00:00+07:00,1623.5711669921875,106301436,0.0,0.0,5422.5419921875
2016-11-01 00:00:00+07:00,1626.8983154296875,77841744,0.0,0.0,5416.0068359375
2016-11-02 00:00:00+07:00,1650.186767578125,107751261,0.0,0.0,5405.455078125
2016-11-03 00:00:00+07:00,1640.2060546875,79249218,0.0,0.0,5329.501953125
2016-11-04 00:00:00+07:00,1650.186767578125,52651309,0.0,0.0,5362.66015625
2016-11-07 00:00:00+07:00,1656.8408203125,107605508,0.0,0.0,5386.2080078125
2016-11-08 00:00:00+07:00,1713.399658203125,141713797,0.0,0.0,5470.68115234375
2016-11-09 00:00:00+07:00,1676.802978515625,154245214,0.0,0.0,5414.32080078125
2016-11-10 00:00:00+07:00,1690.111083984375,96667469,0.0,0.0,5450.30615234375
2016-11-11 00:00:00+07:00,1593.6280517578125,327442105,0.0,0.0,5231.97119140625
2016-11-14 00:00:00+07:00,1480.510498046875,418181573,0.0,0.0,5115.73876953125
2016-11-15 00:00:00+07:00,1467.20263671875,245969198,0.0,0.0,5078.5009765625
2016-11-16 00:00:00+07:00,1530.41552734375,199883902,0.0,0.0,5185.46484375
2016-11-17 00:00:00+07:00,1530.41552734375,105917529,0.0,0.0,5193.01513671875
2016-11-18 00:00:00+07:00,1530.41552734375,106213984,0.0,0.0,5170.10888671875
2016-11-21 00:00:00+07:00,1523.7613525390625,80737544,0.0,0.0,5148.31884765625
2016-11-22 00:00:00+07:00,1527.0882568359375,112346590,0.0,0.0,5204.673828125
2016-11-23 00:00:00+07:00,1530.41552734375,96602568,0.0,0.0,5211.99609375
2016-11-24 00:00:00+07:00,1503.799560546875,124643702,0.0,0.0,5107.623046875
2016-11-25 00:00:00+07:00,1453.8946533203125,212318517,0.0,0.0,5122.10400390625
2016-11-28 00:00:00+07:00,1394.0089111328125,321262748,0.0,0.0,5114.57177734375
2016-11-29 00:00:00+07:00,1403.9896240234375,187128632,0.0,0.0,5136.6669921875
2016-11-30 00:00:00+07:00,1450.567626953125,312543448,0.0,0.0,5148.91015625
2016-12-01 00:00:00+07:00,1470.5294189453125,138604594,0.0,0.0,5198.7548828125
2016-12-02 00:00:00+07:00,1503.799560546875,122104309,0.0,0.0,5245.9560546875
2016-12-05 00:00:00+07:00,1480.510498046875,98347198,0.0,0.0,5268.30810546875
2016-12-06 00:00:00+07:00,1507.12646484375,110179553,0.0,0.0,5272.96484375
2016-12-07 00:00:00+07:00,1520.4344482421875,55707712,0.0,0.0,5265.3681640625
2016-12-08 00:00:00+07:00,1530.41552734375,80500490,0.0,0.0,5303.73388671875
2016-12-09 00:00:00+07:00,1527.0882568359375,92402146,0.0,0.0,5308.1259765625
2016-12-13 00:00:00+07:00,1560.358154296875,102773125,0.0,0.0,5293.619140625
2016-12-14 00:00:00+07:00,1530.41552734375,114209472,0.0,0.0,5262.81689453125
2016-12-15 00:00:00+07:00,1517.1072998046875,108499274,0.0,0.0,5254.36181640625
2016-12-16 00:00:00+07:00,1500.4725341796875,193178186,0.0,0.0,5231.65185546875
2016-12-19 00:00:00+07:00,1497.1453857421875,78321352,0.0,0.0,5191.912109375
2016-12-20 00:00:00+07:00,1493.8184814453125,83385290,0.0,0.0,5162.47705078125
2016-12-21 00:00:00+07:00,1463.875732421875,104368702,0.0,0.0,5111.39208984375
2016-12-22 00:00:00+07:00,1447.24072265625,143815934,0.0,0.0,5042.8701171875
2016-12-23 00:00:00+07:00,1447.24072265625,110680611,0.0,0.0,5027.7041015625
2016-12-27 00:00:00+07:00,1463.875732421875,56481575,0.0,0.0,5102.9541015625
2016-12-28 00:00:00+07:00,1513.7803955078125,89001987,0.0,0.0,5209.44482421875
2016-12-29 00:00:00+07:00,1550.377197265625,146719984,0.0,0.0,5302.56591796875
2016-12-30 00:00:00+07:00,1553.704345703125,213082480,0.0,0.0,5296.7109375
2017-01-02 00:00:00+07:00,1553.704345703125,0,0.0,0.0,
2017-01-03 00:00:00+07:00,1583.6470947265625,74339834,0.0,0.0,5275.97119140625
2017-01-04 00:00:00+07:00,1623.5711669921875,87881617,0.0,0.0,5301.18310546875
2017-01-05 00:00:00+07:00,1610.26318359375,159895461,0.0,0.0,5325.50390625
2017-01-06 00:00:00+07:00,1610.26318359375,80566491,0.0,0.0,5347.02197265625
2017-01-09 00:00:00+07:00,1563.6851806640625,79011614,0.0,0.0,5316.36376953125
2017-01-10 00:00:00+07:00,1570.33935546875,69075143,0.0,0.0,5309.923828125
2017-01-11 00:00:00+07:00,1570.33935546875,75141197,0.0,0.0,5301.23681640625
2017-01-12 00:00:00+07:00,1580.3204345703125,72817407,0.0,0.0,5292.75
2017-01-13 00:00:00+07:00,1590.30126953125,110485908,0.0,0.0,5272.98291015625
2017-01-16 00:00:00+07:00,1583.6470947265625,101515803,0.0,0.0,5270.01123046875
2017-01-17 00:00:00+07:00,1586.97412109375,43271447,0.0,0.0,5266.93798828125
2017-01-18 00:00:00+07:00,1590.30126953125,70248313,0.0,0.0,5294.7841796875
2017-01-19 00:00:00+07:00,1596.955078125,92075440,0.0,0.0,5298.9482421875
2017-01-20 00:00:00+07:00,1570.33935546875,40153443,0.0,0.0,5254.31103515625
2017-01-23 00:00:00+07:00,1570.33935546875,51390687,0.0,0.0,5250.9677734375
2017-01-24 00:00:00+07:00,1573.666259765625,66106191,0.0,0.0,5292.087890625
2017-01-25 00:00:00+07:00,1557.031494140625,125776722,0.0,0.0,5293.7822265625
2017-01-26 00:00:00+07:00,1563.6851806640625,94049974,0.0,0.0,5317.6328125
2017-01-27 00:00:00+07:00,1560.358154296875,54107184,0.0,0.0,5312.83984375
2017-01-30 00:00:00+07:00,1563.6851806640625,65218476,0.0,0.0,5302.662109375
2017-01-31 00:00:00+07:00,1560.358154296875,75222599,0.0,0.0,5294.10302734375
2017-02-01 00:00:00+07:00,1590.30126953125,178441232,0.0,0.0,5327.1611328125
2017-02-02 00:00:00+07:00,1593.6280517578125,129157080,0.0,0.0,5353.712890625
2017-02-03 00:00:00+07:00,1596.955078125,135167034,0.0,0.0,5360.76708984375
2017-02-06 00:00:00+07:00,1603.609130859375,250986935,0.0,0.0,5395.9951171875
2017-02-07 00:00:00+07:00,1600.2822265625,85484676,0.0,0.0,5381.47509765625
2017-02-08 00:00:00+07:00,1590.30126953125,147025239,0.0,0.0,5361.087890625
2017-02-09 00:00:00+07:00,1593.6280517578125,127802407,0.0,0.0,5372.0771484375
2017-02-10 00:00:00+07:00,1600.2822265625,95515199,0.0,0.0,5371.6689453125
2017-02-13 00:00:00+07:00,1606.93603515625,96346814,0.0,0.0,5409.55615234375
2017-02-14 00:00:00+07:00,1596.955078125,69135094,0.0,0.0,5380.669921875
2017-02-15 00:00:00+07:00,1596.955078125,0,0.0,0.0,
2017-02-16 00:00:00+07:00,1596.955078125,128769324,0.0,0.0,5377.998046875
2017-02-17 00:00:00+07:00,1557.031494140625,98121144,0.0,0.0,5350.93212890625
2017-02-20 00:00:00+07:00,1563.6851806640625,83084435,0.0,0.0,5359.2880859375
2017-02-21 00:00:00+07:00,1583.6470947265625,86270090,0.0,0.0,5340.990234375
2017-02-22 00:00:00+07:00,1596.955078125,103578889,0.0,0.0,5358.68310546875
2017-02-23 00:00:00+07:00,1586.97412109375,65381829,0.0,0.0,5372.748046875
2017-02-24 00:00:00+07:00,1590.30126953125,83788997,0.0,0.0,5385.90576171875
2017-02-27 00:00:00+07:00,1580.3204345703125,58183854,0.0,0.0,5382.8740234375
2017-02-28 00:00:00+07:00,1590.30126953125,149039374,0.0,0.0,5386.69189453125
2017-03-01 00:00:00+07:00,1590.30126953125,58873566,0.0,0.0,5363.05615234375
2017-03-02 00:00:00+07:00,1576.9932861328125,87007102,0.0,0.0,5408.25390625
2017-03-03 00:00:00+07:00,1576.9932861328125,47146264,0.0,0.0,5391.21484375
2017-03-06 00:00:00+07:00,1590.30126953125,54321138,0.0,0.0,5409.81689453125
2017-03-07 00:00:00+07:00,1596.955078125,103532138,0.0,0.0,5402.615234375
2017-03-08 00:00:00+07:00,1596.955078125,89386993,0.0,0.0,5393.76416015625
2017-03-09 00:00:00+07:00,1606.93603515625,80096233,0.0,0.0,5402.38623046875
2017-03-10 00:00:00+07:00,1606.93603515625,83685045,0.0,0.0,5390.6767578125
2017-03-13 00:00:00+07:00,1606.93603515625,107761711,0.0,0.0,5409.3720703125
2017-03-14 00:00:00+07:00,1603.609130859375,59510477,0.0,0.0,5431.5849609375
2017-03-15 00:00:00+07:00,1616.9171142578125,133583557,0.0,0.0,5432.380859375
2017-03-16 00:00:00+07:00,1666.8218994140625,297074431,0.0,0.0,5518.2412109375
2017-03-17 00:00:00+07:00,1730.03466796875,408559706,0.0,0.0,5540.43212890625
2017-03-20 00:00:00+07:00,1730.03466796875,119646316,0.0,0.0,5533.9921875
2017-03-21 00:00:00+07:00,1730.03466796875,117868135,0.0,0.0,5543.0927734375
2017-03-22 00:00:00+07:00,1756.650634765625,261472316,0.0,0.0,5534.0927734375
2017-03-23 00:00:00+07:00,1808.7264404296875,127782607,77.926926,0.0,5563.7587890625
2017-03-24 00:00:00+07:00,1808.7264404296875,54328838,0.0,0.0,5567.1337890625
2017-03-27 00:00:00+07:00,1757.1466064453125,79188167,0.0,0.0,5541.2021484375
2017-03-29 00:00:00+07:00,1764.02392578125,152638636,0.0,0.0,5592.509765625
2017-03-30 00:00:00+07:00,1781.2171630859375,97370381,0.0,0.0,5592.9521484375
2017-03-31 00:00:00+07:00,1784.65576171875,81472907,0.0,0.0,5568.10595703125
2017-04-03 00:00:00+07:00,1791.5330810546875,132470888,0.0,0.0,5606.7890625
2017-04-04 00:00:00+07:00,1791.5330810546875,64004605,0.0,0.0,5651.8232421875
2017-04-05 00:00:00+07:00,1791.5330810546875,0,0.0,0.0,5676.97998046875
2017-04-06 00:00:00+07:00,1812.1646728515625,69225295,0.0,0.0,5680.23876953125
2017-04-07 00:00:00+07:00,1794.9718017578125,155016877,0.0,0.0,5653.48583984375
2017-04-10 00:00:00+07:00,1801.84912109375,112550094,0.0,0.0,5644.298828125
2017-04-11 00:00:00+07:00,1774.3397216796875,43567352,0.0,0.0,5627.93310546875
2017-04-12 00:00:00+07:00,1757.1466064453125,41581818,0.0,0.0,5644.15478515625
2017-04-13 00:00:00+07:00,1746.8306884765625,62858935,0.0,0.0,5616.544921875
2017-04-17 00:00:00+07:00,1709.005615234375,49219250,0.0,0.0,5577.48681640625
2017-04-18 00:00:00+07:00,1770.9012451171875,69504150,0.0,0.0,5606.51708984375
2017-04-19 00:00:00+07:00,1770.9012451171875,0,0.0,0.0,
2017-04-20 00:00:00+07:00,1753.708251953125,125882874,0.0,0.0,5595.30615234375
2017-04-21 00:00:00+07:00,1777.7786865234375,93732618,0.0,0.0,5664.47509765625
2017-04-25 00:00:00+07:00,1805.287353515625,209825324,0.0,0.0,5680.7958984375
2017-04-26 00:00:00+07:00,1819.0419921875,174112107,0.0,0.0,5726.52978515625
2017-04-27 00:00:00+07:00,1788.0941162109375,74987745,0.0,0.0,5707.02783203125
2017-04-28 00:00:00+07:00,1774.3397216796875,55645011,0.0,0.0,5685.2978515625
2017-05-02 00:00:00+07:00,1794.9718017578125,146474679,0.0,0.0,5675.80810546875
2017-05-03 00:00:00+07:00,1815.6033935546875,168168154,0.0,0.0,5647.3681640625
2017-05-04 00:00:00+07:00,1915.32421875,221305122,0.0,0.0,5669.44287109375
2017-05-05 00:00:00+07:00,1915.32421875,90490862,0.0,0.0,5683.376953125
2017-05-08 00:00:00+07:00,1939.3948974609375,200488362,0.0,0.0,5707.86181640625
2017-05-09 00:00:00+07:00,1925.6400146484375,153557152,0.0,0.0,5697.05615234375
2017-05-10 00:00:00+07:00,1922.2012939453125,113189205,0.0,0.0,5653.0078125
2017-05-12 00:00:00+07:00,1929.07861328125,132790993,0.0,0.0,5675.2158203125
2017-05-15 00:00:00+07:00,1966.9039306640625,134878279,0.0,0.0,5688.8701171875
2017-05-16 00:00:00+07:00,1929.07861328125,125902674,0.0,0.0,5646.9990234375
2017-05-17 00:00:00+07:00,1939.3948974609375,139094102,0.0,0.0,5615.4921875
2017-05-18 00:00:00+07:00,1939.3948974609375,158054579,0.0,0.0,5645.451171875
2017-05-19 00:00:00+07:00,1994.412841796875,199162840,0.0,0.0,5791.8837890625
2017-05-22 00:00:00+07:00,2011.60595703125,178052925,0.0,0.0,5749.44482421875
2017-05-23 00:00:00+07:00,1990.9742431640625,110151502,0.0,0.0,5730.61279296875
2017-05-24 00:00:00+07:00,1946.27197265625,124781205,0.0,0.0,5703.43310546875
2017-05-26 00:00:00+07:00,1956.587646484375,151350514,0.0,0.0,5716.81494140625
2017-05-29 00:00:00+07:00,1953.1492919921875,48242983,0.0,0.0,5712.3310546875
2017-05-30 00:00:00+07:00,1953.1492919921875,46155147,0.0,0.0,5693.39111328125
2017-05-31 00:00:00+07:00,1990.9742431640625,182778607,0.0,0.0,5738.15478515625
2017-06-01 00:00:00+07:00,1990.9742431640625,0,0.0,0.0,
2017-06-02 00:00:00+07:00,2028.7996826171875,97643186,0.0,0.0,5742.44580078125
2017-06-05 00:00:00+07:00,2066.62451171875,98219596,0.0,0.0,5748.23486328125
2017-06-06 00:00:00+07:00,2018.4835205078125,90498013,0.0,0.0,5707.8310546875
2017-06-07 00:00:00+07:00,2052.869873046875,95703303,0.0,0.0,5717.3251953125
2017-06-08 00:00:00+07:00,2015.0447998046875,73026411,0.0,0.0,5702.921875
2017-06-09 00:00:00+07:00,1977.2196044921875,159540705,0.0,0.0,5675.52294921875
2017-06-12 00:00:00+07:00,2011.60595703125,50916029,0.0,0.0,5691.43603515625
2017-06-13 00:00:00+07:00,1990.9742431640625,64995172,0.0,0.0,5707.64501953125
2017-06-14 00:00:00+07:00,2042.5538330078125,88024620,0.0,0.0,5792.89697265625
2017-06-15 00:00:00+07:00,2018.4835205078125,60059387,0.0,0.0,5776.283203125
2017-06-16 00:00:00+07:00,2018.4835205078125,182217047,0.0,0.0,5723.63623046875
2017-06-19 00:00:00+07:00,2035.676513671875,49042147,0.0,0.0,5741.9091796875
2017-06-20 00:00:00+07:00,2059.7470703125,65427480,0.0,0.0,5791.90380859375
2017-06-21 00:00:00+07:00,2104.44921875,125778922,0.0,0.0,5818.5517578125
2017-06-22 00:00:00+07:00,2097.572265625,142911718,0.0,0.0,5829.7080078125
2017-06-23 00:00:00+07:00,2097.572265625,0,0.0,0.0,
2017-06-26 00:00:00+07:00,2097.572265625,0,0.0,0.0,
2017-06-27 00:00:00+07:00,2097.572265625,0,0.0,0.0,
2017-06-28 00:00:00+07:00,2097.572265625,0,0.0,0.0,
2017-06-29 00:00:00+07:00,2097.572265625,0,0.0,0.0,
2017-06-30 00:00:00+07:00,2097.572265625,0,0.0,0.0,
2017-07-03 00:00:00+07:00,2131.958740234375,244610675,0.0,0.0,5910.23681640625
2017-07-04 00:00:00+07:00,2104.44921875,160913529,0.0,0.0,5865.36376953125
2017-07-05 00:00:00+07:00,2090.694580078125,130771358,0.0,0.0,5825.05419921875
2017-07-06 00:00:00+07:00,2070.063232421875,129686189,0.0,0.0,5849.5751953125
2017-07-07 00:00:00+07:00,2070.063232421875,112193137,0.0,0.0,5814.79296875
2017-07-10 00:00:00+07:00,2025.3607177734375,107130300,0.0,0.0,5771.505859375
2017-07-11 00:00:00+07:00,2011.60595703125,125045759,0.0,0.0,5773.326171875
2017-07-12 00:00:00+07:00,2039.1156005859375,81526258,0.0,0.0,5819.1318359375
2017-07-13 00:00:00+07:00,2049.431396484375,91359878,0.0,0.0,5830.0439453125
2017-07-14 00:00:00+07:00,2035.676513671875,172757433,0.0,0.0,5831.794921875
2017-07-17 00:00:00+07:00,2063.185791015625,74671489,0.0,0.0,5841.27978515625
2017-07-18 00:00:00+07:00,2049.431396484375,112101286,0.0,0.0,5822.35205078125
2017-07-19 00:00:00+07:00,2025.3607177734375,76411169,0.0,0.0,5806.68994140625
2017-07-20 00:00:00+07:00,2025.3607177734375,102125213,0.0,0.0,5825.2080078125
2017-07-21 00:00:00+07:00,2018.4835205078125,43555802,0.0,0.0,5765.423828125
2017-07-24 00:00:00+07:00,2018.4835205078125,106487889,0.0,0.0,5801.5869140625
2017-07-25 00:00:00+07:00,2035.676513671875,95088392,0.0,0.0,5813.53515625
2017-07-26 00:00:00+07:00,2032.238037109375,134958581,0.0,0.0,5800.2060546875
2017-07-27 00:00:00+07:00,2021.922119140625,84358807,0.0,0.0,5819.744140625
2017-07-28 00:00:00+07:00,1994.412841796875,250806532,0.0,0.0,5831.02685546875
2017-07-31 00:00:00+07:00,2032.238037109375,246660010,0.0,0.0,5840.93896484375
2017-08-01 00:00:00+07:00,2035.676513671875,95166493,0.0,0.0,5805.205078125
2017-08-02 00:00:00+07:00,2056.30859375,58345007,0.0,0.0,5824.2490234375
2017-08-03 00:00:00+07:00,2042.5538330078125,111998984,0.0,0.0,5780.576171875
2017-08-04 00:00:00+07:00,2052.869873046875,63645449,0.0,0.0,5777.48193359375
2017-08-07 00:00:00+07:00,2049.431396484375,77243334,0.0,0.0,5749.2919921875
2017-08-08 00:00:00+07:00,2056.30859375,83898999,0.0,0.0,5810.56298828125
2017-08-09 00:00:00+07:00,2066.62451171875,109413939,0.0,0.0,5824.0068359375
2017-08-10 00:00:00+07:00,2063.185791015625,92427996,0.0,0.0,5825.94580078125
2017-08-11 00:00:00+07:00,2063.185791015625,165214053,0.0,0.0,5766.13818359375
2017-08-14 00:00:00+07:00,2073.501953125,89218141,0.0,0.0,5801.48779296875
2017-08-15 00:00:00+07:00,2070.063232421875,94434981,0.0,0.0,5835.041015625
2017-08-16 00:00:00+07:00,2097.572265625,78198700,0.0,0.0,5891.94921875
2017-08-17 00:00:00+07:00,2097.572265625,0,0.0,0.0,
2017-08-18 00:00:00+07:00,2083.817626953125,87112154,0.0,0.0,5893.8408203125
2017-08-21 00:00:00+07:00,2101.010986328125,105929629,0.0,0.0,5861.00390625
2017-08-22 00:00:00+07:00,2104.44921875,126503835,0.0,0.0,5880.296875
2017-08-23 00:00:00+07:00,2104.44921875,64812019,0.0,0.0,5914.02392578125
2017-08-24 00:00:00+07:00,2094.134033203125,55936516,0.0,0.0,5894.1171875
2017-08-25 00:00:00+07:00,2104.44921875,69625152,0.0,0.0,5915.36279296875
2017-08-28 00:00:00+07:00,2094.134033203125,37006289,0.0,0.0,5903.3408203125
2017-08-29 00:00:00+07:00,2059.7470703125,87108854,0.0,0.0,5888.2119140625
2017-08-30 00:00:00+07:00,2073.501953125,59839933,0.0,0.0,5872.505859375
2017-08-31 00:00:00+07:00,2080.379150390625,63930904,0.0,0.0,5864.05908203125
2017-09-01 00:00:00+07:00,2080.379150390625,0,0.0,0.0,
2017-09-04 00:00:00+07:00,2045.9931640625,71365932,0.0,0.0,5813.7412109375
2017-09-05 00:00:00+07:00,2063.185791015625,34966853,0.0,0.0,5829.97900390625
2017-09-06 00:00:00+07:00,2042.5538330078125,100974044,0.0,0.0,5824.13818359375
2017-09-07 00:00:00+07:00,2063.185791015625,64340661,0.0,0.0,5832.31103515625
2017-09-08 00:00:00+07:00,2063.185791015625,57494143,0.0,0.0,5857.119140625
2017-09-11 00:00:00+07:00,2056.30859375,91614532,0.0,0.0,5871.880859375
2017-09-12 00:00:00+07:00,2052.869873046875,108926631,0.0,0.0,5872.376953125
2017-09-13 00:00:00+07:00,2049.431396484375,47172664,0.0,0.0,5845.73388671875
2017-09-14 00:00:00+07:00,2039.1156005859375,53380622,0.0,0.0,5852.001953125
2017-09-15 00:00:00+07:00,2042.5538330078125,168131304,0.0,0.0,5872.39208984375
2017-09-18 00:00:00+07:00,2063.185791015625,93380612,0.0,0.0,5884.61083984375
2017-09-19 00:00:00+07:00,2066.62451171875,90070105,0.0,0.0,5901.326171875
2017-09-20 00:00:00+07:00,2066.62451171875,64475413,0.0,0.0,5906.5732421875
2017-09-21 00:00:00+07:00,2066.62451171875,0,0.0,0.0,
2017-09-22 00:00:00+07:00,2156.029296875,200934970,0.0,0.0,5911.7080078125
2017-09-25 00:00:00+07:00,2156.029296875,90188907,0.0,0.0,5894.61181640625
2017-09-26 00:00:00+07:00,2138.835693359375,135448639,0.0,0.0,5863.9619140625
2017-09-27 00:00:00+07:00,2097.572265625,110312105,0.0,0.0,5863.02685546875
2017-09-28 00:00:00+07:00,2021.922119140625,143143272,0.0,0.0,5841.046875
2017-09-29 00:00:00+07:00,2101.010986328125,181632387,0.0,0.0,5900.85400390625
2017-10-02 00:00:00+07:00,2097.572265625,76614673,0.0,0.0,5914.02978515625
2017-10-03 00:00:00+07:00,2107.887939453125,55486608,0.0,0.0,5939.453125
2017-10-04 00:00:00+07:00,2101.010986328125,54583492,0.0,0.0,5951.47509765625
2017-10-05 00:00:00+07:00,2107.887939453125,75609255,0.0,0.0,5901.90576171875
2017-10-06 00:00:00+07:00,2114.76513671875,100901442,0.0,0.0,5905.3779296875
2017-10-09 00:00:00+07:00,2114.76513671875,110383056,0.0,0.0,5914.93310546875
2017-10-10 00:00:00+07:00,2101.010986328125,75044946,0.0,0.0,5905.76220703125
2017-10-11 00:00:00+07:00,2101.010986328125,69635052,0.0,0.0,5882.787109375
2017-10-12 00:00:00+07:00,2114.76513671875,179268446,0.0,0.0,5926.2041015625
2017-10-13 00:00:00+07:00,2111.326904296875,136602009,0.0,0.0,5924.1240234375
2017-10-16 00:00:00+07:00,2111.326904296875,63029988,0.0,0.0,5949.701171875
2017-10-17 00:00:00+07:00,2118.204345703125,79215118,0.0,0.0,5947.330078125
2017-10-18 00:00:00+07:00,2118.204345703125,134680276,0.0,0.0,5929.201171875
2017-10-19 00:00:00+07:00,2131.958740234375,150718553,0.0,0.0,5910.52978515625
2017-10-20 00:00:00+07:00,2149.15185546875,118719550,0.0,0.0,5929.548828125
2017-10-23 00:00:00+07:00,2149.15185546875,90630565,0.0,0.0,5950.02587890625
2017-10-24 00:00:00+07:00,2128.519775390625,63772501,0.0,0.0,5952.076171875
2017-10-25 00:00:00+07:00,2145.713623046875,87973469,0.0,0.0,6025.43408203125
2017-10-26 00:00:00+07:00,2149.15185546875,124320297,0.0,0.0,5995.84716796875
2017-10-27 00:00:00+07:00,2145.713623046875,148027906,0.0,0.0,5975.28076171875
2017-10-30 00:00:00+07:00,2138.835693359375,127284848,0.0,0.0,5974.0771484375
2017-10-31 00:00:00+07:00,2145.713623046875,136784612,0.0,0.0,6005.7841796875
2017-11-01 00:00:00+07:00,2159.468017578125,53466423,0.0,0.0,6038.14599609375
2017-11-02 00:00:00+07:00,2193.854248046875,133842061,0.0,0.0,6031.10693359375
2017-11-03 00:00:00+07:00,2200.73193359375,81419556,0.0,0.0,6039.541015625
2017-11-06 00:00:00+07:00,2235.117919921875,174081306,0.0,0.0,6050.8232421875
2017-11-07 00:00:00+07:00,2228.240478515625,87061553,0.0,0.0,6060.453125
2017-11-08 00:00:00+07:00,2262.626953125,218007815,0.0,0.0,6049.3837890625
2017-11-09 00:00:00+07:00,2262.626953125,205777254,0.0,0.0,6042.4599609375
2017-11-10 00:00:00+07:00,2255.75,110164042,0.0,5.0,6021.828125
2017-11-13 00:00:00+07:00,2241.9951171875,61585773,0.0,0.0,6021.4560546875
2017-11-14 00:00:00+07:00,2180.099365234375,115708028,0.0,0.0,5988.2919921875
2017-11-15 00:00:00+07:00,2159.468017578125,86956171,0.0,0.0,5972.31103515625
2017-11-16 00:00:00+07:00,2207.60888671875,85818202,0.0,0.0,6037.9072265625
2017-11-17 00:00:00+07:00,2262.626953125,125462337,0.0,0.0,6051.73193359375
2017-11-20 00:00:00+07:00,2297.013427734375,101541653,0.0,0.0,6053.2822265625
2017-11-21 00:00:00+07:00,2255.75,120809256,0.0,0.0,6031.86181640625
2017-11-22 00:00:00+07:00,2338.277587890625,162404055,0.0,0.0,6069.78515625
2017-11-23 00:00:00+07:00,2310.768310546875,54675014,0.0,0.0,6063.2451171875
2017-11-24 00:00:00+07:00,2303.890869140625,90988291,0.0,0.0,6067.14208984375
2017-11-27 00:00:00+07:00,2269.50439453125,117102632,0.0,0.0,6064.5888671875
2017-11-28 00:00:00+07:00,2324.522705078125,151327083,0.0,0.0,6070.7158203125
2017-11-29 00:00:00+07:00,2269.50439453125,114279873,0.0,0.0,6061.3671875
2017-11-30 00:00:00+07:00,2207.60888671875,221839511,0.0,0.0,5952.13818359375
2017-12-01 00:00:00+07:00,2207.60888671875,0,0.0,0.0,5952.13818359375
2017-12-04 00:00:00+07:00,2269.50439453125,146562241,0.0,0.0,5998.19482421875
2017-12-05 00:00:00+07:00,2303.890869140625,71912862,0.0,0.0,6000.47412109375
2017-12-06 00:00:00+07:00,2379.540771484375,183323556,0.0,0.0,6035.5078125
2017-12-07 00:00:00+07:00,2324.522705078125,62940997,0.0,0.0,6006.8349609375
2017-12-08 00:00:00+07:00,2317.6455078125,72219767,0.0,0.0,6030.9580078125
2017-12-11 00:00:00+07:00,2365.786376953125,73592811,0.0,0.0,6026.6328125
2017-12-12 00:00:00+07:00,2372.663330078125,67555576,0.0,0.0,6032.37109375
2017-12-13 00:00:00+07:00,2372.663330078125,47317867,0.0,0.0,6054.60400390625
2017-12-14 00:00:00+07:00,2379.540771484375,105853068,0.0,0.0,6113.65283203125
2017-12-15 00:00:00+07:00,2331.400146484375,125414486,0.0,0.0,6119.4189453125
2017-12-18 00:00:00+07:00,2331.400146484375,76208216,0.0,0.0,6133.962890625
2017-12-19 00:00:00+07:00,2365.786376953125,99956306,0.0,0.0,6167.666015625
2017-12-20 00:00:00+07:00,2338.277587890625,82864651,0.0,0.0,6109.48193359375
2017-12-21 00:00:00+07:00,2352.031494140625,75601775,0.0,0.0,6183.39111328125
2017-12-22 00:00:00+07:00,2379.540771484375,72740626,0.0,0.0,6221.01318359375
2017-12-25 00:00:00+07:00,2379.540771484375,0,0.0,0.0,
2017-12-26 00:00:00+07:00,2379.540771484375,0,0.0,0.0,
2017-12-27 00:00:00+07:00,2441.4365234375,92024509,0.0,0.0,6277.1650390625
2017-12-28 00:00:00+07:00,2496.454833984375,102250066,0.0,0.0,6314.0458984375
2017-12-29 00:00:00+07:00,2503.33203125,118481396,0.0,0.0,6355.65380859375
2018-01-01 00:00:00+07:00,2503.33203125,0,0.0,0.0,
2018-01-02 00:00:00+07:00,2496.454833984375,100241541,0.0,0.0,6339.23779296875
2018-01-03 00:00:00+07:00,2482.7001953125,77164902,0.0,0.0,6251.47900390625
2018-01-04 00:00:00+07:00,2441.4365234375,172049901,0.0,0.0,6292.32080078125
2018-01-05 00:00:00+07:00,2468.946044921875,95806814,0.0,0.0,6353.73779296875
2018-01-08 00:00:00+07:00,2468.946044921875,60016046,0.0,0.0,6385.40380859375
2018-01-09 00:00:00+07:00,2455.19091796875,99669091,0.0,0.0,6373.14404296875
2018-01-10 00:00:00+07:00,2427.68212890625,128052221,0.0,0.0,6371.173828125
2018-01-11 00:00:00+07:00,2434.5595703125,125818963,0.0,0.0,6386.3388671875
2018-01-12 00:00:00+07:00,2434.5595703125,146792365,0.0,0.0,6370.06494140625
2018-01-15 00:00:00+07:00,2441.4365234375,95279025,0.0,0.0,6382.19482421875
2018-01-16 00:00:00+07:00,2482.7001953125,101318790,0.0,0.0,6429.69189453125
2018-01-17 00:00:00+07:00,2496.454833984375,89613597,0.0,0.0,6444.51806640625
2018-01-18 00:00:00+07:00,2489.57763671875,87056383,0.0,0.0,6472.666015625
2018-01-19 00:00:00+07:00,2489.57763671875,87535331,0.0,0.0,6490.89599609375
2018-01-22 00:00:00+07:00,2510.208984375,128524019,0.0,0.0,6500.52880859375
2018-01-23 00:00:00+07:00,2695.896240234375,186238386,0.0,0.0,6635.333984375
2018-01-24 00:00:00+07:00,2634.000732421875,165077211,0.0,0.0,6615.4921875
2018-01-25 00:00:00+07:00,2592.737060546875,155403974,0.0,0.0,6615.328125
2018-01-26 00:00:00+07:00,2647.7548828125,149193706,0.0,0.0,6660.6181640625
2018-01-29 00:00:00+07:00,2613.368896484375,134887519,0.0,0.0,6680.619140625
2018-01-30 00:00:00+07:00,2558.3505859375,197268607,0.0,0.0,6575.4921875
2018-01-31 00:00:00+07:00,2544.595947265625,289533250,0.0,0.0,6605.630859375
2018-02-01 00:00:00+07:00,2544.595947265625,160147366,0.0,0.0,6598.458984375
2018-02-02 00:00:00+07:00,2572.10498046875,125526688,0.0,0.0,6628.81982421875
2018-02-05 00:00:00+07:00,2599.614013671875,123946840,0.0,0.0,6589.6748046875
2018-02-06 00:00:00+07:00,2530.841064453125,286316245,0.0,0.0,6478.54296875
2018-02-07 00:00:00+07:00,2544.595947265625,151721770,0.0,0.0,6534.869140625
2018-02-08 00:00:00+07:00,2558.3505859375,122222231,0.0,0.0,6544.6337890625
2018-02-09 00:00:00+07:00,2551.472900390625,102455989,0.0,0.0,6505.52294921875
2018-02-12 00:00:00+07:00,2613.368896484375,89670248,0.0,0.0,6523.4541015625
2018-02-13 00:00:00+07:00,2668.386962890625,119062096,0.0,0.0,6578.17822265625
2018-02-14 00:00:00+07:00,2654.63232421875,74433005,0.0,0.0,6594.40087890625
2018-02-15 00:00:00+07:00,2640.877685546875,58183854,0.0,0.0,6591.58203125
2018-02-16 00:00:00+07:00,2640.877685546875,0,0.0,0.0,
2018-02-19 00:00:00+07:00,2654.63232421875,69751104,0.0,0.0,6689.287109375
2018-02-20 00:00:00+07:00,2613.368896484375,100658888,0.0,0.0,6662.8759765625
2018-02-21 00:00:00+07:00,2613.368896484375,120299507,0.0,0.0,6643.39990234375
2018-02-22 00:00:00+07:00,2592.737060546875,114220142,0.0,0.0,6593.06005859375
2018-02-23 00:00:00+07:00,2606.49169921875,118526277,0.0,0.0,6619.80419921875
2018-02-26 00:00:00+07:00,2572.10498046875,107300693,0.0,0.0,6554.6728515625
2018-02-27 00:00:00+07:00,2592.737060546875,84161903,0.0,0.0,6598.92578125
2018-02-28 00:00:00+07:00,2599.614013671875,138929979,0.0,0.0,6597.2177734375
2018-03-01 00:00:00+07:00,2606.49169921875,118792591,0.0,0.0,6606.05322265625
2018-03-02 00:00:00+07:00,2606.49169921875,68018134,0.0,0.0,6582.31591796875
2018-03-05 00:00:00+07:00,2592.737060546875,60785289,0.0,0.0,6550.5927734375
2018-03-06 00:00:00+07:00,2565.227783203125,100183130,0.0,0.0,6500.11083984375
2018-03-07 00:00:00+07:00,2517.086669921875,155776220,0.0,0.0,6368.26708984375
2018-03-08 00:00:00+07:00,2592.737060546875,143707692,0.0,0.0,6443.02099609375
2018-03-09 00:00:00+07:00,2537.71826171875,109099004,0.0,0.0,6433.32177734375
2018-03-12 00:00:00+07:00,2585.859619140625,158650900,0.0,0.0,6500.68603515625
2018-03-13 00:00:00+07:00,2585.859619140625,140515107,0.0,0.0,6412.84619140625
2018-03-14 00:00:00+07:00,2578.982421875,64433502,0.0,0.0,6382.623046875
2018-03-15 00:00:00+07:00,2503.33203125,165019570,0.0,0.0,6321.90380859375
2018-03-16 00:00:00+07:00,2530.841064453125,249097762,0.0,0.0,6304.9521484375
2018-03-19 00:00:00+07:00,2537.71826171875,99120072,0.0,0.0,6289.57177734375
2018-03-20 00:00:00+07:00,2572.10498046875,115814840,0.0,0.0,6243.5771484375
2018-03-21 00:00:00+07:00,2620.245849609375,147523988,0.0,0.0,6312.8310546875
2018-03-22 00:00:00+07:00,2523.9638671875,159015446,0.0,0.0,6254.07421875
2018-03-23 00:00:00+07:00,2475.822998046875,216369227,0.0,0.0,6210.6982421875
2018-03-26 00:00:00+07:00,2475.822998046875,98906118,0.0,0.0,6200.171875
2018-03-27 00:00:00+07:00,2475.822998046875,112691006,0.0,0.0,6209.35009765625
2018-03-28 00:00:00+07:00,2441.4365234375,108206998,0.0,0.0,6140.8369140625
2018-03-29 00:00:00+07:00,2475.822998046875,143949036,0.0,0.0,6188.98681640625
2018-03-30 00:00:00+07:00,2475.822998046875,0,0.0,0.0,
2018-04-02 00:00:00+07:00,2551.479248046875,76216686,97.04093,0.0,6240.57080078125
2018-04-03 00:00:00+07:00,2551.479248046875,50078034,0.0,0.0,6229.01318359375
2018-04-04 00:00:00+07:00,2473.51708984375,97768588,0.0,0.0,6157.09619140625
2018-04-05 00:00:00+07:00,2459.34228515625,88018240,0.0,0.0,6183.22705078125
2018-04-06 00:00:00+07:00,2466.4296875,74313983,0.0,0.0,6175.0517578125
2018-04-09 00:00:00+07:00,2501.866943359375,53455753,0.0,0.0,6246.130859375
2018-04-10 00:00:00+07:00,2537.304443359375,94237087,0.0,0.0,6325.81787109375
2018-04-11 00:00:00+07:00,2586.916015625,96474306,0.0,0.0,6360.93212890625
2018-04-12 00:00:00+07:00,2544.391845703125,68189737,0.0,0.0,6310.8017578125
2018-04-13 00:00:00+07:00,2516.0419921875,64579915,0.0,0.0,6270.3271484375
2018-04-16 00:00:00+07:00,2516.0419921875,0,0.0,0.0,6286.748046875
2018-04-17 00:00:00+07:00,2516.0419921875,0,0.0,0.0,6285.76220703125
2018-04-18 00:00:00+07:00,2594.003662109375,74694590,0.0,0.0,6320.0048828125
2018-04-19 00:00:00+07:00,2594.003662109375,0,0.0,0.0,6355.90087890625
2018-04-20 00:00:00+07:00,2594.003662109375,0,0.0,0.0,6337.69482421875
2018-04-23 00:00:00+07:00,2537.304443359375,96494986,0.0,0.0,6308.14794921875
2018-04-24 00:00:00+07:00,2473.51708984375,111607927,0.0,0.0,6229.634765625
2018-04-25 00:00:00+07:00,2473.51708984375,0,0.0,0.0,6079.85009765625
2018-04-26 00:00:00+07:00,2473.51708984375,0,0.0,0.0,5909.1982421875
2018-04-27 00:00:00+07:00,2473.51708984375,0,0.0,0.0,5919.23779296875
2018-04-30 00:00:00+07:00,2282.156005859375,143226213,0.0,0.0,5994.59521484375
2018-05-01 00:00:00+07:00,2282.156005859375,0,0.0,0.0,
2018-05-02 00:00:00+07:00,2289.24365234375,130874320,0.0,0.0,6012.23779296875
2018-05-03 00:00:00+07:00,2232.54443359375,159331482,0.0,0.0,5858.73193359375
2018-05-04 00:00:00+07:00,2147.4951171875,200761167,0.0,0.0,5792.34521484375
2018-05-07 00:00:00+07:00,2161.669677734375,202507337,0.0,0.0,5885.09814453125
2018-05-08 00:00:00+07:00,2175.8447265625,121509198,0.0,0.0,5774.7158203125
2018-05-09 00:00:00+07:00,2275.06884765625,203973553,0.0,0.0,5907.93798828125
2018-05-10 00:00:00+07:00,2275.06884765625,0,0.0,0.0,
2018-05-11 00:00:00+07:00,2239.6318359375,177597297,0.0,0.0,5956.83203125
2018-05-14 00:00:00+07:00,2260.89404296875,105848998,0.0,0.0,5947.15478515625
2018-05-15 00:00:00+07:00,2175.8447265625,118834392,0.0,0.0,5838.1162109375
2018-05-16 00:00:00+07:00,2175.8447265625,328823179,0.0,0.0,5841.4638671875
2018-05-17 00:00:00+07:00,2119.145263671875,190119473,0.0,0.0,5815.919921875
2018-05-18 00:00:00+07:00,2083.7080078125,236572616,0.0,0.0,5783.31005859375
2018-05-21 00:00:00+07:00,1956.1337890625,569723380,0.0,0.0,5733.85400390625
2018-05-22 00:00:00+07:00,1927.784423828125,365772377,0.0,0.0,5751.119140625
2018-05-23 00:00:00+07:00,2041.18310546875,450918248,0.0,0.0,5792.0009765625
2018-05-24 00:00:00+07:00,2168.757080078125,277046605,0.0,0.0,5946.5380859375
2018-05-25 00:00:00+07:00,2211.2822265625,211478322,0.0,0.0,5975.7421875
2018-05-28 00:00:00+07:00,2303.418701171875,204653144,0.0,0.0,6068.3251953125
2018-05-29 00:00:00+07:00,2303.418701171875,0,0.0,0.0,
2018-05-30 00:00:00+07:00,2225.456787109375,336856508,0.0,0.0,6011.05517578125
2018-05-31 00:00:00+07:00,2182.93212890625,343554524,0.0,0.0,5983.5869140625
2018-06-01 00:00:00+07:00,2182.93212890625,0,0.0,0.0,
2018-06-04 00:00:00+07:00,2218.369384765625,233134066,0.0,0.0,6014.81884765625
2018-06-05 00:00:00+07:00,2204.194580078125,149580143,0.0,0.0,6088.7900390625
2018-06-06 00:00:00+07:00,2232.54443359375,109462340,0.0,0.0,6069.712890625
2018-06-07 00:00:00+07:00,2317.59375,202124311,0.0,0.0,6106.6982421875
2018-06-08 00:00:00+07:00,2225.456787109375,289274526,0.0,0.0,5993.626953125
2018-06-11 00:00:00+07:00,2225.456787109375,0,0.0,0.0,
2018-06-12 00:00:00+07:00,2225.456787109375,0,0.0,0.0,
2018-06-13 00:00:00+07:00,2225.456787109375,0,0.0,0.0,
2018-06-14 00:00:00+07:00,2225.456787109375,0,0.0,0.0,
2018-06-15 00:00:00+07:00,2225.456787109375,0,0.0,0.0,
2018-06-18 00:00:00+07:00,2225.456787109375,0,0.0,0.0,
2018-06-19 00:00:00+07:00,2225.456787109375,0,0.0,0.0,
2018-06-20 00:00:00+07:00,2097.8828125,391042344,0.0,0.0,5884.0390625
2018-06-21 00:00:00+07:00,2062.445556640625,149165766,0.0,0.0,5822.3330078125
2018-06-22 00:00:00+07:00,2112.057861328125,232759070,0.0,0.0,5821.81201171875
2018-06-25 00:00:00+07:00,2048.270751953125,157345947,0.0,0.0,5859.0830078125
2018-06-26 00:00:00+07:00,1998.6585693359375,204397610,0.0,0.0,5825.64892578125
2018-06-27 00:00:00+07:00,2012.8336181640625,146981678,0.0,0.0,5787.5517578125
2018-06-28 00:00:00+07:00,1949.046630859375,217214701,0.0,0.0,5667.31884765625
2018-06-29 00:00:00+07:00,2012.8336181640625,238570030,0.0,0.0,5799.23681640625
2018-07-02 00:00:00+07:00,2019.9210205078125,166470935,0.0,0.0,5746.77001953125
2018-07-03 00:00:00+07:00,2005.7459716796875,97720407,0.0,0.0,5633.93701171875
2018-07-04 00:00:00+07:00,2076.620361328125,141800039,0.0,0.0,5733.63916015625
2018-07-05 00:00:00+07:00,2062.445556640625,69844936,0.0,0.0,5739.33203125
2018-07-06 00:00:00+07:00,2012.8336181640625,84006801,0.0,0.0,5694.912109375
2018-07-09 00:00:00+07:00,2133.320068359375,140680769,0.0,0.0,5807.375
2018-07-10 00:00:00+07:00,2161.669677734375,144808151,0.0,0.0,5881.759765625
2018-07-11 00:00:00+07:00,2119.145263671875,146347957,0.0,0.0,5893.35888671875
2018-07-12 00:00:00+07:00,2104.97021484375,100852711,0.0,0.0,5907.8720703125
2018-07-13 00:00:00+07:00,2104.97021484375,112109646,0.0,0.0,5944.07421875
2018-07-16 00:00:00+07:00,2104.97021484375,95277155,0.0,0.0,5905.158203125
2018-07-17 00:00:00+07:00,2034.095947265625,150798524,0.0,0.0,5861.5078125
2018-07-18 00:00:00+07:00,2019.9210205078125,125471907,0.0,0.0,5890.73095703125
2018-07-19 00:00:00+07:00,2048.270751953125,156549643,0.0,0.0,5871.0771484375
2018-07-20 00:00:00+07:00,2112.057861328125,79807478,0.0,0.0,5872.7841796875
2018-07-23 00:00:00+07:00,2154.58251953125,97874520,0.0,0.0,5915.7958984375
2018-07-24 00:00:00+07:00,2133.320068359375,80259146,0.0,0.0,5931.841796875
2018-07-25 00:00:00+07:00,2119.145263671875,79152417,0.0,0.0,5933.88916015625
2018-07-26 00:00:00+07:00,2154.58251953125,93167319,0.0,0.0,5946.13623046875
2018-07-27 00:00:00+07:00,2190.01953125,60176759,0.0,0.0,5989.13623046875
2018-07-30 00:00:00+07:00,2182.93212890625,73543200,0.0,0.0,6027.93603515625
2018-07-31 00:00:00+07:00,2175.8447265625,118206281,0.0,0.0,5936.44287109375
2018-08-01 00:00:00+07:00,2260.89404296875,161810924,0.0,0.0,6033.4189453125
2018-08-02 00:00:00+07:00,2303.418701171875,174250489,0.0,0.0,6011.72314453125
2018-08-03 00:00:00+07:00,2360.117919921875,110650581,0.0,0.0,6007.5380859375
2018-08-06 00:00:00+07:00,2416.81787109375,157644712,0.0,0.0,6101.130859375
2018-08-07 00:00:00+07:00,2374.293212890625,98346098,0.0,0.0,6091.25
2018-08-08 00:00:00+07:00,2360.117919921875,99782943,0.0,0.0,6094.8291015625
2018-08-09 00:00:00+07:00,2360.117919921875,76621053,0.0,0.0,6065.255859375
2018-08-10 00:00:00+07:00,2402.64306640625,127559853,0.0,0.0,6077.1728515625
2018-08-13 00:00:00+07:00,2225.456787109375,197264867,0.0,0.0,5861.24609375
2018-08-14 00:00:00+07:00,2218.369384765625,170317811,0.0,0.0,5769.873046875
2018-08-15 00:00:00+07:00,2275.06884765625,152206658,0.0,0.0,5816.58984375
2018-08-16 00:00:00+07:00,2161.669677734375,180034939,0.0,0.0,5783.7978515625
2018-08-17 00:00:00+07:00,2161.669677734375,0,0.0,0.0,
2018-08-20 00:00:00+07:00,2253.806396484375,111516626,0.0,0.0,5892.19189453125
2018-08-21 00:00:00+07:00,2232.54443359375,65465430,0.0,0.0,5944.30078125
2018-08-22 00:00:00+07:00,2232.54443359375,0,0.0,0.0,
2018-08-23 00:00:00+07:00,2317.59375,171421680,0.0,0.0,5982.98486328125
2018-08-24 00:00:00+07:00,2317.59375,106494709,0.0,0.0,5968.75
2018-08-27 00:00:00+07:00,2395.55517578125,123606274,0.0,0.0,6025.9677734375
2018-08-28 00:00:00+07:00,2360.117919921875,109603913,0.0,0.0,6042.64990234375
2018-08-29 00:00:00+07:00,2331.7685546875,87007762,0.0,0.0,6065.14892578125
2018-08-30 00:00:00+07:00,2260.89404296875,91898887,0.0,0.0,6018.9638671875
2018-08-31 00:00:00+07:00,2253.806396484375,156934320,0.0,0.0,6018.4599609375
2018-09-03 00:00:00+07:00,2246.71923828125,70837593,0.0,0.0,5967.5791015625
2018-09-04 00:00:00+07:00,2204.194580078125,83758086,0.0,0.0,5905.30078125
2018-09-05 00:00:00+07:00,2076.620361328125,233835878,0.0,0.0,5683.5009765625
2018-09-06 00:00:00+07:00,2097.8828125,226602703,0.0,0.0,5776.09521484375
2018-09-07 00:00:00+07:00,2147.4951171875,155714509,0.0,0.0,5851.46484375
2018-09-10 00:00:00+07:00,2104.97021484375,95204004,0.0,0.0,5831.1171875
2018-09-11 00:00:00+07:00,2104.97021484375,0,0.0,0.0,
2018-09-12 00:00:00+07:00,2062.445556640625,129887933,0.0,0.0,5798.15087890625
2018-09-13 00:00:00+07:00,2126.232421875,138077684,0.0,0.0,5858.27392578125
2018-09-14 00:00:00+07:00,2175.8447265625,115639387,0.0,0.0,5931.28076171875
2018-09-17 00:00:00+07:00,2104.97021484375,100504005,0.0,0.0,5824.2568359375
2018-09-18 00:00:00+07:00,2083.7080078125,152222609,0.0,0.0,5811.7900390625
2018-09-19 00:00:00+07:00,2126.232421875,115947612,0.0,0.0,5873.59716796875
2018-09-20 00:00:00+07:00,2190.01953125,170051827,0.0,0.0,5931.26611328125
2018-09-21 00:00:00+07:00,2211.2822265625,223538491,0.0,0.0,5957.744140625
2018-09-24 00:00:00+07:00,2133.320068359375,104783739,0.0,0.0,5882.22021484375
2018-09-25 00:00:00+07:00,2147.4951171875,121129032,0.0,0.0,5874.298828125
2018-09-26 00:00:00+07:00,2119.145263671875,73480719,0.0,0.0,5873.27099609375
2018-09-27 00:00:00+07:00,2175.8447265625,135712644,0.0,0.0,5929.2158203125
2018-09-28 00:00:00+07:00,2232.54443359375,170043797,0.0,0.0,5976.55322265625
2018-10-01 00:00:00+07:00,2253.806396484375,100581667,0.0,0.0,5944.60107421875
2018-10-02 00:00:00+07:00,2204.194580078125,145599614,0.0,0.0,5875.619140625
2018-10-03 00:00:00+07:00,2197.10693359375,77064031,0.0,0.0,5867.73681640625
2018-10-04 00:00:00+07:00,2126.232421875,161892546,0.0,0.0,5756.619140625
2018-10-05 00:00:00+07:00,2112.057861328125,160008103,0.0,0.0,5731.93505859375
2018-10-08 00:00:00+07:00,2104.97021484375,71328312,0.0,0.0,5761.0732421875
2018-10-09 00:00:00+07:00,2140.407470703125,56325372,0.0,0.0,5796.7900390625
2018-10-10 00:00:00+07:00,2133.320068359375,67385623,0.0,0.0,5820.66796875
2018-10-11 00:00:00+07:00,2062.445556640625,193058944,0.0,0.0,5702.82177734375
2018-10-12 00:00:00+07:00,2090.79541015625,130162058,0.0,0.0,5756.490234375
2018-10-15 00:00:00+07:00,2126.232421875,94319479,0.0,0.0,5727.255859375
2018-10-16 00:00:00+07:00,2126.232421875,71567346,0.0,0.0,5800.81689453125
2018-10-17 00:00:00+07:00,2175.8447265625,88091831,0.0,0.0,5868.6201171875
2018-10-18 00:00:00+07:00,2190.01953125,71647977,0.0,0.0,5845.2421875
2018-10-19 00:00:00+07:00,2140.407470703125,89090208,0.0,0.0,5837.291015625
2018-10-22 00:00:00+07:00,2161.669677734375,53687637,0.0,0.0,5840.43505859375
2018-10-23 00:00:00+07:00,2140.407470703125,64410732,0.0,0.0,5797.89111328125
2018-10-24 00:00:00+07:00,2090.79541015625,93019806,0.0,0.0,5709.4169921875
2018-10-25 00:00:00+07:00,2126.232421875,144333712,0.0,0.0,5754.96484375
2018-10-26 00:00:00+07:00,2119.145263671875,72852718,0.0,0.0,5784.9208984375
2018-10-29 00:00:00+07:00,2090.79541015625,56418764,0.0,0.0,5754.60693359375
2018-10-30 00:00:00+07:00,2147.4951171875,79624985,0.0,0.0,5789.10009765625
2018-10-31 00:00:00+07:00,2232.54443359375,240391992,0.0,0.0,5831.64990234375
2018-11-01 00:00:00+07:00,2267.9814453125,216901746,0.0,0.0,5835.919921875
2018-11-02 00:00:00+07:00,2324.68115234375,184006228,0.0,0.0,5906.2919921875
2018-11-05 00:00:00+07:00,2317.59375,87555902,0.0,0.0,5920.59423828125
2018-11-06 00:00:00+07:00,2360.117919921875,153414589,0.0,0.0,5923.93017578125
2018-11-07 00:00:00+07:00,2388.468017578125,178995971,0.0,0.0,5939.88623046875
2018-11-08 00:00:00+07:00,2445.167236328125,220276054,0.0,0.0,5976.80615234375
2018-11-09 00:00:00+07:00,2367.20556640625,126597116,0.0,0.0,5874.15380859375
2018-11-12 00:00:00+07:00,2324.68115234375,84809154,0.0,0.0,5777.05322265625
2018-11-13 00:00:00+07:00,2374.293212890625,112074555,0.0,0.0,5835.1982421875
2018-11-14 00:00:00+07:00,2374.293212890625,125174682,0.0,0.0,5858.29296875
2018-11-15 00:00:00+07:00,2416.81787109375,117577840,0.0,0.0,5955.73583984375
2018-11-16 00:00:00+07:00,2473.51708984375,191148871,0.0,0.0,6012.35009765625
2018-11-19 00:00:00+07:00,2494.779541015625,86540804,0.0,0.0,6005.296875
2018-11-20 00:00:00+07:00,2494.779541015625,0,0.0,0.0,
2018-11-21 00:00:00+07:00,2430.99267578125,151878633,0.0,0.0,5948.0517578125
2018-11-22 00:00:00+07:00,2516.0419921875,130140277,0.0,0.0,5990.81005859375
2018-11-23 00:00:00+07:00,2466.4296875,85703360,0.0,0.0,6006.2021484375
2018-11-26 00:00:00+07:00,2508.95458984375,90217398,0.0,0.0,6022.77783203125
2018-11-27 00:00:00+07:00,2551.479248046875,190169964,0.0,0.0,6013.5888671875
2018-11-28 00:00:00+07:00,2586.916015625,105678495,0.0,0.0,5991.24609375
2018-11-29 00:00:00+07:00,2629.44140625,152003595,0.0,0.0,6107.16796875
2018-11-30 00:00:00+07:00,2565.65380859375,233078735,0.0,0.0,6056.1240234375
2018-12-03 00:00:00+07:00,2615.266357421875,150413738,0.0,0.0,6118.31982421875
2018-12-04 00:00:00+07:00,2629.44140625,147855643,0.0,0.0,6152.85986328125
2018-12-05 00:00:00+07:00,2586.916015625,154153142,0.0,0.0,6133.1201171875
2018-12-06 00:00:00+07:00,2586.916015625,119712097,0.0,0.0,6115.4931640625
2018-12-07 00:00:00+07:00,2565.65380859375,122365123,0.0,0.0,6126.35595703125
2018-12-10 00:00:00+07:00,2558.56640625,102384708,0.0,0.0,6111.35986328125
2018-12-11 00:00:00+07:00,2565.65380859375,123936060,0.0,0.0,6076.5869140625
2018-12-12 00:00:00+07:00,2565.65380859375,97374011,0.0,0.0,6115.5771484375
2018-12-13 00:00:00+07:00,2608.1787109375,116914199,0.0,0.0,6177.72021484375
2018-12-14 00:00:00+07:00,2608.1787109375,135202785,0.0,0.0,6169.8427734375
2018-12-17 00:00:00+07:00,2551.479248046875,137139148,0.0,0.0,6089.30517578125
2018-12-18 00:00:00+07:00,2572.7412109375,130615046,0.0,0.0,6081.8671875
2018-12-19 00:00:00+07:00,2601.09130859375,146409778,0.0,0.0,6176.09423828125
2018-12-20 00:00:00+07:00,2586.916015625,74063179,0.0,0.0,6147.8759765625
2018-12-21 00:00:00+07:00,2565.65380859375,191917014,0.0,0.0,6163.59619140625
2018-12-24 00:00:00+07:00,2565.65380859375,0,0.0,0.0,
2018-12-25 00:00:00+07:00,2565.65380859375,0,0.0,0.0,
2018-12-26 00:00:00+07:00,2551.479248046875,91749064,0.0,0.0,6127.85009765625
2018-12-27 00:00:00+07:00,2594.003662109375,78890942,0.0,0.0,6190.64306640625
2018-12-28 00:00:00+07:00,2594.003662109375,135242605,0.0,0.0,6194.498046875
2018-12-31 00:00:00+07:00,2594.003662109375,0,0.0,0.0,
2019-01-01 00:00:00+07:00,2594.003662109375,0,0.0,0.0,
2019-01-02 00:00:00+07:00,2558.56640625,82441033,0.0,0.0,6181.1748046875
2019-01-03 00:00:00+07:00,2565.65380859375,102805905,0.0,0.0,6221.009765625
2019-01-04 00:00:00+07:00,2594.003662109375,125907734,0.0,0.0,6274.5400390625
2019-01-07 00:00:00+07:00,2594.003662109375,82106628,0.0,0.0,6287.22412109375
2019-01-08 00:00:00+07:00,2608.1787109375,89499635,0.0,0.0,6262.84716796875
2019-01-09 00:00:00+07:00,2636.528564453125,131331598,0.0,0.0,6272.23779296875
2019-01-10 00:00:00+07:00,2657.790771484375,156122176,0.0,0.0,6328.7138671875
2019-01-11 00:00:00+07:00,2643.615966796875,118649479,0.0,0.0,6361.46484375
2019-01-14 00:00:00+07:00,2686.140380859375,126576436,0.0,0.0,6336.1162109375
2019-01-15 00:00:00+07:00,2679.052978515625,154948896,0.0,0.0,6408.7841796875
2019-01-16 00:00:00+07:00,2679.052978515625,114151831,0.0,0.0,6413.35986328125
2019-01-17 00:00:00+07:00,2700.315185546875,131847617,0.0,0.0,6423.77978515625
2019-01-18 00:00:00+07:00,2707.403076171875,105708085,0.0,0.0,6448.15576171875
2019-01-21 00:00:00+07:00,2693.227783203125,89020137,0.0,0.0,6450.833984375
2019-01-22 00:00:00+07:00,2671.96533203125,131658634,0.0,0.0,6468.56201171875
2019-01-23 00:00:00+07:00,2671.96533203125,179807675,0.0,0.0,6451.169921875
2019-01-24 00:00:00+07:00,2686.140380859375,193786497,0.0,0.0,6466.65478515625
2019-01-25 00:00:00+07:00,2679.052978515625,139857845,0.0,0.0,6482.8427734375
2019-01-28 00:00:00+07:00,2679.052978515625,102940988,0.0,0.0,6458.7119140625
2019-01-29 00:00:00+07:00,2615.266357421875,206378414,0.0,0.0,6436.47998046875
2019-01-30 00:00:00+07:00,2657.790771484375,159225000,0.0,0.0,6464.18896484375
2019-01-31 00:00:00+07:00,2728.665283203125,277698146,0.0,0.0,6532.96923828125
2019-02-01 00:00:00+07:00,2778.277099609375,154119152,0.0,0.0,6538.63818359375
2019-02-04 00:00:00+07:00,2764.10205078125,83552603,0.0,0.0,6481.451171875
2019-02-05 00:00:00+07:00,2764.10205078125,0,0.0,0.0,
2019-02-06 00:00:00+07:00,2778.277099609375,85882773,0.0,0.0,6547.876953125
2019-02-07 00:00:00+07:00,2785.36474609375,91233705,0.0,0.0,6536.45703125
2019-02-08 00:00:00+07:00,2757.014892578125,86321790,0.0,0.0,6521.6630859375
2019-02-11 00:00:00+07:00,2742.840087890625,61147416,0.0,0.0,6495.001953125
2019-02-12 00:00:00+07:00,2728.665283203125,104459344,0.0,0.0,6426.3251953125
2019-02-13 00:00:00+07:00,2686.140380859375,119001265,0.0,0.0,6419.1162109375
2019-02-14 00:00:00+07:00,2693.227783203125,131498911,0.0,0.0,6420.01806640625
2019-02-15 00:00:00+07:00,2671.96533203125,96513687,0.0,0.0,6389.0849609375
2019-02-18 00:00:00+07:00,2721.577880859375,103030419,0.0,0.0,6497.81494140625
2019-02-19 00:00:00+07:00,2771.189697265625,153943258,0.0,0.0,6494.6669921875
2019-02-20 00:00:00+07:00,2757.014892578125,136475507,0.0,0.0,6512.7841796875
2019-02-21 00:00:00+07:00,2771.189697265625,125997166,0.0,0.0,6537.76611328125
2019-02-22 00:00:00+07:00,2764.10205078125,89872212,0.0,0.0,6501.3779296875
2019-02-25 00:00:00+07:00,2806.62744140625,117405577,0.0,0.0,6525.35791015625
2019-02-26 00:00:00+07:00,2792.4521484375,67561846,0.0,0.0,6540.9501953125
2019-02-27 00:00:00+07:00,2742.840087890625,96869983,0.0,0.0,6525.68310546875
2019-02-28 00:00:00+07:00,2728.665283203125,117143553,0.0,0.0,6443.34814453125
2019-03-01 00:00:00+07:00,2742.840087890625,78576447,0.0,0.0,6499.8837890625
2019-03-04 00:00:00+07:00,2749.927734375,62730673,0.0,0.0,6488.419921875
2019-03-05 00:00:00+07:00,2735.752685546875,77678611,0.0,0.0,6441.27978515625
2019-03-06 00:00:00+07:00,2764.10205078125,62160643,0.0,0.0,6457.9560546875
2019-03-07 00:00:00+07:00,2764.10205078125,0,0.0,0.0,
2019-03-08 00:00:00+07:00,2728.665283203125,142765635,0.0,0.0,6383.06787109375
2019-03-11 00:00:00+07:00,2735.752685546875,51418628,0.0,0.0,6366.43408203125
2019-03-12 00:00:00+07:00,2721.577880859375,69851316,0.0,0.0,6353.77392578125
2019-03-13 00:00:00+07:00,2686.140380859375,51432598,0.0,0.0,6377.5751953125
2019-03-14 00:00:00+07:00,2721.577880859375,99175072,0.0,0.0,6413.26611328125
2019-03-15 00:00:00+07:00,2799.53955078125,106867285,0.0,0.0,6461.18310546875
2019-03-18 00:00:00+07:00,2834.976806640625,102196275,0.0,0.0,6509.44677734375
2019-03-19 00:00:00+07:00,2820.802001953125,63741150,0.0,0.0,6480.27587890625
2019-03-20 00:00:00+07:00,2827.88916015625,94567643,0.0,0.0,6482.7099609375
2019-03-21 00:00:00+07:00,2827.88916015625,121229463,0.0,0.0,6501.77587890625
2019-03-22 00:00:00+07:00,2870.4140625,104102388,0.0,0.0,6525.27392578125
2019-03-25 00:00:00+07:00,2842.064208984375,90384491,0.0,0.0,6411.2509765625
2019-03-26 00:00:00+07:00,2877.50146484375,75475383,0.0,0.0,6469.9990234375
2019-03-27 00:00:00+07:00,2870.4140625,56170270,0.0,0.0,6444.73779296875
2019-03-28 00:00:00+07:00,2884.588623046875,67263631,0.0,0.0,6480.7880859375
2019-03-29 00:00:00+07:00,2912.938720703125,71215890,0.0,0.0,6468.7548828125
2019-04-01 00:00:00+07:00,2941.288330078125,73530330,0.0,0.0,6452.61083984375
2019-04-02 00:00:00+07:00,2941.288330078125,48845023,0.0,0.0,6476.06591796875
2019-04-03 00:00:00+07:00,2941.288330078125,0,0.0,0.0,
2019-04-04 00:00:00+07:00,2990.900390625,69303837,0.0,0.0,6494.6298828125
2019-04-05 00:00:00+07:00,3026.337890625,54041183,0.0,0.0,6474.01806640625
2019-04-08 00:00:00+07:00,3012.162841796875,82999953,0.0,0.0,6425.73388671875
2019-04-09 00:00:00+07:00,3047.600341796875,80659003,0.0,0.0,6484.34814453125
2019-04-10 00:00:00+07:00,3054.6875,116840608,0.0,0.0,6478.326171875
2019-04-11 00:00:00+07:00,3047.600341796875,188618827,0.0,0.0,6410.166015625
2019-04-12 00:00:00+07:00,3054.6875,84244625,0.0,0.0,6405.8662109375
2019-04-15 00:00:00+07:00,3083.037109375,70577659,0.0,0.0,6435.15087890625
2019-04-16 00:00:00+07:00,3075.94970703125,99923195,0.0,0.0,6481.541015625
2019-04-17 00:00:00+07:00,3075.94970703125,0,0.0,0.0,
2019-04-18 00:00:00+07:00,3160.9990234375,200241958,0.0,0.0,6507.22119140625
2019-04-19 00:00:00+07:00,3160.9990234375,0,0.0,0.0,
2019-04-22 00:00:00+07:00,3146.82421875,112161787,0.0,0.0,6414.7431640625
2019-04-23 00:00:00+07:00,3139.73681640625,60325921,0.0,0.0,6462.82177734375
2019-04-24 00:00:00+07:00,3118.474609375,190094393,0.0,0.0,6447.884765625
2019-04-25 00:00:00+07:00,3068.862548828125,202913024,0.0,0.0,6372.787109375
2019-04-26 00:00:00+07:00,3068.862548828125,146163924,0.0,0.0,6401.080078125
2019-04-29 00:00:00+07:00,3075.94970703125,84609831,0.0,0.0,6425.89501953125
2019-04-30 00:00:00+07:00,3097.212158203125,140586828,0.0,0.0,6455.35205078125
2019-05-01 00:00:00+07:00,3097.212158203125,0,0.0,0.0,
2019-05-02 00:00:00+07:00,3097.212158203125,139594281,0.0,0.0,6374.421875
2019-05-03 00:00:00+07:00,3104.299560546875,120435690,0.0,0.0,6319.458984375
2019-05-06 00:00:00+07:00,2997.988037109375,157313497,0.0,0.0,6256.35205078125
2019-05-07 00:00:00+07:00,3012.162841796875,124070152,0.0,0.0,6297.31787109375
2019-05-08 00:00:00+07:00,2990.900390625,132170032,0.0,0.0,6270.2021484375
2019-05-09 00:00:00+07:00,2920.026123046875,179677103,0.0,0.0,6198.80419921875
2019-05-10 00:00:00+07:00,2920.026123046875,132313475,0.0,0.0,6209.1181640625
2019-05-13 00:00:00+07:00,2905.851318359375,79066285,0.0,0.0,6135.39599609375
2019-05-14 00:00:00+07:00,2870.4140625,126601626,0.0,0.0,6071.2021484375
2019-05-15 00:00:00+07:00,2757.014892578125,184137240,0.0,0.0,5980.884765625
2019-05-16 00:00:00+07:00,2735.752685546875,158507017,0.0,0.0,5895.73779296875
2019-05-17 00:00:00+07:00,2686.140380859375,170721848,0.0,0.0,5826.8681640625
2019-05-20 00:00:00+07:00,2657.790771484375,181806520,0.0,0.0,5907.12109375
2019-05-21 00:00:00+07:00,2657.790771484375,227189674,0.0,0.0,5951.3720703125
2019-05-22 00:00:00+07:00,2671.96533203125,130499434,0.0,0.0,5939.63623046875
2019-05-23 00:00:00+07:00,2728.665283203125,230153565,0.0,0.0,6032.69580078125
2019-05-24 00:00:00+07:00,2825.67333984375,165441097,120.15633,0.0,6057.35302734375
2019-05-27 00:00:00+07:00,2877.049072265625,135938587,0.0,0.0,6098.97412109375
2019-05-28 00:00:00+07:00,2796.3154296875,414291135,0.0,0.0,6033.14208984375
2019-05-29 00:00:00+07:00,2891.72802734375,153687174,0.0,0.0,6104.10595703125
2019-05-30 00:00:00+07:00,2891.72802734375,0,0.0,0.0,
2019-05-31 00:00:00+07:00,3009.15869140625,287219580,0.0,0.0,6209.1171875
2019-06-03 00:00:00+07:00,3009.15869140625,0,0.0,0.0,
2019-06-04 00:00:00+07:00,3009.15869140625,0,0.0,0.0,
2019-06-05 00:00:00+07:00,3009.15869140625,0,0.0,0.0,
2019-06-06 00:00:00+07:00,3009.15869140625,0,0.0,0.0,
2019-06-07 00:00:00+07:00,3009.15869140625,0,0.0,0.0,
2019-06-10 00:00:00+07:00,3104.571044921875,216423568,0.0,0.0,6289.60986328125
2019-06-11 00:00:00+07:00,3104.571044921875,127900199,0.0,0.0,6305.9921875
2019-06-12 00:00:00+07:00,3089.89208984375,102196275,0.0,0.0,6276.1767578125
2019-06-13 00:00:00+07:00,3082.552490234375,128510489,0.0,0.0,6273.08203125
2019-06-14 00:00:00+07:00,3104.571044921875,79530053,0.0,0.0,6250.26513671875
2019-06-17 00:00:00+07:00,3082.552490234375,60714008,0.0,0.0,6190.52490234375
2019-06-18 00:00:00+07:00,3126.589111328125,174179428,0.0,0.0,6257.330078125
2019-06-19 00:00:00+07:00,3148.607421875,183945837,0.0,0.0,6339.26220703125
2019-06-20 00:00:00+07:00,3163.2861328125,118489316,0.0,0.0,6335.6982421875
2019-06-21 00:00:00+07:00,3199.9833984375,187213443,0.0,0.0,6315.43603515625
2019-06-24 00:00:00+07:00,3163.2861328125,90828128,0.0,0.0,6288.46484375
2019-06-25 00:00:00+07:00,3177.965087890625,65402729,0.0,0.0,6320.44482421875
2019-06-26 00:00:00+07:00,3199.9833984375,113137174,0.0,0.0,6310.48876953125
2019-06-27 00:00:00+07:00,3214.662109375,89922813,0.0,0.0,6352.7099609375
2019-06-28 00:00:00+07:00,3199.9833984375,112840719,0.0,0.0,6358.62890625
2019-07-01 00:00:00+07:00,3244.01953125,115331382,0.0,0.0,6379.68798828125
2019-07-02 00:00:00+07:00,3236.680419921875,147886774,0.0,0.0,6384.89794921875
2019-07-03 00:00:00+07:00,3229.341064453125,81810503,0.0,0.0,6362.6220703125
2019-07-04 00:00:00+07:00,3222.001708984375,42557425,0.0,0.0,6375.966796875
2019-07-05 00:00:00+07:00,3229.341064453125,59149341,0.0,0.0,6373.47705078125
2019-07-08 00:00:00+07:00,3229.341064453125,50857398,0.0,0.0,6351.8271484375
2019-07-09 00:00:00+07:00,3236.680419921875,71191359,0.0,0.0,6388.3232421875
2019-07-10 00:00:00+07:00,3280.716552734375,89077008,0.0,0.0,6410.68310546875
2019-07-11 00:00:00+07:00,3310.074462890625,100559886,0.0,0.0,6417.06591796875
2019-07-12 00:00:00+07:00,3310.074462890625,71034166,0.0,0.0,6373.34521484375
2019-07-15 00:00:00+07:00,3324.75341796875,75851590,0.0,0.0,6418.23388671875
2019-07-16 00:00:00+07:00,3339.43212890625,92926745,0.0,0.0,6401.8798828125
2019-07-17 00:00:00+07:00,3317.413818359375,71834980,0.0,0.0,6394.60888671875
2019-07-18 00:00:00+07:00,3266.0380859375,84732483,0.0,0.0,6403.2939453125
2019-07-19 00:00:00+07:00,3288.05615234375,70769832,0.0,0.0,6456.5390625
2019-07-22 00:00:00+07:00,3302.7353515625,46139636,0.0,0.0,6433.546875
2019-07-23 00:00:00+07:00,3295.395263671875,47649853,0.0,0.0,6403.81005859375
2019-07-24 00:00:00+07:00,3266.0380859375,58359418,0.0,0.0,6384.98681640625
2019-07-25 00:00:00+07:00,3273.377197265625,66445547,0.0,0.0,6401.365234375
2019-07-26 00:00:00+07:00,3258.698486328125,85121120,0.0,0.0,6325.23681640625
2019-07-29 00:00:00+07:00,3273.377197265625,101066445,0.0,0.0,6299.03515625
2019-07-30 00:00:00+07:00,3302.7353515625,75632686,0.0,0.0,6376.99609375
2019-07-31 00:00:00+07:00,3288.05615234375,116420070,0.0,0.0,6390.5048828125
2019-08-01 00:00:00+07:00,3266.0380859375,157991988,0.0,0.0,6381.5419921875
2019-08-02 00:00:00+07:00,3266.0380859375,131279017,0.0,0.0,6340.18017578125
2019-08-05 00:00:00+07:00,3133.9287109375,165923785,0.0,0.0,6175.703125
2019-08-06 00:00:00+07:00,3009.15869140625,272405185,0.0,0.0,6119.47119140625
2019-08-07 00:00:00+07:00,3119.249755859375,161676832,0.0,0.0,6204.19482421875
2019-08-08 00:00:00+07:00,3148.607421875,102671923,0.0,0.0,6274.6708984375
2019-08-09 00:00:00+07:00,3177.965087890625,90719996,0.0,0.0,6282.1318359375
2019-08-12 00:00:00+07:00,3155.947021484375,56163890,0.0,0.0,6250.59521484375
2019-08-13 00:00:00+07:00,3141.268310546875,88148482,0.0,0.0,6210.9619140625
2019-08-14 00:00:00+07:00,3177.965087890625,102602292,0.0,0.0,6267.3349609375
2019-08-15 00:00:00+07:00,3119.249755859375,126758709,0.0,0.0,6257.5859375
2019-08-16 00:00:00+07:00,3089.89208984375,102969368,0.0,0.0,6286.6572265625
2019-08-19 00:00:00+07:00,3067.873779296875,66407047,0.0,0.0,6296.71484375
2019-08-20 00:00:00+07:00,3009.15869140625,112883069,0.0,0.0,6295.73779296875
2019-08-21 00:00:00+07:00,2972.46142578125,92826643,0.0,0.0,6252.966796875
2019-08-22 00:00:00+07:00,2987.14013671875,136489697,0.0,0.0,6239.2451171875
2019-08-23 00:00:00+07:00,2994.47998046875,64061696,0.0,0.0,6255.59716796875
2019-08-26 00:00:00+07:00,2987.14013671875,71268030,0.0,0.0,6214.509765625
2019-08-27 00:00:00+07:00,3082.552490234375,196025365,0.0,0.0,6278.1708984375
2019-08-28 00:00:00+07:00,3075.21337890625,109954819,0.0,0.0,6281.64599609375
2019-08-29 00:00:00+07:00,3082.552490234375,74831102,0.0,0.0,6289.119140625
2019-08-30 00:00:00+07:00,3133.9287109375,119899980,0.0,0.0,6328.47021484375
2019-09-02 00:00:00+07:00,3097.2314453125,75321490,0.0,0.0,6290.5458984375
2019-09-03 00:00:00+07:00,3045.85546875,83772936,0.0,0.0,6261.58984375
2019-09-04 00:00:00+07:00,3053.1953125,84356057,0.0,0.0,6269.6640625
2019-09-05 00:00:00+07:00,3097.2314453125,84846225,0.0,0.0,6306.80322265625
2019-09-06 00:00:00+07:00,3133.9287109375,125869894,0.0,0.0,6308.9501953125
2019-09-09 00:00:00+07:00,3060.534423828125,75150988,0.0,0.0,6326.212890625
2019-09-10 00:00:00+07:00,3075.21337890625,76217016,0.0,0.0,6336.6728515625
2019-09-11 00:00:00+07:00,3119.249755859375,125741191,0.0,0.0,6381.9541015625
2019-09-12 00:00:00+07:00,3141.268310546875,95813194,0.0,0.0,6342.173828125
2019-09-13 00:00:00+07:00,3163.2861328125,61703145,0.0,0.0,6334.8427734375
2019-09-16 00:00:00+07:00,3075.21337890625,145880779,0.0,0.0,6219.43505859375
2019-09-17 00:00:00+07:00,3119.249755859375,117840195,0.0,0.0,6236.68994140625
2019-09-18 00:00:00+07:00,3111.909912109375,84048931,0.0,0.0,6276.6328125
2019-09-19 00:00:00+07:00,3097.2314453125,101320660,0.0,0.0,6244.47021484375
2019-09-20 00:00:00+07:00,3053.1953125,239258752,0.0,0.0,6231.47314453125
2019-09-23 00:00:00+07:00,3067.873779296875,93391943,0.0,0.0,6206.19921875
2019-09-24 00:00:00+07:00,3016.498046875,104585626,0.0,0.0,6137.60791015625
2019-09-25 00:00:00+07:00,2994.47998046875,91472409,0.0,0.0,6146.40380859375
2019-09-26 00:00:00+07:00,3089.89208984375,88134402,0.0,0.0,6230.333984375
2019-09-27 00:00:00+07:00,3067.873779296875,63434135,0.0,0.0,6196.88916015625
2019-09-30 00:00:00+07:00,3023.83740234375,83981500,0.0,0.0,6169.10205078125
2019-10-01 00:00:00+07:00,2987.14013671875,87507501,0.0,0.0,6138.25
2019-10-02 00:00:00+07:00,2884.388671875,182983980,0.0,0.0,6055.4248046875
2019-10-03 00:00:00+07:00,2796.3154296875,195391424,0.0,0.0,6038.52880859375
2019-10-04 00:00:00+07:00,2899.0673828125,103236563,0.0,0.0,6061.251953125
2019-10-07 00:00:00+07:00,2862.369873046875,139378677,0.0,0.0,6000.58203125
2019-10-08 00:00:00+07:00,2884.388671875,131777876,0.0,0.0,6039.60107421875
2019-10-09 00:00:00+07:00,2906.4072265625,129617548,0.0,0.0,6029.16015625
2019-10-10 00:00:00+07:00,2855.03076171875,118644859,0.0,0.0,6023.64111328125
2019-10-11 00:00:00+07:00,2877.049072265625,112429201,0.0,0.0,6105.7998046875
2019-10-14 00:00:00+07:00,2877.049072265625,120763165,0.0,0.0,6126.876953125
2019-10-15 00:00:00+07:00,2891.72802734375,140902423,0.0,0.0,6158.166015625
2019-10-16 00:00:00+07:00,2928.4248046875,90212558,0.0,0.0,6169.591796875
2019-10-17 00:00:00+07:00,2972.46142578125,115003686,0.0,0.0,6181.01416015625
2019-10-18 00:00:00+07:00,3060.534423828125,113976708,0.0,0.0,6191.94677734375
2019-10-21 00:00:00+07:00,3023.83740234375,89234971,0.0,0.0,6198.98681640625
2019-10-22 00:00:00+07:00,3038.516357421875,90846609,0.0,0.0,6225.4970703125
2019-10-23 00:00:00+07:00,3067.873779296875,139892606,0.0,0.0,6257.80615234375
2019-10-24 00:00:00+07:00,3155.947021484375,172727403,0.0,0.0,6339.64697265625
2019-10-25 00:00:00+07:00,3104.571044921875,123528393,0.0,0.0,6252.34521484375
2019-10-28 00:00:00+07:00,3104.571044921875,42188588,0.0,0.0,6265.3837890625
2019-10-29 00:00:00+07:00,3104.571044921875,90745077,0.0,0.0,6281.13818359375
2019-10-30 00:00:00+07:00,3119.249755859375,52187101,0.0,0.0,6295.7470703125
2019-10-31 00:00:00+07:00,3089.89208984375,83146256,0.0,0.0,6228.31689453125
2019-11-01 00:00:00+07:00,3067.873779296875,69610742,0.0,0.0,6207.19091796875
2019-11-04 00:00:00+07:00,3053.1953125,55300375,0.0,0.0,6180.34423828125
2019-11-05 00:00:00+07:00,3155.947021484375,145802018,0.0,0.0,6264.15185546875
2019-11-06 00:00:00+07:00,3053.1953125,145752957,0.0,0.0,6217.544921875
2019-11-07 00:00:00+07:00,2935.764404296875,321561514,0.0,0.0,6165.6240234375
2019-11-08 00:00:00+07:00,2928.4248046875,148082467,0.0,0.0,6177.98583984375
2019-11-11 00:00:00+07:00,2935.764404296875,125489617,0.0,0.0,6148.740234375
2019-11-12 00:00:00+07:00,2935.764404296875,120754695,0.0,0.0,6180.9921875
2019-11-13 00:00:00+07:00,2906.4072265625,165100201,0.0,0.0,6142.5009765625
2019-11-14 00:00:00+07:00,2891.72802734375,129874843,0.0,0.0,6098.9501953125
2019-11-15 00:00:00+07:00,3001.819091796875,134210348,0.0,0.0,6128.34521484375
2019-11-18 00:00:00+07:00,3023.83740234375,102464019,0.0,0.0,6122.625
2019-11-19 00:00:00+07:00,3075.21337890625,155302002,0.0,0.0,6152.08984375
2019-11-20 00:00:00+07:00,3097.2314453125,170292181,0.0,0.0,6155.10888671875
2019-11-21 00:00:00+07:00,3097.2314453125,125613039,0.0,0.0,6117.36376953125
2019-11-22 00:00:00+07:00,3089.89208984375,82167459,0.0,0.0,6100.2421875
2019-11-25 00:00:00+07:00,3031.1767578125,62254255,0.0,0.0,6070.76220703125
2019-11-26 00:00:00+07:00,3045.85546875,244288809,0.0,0.0,6026.18798828125
2019-11-27 00:00:00+07:00,3060.534423828125,72910799,0.0,0.0,6023.0390625
2019-11-28 00:00:00+07:00,2972.46142578125,67893172,0.0,0.0,5953.06005859375
2019-11-29 00:00:00+07:00,3001.819091796875,70620339,0.0,0.0,6011.830078125
2019-12-02 00:00:00+07:00,3089.89208984375,60937642,0.0,0.0,6130.05517578125
2019-12-03 00:00:00+07:00,3060.534423828125,48090300,0.0,0.0,6133.89599609375
2019-12-04 00:00:00+07:00,3031.1767578125,55684281,0.0,0.0,6112.87890625
2019-12-05 00:00:00+07:00,3097.2314453125,80063892,0.0,0.0,6152.1171875
2019-12-06 00:00:00+07:00,3060.534423828125,73924136,0.0,0.0,6186.8681640625
2019-12-09 00:00:00+07:00,3067.873779296875,52623808,0.0,0.0,6193.791015625
2019-12-10 00:00:00+07:00,3060.534423828125,88013950,0.0,0.0,6183.5048828125
2019-12-11 00:00:00+07:00,3089.89208984375,69260056,0.0,0.0,6180.09912109375
2019-12-12 00:00:00+07:00,3119.249755859375,138108485,0.0,0.0,6139.39697265625
2019-12-13 00:00:00+07:00,3141.268310546875,184381444,0.0,0.0,6197.31787109375
2019-12-16 00:00:00+07:00,3177.965087890625,196854450,0.0,0.0,6211.591796875
2019-12-17 00:00:00+07:00,3192.6435546875,155154269,0.0,0.0,6244.35205078125
2019-12-18 00:00:00+07:00,3229.341064453125,174183278,0.0,0.0,6287.25
2019-12-19 00:00:00+07:00,3192.6435546875,103421146,0.0,0.0,6249.93017578125
2019-12-20 00:00:00+07:00,3199.9833984375,171838258,0.0,0.0,6284.3720703125
2019-12-23 00:00:00+07:00,3266.0380859375,135606712,0.0,0.0,6305.91015625
2019-12-26 00:00:00+07:00,3236.680419921875,55258354,0.0,0.0,6319.44287109375
2019-12-27 00:00:00+07:00,3251.359130859375,62113562,0.0,0.0,6329.31396484375
2019-12-30 00:00:00+07:00,3229.341064453125,73085482,0.0,0.0,6299.5390625
2020-01-02 00:00:00+07:00,3236.680419921875,45886302,0.0,0.0,6283.5810546875
2020-01-03 00:00:00+07:00,3244.01953125,91189705,0.0,0.0,6323.4658203125
2020-01-06 00:00:00+07:00,3207.32275390625,48648450,0.0,0.0,6257.40283203125
2020-01-07 00:00:00+07:00,3229.341064453125,114344885,0.0,0.0,6279.34619140625
2020-01-08 00:00:00+07:00,3214.662109375,188929583,0.0,0.0,6225.68603515625
2020-01-09 00:00:00+07:00,3229.341064453125,79280569,0.0,0.0,6274.4931640625
2020-01-10 00:00:00+07:00,3236.680419921875,137292491,0.0,0.0,6274.94091796875
2020-01-13 00:00:00+07:00,3310.074462890625,122488655,0.0,0.0,6296.56689453125
2020-01-14 00:00:00+07:00,3354.11083984375,174258629,0.0,0.0,6325.40576171875
2020-01-15 00:00:00+07:00,3361.4501953125,112825318,0.0,0.0,6283.365234375
2020-01-16 00:00:00+07:00,3354.11083984375,147387255,0.0,0.0,6286.0478515625
2020-01-17 00:00:00+07:00,3398.147216796875,133295352,0.0,0.0,6291.6572265625
2020-01-20 00:00:00+07:00,3420.16552734375,90022804,0.0,0.0,6245.04296875
2020-01-21 00:00:00+07:00,3427.5048828125,81224962,0.0,0.0,6238.15283203125
2020-01-22 00:00:00+07:00,3456.86279296875,90609115,0.0,0.0,6233.453125
2020-01-23 00:00:00+07:00,3478.880615234375,153849977,0.0,0.0,6249.2099609375
2020-01-24 00:00:00+07:00,3478.880615234375,105620964,0.0,0.0,6244.10888671875
2020-01-27 00:00:00+07:00,3412.826416015625,103076840,0.0,0.0,6133.2080078125
2020-01-28 00:00:00+07:00,3390.8076171875,104935872,0.0,0.0,6111.18408203125
2020-01-29 00:00:00+07:00,3390.8076171875,214362682,0.0,0.0,6113.044921875
2020-01-30 00:00:00+07:00,3361.4501953125,96500596,0.0,0.0,6057.59619140625
2020-01-31 00:00:00+07:00,3273.377197265625,150763654,0.0,0.0,5940.0478515625
2020-02-03 00:00:00+07:00,3273.377197265625,144745560,0.0,0.0,5884.169921875
2020-02-04 00:00:00+07:00,3346.771240234375,123617275,0.0,0.0,5922.3388671875
2020-02-05 00:00:00+07:00,3346.771240234375,100395764,0.0,0.0,5978.509765625
2020-02-06 00:00:00+07:00,3339.43212890625,104342852,0.0,0.0,5987.14501953125
2020-02-07 00:00:00+07:00,3339.43212890625,146349277,0.0,0.0,5999.60693359375
2020-02-10 00:00:00+07:00,3302.7353515625,187982906,0.0,0.0,5952.0830078125
2020-02-11 00:00:00+07:00,3310.074462890625,93666727,0.0,0.0,5954.39697265625
2020-02-12 00:00:00+07:00,3324.75341796875,143167912,0.0,0.0,5913.0810546875
2020-02-13 00:00:00+07:00,3354.11083984375,87683284,0.0,0.0,5871.9541015625
2020-02-14 00:00:00+07:00,3339.43212890625,139707803,0.0,0.0,5866.94482421875
2020-02-17 00:00:00+07:00,3280.716552734375,131738165,0.0,0.0,5867.52294921875
2020-02-18 00:00:00+07:00,3229.341064453125,97565635,0.0,0.0,5886.9619140625
2020-02-19 00:00:00+07:00,3288.05615234375,110893685,0.0,0.0,5928.791015625
2020-02-20 00:00:00+07:00,3346.771240234375,108000305,0.0,0.0,5942.48681640625
2020-02-21 00:00:00+07:00,3310.074462890625,117658802,0.0,0.0,5882.2548828125
2020-02-24 00:00:00+07:00,3295.395263671875,113200755,0.0,0.0,5807.0498046875
2020-02-25 00:00:00+07:00,3302.7353515625,125324724,0.0,0.0,5787.13818359375
2020-02-26 00:00:00+07:00,3288.05615234375,164120194,0.0,0.0,5688.9208984375
2020-02-27 00:00:00+07:00,3149.42236328125,227877075,152.90845,0.0,5535.69384765625
2020-02-28 00:00:00+07:00,3195.1767578125,211162617,0.0,0.0,5452.7041015625
2020-03-02 00:00:00+07:00,3035.03662109375,206428685,0.0,0.0,5361.24609375
2020-03-03 00:00:00+07:00,3126.545166015625,218258509,0.0,0.0,5518.6279296875
2020-03-04 00:00:00+07:00,3218.0537109375,127937929,0.0,0.0,5650.13623046875
2020-03-05 00:00:00+07:00,3164.673583984375,146949558,0.0,0.0,5638.1298828125
2020-03-06 00:00:00+07:00,3057.91357421875,175334118,0.0,0.0,5498.5400390625
2020-03-09 00:00:00+07:00,2859.644775390625,163934401,0.0,0.0,5136.80908203125
2020-03-10 00:00:00+07:00,2981.656494140625,182576203,0.0,0.0,5220.826171875
2020-03-11 00:00:00+07:00,2981.656494140625,195275262,0.0,0.0,5154.10498046875
2020-03-12 00:00:00+07:00,2752.884765625,167137546,0.0,0.0,4895.748046875
2020-03-13 00:00:00+07:00,2836.767822265625,295725807,0.0,0.0,4907.57080078125
2020-03-16 00:00:00+07:00,2669.001708984375,196265939,0.0,0.0,4690.6572265625
2020-03-17 00:00:00+07:00,2485.985107421875,229429422,0.0,0.0,4456.7490234375
2020-03-18 00:00:00+07:00,2394.47607421875,272919333,0.0,0.0,4330.673828125
2020-03-19 00:00:00+07:00,2234.335693359375,151744210,0.0,0.0,4105.421875
2020-03-20 00:00:00+07:00,2142.8271484375,658210668,0.0,0.0,4194.94384765625
2020-03-23 00:00:00+07:00,1997.938720703125,180848183,0.0,0.0,3989.51708984375
2020-03-24 00:00:00+07:00,1860.6756591796875,544651637,0.0,0.0,3937.632080078125
2020-03-26 00:00:00+07:00,2241.961669921875,698059077,0.0,0.0,4338.90380859375
2020-03-27 00:00:00+07:00,2463.107421875,529032687,0.0,0.0,4545.57080078125
2020-03-30 00:00:00+07:00,2295.341796875,239264252,0.0,0.0,4414.5
2020-03-31 00:00:00+07:00,2302.967529296875,346502244,0.0,0.0,4538.93017578125
2020-04-01 00:00:00+07:00,2234.335693359375,298923123,0.0,0.0,4466.037109375
2020-04-02 00:00:00+07:00,2188.581787109375,329876337,0.0,0.0,4531.68505859375
2020-04-03 00:00:00+07:00,2203.8330078125,322467159,0.0,0.0,4623.42919921875
2020-04-06 00:00:00+07:00,2302.967529296875,313615306,0.0,0.0,4811.8271484375
2020-04-07 00:00:00+07:00,2310.59326171875,445935822,0.0,0.0,4778.63916015625
2020-04-08 00:00:00+07:00,2150.452880859375,322246825,0.0,0.0,4626.69482421875
2020-04-09 00:00:00+07:00,2127.575927734375,292370749,0.0,0.0,4649.0791015625
2020-04-13 00:00:00+07:00,2112.32421875,136106890,0.0,0.0,4623.89404296875
2020-04-14 00:00:00+07:00,2211.458984375,241711574,0.0,0.0,4706.4912109375
2020-04-15 00:00:00+07:00,2104.698486328125,351010672,0.0,0.0,4625.90478515625
2020-04-16 00:00:00+07:00,1990.312744140625,404530667,0.0,0.0,4480.60693359375
2020-04-17 00:00:00+07:00,2158.07861328125,442565694,0.0,0.0,4634.82080078125
2020-04-20 00:00:00+07:00,2119.9501953125,244213568,0.0,0.0,4575.90478515625
2020-04-21 00:00:00+07:00,2074.196044921875,146163154,0.0,0.0,4501.9189453125
2020-04-22 00:00:00+07:00,2127.575927734375,197501041,0.0,0.0,4567.56201171875
2020-04-23 00:00:00+07:00,2135.201416015625,237791877,0.0,0.0,4593.55419921875
2020-04-24 00:00:00+07:00,2005.564208984375,323088010,0.0,0.0,4496.06396484375
2020-04-27 00:00:00+07:00,2028.4412841796875,200872709,0.0,0.0,4513.14111328125
2020-04-28 00:00:00+07:00,1975.0615234375,295130807,0.0,0.0,4529.55419921875
2020-04-29 00:00:00+07:00,1967.4359130859375,230054013,0.0,0.0,4567.3232421875
2020-04-30 00:00:00+07:00,2081.821533203125,475289499,0.0,0.0,4716.40283203125
2020-05-04 00:00:00+07:00,2005.564208984375,220673601,0.0,0.0,4605.48681640625
2020-05-05 00:00:00+07:00,2005.564208984375,203241160,0.0,0.0,4630.1328125
2020-05-06 00:00:00+07:00,1997.938720703125,190361478,0.0,0.0,4608.7900390625
2020-05-08 00:00:00+07:00,1975.0615234375,226345299,0.0,0.0,4597.43017578125
2020-05-11 00:00:00+07:00,1997.938720703125,170062057,0.0,0.0,4639.10498046875
2020-05-12 00:00:00+07:00,1898.8040771484375,405546974,0.0,0.0,4588.73388671875
2020-05-13 00:00:00+07:00,1883.552978515625,372457853,0.0,0.0,4554.35888671875
2020-05-14 00:00:00+07:00,1792.044189453125,517300545,0.0,0.0,4513.833984375
2020-05-15 00:00:00+07:00,1708.1612548828125,654135428,0.0,0.0,4507.60693359375
2020-05-18 00:00:00+07:00,1654.7811279296875,501017513,0.0,0.0,4511.05810546875
2020-05-19 00:00:00+07:00,1807.2955322265625,584451204,0.0,0.0,4548.65576171875
2020-05-20 00:00:00+07:00,1891.178466796875,433842983,0.0,0.0,4545.9521484375
2020-05-26 00:00:00+07:00,1921.68115234375,444514707,0.0,0.0,4626.798828125
2020-05-27 00:00:00+07:00,2005.564208984375,476102523,0.0,0.0,4641.55517578125
2020-05-28 00:00:00+07:00,2081.821533203125,498739044,0.0,0.0,4716.18505859375
2020-05-29 00:00:00+07:00,2249.58740234375,959884609,0.0,0.0,4753.61181640625
2020-06-02 00:00:00+07:00,2424.978759765625,514215761,0.0,0.0,4847.5068359375
2020-06-03 00:00:00+07:00,2363.972900390625,481917223,0.0,0.0,4941.005859375
2020-06-04 00:00:00+07:00,2333.47021484375,275162272,0.0,0.0,4916.7041015625
2020-06-05 00:00:00+07:00,2371.598876953125,294137820,0.0,0.0,4947.7822265625
2020-06-08 00:00:00+07:00,2516.487548828125,422772612,0.0,0.0,5070.56103515625
2020-06-09 00:00:00+07:00,2447.85595703125,279951975,0.0,0.0,5035.05517578125
2020-06-10 00:00:00+07:00,2310.59326171875,487562851,0.0,0.0,4920.68212890625
2020-06-11 00:00:00+07:00,2264.838623046875,409589324,0.0,0.0,4854.75390625
2020-06-12 00:00:00+07:00,2310.59326171875,519350210,0.0,0.0,4880.35888671875
2020-06-15 00:00:00+07:00,2211.458984375,253847754,0.0,0.0,4816.3359375
2020-06-16 00:00:00+07:00,2386.850341796875,372556634,0.0,0.0,4986.4580078125
2020-06-17 00:00:00+07:00,2363.972900390625,240003025,0.0,0.0,4987.77587890625
2020-06-18 00:00:00+07:00,2325.844482421875,144039347,0.0,0.0,4925.248046875
2020-06-19 00:00:00+07:00,2363.972900390625,183669732,0.0,0.0,4942.27490234375
2020-06-22 00:00:00+07:00,2333.47021484375,104916512,0.0,0.0,4918.8310546875
2020-06-23 00:00:00+07:00,2295.341796875,188566907,0.0,0.0,4879.1328125
2020-06-24 00:00:00+07:00,2379.224853515625,339338591,0.0,0.0,4964.73486328125
2020-06-25 00:00:00+07:00,2333.47021484375,174033235,0.0,0.0,4896.72998046875
2020-06-26 00:00:00+07:00,2310.59326171875,162039618,0.0,0.0,4904.087890625
2020-06-29 00:00:00+07:00,2318.218994140625,130693147,0.0,0.0,4901.81787109375
2020-06-30 00:00:00+07:00,2310.59326171875,147418716,0.0,0.0,4905.39208984375
2020-07-01 00:00:00+07:00,2333.47021484375,111421694,0.0,0.0,4914.38818359375
2020-07-02 00:00:00+07:00,2333.47021484375,186436280,0.0,0.0,4966.77978515625
2020-07-03 00:00:00+07:00,2325.844482421875,54421019,0.0,0.0,4973.7939453125
2020-07-06 00:00:00+07:00,2318.218994140625,148148028,0.0,0.0,4988.8662109375
2020-07-07 00:00:00+07:00,2310.59326171875,228112810,0.0,0.0,4987.08203125
2020-07-08 00:00:00+07:00,2432.604736328125,373640813,0.0,0.0,5076.173828125
2020-07-09 00:00:00+07:00,2394.47607421875,211404181,0.0,0.0,5052.7939453125
2020-07-10 00:00:00+07:00,2371.598876953125,117829855,0.0,0.0,5031.255859375
2020-07-13 00:00:00+07:00,2409.727783203125,105451891,0.0,0.0,5064.44677734375
2020-07-14 00:00:00+07:00,2417.353271484375,232365483,0.0,0.0,5079.1220703125
2020-07-15 00:00:00+07:00,2386.850341796875,182296468,0.0,0.0,5075.7978515625
2020-07-16 00:00:00+07:00,2394.47607421875,128809144,0.0,0.0,5098.3740234375
2020-07-17 00:00:00+07:00,2363.972900390625,131548742,0.0,0.0,5079.5849609375
2020-07-20 00:00:00+07:00,2325.844482421875,150206164,0.0,0.0,5051.10595703125
2020-07-21 00:00:00+07:00,2402.10205078125,224576578,0.0,0.0,5114.708984375
2020-07-22 00:00:00+07:00,2363.972900390625,190916547,0.0,0.0,5110.18701171875
2020-07-23 00:00:00+07:00,2394.47607421875,162646279,0.0,0.0,5145.009765625
2020-07-24 00:00:00+07:00,2356.347412109375,104287961,0.0,0.0,5082.9912109375
2020-07-27 00:00:00+07:00,2402.10205078125,103970385,0.0,0.0,5116.666015625
2020-07-28 00:00:00+07:00,2394.47607421875,113763744,0.0,0.0,5112.98876953125
2020-07-29 00:00:00+07:00,2379.224853515625,73895646,0.0,0.0,5149.6298828125
2020-07-30 00:00:00+07:00,2409.727783203125,86328061,0.0,0.0,5149.626953125
2020-08-03 00:00:00+07:00,2280.09033203125,373214336,0.0,0.0,5006.22314453125
2020-08-04 00:00:00+07:00,2348.7216796875,171919769,0.0,0.0,5075.001953125
2020-08-05 00:00:00+07:00,2348.7216796875,177648668,0.0,0.0,5127.05078125
2020-08-06 00:00:00+07:00,2371.598876953125,126064817,0.0,0.0,5178.27197265625
2020-08-07 00:00:00+07:00,2371.598876953125,98910738,0.0,0.0,5143.89306640625
2020-08-10 00:00:00+07:00,2386.850341796875,100613457,0.0,0.0,5157.833984375
2020-08-11 00:00:00+07:00,2432.604736328125,189708286,0.0,0.0,5190.169921875
2020-08-12 00:00:00+07:00,2554.6162109375,505369848,0.0,0.0,5233.4521484375
2020-08-13 00:00:00+07:00,2539.364501953125,235648930,0.0,0.0,5239.25
2020-08-14 00:00:00+07:00,2546.990478515625,109069303,0.0,0.0,5247.68994140625
2020-08-18 00:00:00+07:00,2684.25341796875,288206078,0.0,0.0,5295.173828125
2020-08-19 00:00:00+07:00,2714.756103515625,239290433,0.0,0.0,5272.81005859375
2020-08-24 00:00:00+07:00,2775.761962890625,214473234,0.0,0.0,5277.041015625
2020-08-25 00:00:00+07:00,2897.7734375,197233406,0.0,0.0,5338.88818359375
2020-08-26 00:00:00+07:00,2852.01904296875,178162157,0.0,0.0,5340.328125
2020-08-27 00:00:00+07:00,2821.516357421875,206786961,0.0,0.0,5371.47216796875
2020-08-28 00:00:00+07:00,2813.890869140625,85678499,0.0,0.0,5346.6591796875
2020-08-31 00:00:00+07:00,2676.6279296875,292651694,0.0,0.0,5238.48681640625
2020-09-01 00:00:00+07:00,2752.884765625,216658972,0.0,0.0,5310.67919921875
2020-09-02 00:00:00+07:00,2791.013427734375,117619091,0.0,0.0,5311.97021484375
2020-09-03 00:00:00+07:00,2730.0078125,197577052,0.0,0.0,5280.81298828125
2020-09-04 00:00:00+07:00,2707.130615234375,148013826,0.0,0.0,5239.85107421875
2020-09-07 00:00:00+07:00,2676.6279296875,104297421,0.0,0.0,5230.19580078125
2020-09-08 00:00:00+07:00,2684.25341796875,89521636,0.0,0.0,5244.07177734375
2020-09-09 00:00:00+07:00,2600.37060546875,196282440,0.0,0.0,5149.3759765625
2020-09-10 00:00:00+07:00,2424.978759765625,305637969,0.0,0.0,4891.4609375
2020-09-11 00:00:00+07:00,2478.35888671875,641858446,0.0,0.0,5016.7119140625
2020-09-14 00:00:00+07:00,2623.247802734375,303482811,0.0,0.0,5161.828125
2020-09-15 00:00:00+07:00,2539.364501953125,215087925,0.0,0.0,5100.865234375
2020-09-16 00:00:00+07:00,2485.985107421875,152384862,0.0,0.0,5058.48193359375
2020-09-17 00:00:00+07:00,2440.23046875,184375724,0.0,0.0,5038.40087890625
2020-09-18 00:00:00+07:00,2455.4814453125,223172404,0.0,0.0,5059.22314453125
2020-09-21 00:00:00+07:00,2432.604736328125,125587849,0.0,0.0,4999.35986328125
2020-09-22 00:00:00+07:00,2386.850341796875,148046607,0.0,0.0,4934.0927734375
2020-09-23 00:00:00+07:00,2348.7216796875,132670981,0.0,0.0,4917.955078125
2020-09-24 00:00:00+07:00,2310.59326171875,180569548,0.0,0.0,4842.755859375
2020-09-25 00:00:00+07:00,2409.727783203125,186363128,0.0,0.0,4945.791015625
2020-09-28 00:00:00+07:00,2356.347412109375,149014953,0.0,0.0,4906.5478515625
2020-09-29 00:00:00+07:00,2318.218994140625,200970281,0.0,0.0,4879.09814453125
2020-09-30 00:00:00+07:00,2318.218994140625,184622458,0.0,0.0,4870.0390625
2020-10-01 00:00:00+07:00,2409.727783203125,143036570,0.0,0.0,4970.09423828125
2020-10-02 00:00:00+07:00,2363.972900390625,172772944,0.0,0.0,4926.73388671875
2020-10-05 00:00:00+07:00,2409.727783203125,101996951,0.0,0.0,4958.76904296875
2020-10-06 00:00:00+07:00,2432.604736328125,132900775,0.0,0.0,4999.22119140625
2020-10-07 00:00:00+07:00,2379.224853515625,317619596,0.0,0.0,5004.3271484375
2020-10-08 00:00:00+07:00,2402.10205078125,136318754,0.0,0.0,5039.14208984375
2020-10-09 00:00:00+07:00,2402.10205078125,89241681,0.0,0.0,5053.6630859375
2020-10-12 00:00:00+07:00,2432.604736328125,172174643,0.0,0.0,5093.09912109375
2020-10-13 00:00:00+07:00,2501.236083984375,224885904,0.0,0.0,5132.57177734375
2020-10-14 00:00:00+07:00,2562.241943359375,213271353,0.0,0.0,5176.09912109375
2020-10-15 00:00:00+07:00,2524.113037109375,201627762,0.0,0.0,5105.14990234375
2020-10-16 00:00:00+07:00,2478.35888671875,154490628,0.0,0.0,5103.4140625
2020-10-19 00:00:00+07:00,2501.236083984375,105821057,0.0,0.0,5126.330078125
2020-10-20 00:00:00+07:00,2478.35888671875,147444676,0.0,0.0,5099.83984375
2020-10-21 00:00:00+07:00,2470.7333984375,128682202,0.0,0.0,5096.44580078125
2020-10-22 00:00:00+07:00,2516.487548828125,176153302,0.0,0.0,5091.81591796875
2020-10-23 00:00:00+07:00,2508.86181640625,128973377,0.0,0.0,5112.18798828125
2020-10-26 00:00:00+07:00,2546.990478515625,111346673,0.0,0.0,5144.048828125
2020-10-27 00:00:00+07:00,2562.241943359375,201640192,0.0,0.0,5128.22509765625
2020-11-02 00:00:00+07:00,2577.4931640625,172465378,0.0,0.0,5115.1279296875
2020-11-03 00:00:00+07:00,2577.4931640625,133604017,0.0,0.0,5159.4521484375
2020-11-04 00:00:00+07:00,2508.86181640625,152055736,0.0,0.0,5105.19921875
2020-11-05 00:00:00+07:00,2661.376220703125,258276321,0.0,0.0,5260.326171875
2020-11-06 00:00:00+07:00,2714.756103515625,295649686,0.0,0.0,5335.52880859375
2020-11-09 00:00:00+07:00,2813.890869140625,283205831,0.0,0.0,5356.0048828125
2020-11-10 00:00:00+07:00,3050.287841796875,622129055,0.0,0.0,5462.73876953125
2020-11-11 00:00:00+07:00,3141.796630859375,392814584,0.0,0.0,5509.51318359375
2020-11-12 00:00:00+07:00,3012.159423828125,366633582,0.0,0.0,5458.60205078125
2020-11-13 00:00:00+07:00,3050.287841796875,261115910,0.0,0.0,5461.05810546875
2020-11-16 00:00:00+07:00,3019.785400390625,212327977,0.0,0.0,5494.8720703125
2020-11-17 00:00:00+07:00,3019.785400390625,198939646,0.0,0.0,5529.93994140625
2020-11-18 00:00:00+07:00,3080.790771484375,200926500,0.0,0.0,5557.51806640625
2020-11-19 00:00:00+07:00,3080.790771484375,219674674,0.0,0.0,5594.05908203125
2020-11-20 00:00:00+07:00,3065.539306640625,137266310,0.0,0.0,5571.65576171875
2020-11-23 00:00:00+07:00,3111.2939453125,135864336,0.0,0.0,5652.76416015625
2020-11-24 00:00:00+07:00,3202.80224609375,226784757,0.0,0.0,5701.02880859375
2020-11-25 00:00:00+07:00,3294.310791015625,311676963,0.0,0.0,5679.2470703125
2020-11-26 00:00:00+07:00,3271.433837890625,150181303,0.0,0.0,5759.916015625
2020-11-27 00:00:00+07:00,3256.1826171875,126437063,0.0,0.0,5783.3349609375
2020-11-30 00:00:00+07:00,3118.91943359375,493687757,0.0,0.0,5612.4150390625
2020-12-01 00:00:00+07:00,3233.304931640625,251258199,0.0,0.0,5724.7421875
2020-12-02 00:00:00+07:00,3279.059814453125,149985830,0.0,0.0,5813.98681640625
2020-12-03 00:00:00+07:00,3355.31689453125,218887830,0.0,0.0,5822.94189453125
2020-12-04 00:00:00+07:00,3279.059814453125,165420527,0.0,0.0,5810.48291015625
2020-12-07 00:00:00+07:00,3355.31689453125,154937236,0.0,0.0,5930.7587890625
2020-12-08 00:00:00+07:00,3355.31689453125,89400744,0.0,0.0,5944.4091796875
2020-12-10 00:00:00+07:00,3301.936767578125,212997338,0.0,0.0,5933.6982421875
2020-12-11 00:00:00+07:00,3263.808349609375,191894904,0.0,0.0,5938.3291015625
2020-12-14 00:00:00+07:00,3263.808349609375,140126140,0.0,0.0,6012.51611328125
2020-12-15 00:00:00+07:00,3263.808349609375,147085740,0.0,0.0,6010.1279296875
2020-12-16 00:00:00+07:00,3294.310791015625,143051750,0.0,0.0,6118.40185546875
2020-12-17 00:00:00+07:00,3301.936767578125,155902502,0.0,0.0,6113.3818359375
2020-12-18 00:00:00+07:00,3263.808349609375,228155710,0.0,0.0,6104.32421875
2020-12-21 00:00:00+07:00,3210.427978515625,240869950,0.0,0.0,6165.6240234375
2020-12-22 00:00:00+07:00,3149.42236328125,188635658,0.0,0.0,6023.2890625
2020-12-23 00:00:00+07:00,3172.2998046875,187175822,0.0,0.0,6008.708984375
2020-12-28 00:00:00+07:00,3240.930908203125,94730336,0.0,0.0,6093.55419921875
2020-12-29 00:00:00+07:00,3187.55078125,82725388,0.0,0.0,6036.173828125
2020-12-30 00:00:00+07:00,3179.925048828125,99024700,0.0,0.0,5979.0732421875
2021-01-04 00:00:00+07:00,3286.685302734375,106226854,0.0,0.0,6104.89794921875
2021-01-05 00:00:00+07:00,3256.1826171875,106964857,0.0,0.0,6137.3427734375
2021-01-06 00:00:00+07:00,3202.80224609375,128299616,0.0,0.0,6065.68212890625
2021-01-07 00:00:00+07:00,3263.808349609375,141798389,0.0,0.0,6153.6328125
2021-01-08 00:00:00+07:00,3347.691162109375,205011531,0.0,0.0,6257.8349609375
2021-01-11 00:00:00+07:00,3545.9599609375,422093240,0.0,0.0,6382.93701171875
2021-01-12 00:00:00+07:00,3599.339599609375,260390447,0.0,0.0,6395.6689453125
2021-01-13 00:00:00+07:00,3652.7197265625,231181533,0.0,0.0,6435.205078125
2021-01-14 00:00:00+07:00,3637.46826171875,146980798,0.0,0.0,6428.31494140625
2021-01-15 00:00:00+07:00,3492.57958984375,225189839,0.0,0.0,6373.412109375
2021-01-18 00:00:00+07:00,3523.082275390625,182568723,0.0,0.0,6389.833984375
2021-01-19 00:00:00+07:00,3523.082275390625,152430182,0.0,0.0,6321.85595703125
2021-01-20 00:00:00+07:00,3728.977294921875,277723446,0.0,0.0,6429.7578125
2021-01-21 00:00:00+07:00,3652.7197265625,177275431,0.0,0.0,6413.89208984375
2021-01-22 00:00:00+07:00,3599.339599609375,183332136,0.0,0.0,6307.126953125
2021-01-25 00:00:00+07:00,3645.09423828125,165278734,0.0,0.0,6258.57177734375
2021-01-26 00:00:00+07:00,3545.9599609375,163850580,0.0,0.0,6140.1708984375
2021-01-27 00:00:00+07:00,3523.082275390625,198692361,0.0,0.0,6109.16796875
2021-01-28 00:00:00+07:00,3408.696533203125,176270344,0.0,0.0,5979.38720703125
2021-01-29 00:00:00+07:00,3187.55078125,308226863,0.0,0.0,5862.35205078125
2021-02-01 00:00:00+07:00,3355.31689453125,355113743,0.0,0.0,6067.544921875
2021-02-02 00:00:00+07:00,3324.81396484375,167527833,0.0,0.0,6043.8408203125
2021-02-03 00:00:00+07:00,3340.0654296875,124241205,0.0,0.0,6077.7451171875
2021-02-04 00:00:00+07:00,3423.947998046875,162519997,0.0,0.0,6107.2158203125
2021-02-05 00:00:00+07:00,3408.696533203125,99005120,0.0,0.0,6151.72900390625
2021-02-08 00:00:00+07:00,3401.07080078125,120218986,0.0,0.0,6208.8662109375
2021-02-09 00:00:00+07:00,3523.082275390625,464366860,0.0,0.0,6181.671875
2021-02-10 00:00:00+07:00,3545.9599609375,202155881,0.0,0.0,6201.828125
2021-02-11 00:00:00+07:00,3568.837158203125,99681961,0.0,0.0,6222.52099609375
2021-02-15 00:00:00+07:00,3591.714111328125,93158189,0.0,0.0,6270.32421875
2021-02-16 00:00:00+07:00,3561.211181640625,71623667,0.0,0.0,6292.39599609375
2021-02-17 00:00:00+07:00,3530.708251953125,101529553,0.0,0.0,6227.72802734375
2021-02-18 00:00:00+07:00,3561.211181640625,152089286,0.0,0.0,6200.30810546875
2021-02-19 00:00:00+07:00,3652.7197265625,109884637,0.0,0.0,6231.93212890625
2021-02-22 00:00:00+07:00,3652.7197265625,157619632,0.0,0.0,6255.31201171875
2021-02-23 00:00:00+07:00,3652.7197265625,107810772,0.0,0.0,6272.80712890625
2021-02-24 00:00:00+07:00,3606.9658203125,105582023,0.0,0.0,6251.05419921875
2021-02-25 00:00:00+07:00,3606.9658203125,131635423,0.0,0.0,6289.64599609375
2021-02-26 00:00:00+07:00,3591.714111328125,161796404,0.0,0.0,6241.7958984375
2021-03-01 00:00:00+07:00,3683.22265625,127020403,0.0,0.0,6338.51318359375
2021-03-02 00:00:00+07:00,3660.345458984375,75195758,0.0,0.0,6359.205078125
2021-03-03 00:00:00+07:00,3698.473876953125,85026738,0.0,0.0,6376.7568359375
2021-03-04 00:00:00+07:00,3629.84228515625,117897176,0.0,0.0,6290.798828125
2021-03-05 00:00:00+07:00,3637.46826171875,71188389,0.0,0.0,6258.7490234375
2021-03-08 00:00:00+07:00,3606.9658203125,69917647,0.0,0.0,6248.46484375
2021-03-09 00:00:00+07:00,3492.57958984375,165527119,0.0,0.0,6199.64697265625
2021-03-10 00:00:00+07:00,3530.708251953125,77405916,0.0,0.0,6264.67919921875
2021-03-12 00:00:00+07:00,3492.57958984375,152360111,0.0,0.0,6358.208984375
2021-03-15 00:00:00+07:00,3484.953857421875,95483079,0.0,0.0,6324.2587890625
2021-03-16 00:00:00+07:00,3599.339599609375,151028868,0.0,0.0,6309.69921875
2021-03-17 00:00:00+07:00,3561.211181640625,116245827,0.0,0.0,6277.22802734375
2021-03-18 00:00:00+07:00,3629.84228515625,95635541,0.0,0.0,6347.8291015625
2021-03-19 00:00:00+07:00,3561.211181640625,166398004,0.0,0.0,6356.16015625
2021-03-22 00:00:00+07:00,3530.708251953125,67100278,0.0,0.0,6301.130859375
2021-03-23 00:00:00+07:00,3561.211181640625,115036356,0.0,0.0,6252.7119140625
2021-03-24 00:00:00+07:00,3561.211181640625,120514341,0.0,0.0,6156.14013671875
2021-03-25 00:00:00+07:00,3523.082275390625,95145043,0.0,0.0,6122.8759765625
2021-03-26 00:00:00+07:00,3599.339599609375,106978057,0.0,0.0,6195.56201171875
2021-03-29 00:00:00+07:00,3599.339599609375,106807554,0.0,0.0,6166.81787109375
2021-03-30 00:00:00+07:00,3431.57421875,214898061,0.0,0.0,6071.44189453125
2021-03-31 00:00:00+07:00,3355.31689453125,323139711,0.0,0.0,5985.52197265625
2021-04-01 00:00:00+07:00,3271.433837890625,340183845,0.0,0.0,6011.4560546875
2021-04-05 00:00:00+07:00,3202.80224609375,345533898,0.0,0.0,5970.2861328125
2021-04-06 00:00:00+07:00,3280.0439453125,167319270,89.91268,0.0,6002.77001953125
2021-04-07 00:00:00+07:00,3280.0439453125,116953800,0.0,0.0,6036.6162109375
2021-04-08 00:00:00+07:00,3397.18798828125,158572578,0.0,0.0,6071.72412109375
2021-04-09 00:00:00+07:00,3397.18798828125,125277643,0.0,0.0,6070.208984375
2021-04-12 00:00:00+07:00,3287.853515625,115119078,0.0,0.0,5948.56884765625
2021-04-13 00:00:00+07:00,3248.8056640625,120186645,0.0,0.0,5927.43505859375
2021-04-14 00:00:00+07:00,3397.18798828125,113531640,0.0,0.0,6050.27587890625
2021-04-15 00:00:00+07:00,3444.04638671875,86272180,0.0,0.0,6079.5009765625
2021-04-16 00:00:00+07:00,3389.378662109375,74495706,0.0,0.0,6086.2578125
2021-04-19 00:00:00+07:00,3420.6171875,62185614,0.0,0.0,6052.5400390625
2021-04-20 00:00:00+07:00,3365.949951171875,98216076,0.0,0.0,6038.32177734375
2021-04-21 00:00:00+07:00,3303.47314453125,51954007,0.0,0.0,5993.2421875
2021-04-22 00:00:00+07:00,3280.0439453125,118813822,0.0,0.0,5994.18408203125
2021-04-23 00:00:00+07:00,3319.09228515625,120513461,0.0,0.0,6016.86376953125
2021-04-26 00:00:00+07:00,3233.186279296875,157367288,0.0,0.0,5964.82080078125
2021-04-27 00:00:00+07:00,3256.614990234375,146082083,0.0,0.0,5959.62109375
2021-04-28 00:00:00+07:00,3225.376708984375,126586116,0.0,0.0,5974.47900390625
2021-04-29 00:00:00+07:00,3248.8056640625,124711354,0.0,0.0,6012.9609375
2021-04-30 00:00:00+07:00,3162.8994140625,257497837,0.0,0.0,5995.6162109375
2021-05-03 00:00:00+07:00,3131.660888671875,124235705,0.0,0.0,5952.59716796875
2021-05-04 00:00:00+07:00,3170.708984375,84287635,0.0,0.0,5963.81982421875
2021-05-05 00:00:00+07:00,3194.13818359375,117321536,0.0,0.0,5975.9111328125
2021-05-06 00:00:00+07:00,3209.75732421875,86226199,0.0,0.0,5970.240234375
2021-05-07 00:00:00+07:00,3162.8994140625,83358229,0.0,0.0,5928.30908203125
2021-05-10 00:00:00+07:00,3162.8994140625,81377755,0.0,0.0,5975.787109375
2021-05-11 00:00:00+07:00,3116.041748046875,167031505,0.0,0.0,5938.35107421875
2021-05-17 00:00:00+07:00,3045.7548828125,214824800,0.0,0.0,5833.85986328125
2021-05-18 00:00:00+07:00,3045.7548828125,127276708,0.0,0.0,5834.39404296875
2021-05-19 00:00:00+07:00,3022.326171875,135307947,0.0,0.0,5760.583984375
2021-05-20 00:00:00+07:00,3030.135986328125,164832677,0.0,0.0,5797.59716796875
2021-05-21 00:00:00+07:00,3037.9453125,121124632,0.0,0.0,5773.1201171875
2021-05-24 00:00:00+07:00,3155.08984375,147190132,0.0,0.0,5763.6318359375
2021-05-25 00:00:00+07:00,3170.708984375,168676803,0.0,0.0,5815.83984375
2021-05-27 00:00:00+07:00,3084.803466796875,622692705,0.0,0.0,5841.828125
2021-05-28 00:00:00+07:00,3178.5185546875,274099434,0.0,0.0,5848.6162109375
2021-05-31 00:00:00+07:00,3326.901611328125,326538660,0.0,0.0,5947.462890625
2021-06-02 00:00:00+07:00,3326.901611328125,312257333,0.0,0.0,6031.578125
2021-06-03 00:00:00+07:00,3404.998291015625,173444725,0.0,0.0,6091.51318359375
2021-06-04 00:00:00+07:00,3389.378662109375,138144236,0.0,0.0,6065.166015625
2021-06-07 00:00:00+07:00,3319.09228515625,152755788,0.0,0.0,6069.93505859375
2021-06-08 00:00:00+07:00,3280.0439453125,108888570,0.0,0.0,5999.369140625
2021-06-09 00:00:00+07:00,3295.663330078125,107433795,0.0,0.0,6047.47509765625
2021-06-10 00:00:00+07:00,3358.140380859375,106984877,0.0,0.0,6107.5380859375
2021-06-11 00:00:00+07:00,3342.52099609375,57809408,0.0,0.0,6095.4970703125
2021-06-14 00:00:00+07:00,3397.18798828125,133363443,0.0,0.0,6080.3837890625
2021-06-15 00:00:00+07:00,3303.47314453125,200713646,0.0,0.0,6089.0380859375
2021-06-16 00:00:00+07:00,3131.660888671875,481002668,0.0,0.0,6078.56787109375
2021-06-17 00:00:00+07:00,3147.2802734375,336253477,0.0,0.0,6068.44677734375
2021-06-18 00:00:00+07:00,3053.56494140625,325605954,0.0,0.0,6007.1201171875
2021-06-21 00:00:00+07:00,3076.99365234375,159544775,0.0,0.0,5996.2529296875
2021-06-22 00:00:00+07:00,3155.08984375,132832794,0.0,0.0,6087.841796875
2021-06-23 00:00:00+07:00,3076.99365234375,178751767,0.0,0.0,6034.54296875
2021-06-24 00:00:00+07:00,3116.041748046875,55421157,0.0,0.0,6012.05615234375
2021-06-25 00:00:00+07:00,3116.041748046875,83150216,0.0,0.0,6022.39892578125
2021-06-28 00:00:00+07:00,3069.183837890625,155357663,0.0,0.0,5939.47119140625
2021-06-29 00:00:00+07:00,3045.7548828125,133952393,0.0,0.0,5949.0498046875
2021-06-30 00:00:00+07:00,3076.99365234375,124133954,0.0,0.0,5985.48876953125
2021-07-01 00:00:00+07:00,3076.99365234375,105240907,0.0,0.0,6005.9580078125
2021-07-02 00:00:00+07:00,3116.041748046875,93832940,0.0,0.0,6023.0078125
2021-07-05 00:00:00+07:00,3045.7548828125,93466744,0.0,0.0,6005.60888671875
2021-07-06 00:00:00+07:00,3037.9453125,60849751,0.0,0.0,6047.11083984375
2021-07-07 00:00:00+07:00,2983.278076171875,163599005,0.0,0.0,6044.037109375
2021-07-08 00:00:00+07:00,3022.326171875,162349164,0.0,0.0,6039.89599609375
2021-07-09 00:00:00+07:00,2967.658935546875,140611578,0.0,0.0,6039.84423828125
2021-07-12 00:00:00+07:00,2936.42041015625,131702194,0.0,0.0,6078.56787109375
2021-07-13 00:00:00+07:00,2952.039306640625,175683484,0.0,0.0,6012.0322265625
2021-07-14 00:00:00+07:00,2897.372314453125,115704508,0.0,0.0,5979.21484375
2021-07-15 00:00:00+07:00,2975.46826171875,139855425,0.0,0.0,6046.75390625
2021-07-16 00:00:00+07:00,2998.8974609375,108336691,0.0,0.0,6072.509765625
2021-07-19 00:00:00+07:00,2952.039306640625,69326497,0.0,0.0,6017.39404296875
2021-07-21 00:00:00+07:00,2983.278076171875,111008747,0.0,0.0,6029.97607421875
2021-07-22 00:00:00+07:00,3045.7548828125,93842180,0.0,0.0,6137.546875
2021-07-23 00:00:00+07:00,3022.326171875,95960267,0.0,0.0,6101.68994140625
2021-07-26 00:00:00+07:00,2991.087646484375,90198037,0.0,0.0,6106.39404296875
2021-07-27 00:00:00+07:00,2967.658935546875,99741692,0.0,0.0,6097.048828125
2021-07-28 00:00:00+07:00,2912.9912109375,77777283,0.0,0.0,6088.52294921875
2021-07-29 00:00:00+07:00,2944.22998046875,102817895,0.0,0.0,6120.72705078125
2021-07-30 00:00:00+07:00,2897.372314453125,113633172,0.0,0.0,6070.0390625
2021-08-02 00:00:00+07:00,2920.80078125,105807637,0.0,0.0,6096.54296875
2021-08-03 00:00:00+07:00,2928.610595703125,87862477,0.0,0.0,6130.57080078125
2021-08-04 00:00:00+07:00,3006.70703125,91847406,0.0,0.0,6159.03515625
2021-08-05 00:00:00+07:00,3162.8994140625,294149590,0.0,0.0,6205.4169921875
2021-08-06 00:00:00+07:00,3069.183837890625,152456913,0.0,0.0,6203.43115234375
2021-08-09 00:00:00+07:00,3006.70703125,102404178,0.0,0.0,6127.4560546875
2021-08-10 00:00:00+07:00,2983.278076171875,94349949,0.0,0.0,6088.408203125
2021-08-12 00:00:00+07:00,2975.46826171875,94464021,0.0,0.0,6139.65185546875
2021-08-13 00:00:00+07:00,3022.326171875,104829940,0.0,0.0,6139.4921875
2021-08-16 00:00:00+07:00,3069.183837890625,70083530,0.0,0.0,6087.9130859375
2021-08-18 00:00:00+07:00,3178.5185546875,247351372,0.0,0.0,6118.14990234375
2021-08-19 00:00:00+07:00,3030.135986328125,218214729,0.0,0.0,5992.32177734375
2021-08-20 00:00:00+07:00,3069.183837890625,88330535,0.0,0.0,6030.77197265625
2021-08-23 00:00:00+07:00,3092.613037109375,68133856,0.0,0.0,6109.828125
2021-08-24 00:00:00+07:00,3037.9453125,150882016,0.0,0.0,6089.4970703125
2021-08-25 00:00:00+07:00,3037.9453125,86571495,0.0,0.0,6113.240234375
2021-08-26 00:00:00+07:00,3022.326171875,69144334,0.0,0.0,6058.080078125
2021-08-27 00:00:00+07:00,2998.8974609375,79498923,0.0,0.0,6041.3662109375
2021-08-30 00:00:00+07:00,3076.99365234375,128539860,0.0,0.0,6144.90185546875
2021-08-31 00:00:00+07:00,3069.183837890625,134879489,0.0,0.0,6150.298828125
2021-09-01 00:00:00+07:00,3037.9453125,97691477,0.0,0.0,6090.93310546875
2021-09-02 00:00:00+07:00,3022.326171875,81242343,0.0,0.0,6078.22900390625
2021-09-03 00:00:00+07:00,3069.183837890625,165056860,0.0,0.0,6126.9208984375
2021-09-06 00:00:00+07:00,3006.70703125,188929693,0.0,0.0,6126.93798828125
2021-09-07 00:00:00+07:00,3053.56494140625,140380354,0.0,0.0,6112.39990234375
2021-09-08 00:00:00+07:00,3204.345947265625,228087900,0.0,0.0,6026.02001953125
2021-09-09 00:00:00+07:00,3204.345947265625,306319600,0.0,0.0,6068.21923828125
2021-09-10 00:00:00+07:00,3247.299560546875,177033000,0.0,0.0,6094.873046875
2021-09-13 00:00:00+07:00,3178.57373046875,169825000,0.0,0.0,6088.1572265625
2021-09-14 00:00:00+07:00,3178.57373046875,216363400,0.0,0.0,6129.09521484375
2021-09-15 00:00:00+07:00,3144.2109375,263544000,0.0,0.0,6110.22900390625
2021-09-16 00:00:00+07:00,3127.029296875,194782800,0.0,0.0,6109.94189453125
2021-09-17 00:00:00+07:00,3101.2568359375,346529100,0.0,0.0,6133.24609375
2021-09-20 00:00:00+07:00,3084.075439453125,357971300,0.0,0.0,6076.31494140625
2021-09-21 00:00:00+07:00,3066.894287109375,410533900,0.0,0.0,6060.7568359375
2021-09-22 00:00:00+07:00,3101.2568359375,416087300,0.0,0.0,6108.26513671875
2021-09-23 00:00:00+07:00,3238.708740234375,432390800,0.0,0.0,6142.7119140625
2021-09-24 00:00:00+07:00,3281.66259765625,634549600,0.0,0.0,6144.81494140625
2021-09-27 00:00:00+07:00,3221.52734375,380151200,0.0,0.0,6122.4951171875
2021-09-28 00:00:00+07:00,3195.755126953125,306827400,0.0,0.0,6113.11181640625
2021-09-29 00:00:00+07:00,3212.9365234375,143081800,0.0,0.0,6162.55419921875
2021-09-30 00:00:00+07:00,3307.4345703125,416099000,0.0,0.0,6286.94287109375
2021-10-01 00:00:00+07:00,3350.388427734375,359864700,0.0,0.0,6228.84521484375
2021-10-04 00:00:00+07:00,3410.523681640625,335762600,0.0,0.0,6342.68603515625
2021-10-05 00:00:00+07:00,3376.16064453125,236562700,0.0,0.0,6288.048828125
2021-10-06 00:00:00+07:00,3539.384765625,446708800,0.0,0.0,6417.3232421875
2021-10-07 00:00:00+07:00,3539.384765625,264905400,0.0,0.0,6416.39599609375
2021-10-08 00:00:00+07:00,3573.74755859375,196631600,0.0,0.0,6481.76904296875
2021-10-11 00:00:00+07:00,3590.92919921875,146720100,0.0,0.0,6459.69677734375
2021-10-12 00:00:00+07:00,3625.2919921875,241196000,0.0,0.0,6486.26708984375
2021-10-13 00:00:00+07:00,3676.836669921875,264629400,0.0,0.0,6536.90380859375
2021-10-14 00:00:00+07:00,3651.064453125,196989500,0.0,0.0,6626.11376953125
2021-10-15 00:00:00+07:00,3711.199462890625,318189600,0.0,0.0,6633.337890625
2021-10-18 00:00:00+07:00,3788.51611328125,286829000,0.0,0.0,6658.76806640625
2021-10-19 00:00:00+07:00,3779.92529296875,161256300,0.0,0.0,6655.998046875
2021-10-21 00:00:00+07:00,3745.5625,319230200,0.0,0.0,6632.97216796875
2021-10-22 00:00:00+07:00,3779.92529296875,160459300,0.0,0.0,6643.73779296875
2021-10-25 00:00:00+07:00,3694.01806640625,128240100,0.0,0.0,6625.69677734375
2021-10-26 00:00:00+07:00,3736.9716796875,108782400,0.0,0.0,6656.93701171875
2021-10-27 00:00:00+07:00,3685.427001953125,258038300,0.0,0.0,6602.208984375
2021-10-28 00:00:00+07:00,3642.4736328125,159645200,0.0,0.0,6524.076171875
2021-10-29 00:00:00+07:00,3651.064453125,155011100,0.0,0.0,6591.34619140625
2021-11-01 00:00:00+07:00,3633.8828125,102079300,0.0,0.0,6552.88916015625
2021-11-02 00:00:00+07:00,3616.701416015625,124799700,0.0,0.0,6493.27490234375
2021-11-03 00:00:00+07:00,3685.427001953125,100486300,0.0,0.0,6552.1298828125
2021-11-04 00:00:00+07:00,3651.064453125,119591100,0.0,0.0,6586.44287109375
2021-11-05 00:00:00+07:00,3642.4736328125,74347000,0.0,0.0,6581.78515625
2021-11-08 00:00:00+07:00,3633.8828125,79465600,0.0,0.0,6632.296875
2021-11-09 00:00:00+07:00,3651.064453125,92453200,0.0,0.0,6669.9248046875
2021-11-10 00:00:00+07:00,3651.064453125,69475400,0.0,0.0,6683.14501953125
2021-11-11 00:00:00+07:00,3651.064453125,149637700,0.0,0.0,6691.341796875
2021-11-12 00:00:00+07:00,3625.2919921875,80234400,0.0,0.0,6651.05419921875
2021-11-15 00:00:00+07:00,3573.74755859375,220142300,0.0,0.0,6616.02880859375
2021-11-16 00:00:00+07:00,3547.975341796875,163555000,0.0,0.0,6651.20703125
2021-11-17 00:00:00+07:00,3608.1103515625,126523700,0.0,0.0,6675.80419921875
2021-11-18 00:00:00+07:00,3590.92919921875,114881200,0.0,0.0,6636.46923828125
2021-11-19 00:00:00+07:00,3676.836669921875,182167700,0.0,0.0,6720.26318359375
2021-11-22 00:00:00+07:00,3676.836669921875,151514000,0.0,0.0,6723.38623046875
2021-11-23 00:00:00+07:00,3616.701416015625,104294200,0.0,0.0,6677.8759765625
2021-11-24 00:00:00+07:00,3616.701416015625,111072800,0.0,0.0,6683.27685546875
2021-11-25 00:00:00+07:00,3625.2919921875,123609400,0.0,0.0,6699.34619140625
2021-11-26 00:00:00+07:00,3573.74755859375,148652500,0.0,0.0,6561.55322265625
2021-11-29 00:00:00+07:00,3582.338134765625,164312800,0.0,0.0,6608.2900390625
2021-11-30 00:00:00+07:00,3513.612548828125,316653200,0.0,0.0,6533.93212890625
2021-12-01 00:00:00+07:00,3505.021728515625,163457900,0.0,0.0,6507.6767578125
2021-12-02 00:00:00+07:00,3608.1103515625,139281800,0.0,0.0,6583.81982421875
2021-12-03 00:00:00+07:00,3582.338134765625,93227100,0.0,0.0,6538.505859375
2021-12-06 00:00:00+07:00,3530.7939453125,106610000,0.0,0.0,6547.1162109375
2021-12-07 00:00:00+07:00,3633.8828125,182048000,0.0,0.0,6602.56884765625
2021-12-08 00:00:00+07:00,3616.701416015625,143230200,0.0,0.0,6603.7978515625
2021-12-09 00:00:00+07:00,3599.519775390625,90471500,0.0,0.0,6643.93212890625
2021-12-10 00:00:00+07:00,3547.975341796875,122999200,0.0,0.0,6652.921875
2021-12-13 00:00:00+07:00,3573.74755859375,86848900,0.0,0.0,6662.87109375
2021-12-14 00:00:00+07:00,3547.975341796875,100110000,0.0,0.0,6615.63720703125
2021-12-15 00:00:00+07:00,3608.1103515625,124522800,0.0,0.0,6626.2568359375
2021-12-16 00:00:00+07:00,3556.566162109375,136646600,0.0,0.0,6594.7978515625
2021-12-17 00:00:00+07:00,3530.7939453125,153165400,0.0,0.0,6601.93212890625
2021-12-20 00:00:00+07:00,3539.384765625,89198900,0.0,0.0,6547.11181640625
2021-12-21 00:00:00+07:00,3505.021728515625,109561800,0.0,0.0,6554.30908203125
2021-12-22 00:00:00+07:00,3479.24951171875,104738000,0.0,0.0,6529.5927734375
2021-12-23 00:00:00+07:00,3522.203125,72736800,0.0,0.0,6555.55078125
2021-12-24 00:00:00+07:00,3496.43115234375,59795000,0.0,0.0,6562.89990234375
2021-12-27 00:00:00+07:00,3487.840087890625,65491200,0.0,0.0,6575.44384765625
2021-12-28 00:00:00+07:00,3513.612548828125,52952500,0.0,0.0,6598.3427734375
2021-12-29 00:00:00+07:00,3505.021728515625,27676500,0.0,0.0,6600.6767578125
2021-12-30 00:00:00+07:00,3530.7939453125,146989400,0.0,0.0,6581.48193359375
2022-01-03 00:00:00+07:00,3590.92919921875,90842500,0.0,0.0,6665.30810546875
2022-01-04 00:00:00+07:00,3573.74755859375,93950000,0.0,0.0,6695.373046875
2022-01-05 00:00:00+07:00,3616.701416015625,174376400,0.0,0.0,6662.298828125
2022-01-06 00:00:00+07:00,3573.74755859375,137280000,0.0,0.0,6653.35107421875
2022-01-07 00:00:00+07:00,3599.519775390625,101275000,0.0,0.0,6701.31591796875
2022-01-10 00:00:00+07:00,3590.92919921875,70722600,0.0,0.0,6691.1240234375
2022-01-11 00:00:00+07:00,3565.156982421875,99404900,0.0,0.0,6647.97021484375
2022-01-12 00:00:00+07:00,3573.74755859375,65907000,0.0,0.0,6647.06494140625
2022-01-13 00:00:00+07:00,3599.519775390625,103522400,0.0,0.0,6658.35595703125
2022-01-14 00:00:00+07:00,3590.92919921875,110213800,0.0,0.0,6693.40087890625
2022-01-17 00:00:00+07:00,3616.701416015625,102957100,0.0,0.0,6645.0478515625
2022-01-18 00:00:00+07:00,3599.519775390625,120275000,0.0,0.0,6614.05908203125
2022-01-19 00:00:00+07:00,3547.975341796875,109954700,0.0,0.0,6591.98095703125
2022-01-20 00:00:00+07:00,3547.975341796875,86394600,0.0,0.0,6626.87109375
2022-01-21 00:00:00+07:00,3582.338134765625,84972500,0.0,0.0,6726.373046875
2022-01-24 00:00:00+07:00,3539.384765625,76709900,0.0,0.0,6655.166015625
2022-01-25 00:00:00+07:00,3496.43115234375,185007800,0.0,0.0,6568.1728515625
2022-01-26 00:00:00+07:00,3513.612548828125,97589500,0.0,0.0,6600.81884765625
2022-01-27 00:00:00+07:00,3556.566162109375,80682900,0.0,0.0,6611.1611328125
2022-01-28 00:00:00+07:00,3556.566162109375,84812100,0.0,0.0,6645.51123046875
2022-01-31 00:00:00+07:00,3496.43115234375,78498500,0.0,0.0,6631.15087890625
2022-02-02 00:00:00+07:00,3496.43115234375,81546300,0.0,0.0,6707.65185546875
2022-02-03 00:00:00+07:00,3547.975341796875,157898800,0.0,0.0,6683.85107421875
2022-02-04 00:00:00+07:00,3616.701416015625,236602900,0.0,0.0,6731.39111328125
2022-02-07 00:00:00+07:00,3779.92529296875,468016600,0.0,0.0,6804.93701171875
2022-02-08 00:00:00+07:00,3814.2880859375,310878100,0.0,0.0,6789.52197265625
2022-02-09 00:00:00+07:00,3822.879150390625,149000100,0.0,0.0,6834.60595703125
2022-02-10 00:00:00+07:00,3840.060546875,112521600,0.0,0.0,6823.64208984375
2022-02-11 00:00:00+07:00,3822.879150390625,103418200,0.0,0.0,6815.60693359375
2022-02-14 00:00:00+07:00,3788.51611328125,105260000,0.0,0.0,6734.48583984375
2022-02-15 00:00:00+07:00,3805.69775390625,96658500,0.0,0.0,6807.4970703125
2022-02-16 00:00:00+07:00,3797.10693359375,89636300,0.0,0.0,6850.1982421875
2022-02-17 00:00:00+07:00,3779.92529296875,118305100,0.0,0.0,6835.1171875
2022-02-18 00:00:00+07:00,3805.69775390625,127058000,0.0,0.0,6892.81787109375
2022-02-21 00:00:00+07:00,3857.24169921875,133717300,0.0,0.0,6902.96484375
2022-02-22 00:00:00+07:00,3805.69775390625,109060900,0.0,0.0,6861.994140625
2022-02-23 00:00:00+07:00,3848.651123046875,160827800,0.0,0.0,6920.05615234375
2022-02-24 00:00:00+07:00,3771.334716796875,217523600,0.0,0.0,6817.81982421875
2022-02-25 00:00:00+07:00,3908.786376953125,301346400,0.0,0.0,6888.1708984375
2022-03-01 00:00:00+07:00,3977.51220703125,494657800,0.0,0.0,6921.44091796875
2022-03-02 00:00:00+07:00,3917.37744140625,186635200,0.0,0.0,6868.40185546875
2022-03-04 00:00:00+07:00,4011.875244140625,292022600,0.0,0.0,6928.328125
2022-03-07 00:00:00+07:00,3883.014404296875,224515800,0.0,0.0,6869.06591796875
2022-03-08 00:00:00+07:00,3805.69775390625,214870200,0.0,0.0,6814.18310546875
2022-03-09 00:00:00+07:00,3925.9677734375,191967100,0.0,0.0,6864.44091796875
2022-03-10 00:00:00+07:00,3925.9677734375,225575800,0.0,0.0,6924.0078125
2022-03-11 00:00:00+07:00,3929.764892578125,275965300,174.2515,0.0,6922.60205078125
2022-03-14 00:00:00+07:00,4036.9404296875,212052100,0.0,0.0,6952.2041015625
2022-03-15 00:00:00+07:00,4117.32177734375,357755700,0.0,0.0,6918.18505859375
2022-03-16 00:00:00+07:00,4153.04736328125,226817000,0.0,0.0,6992.39501953125
2022-03-17 00:00:00+07:00,4153.04736328125,224068000,0.0,0.0,6964.384765625
2022-03-18 00:00:00+07:00,4090.5283203125,257863400,0.0,0.0,6954.96484375
2022-03-21 00:00:00+07:00,4099.45947265625,118791900,0.0,0.0,6955.18115234375
2022-03-22 00:00:00+07:00,4144.1162109375,177758500,0.0,0.0,7000.82177734375
2022-03-23 00:00:00+07:00,4153.04736328125,146545100,0.0,0.0,6996.115234375
2022-03-24 00:00:00+07:00,4224.49755859375,206271600,0.0,0.0,7049.68505859375
2022-03-25 00:00:00+07:00,4206.63525390625,137104800,0.0,0.0,7002.5322265625
2022-03-28 00:00:00+07:00,4224.49755859375,106801800,0.0,0.0,7049.60302734375
2022-03-29 00:00:00+07:00,4188.77197265625,93155100,0.0,0.0,7011.68896484375
2022-03-30 00:00:00+07:00,4206.63525390625,83364400,0.0,0.0,7053.18994140625
2022-03-31 00:00:00+07:00,4161.978515625,158650000,0.0,0.0,7071.44189453125
2022-04-01 00:00:00+07:00,4224.49755859375,145105000,0.0,0.0,7078.759765625
2022-04-04 00:00:00+07:00,4197.70361328125,103902000,0.0,0.0,7116.2177734375
2022-04-05 00:00:00+07:00,4197.70361328125,76154300,0.0,0.0,7148.298828125
2022-04-06 00:00:00+07:00,4108.390625,111009800,0.0,0.0,7104.2158203125
2022-04-07 00:00:00+07:00,4135.18505859375,91942500,0.0,0.0,7127.3671875
2022-04-08 00:00:00+07:00,4117.32177734375,125657900,0.0,0.0,7210.8349609375
2022-04-11 00:00:00+07:00,4081.59716796875,109861100,0.0,0.0,7203.7939453125
2022-04-12 00:00:00+07:00,4117.32177734375,96961200,0.0,0.0,7214.78076171875
2022-04-13 00:00:00+07:00,4117.32177734375,112327600,0.0,0.0,7262.77685546875
2022-04-14 00:00:00+07:00,4054.802978515625,150659600,0.0,0.0,7235.5322265625
2022-04-18 00:00:00+07:00,4063.734619140625,82795100,0.0,0.0,7275.2890625
2022-04-19 00:00:00+07:00,4081.59716796875,148475600,0.0,0.0,7199.23193359375
2022-04-20 00:00:00+07:00,4331.6728515625,404383100,0.0,0.0,7227.36181640625
2022-04-21 00:00:00+07:00,4287.0166015625,208253300,0.0,0.0,7276.19287109375
2022-04-22 00:00:00+07:00,4242.35986328125,174349500,0.0,0.0,7225.60595703125
2022-04-25 00:00:00+07:00,4322.7412109375,235752400,0.0,0.0,7215.97900390625
2022-04-26 00:00:00+07:00,4412.0546875,262734300,0.0,0.0,7232.15283203125
2022-04-27 00:00:00+07:00,4331.6728515625,191955100,0.0,0.0,7196.76416015625
2022-04-28 00:00:00+07:00,4349.53564453125,193821200,0.0,0.0,7228.9140625
2022-05-09 00:00:00+07:00,4045.871826171875,561600400,0.0,0.0,6909.7509765625
2022-05-10 00:00:00+07:00,4045.871826171875,435782800,0.0,0.0,6819.7939453125
2022-05-11 00:00:00+07:00,4010.14697265625,205233800,0.0,0.0,6816.203125
2022-05-12 00:00:00+07:00,3858.31494140625,207373600,0.0,0.0,6599.83984375
2022-05-13 00:00:00+07:00,3795.796142578125,336711300,0.0,0.0,6597.9931640625
2022-05-17 00:00:00+07:00,3974.421630859375,272650400,0.0,0.0,6644.466796875
2022-05-18 00:00:00+07:00,3974.421630859375,129716500,0.0,0.0,6793.4140625
2022-05-19 00:00:00+07:00,3965.490234375,132614900,0.0,0.0,6823.3349609375
2022-05-20 00:00:00+07:00,3956.55908203125,122101000,0.0,0.0,6918.14404296875
2022-05-23 00:00:00+07:00,3867.246337890625,175709000,0.0,0.0,6840.77490234375
2022-05-24 00:00:00+07:00,3983.352783203125,165758600,0.0,0.0,6914.14111328125
2022-05-25 00:00:00+07:00,3885.10888671875,138961700,0.0,0.0,6883.50390625
2022-05-27 00:00:00+07:00,4054.802978515625,209962100,0.0,0.0,7026.255859375
2022-05-30 00:00:00+07:00,3956.55908203125,193724500,0.0,0.0,7037.56494140625
2022-05-31 00:00:00+07:00,4135.18505859375,379626500,0.0,0.0,7148.97021484375
2022-06-02 00:00:00+07:00,4001.215576171875,225697500,0.0,0.0,7148.72314453125
2022-06-03 00:00:00+07:00,4036.9404296875,117643300,0.0,0.0,7182.9609375
2022-06-06 00:00:00+07:00,3956.55908203125,157277700,0.0,0.0,7096.58203125
2022-06-07 00:00:00+07:00,3929.764892578125,133318000,0.0,0.0,7141.044921875
2022-06-08 00:00:00+07:00,3992.283935546875,150604000,0.0,0.0,7193.31396484375
2022-06-09 00:00:00+07:00,4010.14697265625,161768800,0.0,0.0,7182.830078125
2022-06-10 00:00:00+07:00,3929.764892578125,222410400,0.0,0.0,7086.64794921875
2022-06-13 00:00:00+07:00,3876.177490234375,164017200,0.0,0.0,6995.44189453125
2022-06-14 00:00:00+07:00,3894.0400390625,150381800,0.0,0.0,7049.8818359375
2022-06-15 00:00:00+07:00,3974.421630859375,160729900,0.0,0.0,7007.0498046875
2022-06-16 00:00:00+07:00,3956.55908203125,240023000,0.0,0.0,7050.326171875
2022-06-17 00:00:00+07:00,3902.971435546875,185763100,0.0,0.0,6936.966796875
2022-06-20 00:00:00+07:00,3929.764892578125,95058800,0.0,0.0,6976.376953125
2022-06-21 00:00:00+07:00,3911.902587890625,103964600,0.0,0.0,7044.07080078125
2022-06-22 00:00:00+07:00,3858.31494140625,106208500,0.0,0.0,6984.31103515625
2022-06-23 00:00:00+07:00,3849.3837890625,127600700,0.0,0.0,6998.26708984375
2022-06-24 00:00:00+07:00,3876.177490234375,66083900,0.0,0.0,7042.93701171875
2022-06-27 00:00:00+07:00,3822.58984375,152306100,0.0,0.0,7016.05517578125
2022-06-28 00:00:00+07:00,3840.452392578125,178535800,0.0,0.0,6996.4560546875
2022-06-29 00:00:00+07:00,3733.27685546875,228536100,0.0,0.0,6942.35107421875
2022-06-30 00:00:00+07:00,3706.48291015625,239939100,0.0,0.0,6911.58203125
2022-07-01 00:00:00+07:00,3697.5517578125,154659500,0.0,0.0,6794.328125
2022-07-04 00:00:00+07:00,3608.23876953125,246853600,0.0,0.0,6639.171875
2022-07-05 00:00:00+07:00,3652.8955078125,180648400,0.0,0.0,6703.26611328125
2022-07-06 00:00:00+07:00,3643.9638671875,125309100,0.0,0.0,6646.41015625
2022-07-07 00:00:00+07:00,3617.170166015625,172127500,0.0,0.0,6652.5869140625
2022-07-08 00:00:00+07:00,3751.139404296875,112914000,0.0,0.0,6740.21923828125
2022-07-11 00:00:00+07:00,3679.68896484375,80867700,0.0,0.0,6722.14501953125
2022-07-12 00:00:00+07:00,3670.7578125,56085200,0.0,0.0,6718.2939453125
2022-07-13 00:00:00+07:00,3626.1015625,165745200,0.0,0.0,6640.990234375
2022-07-14 00:00:00+07:00,3635.03271484375,188729700,0.0,0.0,6690.0869140625
2022-07-15 00:00:00+07:00,3670.7578125,91362800,0.0,0.0,6651.90478515625
2022-07-18 00:00:00+07:00,3697.5517578125,135284500,0.0,0.0,6659.2529296875
2022-07-19 00:00:00+07:00,3670.7578125,122905900,0.0,0.0,6736.091796875
2022-07-20 00:00:00+07:00,3840.452392578125,220223600,0.0,0.0,6874.7431640625
2022-07-21 00:00:00+07:00,3849.3837890625,130405400,0.0,0.0,6864.130859375
2022-07-22 00:00:00+07:00,3813.658447265625,86561100,0.0,0.0,6886.9619140625
2022-07-25 00:00:00+07:00,3795.796142578125,60952800,0.0,0.0,6858.4072265625
2022-07-26 00:00:00+07:00,3867.246337890625,97709800,0.0,0.0,6871.537109375
2022-07-27 00:00:00+07:00,3858.31494140625,88570800,0.0,0.0,6898.2158203125
2022-07-28 00:00:00+07:00,3894.0400390625,136421400,0.0,0.0,6956.81689453125
2022-07-29 00:00:00+07:00,3894.0400390625,228669400,0.0,0.0,6951.123046875
2022-08-01 00:00:00+07:00,3894.0400390625,200791700,0.0,0.0,6968.783203125
2022-08-02 00:00:00+07:00,3929.764892578125,173931000,0.0,0.0,6988.1572265625
2022-08-03 00:00:00+07:00,3911.902587890625,103412300,0.0,0.0,7046.634765625
2022-08-04 00:00:00+07:00,3894.0400390625,120175700,0.0,0.0,7057.34814453125
2022-08-05 00:00:00+07:00,3894.0400390625,168879400,0.0,0.0,7084.65478515625
2022-08-08 00:00:00+07:00,3902.971435546875,107242600,0.0,0.0,7086.84912109375
2022-08-09 00:00:00+07:00,3938.69677734375,181747100,0.0,0.0,7102.8798828125
2022-08-10 00:00:00+07:00,3849.3837890625,205341100,0.0,0.0,7086.23583984375
2022-08-11 00:00:00+07:00,3885.10888671875,193329000,0.0,0.0,7160.384765625
2022-08-12 00:00:00+07:00,3858.31494140625,103916700,0.0,0.0,7129.27685546875
2022-08-15 00:00:00+07:00,3840.452392578125,135099400,0.0,0.0,7093.27587890625
2022-08-16 00:00:00+07:00,3822.58984375,205432400,0.0,0.0,7133.453125
2022-08-18 00:00:00+07:00,3867.246337890625,138795300,0.0,0.0,7186.55810546875
2022-08-19 00:00:00+07:00,3840.452392578125,84552100,0.0,0.0,7172.43408203125
2022-08-22 00:00:00+07:00,3813.658447265625,121124400,0.0,0.0,7107.98291015625
2022-08-23 00:00:00+07:00,3840.452392578125,107799500,0.0,0.0,7163.26513671875
2022-08-24 00:00:00+07:00,3831.521240234375,75055900,0.0,0.0,7194.7060546875
2022-08-25 00:00:00+07:00,3813.658447265625,117653800,0.0,0.0,7174.2080078125
2022-08-26 00:00:00+07:00,3813.658447265625,87375200,0.0,0.0,7135.248046875
2022-08-29 00:00:00+07:00,3795.796142578125,88409800,0.0,0.0,7132.044921875
2022-08-30 00:00:00+07:00,3804.727294921875,157219500,0.0,0.0,7159.47314453125
2022-08-31 00:00:00+07:00,3876.177490234375,191475700,0.0,0.0,7178.58984375
2022-09-01 00:00:00+07:00,3920.833740234375,139929300,0.0,0.0,7153.10400390625
2022-09-02 00:00:00+07:00,3974.421630859375,220616600,0.0,0.0,7177.17919921875
2022-09-05 00:00:00+07:00,4099.45947265625,261126600,0.0,0.0,7231.8828125
2022-09-06 00:00:00+07:00,4072.665771484375,188042700,0.0,0.0,7233.15478515625
2022-09-07 00:00:00+07:00,3983.352783203125,231936700,0.0,0.0,7186.7568359375
2022-09-08 00:00:00+07:00,4108.390625,250373200,0.0,0.0,7232.01708984375
2022-09-09 00:00:00+07:00,4117.32177734375,119286700,0.0,0.0,7242.65576171875
2022-09-12 00:00:00+07:00,4072.665771484375,97988000,0.0,0.0,7254.4638671875
2022-09-13 00:00:00+07:00,4090.5283203125,141828800,0.0,0.0,7318.01611328125
2022-09-14 00:00:00+07:00,4090.5283203125,149960600,0.0,0.0,7278.078125
2022-09-15 00:00:00+07:00,4117.32177734375,295664100,0.0,0.0,7305.60107421875
2022-09-16 00:00:00+07:00,4019.078125,282492200,0.0,0.0,7168.8701171875
2022-09-19 00:00:00+07:00,4081.59716796875,134432000,0.0,0.0,7195.48779296875
2022-09-20 00:00:00+07:00,4010.14697265625,138695500,0.0,0.0,7196.951171875
2022-09-21 00:00:00+07:00,4063.734619140625,159976900,0.0,0.0,7188.31396484375
2022-09-22 00:00:00+07:00,4072.665771484375,100425300,0.0,0.0,7218.90576171875
2022-09-23 00:00:00+07:00,4001.215576171875,139074000,0.0,0.0,7178.5830078125
2022-09-26 00:00:00+07:00,4054.802978515625,280747500,0.0,0.0,7127.5029296875
2022-09-27 00:00:00+07:00,4045.871826171875,213704600,0.0,0.0,7112.44921875
2022-09-28 00:00:00+07:00,4036.9404296875,161815300,0.0,0.0,7077.03076171875
2022-09-29 00:00:00+07:00,4001.215576171875,169368600,0.0,0.0,7036.1982421875
2022-09-30 00:00:00+07:00,4010.14697265625,224229200,0.0,0.0,7040.7978515625
2022-10-03 00:00:00+07:00,4045.871826171875,159559600,0.0,0.0,7009.7177734375
2022-10-04 00:00:00+07:00,4144.1162109375,256367100,0.0,0.0,7072.255859375
2022-10-05 00:00:00+07:00,4054.802978515625,182246200,0.0,0.0,7075.384765625
2022-10-06 00:00:00+07:00,4028.00927734375,123346200,0.0,0.0,7076.623046875
2022-10-07 00:00:00+07:00,3965.490234375,133678600,0.0,0.0,7026.783203125
2022-10-10 00:00:00+07:00,3902.971435546875,193923600,0.0,0.0,6994.39501953125
2022-10-11 00:00:00+07:00,3956.55908203125,133742200,0.0,0.0,6939.14501953125
2022-10-12 00:00:00+07:00,3929.764892578125,128741800,0.0,0.0,6909.208984375
2022-10-13 00:00:00+07:00,3885.10888671875,104269900,0.0,0.0,6880.625
2022-10-14 00:00:00+07:00,3813.658447265625,180841100,0.0,0.0,6814.52978515625
2022-10-17 00:00:00+07:00,3840.452392578125,145506000,0.0,0.0,6831.115234375
2022-10-18 00:00:00+07:00,3831.521240234375,161444100,0.0,0.0,6834.494140625
2022-10-19 00:00:00+07:00,3840.452392578125,81682300,0.0,0.0,6860.416015625
2022-10-20 00:00:00+07:00,3920.833740234375,149521700,0.0,0.0,6980.65185546875
2022-10-21 00:00:00+07:00,3956.55908203125,165052200,0.0,0.0,7017.77099609375
2022-10-24 00:00:00+07:00,4019.078125,186997700,0.0,0.0,7053.0439453125
2022-10-25 00:00:00+07:00,4099.45947265625,233948800,0.0,0.0,7048.3798828125
2022-10-26 00:00:00+07:00,4045.871826171875,178298500,0.0,0.0,7043.93896484375
2022-10-27 00:00:00+07:00,4108.390625,131385300,0.0,0.0,7091.76123046875
2022-10-28 00:00:00+07:00,4135.18505859375,227256400,0.0,0.0,7056.0400390625
2022-10-31 00:00:00+07:00,4153.04736328125,275184000,0.0,0.0,7098.89013671875
2022-11-01 00:00:00+07:00,4161.978515625,230590200,0.0,0.0,7052.30322265625
2022-11-02 00:00:00+07:00,4117.32177734375,163816900,0.0,0.0,7015.68994140625
2022-11-03 00:00:00+07:00,4153.04736328125,174423000,0.0,0.0,7034.5732421875
2022-11-04 00:00:00+07:00,4153.04736328125,85292300,0.0,0.0,7045.52685546875
2022-11-07 00:00:00+07:00,4188.77197265625,112070500,0.0,0.0,7102.39599609375
2022-11-08 00:00:00+07:00,4126.2529296875,80916300,0.0,0.0,7050.1259765625
2022-11-09 00:00:00+07:00,4153.04736328125,126493900,0.0,0.0,7070.083984375
2022-11-10 00:00:00+07:00,4045.871826171875,196277400,0.0,0.0,6966.8369140625
2022-11-11 00:00:00+07:00,4153.04736328125,153238500,0.0,0.0,7089.2060546875
2022-11-14 00:00:00+07:00,4090.5283203125,140187600,0.0,0.0,7019.39208984375
2022-11-15 00:00:00+07:00,4090.5283203125,87986300,0.0,0.0,7035.5
2022-11-16 00:00:00+07:00,4036.9404296875,245789200,0.0,0.0,7014.3837890625
2022-11-17 00:00:00+07:00,4170.90966796875,214514600,0.0,0.0,7044.98583984375
2022-11-18 00:00:00+07:00,4117.32177734375,105313200,0.0,0.0,7082.18115234375
2022-11-21 00:00:00+07:00,4099.45947265625,82279300,0.0,0.0,7063.2470703125
2022-11-22 00:00:00+07:00,4099.45947265625,154866000,0.0,0.0,7030.587890625
2022-11-23 00:00:00+07:00,4170.90966796875,147280600,0.0,0.0,7054.123046875
2022-11-24 00:00:00+07:00,4215.56640625,156735700,0.0,0.0,7080.51513671875
2022-11-25 00:00:00+07:00,4242.35986328125,177861100,0.0,0.0,7053.14990234375
2022-11-28 00:00:00+07:00,4304.87890625,214611600,0.0,0.0,7017.35791015625
2022-11-29 00:00:00+07:00,4331.6728515625,184916300,0.0,0.0,7012.06884765625
2022-11-30 00:00:00+07:00,4447.77978515625,560639800,0.0,0.0,7081.31298828125
2022-12-01 00:00:00+07:00,4412.0546875,267382600,0.0,0.0,7020.80322265625
2022-12-02 00:00:00+07:00,4367.39794921875,199981400,0.0,0.0,7019.63916015625
2022-12-05 00:00:00+07:00,4367.39794921875,88463000,0.0,0.0,6987.328125
2022-12-06 00:00:00+07:00,4340.60400390625,151325300,0.0,0.0,6892.56982421875
2022-12-07 00:00:00+07:00,4251.291015625,253330100,0.0,0.0,6818.751953125
2022-12-08 00:00:00+07:00,4322.7412109375,154313900,0.0,0.0,6804.22705078125
2022-12-09 00:00:00+07:00,4287.0166015625,203573100,0.0,0.0,6715.1181640625
2022-12-12 00:00:00+07:00,4331.6728515625,139582400,0.0,0.0,6734.4521484375
2022-12-13 00:00:00+07:00,4438.8486328125,194233200,0.0,0.0,6810.31591796875
2022-12-14 00:00:00+07:00,4447.77978515625,201275800,0.0,0.0,6801.7490234375
2022-12-15 00:00:00+07:00,4385.26025390625,170702300,0.0,0.0,6751.85986328125
2022-12-16 00:00:00+07:00,4447.77978515625,594601900,0.0,0.0,6812.19287109375
2022-12-19 00:00:00+07:00,4438.8486328125,82959800,0.0,0.0,6779.6982421875
2022-12-20 00:00:00+07:00,4385.26025390625,78671600,0.0,0.0,6768.31591796875
2022-12-21 00:00:00+07:00,4367.39794921875,71277800,0.0,0.0,6820.6630859375
2022-12-22 00:00:00+07:00,4429.91748046875,87321400,0.0,0.0,6824.43212890625
2022-12-23 00:00:00+07:00,4358.466796875,53350600,0.0,0.0,6800.6728515625
2022-12-26 00:00:00+07:00,4403.12353515625,43581100,0.0,0.0,6835.80810546875
2022-12-27 00:00:00+07:00,4349.53564453125,74123800,0.0,0.0,6923.02685546875
2022-12-28 00:00:00+07:00,4304.87890625,117912500,0.0,0.0,6850.52001953125
2022-12-29 00:00:00+07:00,4349.53564453125,106690700,0.0,0.0,6860.0771484375
2022-12-30 00:00:00+07:00,4412.0546875,182091500,0.0,0.0,6850.619140625
2023-01-02 00:00:00+07:00,4349.53564453125,100200100,0.0,0.0,6850.98388671875
2023-01-03 00:00:00+07:00,4331.6728515625,95136500,0.0,0.0,6888.7578125
2023-01-04 00:00:00+07:00,4260.22216796875,188071000,0.0,0.0,6813.23876953125
2023-01-05 00:00:00+07:00,4144.1162109375,292142000,0.0,0.0,6653.8408203125
2023-01-06 00:00:00+07:00,4126.2529296875,175932000,0.0,0.0,6684.55810546875
2023-01-09 00:00:00+07:00,4099.45947265625,166164900,0.0,0.0,6688.26513671875
2023-01-10 00:00:00+07:00,4006.310546875,282510000,57.0,0.0,6622.4990234375
2023-01-11 00:00:00+07:00,3961.0927734375,211610100,0.0,0.0,6584.453125
2023-01-12 00:00:00+07:00,4069.61572265625,210887800,0.0,0.0,6629.93408203125
2023-01-13 00:00:00+07:00,4051.528564453125,134592100,0.0,0.0,6641.830078125
2023-01-16 00:00:00+07:00,4087.702880859375,172170900,0.0,0.0,6688.05712890625
2023-01-17 00:00:00+07:00,4123.876953125,150577400,0.0,0.0,6767.33984375
2023-01-18 00:00:00+07:00,4160.0517578125,178026000,0.0,0.0,6765.7861328125
2023-01-19 00:00:00+07:00,4169.09521484375,117204100,0.0,0.0,6819.9072265625
2023-01-20 00:00:00+07:00,4205.26953125,116038300,0.0,0.0,6874.93115234375
2023-01-24 00:00:00+07:00,4178.13916015625,81964700,0.0,0.0,6860.85400390625
2023-01-25 00:00:00+07:00,4123.876953125,84009300,0.0,0.0,6829.93017578125
2023-01-26 00:00:00+07:00,4151.00830078125,113840400,0.0,0.0,6864.81787109375
2023-01-27 00:00:00+07:00,4196.22607421875,178282600,0.0,0.0,6898.98095703125
2023-01-30 00:00:00+07:00,4169.09521484375,185972400,0.0,0.0,6872.48095703125
2023-01-31 00:00:00+07:00,4141.96484375,280039200,0.0,0.0,6839.341796875
2023-02-01 00:00:00+07:00,4232.400390625,181849300,0.0,0.0,6862.2578125
2023-02-02 00:00:00+07:00,4160.0517578125,145413400,0.0,0.0,6890.57177734375
2023-02-03 00:00:00+07:00,4295.70556640625,198479900,0.0,0.0,6911.73193359375
2023-02-06 00:00:00+07:00,4286.662109375,141366300,0.0,0.0,6873.791015625
2023-02-07 00:00:00+07:00,4295.70556640625,140923100,0.0,0.0,6935.30078125
2023-02-08 00:00:00+07:00,4331.8798828125,168599500,0.0,0.0,6940.1240234375
2023-02-09 00:00:00+07:00,4349.96728515625,177400700,0.0,0.0,6897.365234375
2023-02-10 00:00:00+07:00,4395.18505859375,181146600,0.0,0.0,6880.3291015625
2023-02-13 00:00:00+07:00,4340.92333984375,144569400,0.0,0.0,6900.14013671875
2023-02-14 00:00:00+07:00,4404.228515625,120995200,0.0,0.0,6941.85498046875
2023-02-15 00:00:00+07:00,4404.228515625,84568100,0.0,0.0,6914.5380859375
2023-02-16 00:00:00+07:00,4404.228515625,69966200,0.0,0.0,6895.6640625
2023-02-17 00:00:00+07:00,4413.2724609375,104019300,0.0,0.0,6895.7138671875
2023-02-20 00:00:00+07:00,4413.2724609375,88432500,0.0,0.0,6894.716796875
2023-02-21 00:00:00+07:00,4359.0107421875,59319100,0.0,0.0,6873.40478515625
2023-02-22 00:00:00+07:00,4304.7490234375,107327900,0.0,0.0,6809.9677734375
2023-02-23 00:00:00+07:00,4340.92333984375,139144500,0.0,0.0,6839.4541015625
2023-02-24 00:00:00+07:00,4304.7490234375,46409300,0.0,0.0,6856.576171875
2023-02-27 00:00:00+07:00,4349.96728515625,89918800,0.0,0.0,6854.77685546875
2023-02-28 00:00:00+07:00,4223.3564453125,273125500,0.0,0.0,6843.23876953125
2023-03-01 00:00:00+07:00,4268.57470703125,115578600,0.0,0.0,6844.93603515625
2023-03-02 00:00:00+07:00,4322.83642578125,59377900,0.0,0.0,6857.4150390625
2023-03-03 00:00:00+07:00,4304.7490234375,84777000,0.0,0.0,6813.63623046875
2023-03-06 00:00:00+07:00,4331.8798828125,78292000,0.0,0.0,6807.0009765625
2023-03-07 00:00:00+07:00,4377.09814453125,111953700,0.0,0.0,6766.7578125
2023-03-08 00:00:00+07:00,4377.09814453125,125766100,0.0,0.0,6776.3701171875
2023-03-09 00:00:00+07:00,4349.96728515625,79549800,0.0,0.0,6799.794921875
2023-03-10 00:00:00+07:00,4359.0107421875,125140500,0.0,0.0,6765.3017578125
2023-03-13 00:00:00+07:00,4368.05419921875,106769300,0.0,0.0,6786.955078125
2023-03-14 00:00:00+07:00,4259.53125,192444400,0.0,0.0,6641.81396484375
2023-03-15 00:00:00+07:00,4250.48779296875,107761200,0.0,0.0,6628.13720703125
2023-03-16 00:00:00+07:00,4277.61865234375,155984500,0.0,0.0,6565.72802734375
2023-03-17 00:00:00+07:00,4431.359375,267753300,0.0,0.0,6678.23681640625
2023-03-20 00:00:00+07:00,4413.2724609375,113829400,0.0,0.0,6612.490234375
2023-03-21 00:00:00+07:00,4431.359375,214639300,0.0,0.0,6691.61083984375
2023-03-24 00:00:00+07:00,4527.43359375,266103900,231.22139,0.0,6762.25390625
2023-03-27 00:00:00+07:00,4498.958984375,144925200,0.0,0.0,6708.93310546875
2023-03-28 00:00:00+07:00,4527.43359375,105217100,0.0,0.0,6760.328125
2023-03-29 00:00:00+07:00,4565.3994140625,141800500,0.0,0.0,6839.43603515625
2023-03-30 00:00:00+07:00,4508.45068359375,98847200,0.0,0.0,6808.951171875
2023-03-31 00:00:00+07:00,4489.4677734375,161561800,0.0,0.0,6805.27685546875
2023-04-03 00:00:00+07:00,4555.90771484375,133511700,0.0,0.0,6827.1748046875
2023-04-04 00:00:00+07:00,4574.89111328125,88097800,0.0,0.0,6833.17822265625
2023-04-05 00:00:00+07:00,4584.38232421875,119316500,0.0,0.0,6819.6748046875
2023-04-06 00:00:00+07:00,4593.8740234375,88012300,0.0,0.0,6792.76513671875
2023-04-10 00:00:00+07:00,4612.85693359375,58886800,0.0,0.0,6771.23486328125
2023-04-11 00:00:00+07:00,4631.83984375,67275600,0.0,0.0,6811.31396484375
2023-04-12 00:00:00+07:00,4679.29736328125,194839900,0.0,0.0,6798.9638671875
2023-04-13 00:00:00+07:00,4726.75439453125,141279800,0.0,0.0,6785.59814453125
2023-04-14 00:00:00+07:00,4816.92333984375,190097200,0.0,0.0,6818.57421875
2023-04-17 00:00:00+07:00,4736.24609375,121231300,0.0,0.0,6787.58203125
2023-04-18 00:00:00+07:00,4698.2802734375,95747700,0.0,0.0,6821.80712890625
2023-04-26 00:00:00+07:00,4769.46630859375,273336000,0.0,0.0,6910.14697265625
2023-04-27 00:00:00+07:00,4888.109375,125947200,0.0,0.0,6945.47705078125
2023-04-28 00:00:00+07:00,4840.65234375,251912000,0.0,0.0,6915.7158203125
2023-05-02 00:00:00+07:00,4888.109375,84246100,0.0,0.0,6863.3017578125
2023-05-03 00:00:00+07:00,4840.65234375,183524700,0.0,0.0,6812.72216796875
2023-05-04 00:00:00+07:00,4888.109375,140482000,0.0,0.0,6844.02685546875
2023-05-05 00:00:00+07:00,4959.29541015625,182599600,0.0,0.0,6787.630859375
2023-05-08 00:00:00+07:00,4840.65234375,107804200,0.0,0.0,6769.630859375
2023-05-09 00:00:00+07:00,4864.380859375,102987300,0.0,0.0,6779.97998046875
2023-05-10 00:00:00+07:00,4888.109375,108369600,0.0,0.0,6811.90478515625
2023-05-11 00:00:00+07:00,4888.109375,85618800,0.0,0.0,6755.93798828125
2023-05-12 00:00:00+07:00,4888.109375,92625800,0.0,0.0,6707.76318359375
2023-05-15 00:00:00+07:00,4888.109375,163732600,0.0,0.0,6711.740234375
2023-05-16 00:00:00+07:00,4935.56689453125,73611200,0.0,0.0,6676.56396484375
2023-05-17 00:00:00+07:00,4935.56689453125,115834500,0.0,0.0,6663.11376953125
2023-05-19 00:00:00+07:00,5125.396484375,185672200,0.0,0.0,6700.56103515625
2023-05-22 00:00:00+07:00,5149.125,162655900,0.0,0.0,6729.64697265625
2023-05-23 00:00:00+07:00,5220.31103515625,255251600,0.0,0.0,6736.68408203125
2023-05-24 00:00:00+07:00,5315.22607421875,187436100,0.0,0.0,6745.80419921875
2023-05-25 00:00:00+07:00,5196.58251953125,224391900,0.0,0.0,6704.23095703125
2023-05-26 00:00:00+07:00,5315.22607421875,154003100,0.0,0.0,6687.0009765625
2023-05-29 00:00:00+07:00,5267.7685546875,125049100,0.0,0.0,6681.10205078125
2023-05-30 00:00:00+07:00,5220.31103515625,67363200,0.0,0.0,6636.4228515625
2023-05-31 00:00:00+07:00,5291.4970703125,898453700,0.0,0.0,6633.26123046875
2023-06-05 00:00:00+07:00,5149.125,255472600,0.0,0.0,6633.43701171875
2023-06-06 00:00:00+07:00,5172.85400390625,92019300,0.0,0.0,6618.9228515625
2023-06-07 00:00:00+07:00,5125.396484375,150377000,0.0,0.0,6619.7548828125
2023-06-08 00:00:00+07:00,5196.58251953125,92794100,0.0,0.0,6666.330078125
2023-06-09 00:00:00+07:00,5149.125,77251000,0.0,0.0,6694.02392578125
2023-06-12 00:00:00+07:00,5125.396484375,92314200,0.0,0.0,6722.373046875
2023-06-13 00:00:00+07:00,5267.7685546875,108831400,0.0,0.0,6719.01416015625
2023-06-14 00:00:00+07:00,5267.7685546875,79137600,0.0,0.0,6699.716796875
2023-06-15 00:00:00+07:00,5244.0400390625,74388400,0.0,0.0,6713.794921875
2023-06-16 00:00:00+07:00,5267.7685546875,189062600,0.0,0.0,6698.546875
2023-06-19 00:00:00+07:00,5244.0400390625,55144200,0.0,0.0,6686.05908203125
2023-06-20 00:00:00+07:00,5267.7685546875,102926800,0.0,0.0,6660.455078125
2023-06-21 00:00:00+07:00,5291.4970703125,84605400,0.0,0.0,6702.625
2023-06-22 00:00:00+07:00,5196.58251953125,94143200,0.0,0.0,6652.26123046875
2023-06-23 00:00:00+07:00,5125.396484375,123350300,0.0,0.0,6639.73291015625
2023-06-26 00:00:00+07:00,5172.85400390625,85472100,0.0,0.0,6664.66796875
2023-06-27 00:00:00+07:00,5149.125,110716500,0.0,0.0,6661.87890625
2023-07-03 00:00:00+07:00,5196.58251953125,168559800,0.0,0.0,6696.7158203125
2023-07-04 00:00:00+07:00,5172.85400390625,94462600,0.0,0.0,6681.75390625
2023-07-05 00:00:00+07:00,5172.85400390625,109632800,0.0,0.0,6718.97705078125
2023-07-06 00:00:00+07:00,5149.125,109446200,0.0,0.0,6757.3310546875
2023-07-07 00:00:00+07:00,5101.66796875,114043800,0.0,0.0,6716.458984375
2023-07-10 00:00:00+07:00,5125.396484375,78972100,0.0,0.0,6731.0380859375
2023-07-11 00:00:00+07:00,5149.125,122094700,0.0,0.0,6796.923828125
2023-07-12 00:00:00+07:00,5172.85400390625,104993700,0.0,0.0,6808.208984375
2023-07-13 00:00:00+07:00,5172.85400390625,134905700,0.0,0.0,6810.212890625
2023-07-14 00:00:00+07:00,5244.0400390625,127814200,0.0,0.0,6869.57177734375
2023-07-17 00:00:00+07:00,5291.4970703125,166951300,0.0,0.0,6867.14404296875
2023-07-18 00:00:00+07:00,5338.95458984375,120810300,0.0,0.0,6830.203125
2023-07-20 00:00:00+07:00,5338.95458984375,111117300,0.0,0.0,6864.18896484375
2023-07-21 00:00:00+07:00,5338.95458984375,63094600,0.0,0.0,6880.8017578125
2023-07-24 00:00:00+07:00,5315.22607421875,62962500,0.0,0.0,6899.39599609375
2023-07-25 00:00:00+07:00,5362.68310546875,111248100,0.0,0.0,6917.7109375
2023-07-26 00:00:00+07:00,5386.412109375,76200300,0.0,0.0,6948.27880859375
2023-07-27 00:00:00+07:00,5362.68310546875,109859200,0.0,0.0,6896.6630859375
2023-07-28 00:00:00+07:00,5410.140625,74036700,0.0,0.0,6900.22998046875
2023-07-31 00:00:00+07:00,5362.68310546875,186727400,0.0,0.0,6931.35888671875
2023-08-01 00:00:00+07:00,5410.140625,100137500,0.0,0.0,6886.49609375
2023-08-02 00:00:00+07:00,5410.140625,90611300,0.0,0.0,6854.509765625
2023-08-03 00:00:00+07:00,5410.140625,82775000,0.0,0.0,6898.0771484375
2023-08-04 00:00:00+07:00,5291.4970703125,150738500,0.0,0.0,6852.841796875
2023-08-07 00:00:00+07:00,5410.140625,88104900,0.0,0.0,6886.3662109375
2023-08-08 00:00:00+07:00,5338.95458984375,89189600,0.0,0.0,6868.81298828125
2023-08-09 00:00:00+07:00,5410.140625,91930000,0.0,0.0,6875.11181640625
2023-08-10 00:00:00+07:00,5410.140625,85474200,0.0,0.0,6893.27587890625
2023-08-11 00:00:00+07:00,5362.68310546875,74321000,0.0,0.0,6879.97900390625
2023-08-14 00:00:00+07:00,5362.68310546875,127358400,0.0,0.0,6910.171875
2023-08-15 00:00:00+07:00,5291.4970703125,89597300,0.0,0.0,6915.10107421875
2023-08-16 00:00:00+07:00,5244.0400390625,188191900,0.0,0.0,6900.5380859375
2023-08-18 00:00:00+07:00,5291.4970703125,121561200,0.0,0.0,6859.912109375
2023-08-21 00:00:00+07:00,5220.31103515625,91640000,0.0,0.0,6866.033203125
2023-08-22 00:00:00+07:00,5291.4970703125,101221500,0.0,0.0,6916.4501953125
2023-08-23 00:00:00+07:00,5315.22607421875,78686900,0.0,0.0,6921.41015625
2023-08-24 00:00:00+07:00,5267.7685546875,74407500,0.0,0.0,6899.39208984375
2023-08-25 00:00:00+07:00,5315.22607421875,65096500,0.0,0.0,6895.44287109375
2023-08-28 00:00:00+07:00,5267.7685546875,37126600,0.0,0.0,6921.72705078125
2023-08-29 00:00:00+07:00,5315.22607421875,57547200,0.0,0.0,6957.8349609375
2023-08-30 00:00:00+07:00,5244.0400390625,171282700,0.0,0.0,6966.65576171875
2023-08-31 00:00:00+07:00,5267.7685546875,175088200,0.0,0.0,6953.259765625
2023-09-01 00:00:00+07:00,5291.4970703125,87366100,0.0,0.0,6977.65380859375
2023-09-04 00:00:00+07:00,5338.95458984375,43898200,0.0,0.0,6996.75
2023-09-05 00:00:00+07:00,5338.95458984375,72464300,0.0,0.0,6991.7080078125
2023-09-06 00:00:00+07:00,5291.4970703125,106367800,0.0,0.0,6995.953125
2023-09-07 00:00:00+07:00,5172.85400390625,157998600,0.0,0.0,6954.80810546875
2023-09-08 00:00:00+07:00,5077.93896484375,243324500,0.0,0.0,6924.77978515625
2023-09-11 00:00:00+07:00,5149.125,80474100,0.0,0.0,6963.39306640625
2023-09-12 00:00:00+07:00,5101.66796875,121654400,0.0,0.0,6933.96923828125
2023-09-13 00:00:00+07:00,5125.396484375,59408000,0.0,0.0,6935.47607421875
2023-09-14 00:00:00+07:00,5149.125,76831700,0.0,0.0,6959.3330078125
2023-09-15 00:00:00+07:00,5101.66796875,141455400,0.0,0.0,6982.791015625
2023-09-18 00:00:00+07:00,5054.21044921875,61329000,0.0,0.0,6936.0830078125
2023-09-19 00:00:00+07:00,5101.66796875,50612700,0.0,0.0,6980.32080078125
2023-09-20 00:00:00+07:00,5101.66796875,98710100,0.0,0.0,7011.68115234375
2023-09-21 00:00:00+07:00,5077.93896484375,68584900,0.0,0.0,6991.4658203125
2023-09-22 00:00:00+07:00,5077.93896484375,83184100,0.0,0.0,7016.84423828125
2023-09-25 00:00:00+07:00,5030.48193359375,120196700,0.0,0.0,6998.380859375
2023-09-26 00:00:00+07:00,4935.56689453125,180280600,0.0,0.0,6923.7998046875
2023-09-27 00:00:00+07:00,4959.29541015625,119774700,0.0,0.0,6937.828125
2023-09-29 00:00:00+07:00,4959.29541015625,140331100,0.0,0.0,6939.89208984375
2023-10-02 00:00:00+07:00,4983.0244140625,81674600,0.0,0.0,6961.458984375
2023-10-03 00:00:00+07:00,5006.7529296875,54462700,0.0,0.0,6940.88720703125
2023-10-04 00:00:00+07:00,4983.0244140625,121445000,0.0,0.0,6886.576171875
2023-10-05 00:00:00+07:00,4911.83837890625,116814800,0.0,0.0,6874.826171875
2023-10-06 00:00:00+07:00,4911.83837890625,70202300,0.0,0.0,6888.51806640625
2023-10-09 00:00:00+07:00,4864.380859375,144477000,0.0,0.0,6891.455078125
2023-10-10 00:00:00+07:00,4911.83837890625,98457000,0.0,0.0,6922.18798828125
2023-10-11 00:00:00+07:00,4983.0244140625,100394800,0.0,0.0,6931.7529296875
2023-10-12 00:00:00+07:00,5030.48193359375,174022400,0.0,0.0,6935.15087890625
2023-10-13 00:00:00+07:00,5006.7529296875,84648800,0.0,0.0,6926.77978515625
2023-10-16 00:00:00+07:00,4983.0244140625,45782300,0.0,0.0,6896.2919921875
2023-10-17 00:00:00+07:00,4888.109375,127287200,0.0,0.0,6939.615234375
2023-10-18 00:00:00+07:00,4888.109375,77217600,0.0,0.0,6927.90576171875
2023-10-19 00:00:00+07:00,4745.7373046875,195831400,0.0,0.0,6846.4267578125
2023-10-20 00:00:00+07:00,4793.19482421875,173353600,0.0,0.0,6849.16796875
2023-10-23 00:00:00+07:00,4745.7373046875,82756100,0.0,0.0,6741.9638671875
2023-10-24 00:00:00+07:00,4840.65234375,104021500,0.0,0.0,6806.76220703125
2023-10-25 00:00:00+07:00,4911.83837890625,142215000,0.0,0.0,6834.38818359375
2023-10-26 00:00:00+07:00,4669.8056640625,330618800,0.0,0.0,6714.51904296875
2023-10-27 00:00:00+07:00,4745.7373046875,129599800,0.0,0.0,6758.79296875
2023-10-30 00:00:00+07:00,4745.7373046875,108523700,0.0,0.0,6735.89208984375
2023-10-31 00:00:00+07:00,4707.771484375,106760300,0.0,0.0,6752.2109375
2023-11-01 00:00:00+07:00,4584.38232421875,191567200,0.0,0.0,6642.41796875
2023-11-02 00:00:00+07:00,4745.7373046875,208075400,0.0,0.0,6751.38623046875
2023-11-03 00:00:00+07:00,4840.65234375,125504000,0.0,0.0,6788.85009765625
2023-11-06 00:00:00+07:00,4935.56689453125,122333800,0.0,0.0,6878.8359375
2023-11-07 00:00:00+07:00,4983.0244140625,137039400,0.0,0.0,6843.7900390625
2023-11-08 00:00:00+07:00,4959.29541015625,86713700,0.0,0.0,6804.10595703125
2023-11-09 00:00:00+07:00,4935.56689453125,66236400,0.0,0.0,6838.23291015625
2023-11-10 00:00:00+07:00,4816.92333984375,113811900,0.0,0.0,6809.26318359375
2023-11-13 00:00:00+07:00,4769.46630859375,63126900,0.0,0.0,6838.31201171875
2023-11-14 00:00:00+07:00,4816.92333984375,85419500,0.0,0.0,6862.05517578125
2023-11-15 00:00:00+07:00,4983.0244140625,193790400,0.0,0.0,6958.205078125
2023-11-16 00:00:00+07:00,4983.0244140625,99488800,0.0,0.0,6958.0078125
2023-11-17 00:00:00+07:00,4959.29541015625,70727500,0.0,0.0,6977.66796875
2023-11-20 00:00:00+07:00,4983.0244140625,54123600,0.0,0.0,6994.88818359375
2023-11-21 00:00:00+07:00,4935.56689453125,104110500,0.0,0.0,6961.7900390625
2023-11-22 00:00:00+07:00,5006.7529296875,103585500,0.0,0.0,6906.953125
2023-11-23 00:00:00+07:00,5077.93896484375,174572400,0.0,0.0,7004.34423828125
2023-11-24 00:00:00+07:00,5125.396484375,92571400,0.0,0.0,7009.630859375
2023-11-27 00:00:00+07:00,5077.93896484375,76019100,0.0,0.0,7013.40576171875
2023-11-28 00:00:00+07:00,5077.93896484375,147993400,0.0,0.0,7041.0732421875
2023-11-29 00:00:00+07:00,5030.48193359375,106197800,0.0,0.0,7036.0869140625
2023-11-30 00:00:00+07:00,5006.7529296875,224426400,0.0,0.0,7080.7412109375
2023-12-01 00:00:00+07:00,5077.93896484375,99499500,0.0,0.0,7059.90576171875
2023-12-04 00:00:00+07:00,5220.31103515625,235595700,0.0,0.0,7093.60009765625
2023-12-05 00:00:00+07:00,5172.85400390625,114689900,0.0,0.0,7100.85498046875
2023-12-06 00:00:00+07:00,5149.125,119716700,0.0,0.0,7087.39501953125
2023-12-07 00:00:00+07:00,5196.58251953125,102126600,0.0,0.0,7134.623046875
2023-12-08 00:00:00+07:00,5101.66796875,130542600,0.0,0.0,7159.59814453125
2023-12-11 00:00:00+07:00,5030.48193359375,124468600,0.0,0.0,7088.78515625
2023-12-12 00:00:00+07:00,5054.21044921875,134501600,0.0,0.0,7125.30712890625
2023-12-13 00:00:00+07:00,5030.48193359375,98881600,0.0,0.0,7075.3408203125
2023-12-14 00:00:00+07:00,5267.7685546875,239261700,0.0,0.0,7176.01611328125
2023-12-15 00:00:00+07:00,5267.7685546875,252448800,0.0,0.0,7190.98779296875
2023-12-18 00:00:00+07:00,5220.31103515625,102780900,0.0,0.0,7119.52490234375
2023-12-19 00:00:00+07:00,5267.7685546875,135207300,0.0,0.0,7187.84619140625
2023-12-20 00:00:00+07:00,5267.7685546875,138470900,0.0,0.0,7219.6669921875
2023-12-21 00:00:00+07:00,5291.4970703125,99049600,0.0,0.0,7209.619140625
2023-12-22 00:00:00+07:00,5386.412109375,109411300,0.0,0.0,7237.51904296875
2023-12-27 00:00:00+07:00,5338.95458984375,122236700,0.0,0.0,7245.916015625
2023-12-28 00:00:00+07:00,5433.869140625,121434600,0.0,0.0,7303.88818359375
2023-12-29 00:00:00+07:00,5433.869140625,93126000,0.0,0.0,7272.796875
2024-01-02 00:00:00+07:00,5466.62109375,91143100,84.0,0.0,7323.587890625
2024-01-03 00:00:00+07:00,5394.375,83659700,0.0,0.0,7279.0908203125
2024-01-04 00:00:00+07:00,5490.703125,92683500,0.0,0.0,7359.76318359375
2024-01-05 00:00:00+07:00,5538.8671875,134929600,0.0,0.0,7350.619140625
2024-01-08 00:00:00+07:00,5418.45703125,152015000,0.0,0.0,7283.5751953125
2024-01-09 00:00:00+07:00,5490.703125,105666200,0.0,0.0,7200.203125
2024-01-10 00:00:00+07:00,5490.703125,82626400,0.0,0.0,7227.296875
2024-01-11 00:00:00+07:00,5538.8671875,116804400,0.0,0.0,7219.9638671875
2024-01-12 00:00:00+07:00,5635.1953125,109715700,0.0,0.0,7241.13818359375
2024-01-15 00:00:00+07:00,5611.11328125,115126700,0.0,0.0,7224.0009765625
2024-01-16 00:00:00+07:00,5611.11328125,97074300,0.0,0.0,7242.787109375
2024-01-17 00:00:00+07:00,5562.94921875,107941600,0.0,0.0,7200.634765625
2024-01-18 00:00:00+07:00,5538.8671875,87259100,0.0,0.0,7252.966796875
2024-01-19 00:00:00+07:00,5587.03125,75370700,0.0,0.0,7227.40185546875
2024-01-22 00:00:00+07:00,5562.94921875,97545600,0.0,0.0,7247.92822265625
2024-01-23 00:00:00+07:00,5490.703125,122999700,0.0,0.0,7256.22900390625
2024-01-24 00:00:00+07:00,5442.5390625,104225000,0.0,0.0,7227.8232421875
2024-01-25 00:00:00+07:00,5322.12890625,120478800,0.0,0.0,7178.0419921875
2024-01-26 00:00:00+07:00,5225.80078125,185244400,0.0,0.0,7137.087890625
2024-01-29 00:00:00+07:00,5370.29296875,145629600,0.0,0.0,7157.1748046875
2024-01-30 00:00:00+07:00,5418.45703125,150513700,0.0,0.0,7192.2158203125
2024-01-31 00:00:00+07:00,5490.703125,245117200,0.0,0.0,7207.94091796875
2024-02-01 00:00:00+07:00,5538.8671875,156633900,0.0,0.0,7201.69580078125
2024-02-02 00:00:00+07:00,5635.1953125,177209700,0.0,0.0,7238.78515625
2024-02-05 00:00:00+07:00,5562.94921875,113760000,0.0,0.0,7198.615234375
2024-02-06 00:00:00+07:00,5611.11328125,126704300,0.0,0.0,7247.408203125
2024-02-07 00:00:00+07:00,5635.1953125,147005300,0.0,0.0,7235.15185546875
2024-02-12 00:00:00+07:00,5803.76953125,171514600,0.0,0.0,7297.6689453125
2024-02-13 00:00:00+07:00,5779.6875,145852200,0.0,0.0,7209.7412109375
2024-02-15 00:00:00+07:00,5900.09765625,308685100,0.0,0.0,7303.28076171875
2024-02-16 00:00:00+07:00,5924.1796875,130814400,0.0,0.0,7335.544921875
2024-02-19 00:00:00+07:00,5876.015625,111382900,0.0,0.0,7296.7021484375
2024-02-20 00:00:00+07:00,6068.671875,160872600,0.0,0.0,7352.60107421875
2024-02-21 00:00:00+07:00,6068.671875,168423000,0.0,0.0,7349.02099609375
2024-02-22 00:00:00+07:00,6020.5078125,100256000,0.0,0.0,7339.63623046875
2024-02-23 00:00:00+07:00,5900.09765625,148643000,0.0,0.0,7295.09521484375
2024-02-26 00:00:00+07:00,5948.26171875,98920800,0.0,0.0,7283.8232421875
2024-02-27 00:00:00+07:00,5900.09765625,99187500,0.0,0.0,7285.31689453125
2024-02-28 00:00:00+07:00,5996.42578125,97236700,0.0,0.0,7328.63623046875
2024-02-29 00:00:00+07:00,5900.09765625,173774600,0.0,0.0,7316.11083984375
2024-03-01 00:00:00+07:00,5900.09765625,76286400,0.0,0.0,7311.9072265625
2024-03-04 00:00:00+07:00,5827.8515625,70354900,0.0,0.0,7276.7490234375
2024-03-05 00:00:00+07:00,5900.09765625,115084600,0.0,0.0,7247.4599609375
2024-03-06 00:00:00+07:00,5972.34375,84108800,0.0,0.0,7329.80078125
2024-03-07 00:00:00+07:00,5996.42578125,117724700,0.0,0.0,7373.9638671875
2024-03-08 00:00:00+07:00,6116.8359375,163060000,0.0,0.0,7381.9072265625
2024-03-13 00:00:00+07:00,6165.0,195173100,0.0,0.0,7421.20703125
2024-03-14 00:00:00+07:00,6150.0,271254000,235.0,0.0,7433.31494140625
2024-03-15 00:00:00+07:00,5975.0,305995800,0.0,0.0,7328.05419921875
2024-03-18 00:00:00+07:00,6000.0,110564700,0.0,0.0,7302.44921875
2024-03-19 00:00:00+07:00,6000.0,114338600,0.0,0.0,7336.74609375
2024-03-20 00:00:00+07:00,6100.0,120885400,0.0,0.0,7331.1279296875
2024-03-21 00:00:00+07:00,6100.0,136020000,0.0,0.0,7338.35302734375
2024-03-22 00:00:00+07:00,6125.0,46529200,0.0,0.0,7350.15185546875
2024-03-25 00:00:00+07:00,6250.0,115729600,0.0,0.0,7377.759765625
2024-03-26 00:00:00+07:00,6300.0,120748400,0.0,0.0,7365.6640625
2024-03-27 00:00:00+07:00,6250.0,73308900,0.0,0.0,7310.091796875
2024-03-28 00:00:00+07:00,6050.0,288926900,0.0,0.0,7288.81298828125
2024-04-01 00:00:00+07:00,5925.0,217207800,0.0,0.0,7205.06103515625
2024-04-02 00:00:00+07:00,5675.0,412180900,0.0,0.0,7236.98388671875
2024-04-03 00:00:00+07:00,5625.0,333518700,0.0,0.0,7166.84423828125
2024-04-04 00:00:00+07:00,5700.0,131936100,0.0,0.0,7254.39892578125
2024-04-05 00:00:00+07:00,5650.0,178817800,0.0,0.0,7286.8818359375
2024-04-16 00:00:00+07:00,5350.0,600717500,0.0,0.0,7164.80712890625
2024-04-17 00:00:00+07:00,5300.0,244002000,0.0,0.0,7130.8408203125
2024-04-18 00:00:00+07:00,5475.0,247410700,0.0,0.0,7166.81396484375
2024-04-19 00:00:00+07:00,5275.0,258211500,0.0,0.0,7087.31689453125
2024-04-22 00:00:00+07:00,5300.0,342282800,0.0,0.0,7073.81982421875
2024-04-23 00:00:00+07:00,5300.0,281403100,0.0,0.0,7110.81298828125
2024-04-24 00:00:00+07:00,5225.0,471241400,0.0,0.0,7174.533203125
2024-04-25 00:00:00+07:00,5150.0,479170900,0.0,0.0,7155.2939453125
2024-04-26 00:00:00+07:00,4830.0,782589900,0.0,0.0,7036.0751953125
2024-04-29 00:00:00+07:00,4770.0,700644800,0.0,0.0,7155.7841796875
2024-04-30 00:00:00+07:00,4940.0,565609200,0.0,0.0,7234.19677734375
2024-05-02 00:00:00+07:00,4760.0,636922100,0.0,0.0,7117.4248046875
2024-05-03 00:00:00+07:00,4750.0,321697200,0.0,0.0,7134.72412109375
2024-05-06 00:00:00+07:00,4790.0,262707400,0.0,0.0,7135.89013671875
2024-05-07 00:00:00+07:00,4670.0,304013600,0.0,0.0,7123.61181640625
2024-05-08 00:00:00+07:00,4680.0,572275800,0.0,0.0,7088.794921875
2024-05-13 00:00:00+07:00,4680.0,320067100,0.0,0.0,7099.26123046875
2024-05-14 00:00:00+07:00,4730.0,341458900,0.0,0.0,7083.76318359375
2024-05-15 00:00:00+07:00,4820.0,298990300,0.0,0.0,7179.8310546875
2024-05-16 00:00:00+07:00,4840.0,371295000,0.0,0.0,7246.69580078125
2024-05-17 00:00:00+07:00,4920.0,208991800,0.0,0.0,7317.23779296875
2024-05-20 00:00:00+07:00,4820.0,335150700,0.0,0.0,7266.69091796875
2024-05-21 00:00:00+07:00,4680.0,271568800,0.0,0.0,7186.037109375
2024-05-22 00:00:00+07:00,4720.0,215066000,0.0,0.0,7222.3818359375
2024-05-27 00:00:00+07:00,4550.0,363719300,0.0,0.0,7176.419921875
2024-05-28 00:00:00+07:00,4530.0,258070200,0.0,0.0,7253.6259765625
2024-05-29 00:00:00+07:00,4410.0,465008500,0.0,0.0,7140.22900390625
2024-05-30 00:00:00+07:00,4380.0,502927800,0.0,0.0,7034.14208984375
2024-05-31 00:00:00+07:00,4340.0,655144100,0.0,0.0,6970.73583984375
2024-06-03 00:00:00+07:00,4530.0,345770100,0.0,0.0,7036.19091796875
2024-06-04 00:00:00+07:00,4450.0,332902200,0.0,0.0,7099.31201171875
2024-06-05 00:00:00+07:00,4400.0,240788500,0.0,0.0,6947.669921875
2024-06-06 00:00:00+07:00,4500.0,281534200,0.0,0.0,6974.89697265625
2024-06-07 00:00:00+07:00,4350.0,375439600,0.0,0.0,6897.9501953125
2024-06-10 00:00:00+07:00,4400.0,181387000,0.0,0.0,6921.5478515625
2024-06-11 00:00:00+07:00,4340.0,197854400,0.0,0.0,6855.69091796875
2024-06-12 00:00:00+07:00,4350.0,187332500,0.0,0.0,6850.09716796875
2024-06-13 00:00:00+07:00,4310.0,238349600,0.0,0.0,6831.56396484375
2024-06-14 00:00:00+07:00,4180.0,358893200,0.0,0.0,6734.83203125
2024-06-19 00:00:00+07:00,4100.0,410338400,0.0,0.0,6726.9189453125
2024-06-20 00:00:00+07:00,4270.0,387133400,0.0,0.0,6819.32080078125
2024-06-21 00:00:00+07:00,4440.0,532713300,0.0,0.0,6879.97802734375
2024-06-24 00:00:00+07:00,4400.0,303830800,0.0,0.0,6889.1650390625
2024-06-25 00:00:00+07:00,4380.0,383572500,0.0,0.0,6882.7041015625
2024-06-26 00:00:00+07:00,4370.0,150303400,0.0,0.0,6905.64208984375
2024-06-27 00:00:00+07:00,4460.0,299430600,0.0,0.0,6967.951171875
2024-06-28 00:00:00+07:00,4600.0,581319300,0.0,0.0,7063.5771484375
2024-07-01 00:00:00+07:00,4630.0,261421200,0.0,0.0,7139.6259765625
2024-07-02 00:00:00+07:00,4570.0,234403100,0.0,0.0,7125.14208984375
2024-07-03 00:00:00+07:00,4600.0,176310400,0.0,0.0,7196.7548828125
2024-07-04 00:00:00+07:00,4790.0,422261500,0.0,0.0,7220.88916015625
2024-07-05 00:00:00+07:00,4800.0,218278000,0.0,0.0,7253.3720703125
2024-07-08 00:00:00+07:00,4750.0,222042100,0.0,0.0,7250.97705078125
2024-07-09 00:00:00+07:00,4870.0,291320400,0.0,0.0,7269.80078125
2024-07-10 00:00:00+07:00,4850.0,167619700,0.0,0.0,7287.0419921875
2024-07-11 00:00:00+07:00,4840.0,170461300,0.0,0.0,7300.4072265625
2024-07-12 00:00:00+07:00,4900.0,301125400,0.0,0.0,7327.580078125
2024-07-15 00:00:00+07:00,4820.0,188713000,0.0,0.0,7278.86279296875
2024-07-16 00:00:00+07:00,4730.0,189271400,0.0,0.0,7224.29296875
2024-07-17 00:00:00+07:00,4760.0,263325400,0.0,0.0,7224.2177734375
2024-07-18 00:00:00+07:00,4890.0,296614900,0.0,0.0,7321.07080078125
2024-07-19 00:00:00+07:00,4900.0,135104800,0.0,0.0,7294.4951171875
2024-07-22 00:00:00+07:00,4910.0,140128300,0.0,0.0,7321.97607421875
2024-07-23 00:00:00+07:00,4790.0,170919500,0.0,0.0,7313.85693359375
2024-07-24 00:00:00+07:00,4780.0,116037600,0.0,0.0,7262.7587890625
2024-07-25 00:00:00+07:00,4700.0,274397700,0.0,0.0,7240.27685546875
2024-07-26 00:00:00+07:00,4760.0,192267300,0.0,0.0,7288.1669921875
2024-07-29 00:00:00+07:00,4780.0,126109900,0.0,0.0,7288.89697265625
2024-07-30 00:00:00+07:00,4670.0,201835700,0.0,0.0,7241.86376953125
2024-07-31 00:00:00+07:00,4670.0,168490300,0.0,0.0,7255.76220703125
2024-08-01 00:00:00+07:00,4750.0,169636700,0.0,0.0,7325.98486328125
2024-08-02 00:00:00+07:00,4710.0,113328400,0.0,0.0,7308.123046875
2024-08-05 00:00:00+07:00,4530.0,329430900,0.0,0.0,7059.65283203125
2024-08-06 00:00:00+07:00,4600.0,238051800,0.0,0.0,7129.21484375
2024-08-07 00:00:00+07:00,4620.0,125937500,0.0,0.0,7212.130859375
2024-08-08 00:00:00+07:00,4660.0,131343400,0.0,0.0,7195.12109375
2024-08-09 00:00:00+07:00,4670.0,98730900,0.0,0.0,7256.99609375
2024-08-12 00:00:00+07:00,4680.0,83552800,0.0,0.0,7297.625
2024-08-13 00:00:00+07:00,4730.0,62304400,0.0,0.0,
