Date,Close,label,content
2016-07-29,1533.742431640625,0,"JAKARTA - Bankir profesional, Rudjito, telah membuktikan diri menjadi bankir yang tumbuh di masa sebelum krisis, saat krisis, dan menjadi besar pada pasca-krisis tahun 1998 lalu.
Dalam buku Be An Optimist! tergambar sosok Rudjito yang dikenal pekerja keras, disiplin, teguh, dan berdedikasi tinggi. Direktur Utama PT Bank Rakyat Indonesia Tbk Asmawi Syam mengatakan, Rudjito adalah bankir profesional peletak dasar kemajuan BRI. Hal ini tergambar jelas dari motonya, yaitu Banyak Hasilnya.  
”Menjadi guru yang baik tercermin jelas di moto buku Be An Optimist!, Banyak Bekerja, Banyak Bicara. Kedua hal tersebut ada pada sosok Rudjito,” ujarnya di Jakarta kemarin. Asmawi melanjutkan, kinerjanya tercermin dari BRI yang sempat buntung karena teterjang krisis ekonomi 1998 dan menjadi untung, hingga kini capaian yang tinggi diteruskan secara estafet oleh para penggantinya secara berkesinambungan.
”Pertama kali yang terkesan, beliau adalah sosok yang kebapakan. Kemudian, saya melihat filosofi kepemimpinan beliau sangat kental dengan ajaran agama dan budaya Jawa. Beliau sebagai Jawa yang taat beragama. Budaya yang dibangun beliau itu saya gunakan saat ini dalam pengertian bahwa memberikan keteladanan, jujur, bertawakal, dan yang paling berat yang sering beliau hadapi adalah pantang menyerah,” ungkapnya.
Ketua Yayasan Harapan Mulya Insani (Yahmi) Baridjussalam Hadimengatakan, bukuinimemberikan pencerahan kepada para bankir. Di tengah lesunya perekonomian saat itu, BRI di bawah kepemimpinan Rudjito terus meningkatkan akselerasi penyaluran kredit usaha rakyat (KUR). ”Hasil capaian jerih payahnya tidak diragukan lagi. Ini tercermin dari kinerja keuangan tahun 2000- 2005, penghargaan BUMN of The Year pada tahun 2003 dan dapat menjadi perusahaan yang go public,” katanya.
B Heri Yulianto, penulis buku Be An Optimist!, mengungkapkan perihal proses penulisan buku yang dianggapnya gampang- gampang susah, susah-susah gampang. ”Dari sekian banyak narasumber yang kami temui, ada satu kesamaan pandangan terhadap sosok Rudjito, yakni pandangannya terhadap nilai-nilai membangun usaha yang prudent dan aturan main, adalah salah satu jalan agar bank tetap bertahan di masa sesulit apa pun,” jelasnya.
Putri pertama dari almarhum Rudjito, Eva Arisuci Rudjito, menyampaikan bahwa buku Be An Optimist! merupakan impian dari Rudjito, sang ayah, sejak beberapa tahun terakhir usianya khususnya sejak masa pensiunnya. ”Inilah wujud dari sifat Papa yang selalu ingin berbagi ilmu maupun pengalaman kepada lingkungan sekitarnya,” tuturnya.






Follow Berita Okezone di Google News


Dapatkan berita up to date dengan semua berita terkini dari Okezone hanya dengan satu akun di
ORION, daftar sekarang dengan
klik disini
dan nantikan kejutan menarik lainnya

(rai)




Follow WhatsApp Channel Okezone untuk update berita terbaru setiap hari

Follow



















 Dalam buku Be An Optimist! tergambar sosok Rudjito yang dikenal pekerja keras, disiplin, teguh, dan berdedikasi tinggi. Direktur Utama PT Bank Rakyat Indonesia Tbk Asmawi Syam mengatakan, Rudjito adalah bankir profesional peletak dasar kemajuan BRI. Hal ini tergambar jelas dari motonya, yaitu Banyak Hasilnya.  
”Menjadi guru yang baik tercermin jelas di moto buku Be An Optimist!, Banyak Bekerja, Banyak Bicara. Kedua hal tersebut ada pada sosok Rudjito,” ujarnya di Jakarta kemarin. Asmawi melanjutkan, kinerjanya tercermin dari BRI yang sempat buntung karena teterjang krisis ekonomi 1998 dan menjadi untung, hingga kini capaian yang tinggi diteruskan secara estafet oleh para penggantinya secara berkesinambungan.
”Pertama kali yang terkesan, beliau adalah sosok yang kebapakan. Kemudian, saya melihat filosofi kepemimpinan beliau sangat kental dengan ajaran agama dan budaya Jawa. Beliau sebagai Jawa yang taat beragama. Budaya yang dibangun beliau itu saya gunakan saat ini dalam pengertian bahwa memberikan keteladanan, jujur, bertawakal, dan yang paling berat yang sering beliau hadapi adalah pantang menyerah,” ungkapnya.
Ketua Yayasan Harapan Mulya Insani (Yahmi) Baridjussalam Hadimengatakan, bukuinimemberikan pencerahan kepada para bankir. Di tengah lesunya perekonomian saat itu, BRI di bawah kepemimpinan Rudjito terus meningkatkan akselerasi penyaluran kredit usaha rakyat (KUR). ”Hasil capaian jerih payahnya tidak diragukan lagi. Ini tercermin dari kinerja keuangan tahun 2000- 2005, penghargaan BUMN of The Year pada tahun 2003 dan dapat menjadi perusahaan yang go public,” katanya.
B Heri Yulianto, penulis buku Be An Optimist!, mengungkapkan perihal proses penulisan buku yang dianggapnya gampang- gampang susah, susah-susah gampang. ”Dari sekian banyak narasumber yang kami temui, ada satu kesamaan pandangan terhadap sosok Rudjito, yakni pandangannya terhadap nilai-nilai membangun usaha yang prudent dan aturan main, adalah salah satu jalan agar bank tetap bertahan di masa sesulit apa pun,” jelasnya.
Putri pertama dari almarhum Rudjito, Eva Arisuci Rudjito, menyampaikan bahwa buku Be An Optimist! merupakan impian dari Rudjito, sang ayah, sejak beberapa tahun terakhir usianya khususnya sejak masa pensiunnya. ”Inilah wujud dari sifat Papa yang selalu ingin berbagi ilmu maupun pengalaman kepada lingkungan sekitarnya,” tuturnya.






Follow Berita Okezone di Google News


Dapatkan berita up to date dengan semua berita terkini dari Okezone hanya dengan satu akun di
ORION, daftar sekarang dengan
klik disini
dan nantikan kejutan menarik lainnya

(rai)




Follow WhatsApp Channel Okezone untuk update berita terbaru setiap hari

Follow



















 ”Menjadi guru yang baik tercermin jelas di moto buku Be An Optimist!, Banyak Bekerja, Banyak Bicara. Kedua hal tersebut ada pada sosok Rudjito,” ujarnya di Jakarta kemarin. Asmawi melanjutkan, kinerjanya tercermin dari BRI yang sempat buntung karena teterjang krisis ekonomi 1998 dan menjadi untung, hingga kini capaian yang tinggi diteruskan secara estafet oleh para penggantinya secara berkesinambungan.
”Pertama kali yang terkesan, beliau adalah sosok yang kebapakan. Kemudian, saya melihat filosofi kepemimpinan beliau sangat kental dengan ajaran agama dan budaya Jawa. Beliau sebagai Jawa yang taat beragama. Budaya yang dibangun beliau itu saya gunakan saat ini dalam pengertian bahwa memberikan keteladanan, jujur, bertawakal, dan yang paling berat yang sering beliau hadapi adalah pantang menyerah,” ungkapnya.
Ketua Yayasan Harapan Mulya Insani (Yahmi) Baridjussalam Hadimengatakan, bukuinimemberikan pencerahan kepada para bankir. Di tengah lesunya perekonomian saat itu, BRI di bawah kepemimpinan Rudjito terus meningkatkan akselerasi penyaluran kredit usaha rakyat (KUR). ”Hasil capaian jerih payahnya tidak diragukan lagi. Ini tercermin dari kinerja keuangan tahun 2000- 2005, penghargaan BUMN of The Year pada tahun 2003 dan dapat menjadi perusahaan yang go public,” katanya.
B Heri Yulianto, penulis buku Be An Optimist!, mengungkapkan perihal proses penulisan buku yang dianggapnya gampang- gampang susah, susah-susah gampang. ”Dari sekian banyak narasumber yang kami temui, ada satu kesamaan pandangan terhadap sosok Rudjito, yakni pandangannya terhadap nilai-nilai membangun usaha yang prudent dan aturan main, adalah salah satu jalan agar bank tetap bertahan di masa sesulit apa pun,” jelasnya.
Putri pertama dari almarhum Rudjito, Eva Arisuci Rudjito, menyampaikan bahwa buku Be An Optimist! merupakan impian dari Rudjito, sang ayah, sejak beberapa tahun terakhir usianya khususnya sejak masa pensiunnya. ”Inilah wujud dari sifat Papa yang selalu ingin berbagi ilmu maupun pengalaman kepada lingkungan sekitarnya,” tuturnya.






Follow Berita Okezone di Google News


Dapatkan berita up to date dengan semua berita terkini dari Okezone hanya dengan satu akun di
ORION, daftar sekarang dengan
klik disini
dan nantikan kejutan menarik lainnya

(rai)




Follow WhatsApp Channel Okezone untuk update berita terbaru setiap hari

Follow



















 ”Pertama kali yang terkesan, beliau adalah sosok yang kebapakan. Kemudian, saya melihat filosofi kepemimpinan beliau sangat kental dengan ajaran agama dan budaya Jawa. Beliau sebagai Jawa yang taat beragama. Budaya yang dibangun beliau itu saya gunakan saat ini dalam pengertian bahwa memberikan keteladanan, jujur, bertawakal, dan yang paling berat yang sering beliau hadapi adalah pantang menyerah,” ungkapnya.
Ketua Yayasan Harapan Mulya Insani (Yahmi) Baridjussalam Hadimengatakan, bukuinimemberikan pencerahan kepada para bankir. Di tengah lesunya perekonomian saat itu, BRI di bawah kepemimpinan Rudjito terus meningkatkan akselerasi penyaluran kredit usaha rakyat (KUR). ”Hasil capaian jerih payahnya tidak diragukan lagi. Ini tercermin dari kinerja keuangan tahun 2000- 2005, penghargaan BUMN of The Year pada tahun 2003 dan dapat menjadi perusahaan yang go public,” katanya.
B Heri Yulianto, penulis buku Be An Optimist!, mengungkapkan perihal proses penulisan buku yang dianggapnya gampang- gampang susah, susah-susah gampang. ”Dari sekian banyak narasumber yang kami temui, ada satu kesamaan pandangan terhadap sosok Rudjito, yakni pandangannya terhadap nilai-nilai membangun usaha yang prudent dan aturan main, adalah salah satu jalan agar bank tetap bertahan di masa sesulit apa pun,” jelasnya.
Putri pertama dari almarhum Rudjito, Eva Arisuci Rudjito, menyampaikan bahwa buku Be An Optimist! merupakan impian dari Rudjito, sang ayah, sejak beberapa tahun terakhir usianya khususnya sejak masa pensiunnya. ”Inilah wujud dari sifat Papa yang selalu ingin berbagi ilmu maupun pengalaman kepada lingkungan sekitarnya,” tuturnya.






Follow Berita Okezone di Google News


Dapatkan berita up to date dengan semua berita terkini dari Okezone hanya dengan satu akun di
ORION, daftar sekarang dengan
klik disini
dan nantikan kejutan menarik lainnya

(rai)




Follow WhatsApp Channel Okezone untuk update berita terbaru setiap hari

Follow



















 Ketua Yayasan Harapan Mulya Insani (Yahmi) Baridjussalam Hadimengatakan, bukuinimemberikan pencerahan kepada para bankir. Di tengah lesunya perekonomian saat itu, BRI di bawah kepemimpinan Rudjito terus meningkatkan akselerasi penyaluran kredit usaha rakyat (KUR). ”Hasil capaian jerih payahnya tidak diragukan lagi. Ini tercermin dari kinerja keuangan tahun 2000- 2005, penghargaan BUMN of The Year pada tahun 2003 dan dapat menjadi perusahaan yang go public,” katanya.
B Heri Yulianto, penulis buku Be An Optimist!, mengungkapkan perihal proses penulisan buku yang dianggapnya gampang- gampang susah, susah-susah gampang. ”Dari sekian banyak narasumber yang kami temui, ada satu kesamaan pandangan terhadap sosok Rudjito, yakni pandangannya terhadap nilai-nilai membangun usaha yang prudent dan aturan main, adalah salah satu jalan agar bank tetap bertahan di masa sesulit apa pun,” jelasnya.
Putri pertama dari almarhum Rudjito, Eva Arisuci Rudjito, menyampaikan bahwa buku Be An Optimist! merupakan impian dari Rudjito, sang ayah, sejak beberapa tahun terakhir usianya khususnya sejak masa pensiunnya. ”Inilah wujud dari sifat Papa yang selalu ingin berbagi ilmu maupun pengalaman kepada lingkungan sekitarnya,” tuturnya.






Follow Berita Okezone di Google News


Dapatkan berita up to date dengan semua berita terkini dari Okezone hanya dengan satu akun di
ORION, daftar sekarang dengan
klik disini
dan nantikan kejutan menarik lainnya

(rai)




Follow WhatsApp Channel Okezone untuk update berita terbaru setiap hari

Follow



















 B Heri Yulianto, penulis buku Be An Optimist!, mengungkapkan perihal proses penulisan buku yang dianggapnya gampang- gampang susah, susah-susah gampang. ”Dari sekian banyak narasumber yang kami temui, ada satu kesamaan pandangan terhadap sosok Rudjito, yakni pandangannya terhadap nilai-nilai membangun usaha yang prudent dan aturan main, adalah salah satu jalan agar bank tetap bertahan di masa sesulit apa pun,” jelasnya.
Putri pertama dari almarhum Rudjito, Eva Arisuci Rudjito, menyampaikan bahwa buku Be An Optimist! merupakan impian dari Rudjito, sang ayah, sejak beberapa tahun terakhir usianya khususnya sejak masa pensiunnya. ”Inilah wujud dari sifat Papa yang selalu ingin berbagi ilmu maupun pengalaman kepada lingkungan sekitarnya,” tuturnya.






Follow Berita Okezone di Google News


Dapatkan berita up to date dengan semua berita terkini dari Okezone hanya dengan satu akun di
ORION, daftar sekarang dengan
klik disini
dan nantikan kejutan menarik lainnya

(rai)




Follow WhatsApp Channel Okezone untuk update berita terbaru setiap hari

Follow



















 Putri pertama dari almarhum Rudjito, Eva Arisuci Rudjito, menyampaikan bahwa buku Be An Optimist! merupakan impian dari Rudjito, sang ayah, sejak beberapa tahun terakhir usianya khususnya sejak masa pensiunnya. ”Inilah wujud dari sifat Papa yang selalu ingin berbagi ilmu maupun pengalaman kepada lingkungan sekitarnya,” tuturnya.






Follow Berita Okezone di Google News


Dapatkan berita up to date dengan semua berita terkini dari Okezone hanya dengan satu akun di
ORION, daftar sekarang dengan
klik disini
dan nantikan kejutan menarik lainnya

(rai)




Follow WhatsApp Channel Okezone untuk update berita terbaru setiap hari

Follow



















  
Follow Berita Okezone di Google News
 
Dapatkan berita up to date dengan semua berita terkini dari Okezone hanya dengan satu akun di
ORION, daftar sekarang dengan
klik disini
dan nantikan kejutan menarik lainnya
 (rai) Berita Terkait  Bagikan Artikel Ini   Berita Lainnya © 2007 - 2024 Okezone.com, All Rights Reserved"
2019-08-29,3082.552490234375,0,"Topik menarik Notifikasi    Tidak ada notifikasi  Direktur Utama PT Bank Rakyat Indonesia Persero Tbk Suprajarto menolak ditetapkan menjadi Dirut PT Bank Tabungan Negara Persero Tbk. ​​​​​Suprajarto mengundurkan diri hanya beberapa saat usai penunjukannya sebagai Direktur Utama PT Bank Tabungan Negara (Persero) Tbk yang diputuskan dalam Rapat Umum Pemegang Saham Luar Biasa (RUPSLB) Bank BTN, Kamis, 29 Agustus 2019. Dalam jumpa pers mendadak di Jakarta, Kamis, 29 Agustus 2019 malam, Suprajarto menyatakan akan mengundurkan diri dari jabatannya di BTN. ""Setelah membaca berita bahwa saya ditetapkan sebagai dirut BTN, di mana saya tidak pernah diajak bicara mengenai penetapan ini,"" ujarnya. Bankir yang sebelumnya juga pernah menjadi Wakil Dirut PT Bank Negara Indonesia Persero Tbk ini mengaku tidak dapat menerima keputusan para pemegang saham, yang mayoritas dimiliki oleh Kementerian BUMN. ""Atas penetapan RUPSLB BTN pada hari ini tersebut, saya tidak dapat menerima keputusan itu dan saya memutuskan untuk mengundurkan diri dari hasil keputusan RUPSLB BTN,"" ujar dia. Advertisement Ketika disinggung media kemana akan melanjutkan karirnya, dia menolak menjelaskan. ""Sudahlah itu dipikir nanti, yang penting saya senang, plong, dan menikmati,"" ujarnya. Dia juga membantah bahwa penolakannya ini karena hubungan dirinya dengan Menteri BUMN Rini Soemarno tidak berjalan harmonis. ""Saya nggak pernah ada persoalan sama orang rasanya ya, karena selama ini saya profesional. Jadi saya berusaha menjalankan tugas secara profesional. Itu saja,"" kata dia. Baca juga 18 Bank Telah Salurkan 67 Persen Dana KPR-FLPP Rumah Subsidi RUPSLB BTN pada hari ini memutuskan merombak jajaran direksi bank BUMN tersebut. Direktur Utama Bank BTN Maryono diganti oleh Suprajarto. Suprajarto diketahui menjabat posisi Direktur Utama BRI. Selain mengganti Maryono, RUPSLB juga memberhentikan Sumiyati dari posisi komisaris yang digantikan Marwanto Haryowiryono. Posisi direktur juga bertambah, Elizabeth Novi menjadi direktur. Sementara, Bank BRI akan melangsungkan RUPSLB pada Senin, 2 September 2019, pekan depan. Pada saat itu agenda RUPSLB BRI antara lain akan memilih pengganti Suprajarto. Sementara itu, serikat pekerja (SP) Bank BTN dan Bank BRI mengeluarkan rilis yang isinya menyikapi hasil RUPSLB Bank BTN. Dalam rilis tersebut serikat pekerja Bank BTN dan BRI mengeluarkan tuntutan yang diantaranya mendukung sikap Suprajarto yang menolak hasil RUPS LB Bank BTN. Ketua Dewan Pimpinan Pusat (DPP) SP Bank BRI, Ruslina Harsono mengatakan tuntutan selanjutnya SP BRI dan SP BTN meminta kepada Menteri Negara BUMN untuk menghormati prinsip-prinsip Good Governance dan pelaksanaan manajemen karir bagi bankir di lingkungan BUMN melalui talent management system yang fair. Kata Ruslina, sesungguhnya pemberian tugas kepada Suprajarto sebagai Dirut Bank BTN setelah sebelumnya menjabat Dirut Bank BRI merupakan pelecehan profesi yang menimbulkan kemarahan bagi para ribuan alumni Bank BRI dan Bank BTN. Karena secara kapasitas aset bank BTN jauh lebih kecil dibanding bank BRI (aset Bank BTN 25 persen dari aset Bank BRI). ""Karena itu kami meminta kepada seluruh pejabat di lingkungan BUMN untuk menahan diri dengan tidak mengambil keputusan politik apapun sampai dengan pelantikan Presiden Jokowi tanggal 10 Oktober 2019 sesuai dengan imbauan Ketua KSP Pak Muldoko,"" katanya, seperti dikutip dalam rilis, Kamis, 29 Agustus 2019. (wit/ant) Berikut susunan direksi BTN hasil RUPLB tersebut sebagai berikut:  Dirut dijabat Suprajarto Dir HCD dijabat Yossi Istanto Dir Consumer Bankng dijabat Budi Satria Dir Commercial Banking dijabat Oni Febrianto Dir Asset Management dijabat Elizabeth Novi Dir IT dijabat Andi Nirwoto Dir Network dijabat Dasuki Amsir Dir Finance dijabat Nixon L Napitupulu Dir Compliance dijabat Mahelan Prabantarikso Baca juga Optimalkan KPR Subsidi, Kementerian PUPR Dorong 43 Bank Pengibar Merah Putih di 18 Negara itu Bukan BRI Solusi Ketahanan Pangan Nasional, Begini Langkah NU Advertisement   Witanto     Blora  Advertisement  Hukum dan Kriminalitas   Ekonomi dan Bisnis  Advertisement  Reportase  Advertisement Home Trending Topic Menu  Title   Baru! Kini Anda dapat mengikuti berita-berita hanya dari kanal dan topik yang Anda minati   Silahkan Login/Register terlebih dahulu, kemudian pilih kanal dan topik menarik untuk menggunakan fitur ini.  "
2019-08-30,3133.9287109375,0,"Pewarta: Royke SinagaEditor: Faisal Yunianto								Copyright © ANTARA 2019 

 

Kirim
Komentar menjadi tanggung-jawab Anda sesuai UU ITE.
"
2019-08-30,3133.9287109375,0,"Suprajarto menyatakan mundur dari hasil RUPSLB BTN Kamis (29/8). “Saya tidak pernah diajak bicara mengenai penatapan ini sebelumnya apalagi diajak musyawarah, oleh karena itu atas penetapan RUPLSB BTN hari ini saya tidak dapat menerima keputusan itu dan saya memutuskan untuk mengundurkan diri dari hasil keputusan RUPSLB BTN,” ujarnya kepada media kamis malam. Serikat Pekerja BRI mendukung keputusan Suprajarto. Keputusan pemerintah memindahkan Suprajarto dinilai sebagai pelecehan profesi karena aset BTN seperempat lebih kecil dari aset BRI dan berpotensi membuat marah ribuan alumni BRI yang tersebar di mana-mana. “Wajar beliau menolaknya, tentu dengan berbagai pertimbangan seperti reputasi, harga diri, profesionalisme, kemapanan dsb.nya. Ini pasti merupakan sesuatu yang membuat heboh dan memukul balik ke menteri BUMN,” ujar IB Kade Perdana, pengamat perbankan dan mantan bankir kepada infobanknews.com (30/8). Sebelumnya, upaya Menteri BUMN Rini Soemarno mengincar Suprajarto seperti diberitakan media ini sudah terbaca sebelumnya. Setelah Presiden Joko Widodo memberi instruksi agar para menterinya tidak merombak jajarannya termasuk direksi BUMN, Rini tetap mencari cara agar presiden menyetujuinya. Beberapa hari sebelum RUPSLB BTN, Rini berhasil menemui presiden Joko Widodo untuk memuluskan rencananya dan “mengelabui” Jokowi dengan memberi alasan-alasan agar presiden menyetujui langkahnya. Seperti ditulis media ini sebelumnya, Rini Soemarno ingin melengserkan Suprajarto melalui RUPSLB Januari 2019 dan RUPS Tahunan Mei 2019 tapi terkendala karena pemerintah disibukkan dengan kampanye pemilihan presiden. Ada motif like and dislike yang dikemas melalui alasan-alasan peran agen pembangunan dan sinergi BUMN. RUPSLB Agustus pun dipaksakan Rini meskipun mendapatkan penolakan keras dari banyak kalangan, termasuk Jokowi. Pencopotan Maryono dari kursi BTN1 merupakan “pintu” untuk menyediakan tempat “pembuangan” bagi Suprajarto. Setelah “membuang” Suprajarto, pagi ini terendus kabar ada tiga direktur yang akan dilengserkan dari kursi direksi BRI. Seperti diberitakan media ini sebelumnya, Sunarso diperkirakan naik mengisi kursi BRI1. Rini Soemarno sudah mempersiapkan Sunarso sejak awal 2019, ketika memulangkan Sunarso dari Pegadaian kembali ke kursi wakil direktur utama BRI. Sebelum dipindah ke BRI pada 2015, Sunarso menjabat sebagai Direktur Komersial Bank Mandiri sejak 2010. Sebagai direktur komersial, dia memegang banyak debitur besar salah satunya Dunia Tekstil yang kemudian dibawa ke BRI. Belakangan, Bank Mandiri dan BRI pun terseret kredit macet akibat gagal bayar Dunia Tekstil. (*) Steven. ... ... ... Connect with us Copyright @ 2023 Infobanknews.comAll right reserved News UpdatePerbankanMoneter & FiskalKeuanganPasar Modal Ekonomi & BisnisShariah InsightInfo BPRMarket Update EntertainmentOtomotifPoliticFood & Travel RedaksiPedoman Media SiberKarirIklanMedia PartnerPrivacy PolicyDisclaimer InfobanknewsInfobankstoreInfobankdataInfobankeventInfobanktvUmkm Go Digital"
2019-08-30,3133.9287109375,0,"VIVA – Kamis malam kemarin, 29 Agustus 2019 datang kabar mengejutkan dari petinggi bank pelat merah. Suprajarto yang merupakan Direktur Utama Bank Rakyat Indonesia (BRI) menolak mentah-mentah keputusan Rapat Umum Pemegang Saham Luar Biasa (RUPSLB) Bank Tabungan Negara (BTN) pada hari yang sama. Hasil RUPSLB tersebut secara otomatis menonaktifkan dirinya sebagai Bos BRI. Dia mengaku tak mengetahui jabatannya bakal digeser dari Dirut BRI jadi Bos BTN. Bahkan, dia baru tahu soal itu dari media lantaran selama ini tak pernah diajak bicara dan musyawarah soal penetapan tersebut. ""Saya memutuskan mengundurkan diri dari hasil keputusan RUPSLB BTN,"" katanya, Kamis malam, 29 Agustus 2019, seperti dikutip dari VIVAnews. Setelah keputusannya yang berani tersebut, Suprajarto belum memikirkan rencananya ke depan, termasuk karier yang akan dijalaninya kelak. Terpenting, dia mengaku bahagia dan lega atas keputusannya tersebut. Sebagai seorang bankir, pria kelahiran Yogyakarta itu sudah malang melintang di dunia perbankan cukup lama. Sebelum menduduki kursi orang nomor satu BRI, dia pernah menjabat sebagai Direktur Bidang Jaringan dan Layanan BRI sejak 2005-2017. Setelah itu, Suprajarto hijrah ke Bank Negara Indonesia (BNI). Di BNI, dia menjadi Wakil Direktur Utama selama dua tahun periode 2015-2017. Dari BNI, Suprajarto akhirnya kembali ke BRI, tapi dengan jabatan sebagai pemimpin tertinggi di bank pelat merah tersebut sejak Maret 2017, menggantikan Asmawi Syam yang habis masa jabatannya. Selain punya karier kece di dua bank BUMN, dia juga punya riwayat pendidikan yang baik. Suprajarto mengenyam pendidikan S1 Ekonomi di Universitas Pembangunan Nasional Veteran, Yogyakarta. Dia melanjutkan S2 Manajemen Pamasaran di Universitas Padjajaran dan S3 di kampus yang sama, jurusan Manajemen Bisnis. Sayangnya baru genap 2 tahun lima bulan memimpin BRI dan tepat sehari setelah ulang tahunnya ke-54, pria kelahiran 28 Agustus 1965 ini digeser ke BTN. Padahal kinerjanya di BRI bisa dianggap sukses. BRI sendiri merupakan bank dengan laba terbesar di Indonesia saat ini.  Semester I/2019, BRI berhasil membukukan laba bersih sebesar Rp16,16 triliun. Angka itu tumbuh 8,19 persen dibanding periode yang sama tahun 2018 senilai Rp14,9 triliun. Sementara sepanjang tahun lalu, BRI mencatat laba bersih mencapai Rp32,4 triliun atau 10 kali lipat dari laba bersih yang dikumpulkan BTN. BTN sendiri pada paruh pertama tahun ini mencatat penurunan laba bersih sebesar 8,4 persen menjadi Rp1,3 triliun dari periode yang sama tahun lalu senilai Rp1,42 triliun. Adapun total laba bersih yang dibukukan perseroan sepanjang 2018 sebesar Rp3,2 triliun."
2019-09-02,3097.2314453125,0,"Menurut Pengamat, Ini Tantangan Dirut Baru BRI Editor JAKARTA, KOMPAS.com - Rapat Umum Pemegang Saham Luar Biasa (RUPSLB) PT Bank Rakyat Indonesia (Persero) Tbk menunjuk Sunarso sebagai Direktur Utama menggantikan Suprajarto.  Sebelumnya, Sunarso merupakan Wakil Direktur Utama BRI. Ekonom Institute For Development of Economics and Finance (Indef) Enny Sri Hartati menilai Sunarso layak untuk memimpin bank berusia 123 tahun itu. Selain memiliki rekam jejak yang baik, Sunarso dinilai mampu menjalankan roda kepemimpinan di BRI secara profesional. “Pak Sunarso tidak mempunyai catatan negatif. Pak Sunarso juga lama berkarier di BRI dan pernah dipercayakan sebagai salah satu direktur,” kata Enny saat dihubungi di Jakarta, Senin (2/9/2019). Enny meyakini Sunarso memahami mekanisme kerja di lingkungan BRI secara detil, sehingga dapat menjadi nakhoda yang dapat dipercaya publik. Baca juga: Gantikan Suprajarto, Sunarso Ditunjuk Jadi Direktur Utama BRI Sebagai bankir, lanjutnya, Sunarso memiliki keahlian khusus di bidang agrofinancing alias pembiayaan sektor pertanian, baik korporasi maupun UMKM pertanian yang cocok untuk bisnis utama BRI. Adapun Direktur Riset Center of Reform on Economics atau CORE Indonesia Pieter Abdullah Redjalam menilai, Sunarso sebagai figur yang dapat membawa perubahan di tubuh BRI. Namun demikian, ia juga mengungkapkan sejumlah tantangan yang dihadapi Sunarso. Menurut Pieter, Sunarso menghadapi tantangan cukup besar untuk menjadikan BRI sebagai Home To The Best Talent pada 2022. ""Kalau yang dipilih orang dalam, pasti sudah mengerti budaya perusahaan, mampu membangun team work, membaur dengan para karyawan, dan secara teknikal juga paham,"" ujar Pieter. Baca juga: Rombak Direksi, BRI Angkat Kembali Sunarso Jadi Wakil Direktur Utama Apalagi, lanjut Pieter, pada era digital saat ini meski perbankan bersifat konvensional, tetapi harus mampu menyeimbangkan diri dengan perubahan sektor keuangan digital, mengingat perbedaan tata kelola bisnis yang jauh berbeda antara perbankan dan startup. ""Makanya, kita perlu orang yang berpengalaman dan ahli di bidang keuangan atau perbankan. Bisa bekerja sama dengan para milenial,"" terang dia.               Copyright 2008 - 2024 PT. Kompas Cyber Media (Kompas Gramedia Digital Group). All Rights Reserved."
2019-09-02,3097.2314453125,0,"AGRI  1577 (0)   |   BASIC-IND  938 (0)   |   BISNIS-27  477 (-5)   |   COMPOSITE  5975 (-53)   |   CONSUMER  1621 (0)   |   DBX  1411 (-16)   |   FINANCE  1361 (0)   |   I-GRADE  166 (-1)   |   IDX30  471 (-4)   |   IDX80  128 (-1)   |   IDXBASIC  1248 (-11)   |   IDXBUMN20  358 (-2)   |   IDXCYCLIC  736 (-3)   |   IDXENERGY  747 (1)   |   IDXESGL  129 (-1)   |   IDXFINANCE  1325 (-12)   |   IDXG30  135 (-1)   |   IDXHEALTH  1296 (-14)   |   IDXHIDIV20  416 (-3)   |   IDXINDUST  956 (-21)   |   IDXINFRA  871 (-0)   |   IDXMESBUMN  102 (-0)   |   IDXNONCYC  740 (-6)   |   IDXPROPERT  877 (-12)   |   IDXQ30  135 (-1)   |   IDXSMC-COM  282 (-1)   |   IDXSMC-LIQ  337 (-1)   |   IDXTECHNO  3348 (-40)   |   IDXTRANS  1056 (-1)   |   IDXV30  127 (-1)   |   INFOBANK15  952 (-11)   |   INFRASTRUC  1036 (0)   |   Investor33  406 (-3)   |   ISSI  176 (-1)   |   JII  577 (-4)   |   JII70  205 (-1)   |   KOMPAS100  1130 (-11)   |   LQ45  888 (-8)   |   MANUFACTUR  1250 (0)   |   MBX  1590 (-13)   |   MINING  1939 (0)   |   MISC-IND  1036 (0)   |   MNC36  301 (-2)   |   PEFINDO25  297 (-3)   |   PROPERTY  351 (0)   |   SMinfra18  295 (-1)   |   SRI-KEHATI  340 (-3)   |   TRADE  872 (0)   |    SERIKATNEWS.COM – PT Bank Rakyat Indonesia (Persero) Tbk (BRI) resmi mengangkat Wakil Direktur Utama Sunarso menjadi Direktur Utama. Sunarso menggantikan Suprajarto yang menjabat sejak 2017 lalu. Keputusan Kementerian Badan Usaha Milik Negara (BUMN) menunjuk Sunarso untuk menduduki posisi nomor satu di perbankan berpelat merah sepertinya dengan mempertimbangkan rekam jejaknya yang sudah lama berkecimpung di dunia jasa keuangan. Dikutip dari iNews, Sunarso menjadi Wakil Direktur Utama BRI sejak 2015. Namun, saat memasuki tahun kedua atau pada 2017, Sunarso ditunjuk menjadi Direktur Utama PT Pegadaian (Persero). Setelahnya, pada Januari lalu, Sunarso kembali ke posisi awalnya menjadi Wakil Direktur Utama BRI. Pria kelahiran tahun 1963 ini memulai kariernya di perbankan pada 1991-1997 di Bank Dagang Negara (BDN). Pada saat itu, dia menduduki posisi analis kredit, kemudian menjadi asisten relationship manager, dan menjadi relationship manager. Pada tahun 1999, dia mulai bekerja di PT Bank Mandiri (Persero) Tbk dan berbagai posisi pun telah dirasakannya, di antaranya, Senior Officer, Senior Relationship Manager, Assistant Vice President, Vice President, Senior Vice President Client Service Team Manager, Senior Vice President Group Head Plantation Specialist, hingga Executive Vice President Group Head Agro-Based Corporate Banking. Pria kelahiran Pasuruan ini merupakan Sarjana Pertanian dari Institut Pertanian Bogor pada 1988 dan gelar Master of Business Administration dari Universitas Indonesia untuk tahun 2002. Sunarso juga memperluas wawasannya dengan mengikuti berbagai program pelatihan di Melbourne University, Northwestern University, University of Chicago, London Business School, dan University of New South Wales. Dia juga aktif mengikuti berbagai pelatihan dan seminar dalam berbagai bidang, seperti Business Communication pada tahun 1993, Management Umum Perbankan Lanjutan tahun 1994, Sindikasi dan Dokumentasi Pinjaman tahun 1997, serta Credit Principles Implementation tahun 2000. SerikatNews.com adalah media kritis anak bangsa. Menyajikan informasi secara akurat. Serta setia menjadi platform ruang bertukar gagasan faktual. SERIKATNEWS.COM – Kesadaran masyarakat akan pentingnya hidup sehat semakin berkembang. Terutama kesehatan yang kembali kepada alam. Menurut Dr. (Cand) dr. SERIKATNEWS.COM – Mahasiswa Kuliah Kerja Nyata (KKN) Institut Agama Islam Negeri (IAIN) Madura posko 21 menggelar seminar yang mengangkat tema SERIKATNEWS.COM – Denyut demokrasi pada perhelatan kontestasi Pilkada serentak 2024 di Kabupaten Sumenep terancam mati suri. Hal itu disebabkan setelah SERIKATNEWS.COM – UIN Sunan Kalijaga Yogyakarta menyelenggarakan kompetisi bertajuk “Kalijaga Change Makers Competition.” Grand Final kompetisi ini berlangsung pada Minggu, SERIKATNEWS.COM – Kasus penembakan terhadap DPO kasus Curanmor asal Kabupaten Probolinggo di wilayah Pulau Bali yang jadi perbincangan hangat, mengundang SERIKATNEWS.COM – Probolinggo Talent Berkarya memukau penonton dalam acara spesial yang digelar stasiun TVRI Jatim Surabaya. Acara pada Senin (8/7/2024) SERIKATNEWS.COM – Adinda Mayatri Handayani, seorang siswi SMAN 1 Gending, Kabupaten Probolinggo dinyatakan lolos seleksi Jambore Nasional Generasi Hijau (JNGH) SERIKATNEWS.COM – Menteri Pariwisata dan Ekonomi Kreatif/Kepala Badan Pariwisata dan Ekonomi Kreatif (Menparekraf/Kabaparekraf) Sandiaga Salahuddin Uno berbagi kiat sukses agar SERIKATNEWS.COM – Tradisi Karapan Sapi Brujul khas Kota Probolinggo berhasil menarik perhatian Photography Society of America (PSA), yang datang khusus SERIKATNEWS.COM – Belakangan ini, marak modus penipuan mengatasnamakan aktivasi Identitas Kependudukan Digital (IKD). Padahal alur aktivasi IKD tidak memerlukan verifikasi SERIKATNEWS.COM – Sejumlah jajaran pejabat Pemkot Probolinggo dan Putri Indonesia SERIKATNEWS.COM – Jelang pemilihan kepala daerah (Pilkada) 2024, Polres Probolinggo"
2019-11-28,2972.46142578125,0,"Jakarta: PT Bank Rakyat Indonesia (Persero) Tbk diketahui tengah melakukan rapat dengar pendapat (RDP) dengan Komisi XI DPR RI, Rabu (27/11/2019). Adapun salah satu isu yang menjadi sorotan dalam rapat tersebut mengenai realisasi penyaluran Kredit Usaha Rakyat ( KUR) dan rencana perseroan ke depan dalam melaksanakan mandat dari negara tersebut. Namun, ketika Direktur Utama BRI Sunarso memberi paparan mengenai penyaluran KUR serta strategi perseroan ke depan, terjadi perselisihan pendapat antara dirinya dengan Anggota Komisi XI DPR Fraksi Partai Demokrat Hj. Vera Febyanthy, MSi. Pasalnya, Vera tak terima jika penyaluran KUR dianggap sebagai beban oleh perusahaan. “Pembiayaan cost ya tinggi. Berarti punya beban terhadap legacy atau pun program pemerintah. Bapak terbebani program KUR. Nggak boleh, Pak. Bapak jangan katakan seperti itu,” ujar Vera dengan nada tinggi. Sunarso pun sedikit meninggikan suaranya ketika menanggapi Vera yang sempat menyela paparan yang dia berikan. “Saya nggak mengatakan itu (penyaluran KUR sebagai beban). Ini adalah fakta, bahwa pembiayaan itu harus diatasi. Kita harus atasi. Bukan kita merasa terbebani, kita harus atasi,” ujar dia. Tak terima dengan pembebalaan Sunarso, Vera kembali mengambil alih pembicaraan. Dia pun mengatakan, tidak seharusnya Sunarso menginterupsi dia ketika mengutarakan pendapat. Dia masih kukuh dengan pendapatnya bahwa BRI merasa terbebani dengan tugas sebagai penyalur KUR terbesar. “Saya belum selesai. Saya yang ngomong dia interupsi. Nggak boleh Bapak bicara seperti itu. Ruhnya BRI kan menyalurkan KUR. Kalau beban, Bapak pindah aja jadi bank penyalur infrastruktur. Jangan seperti itu,” ujar Vera. Sebelumnya, Sunarso memaparkan bahwa perusahaan tengah melakukan transformasi bisnis inti perusahaan ke ranah digital. Pasalnya, dengan wilayah RI yang luas, dalam menyalurkan KUR membutuhkan ongkos yang besar. Dengan digitalisasi harapannya BRI bisa menekan biaya, baik dari segi pengendalian risiko dan sumber daya manusia. (kompas.com/ot)"
2021-06-23,3076.99365234375,0,"    29.8 CDenpasar, BaliSenin, 5 Agustus 2024e-PaperIklanKalenderPojokSurat PembacaEnglish                       BALIPOST.com       NewsBaliBadungBangliBulelengDenpasarGianyarJembranaKarangasemKlungkungTabananPeristiwaInternasionalNasionalPolitikHukumSosbudBudayaSosialSpiritualEkonomiMakroMikroPertanianPendidikanProfilPariwisataBali Wonderful IndonesiaGayaFashionHiburanKesehatanKulinerOlahragaTeknologiMultimediaPhotoVideoAnimasiInfografisLiveRadio SWIB 106.8 FMRadio Genta Bali FM 96.1Radio Singaraja FM 92.0Radio Global FM 96.5Opini    Ekonomi > Mikro > “Bank Terbaik di Indonesia” Versi The Asian Banker Diraih BRIMikroNasional“Bank Terbaik di Indonesia” Versi The Asian Banker Diraih BRI Rabu, 23 Juni 2021 | 09:13:20BRI meraih ""Bank Terbaik di Indonesia"" versi The Asian Banker. (BP/Istimewa)JAKARTA, BALIPOST.com – PT Bank Rakyat Indonesia (Persero) Tbk. atau BRI kembali dinobatkan sebagai “The Best Retail Banks di Indonesia.” Majalah ekonomi terkemuka di Asia, The Asian Banker, kembali menempatkan BRI di peringkat pertama dalam penghargaan itu.Adapun untuk peringkat di kawasan Asia, BRI menempati posisi ke-35. Meningkat dibandingkan dengan tahun lalu pada posisi 36.Dalam situs resminya, The Asian Banker menyebut pemeringkatan ini merupakan penilaian terhadap program layanan keuangan ritel BRI yang sangat baik dan prima. Selain itu, layanan keuangan BRI dipandang sangat baik karena telah mengalami proses audit yang ketat serta transparan sesuai standardisasi penilaian untuk perbankan berkelas dunia.Baca juga:  BRI dan Hiswana Migas DPD III Mudahkan Pembayaran DigitalPenilaian itu berlangsung dari Januari hingga Maret setiap tahun dan didasarkan pada metodologi balanced scorecard yang dimiliki The Asian Banker. Adapun komponen penilaiannya yakni kinerja keuangan, strategi dan kepemimpinan, digital journey, merek, penjualan, pengalaman pelanggan, proses dan teknologi, manajemen risiko, sumber daya manusia dan organisasi serta pencapaian lainnya.Terkait penghargaan tersebut, Direktur Utama BRI Sunarso mengatakan pihaknya berhasil menjaga kinerja positif dan terus bertumbuh di tengah hadangan pandemi COVID-19. Bahkan menurutnya dengan peningkatan satu peringkat di Asia, BRI membuktikan selalu dapat memberikan layanan prima di tengah kondisi yang menantang.Baca juga:  Undian Simpedes Semester Pertama, Nasabah BRI Unit Tejakula Raih Suzuki Ertiga“Secara global dunia perbankan saat ini mengalami tantangan yang sangat besar. Namun BRI tetap mampu mencatatkan kinerja positif. Penghargaan ini akan menjadi motivasi lebih bagi kami untuk selalu meningkatkan dan memberikan layanan terbaik khususnya bagi pelaku UMKM,” ujarnya. (Adv/balipost)  BAGIKAN Facebook Twitter   tweet Ewik Mendala BERITA TERKAITDARI PENULIS EkonomiJadi Perusahaan Pembayar Pajak Terbesar, BRI Diapresiasi Oleh Negara EkonomiBRI Borong Penghargaan di Malam Apresiasi Emiten 2024 EkonomiBrand Value BRI Meroket 30 Persen Jadi USD11,25 Miliar MikroTriwulan II 2024, Simpanan BRI Tumbuh 11,61 Persen EkonomiIndeks Bisnis UMKM BRI Triwulan II 2024: Bisnis UMKM Mulai Membaik dan Prospektif MikroIni, Cerita Desa Cikaso yang Raih Juara Desa BRILian EkonomiDi Bawah Rasio Perbankan Nasional, Ini Jurus BRI Kelola NPL UMKM Tetap Rendah EkonomiBRI Kembali Ditunjuk KSEI Sebagai Bank Pembayaran dan Bank Administrator RDN EkonomiKeamanan Data dan Dana Nasabah Prioritas Utama, BRI Perkuat Benteng DigitalTINGGALKAN BALASAN Batal balasanPlease enter your comment! Please enter your name here You have entered an incorrect email address!Please enter your email address here CAPCHA * 6  −  2  =            RADIO STREAMINGIkuti Kami173,303FansSuka21,009PengikutMengikuti6,115PengikutMengikuti4,560PelangganBerlangganan  CuacaDenpasarfew clouds   enter location  28.8 ° C  28.8 °  28.8 °  70%  5.7kmh  20%Sel 27 °Rab 27 °Kam 26 °Jum 27 °Sab 27 °  Iklan BarisCLAS-00009-01-12-2019 Ayo mulai pesan! Beriklan baris cetak dan online segera akan tampil di portal balipost.comCLAS-00008-01-12-2019 Ayo mulai pesan! Beriklan baris cetak dan online segera akan tampil di portal balipost.comCLAS-00007-01-12-2019 Ayo mulai pesan! Beriklan baris cetak dan online segera akan tampil di portal balipost.comCLAS-00006-01-12-2019 Ayo mulai pesan! Beriklan baris cetak dan online segera akan tampil di portal balipost.comCLAS-00005-01-12-2019 Ayo mulai pesan! Beriklan baris cetak dan online segera akan tampil di portal balipost.com  Tentang KamiBali Post Portal Media adalah portal berita pertama dengan konten  hiburan, fashion, musik, video dan audio news yang terkini dan terupdate.IKUTI KAMI                    Media SiberMedia PartnerPrivacy PolicyCopyrightDisclaimerTentang Kami © BALIPOST.com   29.8 CDenpasar, BaliSenin, 5 Agustus 2024e-PaperIklanKalenderPojokSurat PembacaEnglish                       BALIPOST.com       NewsBaliBadungBangliBulelengDenpasarGianyarJembranaKarangasemKlungkungTabananPeristiwaInternasionalNasionalPolitikHukumSosbudBudayaSosialSpiritualEkonomiMakroMikroPertanianPendidikanProfilPariwisataBali Wonderful IndonesiaGayaFashionHiburanKesehatanKulinerOlahragaTeknologiMultimediaPhotoVideoAnimasiInfografisLiveRadio SWIB 106.8 FMRadio Genta Bali FM 96.1Radio Singaraja FM 92.0Radio Global FM 96.5Opini    Ekonomi > Mikro > “Bank Terbaik di Indonesia” Versi The Asian Banker Diraih BRIMikroNasional“Bank Terbaik di Indonesia” Versi The Asian Banker Diraih BRI Rabu, 23 Juni 2021 | 09:13:20BRI meraih ""Bank Terbaik di Indonesia"" versi The Asian Banker. (BP/Istimewa)JAKARTA, BALIPOST.com – PT Bank Rakyat Indonesia (Persero) Tbk. atau BRI kembali dinobatkan sebagai “The Best Retail Banks di Indonesia.” Majalah ekonomi terkemuka di Asia, The Asian Banker, kembali menempatkan BRI di peringkat pertama dalam penghargaan itu.Adapun untuk peringkat di kawasan Asia, BRI menempati posisi ke-35. Meningkat dibandingkan dengan tahun lalu pada posisi 36.Dalam situs resminya, The Asian Banker menyebut pemeringkatan ini merupakan penilaian terhadap program layanan keuangan ritel BRI yang sangat baik dan prima. Selain itu, layanan keuangan BRI dipandang sangat baik karena telah mengalami proses audit yang ketat serta transparan sesuai standardisasi penilaian untuk perbankan berkelas dunia.Baca juga:  BRI dan Hiswana Migas DPD III Mudahkan Pembayaran DigitalPenilaian itu berlangsung dari Januari hingga Maret setiap tahun dan didasarkan pada metodologi balanced scorecard yang dimiliki The Asian Banker. Adapun komponen penilaiannya yakni kinerja keuangan, strategi dan kepemimpinan, digital journey, merek, penjualan, pengalaman pelanggan, proses dan teknologi, manajemen risiko, sumber daya manusia dan organisasi serta pencapaian lainnya.Terkait penghargaan tersebut, Direktur Utama BRI Sunarso mengatakan pihaknya berhasil menjaga kinerja positif dan terus bertumbuh di tengah hadangan pandemi COVID-19. Bahkan menurutnya dengan peningkatan satu peringkat di Asia, BRI membuktikan selalu dapat memberikan layanan prima di tengah kondisi yang menantang.Baca juga:  Undian Simpedes Semester Pertama, Nasabah BRI Unit Tejakula Raih Suzuki Ertiga“Secara global dunia perbankan saat ini mengalami tantangan yang sangat besar. Namun BRI tetap mampu mencatatkan kinerja positif. Penghargaan ini akan menjadi motivasi lebih bagi kami untuk selalu meningkatkan dan memberikan layanan terbaik khususnya bagi pelaku UMKM,” ujarnya. (Adv/balipost)  BAGIKAN Facebook Twitter   tweet Ewik Mendala BERITA TERKAITDARI PENULIS EkonomiJadi Perusahaan Pembayar Pajak Terbesar, BRI Diapresiasi Oleh Negara EkonomiBRI Borong Penghargaan di Malam Apresiasi Emiten 2024 EkonomiBrand Value BRI Meroket 30 Persen Jadi USD11,25 Miliar MikroTriwulan II 2024, Simpanan BRI Tumbuh 11,61 Persen EkonomiIndeks Bisnis UMKM BRI Triwulan II 2024: Bisnis UMKM Mulai Membaik dan Prospektif MikroIni, Cerita Desa Cikaso yang Raih Juara Desa BRILian EkonomiDi Bawah Rasio Perbankan Nasional, Ini Jurus BRI Kelola NPL UMKM Tetap Rendah EkonomiBRI Kembali Ditunjuk KSEI Sebagai Bank Pembayaran dan Bank Administrator RDN EkonomiKeamanan Data dan Dana Nasabah Prioritas Utama, BRI Perkuat Benteng DigitalTINGGALKAN BALASAN Batal balasanPlease enter your comment! Please enter your name here You have entered an incorrect email address!Please enter your email address here CAPCHA * 6  −  2  =            RADIO STREAMINGIkuti Kami173,303FansSuka21,009PengikutMengikuti6,115PengikutMengikuti4,560PelangganBerlangganan  CuacaDenpasarfew clouds   enter location  28.8 ° C  28.8 °  28.8 °  70%  5.7kmh  20%Sel 27 °Rab 27 °Kam 26 °Jum 27 °Sab 27 °  Iklan BarisCLAS-00009-01-12-2019 Ayo mulai pesan! Beriklan baris cetak dan online segera akan tampil di portal balipost.comCLAS-00008-01-12-2019 Ayo mulai pesan! Beriklan baris cetak dan online segera akan tampil di portal balipost.comCLAS-00007-01-12-2019 Ayo mulai pesan! Beriklan baris cetak dan online segera akan tampil di portal balipost.comCLAS-00006-01-12-2019 Ayo mulai pesan! Beriklan baris cetak dan online segera akan tampil di portal balipost.comCLAS-00005-01-12-2019 Ayo mulai pesan! Beriklan baris cetak dan online segera akan tampil di portal balipost.com  Tentang KamiBali Post Portal Media adalah portal berita pertama dengan konten  hiburan, fashion, musik, video dan audio news yang terkini dan terupdate.IKUTI KAMI                    Media SiberMedia PartnerPrivacy PolicyCopyrightDisclaimerTentang Kami © BALIPOST.com Ekonomi > Mikro > “Bank Terbaik di Indonesia” Versi The Asian Banker Diraih BRI   Adapun untuk peringkat di kawasan Asia, BRI menempati posisi ke-35. Meningkat dibandingkan dengan tahun lalu pada posisi 36. Dalam situs resminya, The Asian Banker menyebut pemeringkatan ini merupakan penilaian terhadap program layanan keuangan ritel BRI yang sangat baik dan prima. Selain itu, layanan keuangan BRI dipandang sangat baik karena telah mengalami proses audit yang ketat serta transparan sesuai standardisasi penilaian untuk perbankan berkelas dunia. Penilaian itu berlangsung dari Januari hingga Maret setiap tahun dan didasarkan pada metodologi balanced scorecard yang dimiliki The Asian Banker. Adapun komponen penilaiannya yakni kinerja keuangan, strategi dan kepemimpinan, digital journey, merek, penjualan, pengalaman pelanggan, proses dan teknologi, manajemen risiko, sumber daya manusia dan organisasi serta pencapaian lainnya. Terkait penghargaan tersebut, Direktur Utama BRI Sunarso mengatakan pihaknya berhasil menjaga kinerja positif dan terus bertumbuh di tengah hadangan pandemi COVID-19. Bahkan menurutnya dengan peningkatan satu peringkat di Asia, BRI membuktikan selalu dapat memberikan layanan prima di tengah kondisi yang menantang. “Secara global dunia perbankan saat ini mengalami tantangan yang sangat besar. Namun BRI tetap mampu mencatatkan kinerja positif. Penghargaan ini akan menjadi motivasi lebih bagi kami untuk selalu meningkatkan dan memberikan layanan terbaik khususnya bagi pelaku UMKM,” ujarnya. (Adv/balipost) CAPCHA * 6  −  2  =             "
2021-07-29,2944.22998046875,0,"© Copyright ICONOMICS. All Rights Reserved. Dirut BSI Hery Gunardi/Dok. BSI Direktur Utama PT Bank Syariah Indonesia Tbk. Hery Gunardi telah melaksanakan sidang promosi doktor untuk menyelesaikan Program Studi Doktor Ilmu Manajemen di Fakultas Ekonomi dan Bisnis Universitas Padjadjaran, Bandung, pada Kamis (29/07/2021). Dalam sidang secara daring tersebut, Hery memaparkan disertasinya yang berjudul “Pengaruh Daya Saing Bank, Manajemen Risiko dan Customer Relationship Management (CRM) Terhadap Kinerja Private Wealth Management dan Dampaknya Terhadap Pertumbuhan Bisnis Perbankan Retail.” Hery mengakui jika penelitian mengenai private wealth management telah ada sebelumnya. Namun dia menegaskan yang ditinjau dari sisi daya saing bank, manajemen risiko, customer relationship management dan mengkaji pengaruhnya terhadap kinerja perbankan retail baru diangkat dalam disertasinya. “Private wealth management merupakan salah satu segmen individual di perbankan yang memiliki potensi besar terkait dengan pendapatan fee based income,” kata Hery yang dikutip dari siaran pers tertulis. Direktur Utama PT Bank Syariah Indonesia Tbk. Hery Gunardi telah melaksanakan sidang promosi doktor untuk menyelesaikan Program Studi Doktor Ilmu Manajemen di Fakultas Ekonomi dan Bisnis Universitas Padjadjaran, Bandung/Dok. BSI Adapun Ketua Sidang disertasi tersebut adalah Dekan Fakultas Ekonomi dan Bisnis Universitas Padjadjaran Prof Nunuy Nur Afiah, Ketua Tim Promotornya adalah Guru Besar FEB Unpad Ina Primiana. Bankir senior Omar S. Anwar sebagai dosen penelaah dan dosen penguji lainnya. Hadir dalam sidang doktor tersebut yakni Menteri BUMN Erick Thohir, Kepala Eksekutif Pengawas Institusi Keuangan Non-Bank Anggota Dewan Komisioner OJK Riswinandi, Ketua Komisi VI DPR RI Faisol Riza, dan Wakil Ketua Komisi XI DPR RI Fathan Subchi serta seluruh jajaran direksi Himpunan Bank Milik Negara (Himbara). Hadir pula Komisaris Utama BSI Mulya E. Siregar, Ketua Dewan Pengawas Syariah BSI Hasanuddin, mantan Gubernur Bank Indonesia Agus Martowardojo dan mantan Menko Bidang Perekonomian Hatta Rajasa, serta tokoh senior perbankan nasional Pradjoto. Dalam penelitian tersebut dipaparkan bahwa segmen wealth management, dengan tiering portofolio nasabah di atas Rp500 juta, memiliki proporsi lebih besar dengan pertumbuhan positif dari tahun ke tahun sejak 2013. Walaupun jumlah rekening segmen tersebut tidak sampai 1% dari total rekening DPK di bank umum, namun nominal simpanan porsinya di atas 50% dari total nominal simpanan individu. Karena itu, seiring dengan pertumbuhan populasi High Net Worth Individual (HNWI) di Indonesia, aset finansial segmen tersebut juga mengalami pertumbuhan. Pada 2019 populasi HNWI di Indonesia tumbuh 4% dari tahun sebelumnya atau mencapai 134.000 orang. Total kekayaannya mencapai US$675 miliar atau sekitar Rp10,7 triliun. Menurut Lembaga Penelitian Knight Frank, populasi HNWI di Indonesia akan tumbuh 57% pada 2024. Kendati demikian, dominasi private wealth management di Indonesia tersebut sebagian besar belum dioptimalkan oleh perbankan nasional. Pada 2015, pemerintah menetapkan kebijakan Tax Amnesty yang memberikan peluang pertumbuhan bagi bisnis private wealth management.  Sehingga pada akhir 2017 sebanyak 965.983 warga negara Indonesia berpartisipasi dalam program ini. Dana repatriasi mencapai Rp147 triliun, sedangkan asset yang dideklarasi sebesar Rp4,866 triliun. “Dari penyelenggaraan program Tax Amnesty ini, dapat disimpulkan bahwa amandemen peraturan ini menciptakan lebih banyak peluang bagi segmen wealth di Indonesia untuk tumbuh lebih optimal,” ujar Hery yang meraih nilai Sangat Memuaskan dalam sidang promosi doktornya. Diapun menjelaskan, bisnis private wealth management sangat dipengaruhi dari kondisi persaingan di sektor perbankan. Selanjutnya, bisnis private wealth management ini tidak terlepas dari risiko yang menyertainya. Karena itu, penelitian ini juga memberikan gambaran pengaruh dari manajemen risiko terhadap bisnis private wealth management. Hal lainnya adalah mengenai pengelolaan nasabah. Pengelolaan nasabah HNWI tentu memerlukan penanganan khusus yang sangat unik dan berbeda. Dengan demikian, customer relationship management (CRM) menjadi variabel yang cukup penting untuk diteliti.      Save my name, email, and website in this browser for the next time I comment.  

  Δ"
2021-09-14,3178.57373046875,0," Jakarta, TopBusiness – Holding Ultra Mikro yang melibatkan tiga entitas Badan Usaha Milik Negara (BUMN) yakni PT Bank Rakyat Indonesia (Persero) Tbk. atau BRI, PT Pegadaian (Persero) dan PT Permodalan Nasional Madani (Persero) atau PNM resmi terbentuk. Hal ini seiring dilakukannya penandatanganan Akta Inbreng saham pemerintah pada Pegadaian dan PNM sebagai penyertaan modal negara kepada BRI selaku induk holding di Jakarta, 13 September 2021. Penandatanganan dilakukan oleh Menteri Badan Usaha Milik Negara (BUMN), Erick Thohir, bersama dengan Direktur Utama BRI, Sunarso, dan dihadiri Direktur Utama Pegadaian, Kuswiyoto, dan Direktur Utama PNM, Arief Mulyadi, serta Wakil Direktur Utama BRI, yang sekaligus sebagai Ketua PMO (Project Management Office) Tim Privatisasi BRI, Catur Budi Harto. Milestone bersejarah bagi UMKM ini tidak mengubah porsi kepemilikan pemerintah atas saham pengendali di BRI. Di sisi lain, setelah holding terbentuk, negara tetap memiliki satu lembar saham merah putih seri A atau golden share di Pegadaian dan PNM. Sebelumnya pembentukan Holding Ultra Mikro telah mendapat persetujuan dari Komite Stabilitas Sistem Keuangan pada 5 Februari 2021, Ketua Komite Privatisasi pada 17 Februari 2021, dukungan dari parlemen yakni Komisi XI dan Komisi VI DPR RI pada 16 Maret & 18 Maret 2021, dan telah diikuti dengan penerbitan Peraturan Pemerintah (PP) No 73/2021 tentang Penyertaan Modal Negara (PMN) BRI tanggal 2 Juli 2021. Holding juga didukung pula dengan Keputusan Menteri Keuangan tentang nilai PMN BRI pada 16 Juli 2021, persetujuan dari RUPS-LB BRI pada 22 Juli 2021, serta persetujuan OJK Bank serta OJK Pasar Modal, pada 24 Agustus & 30 Agustus 2021. Menteri Badan Usaha Milik Negara (BUMN), Erick Thohir, mengatakan hal ini menjadi tonggak bersejarah berdirinya Holding Ultra Mikro yang memiliki visi ekonomi kerakyatan. “Saya berterima kasih atas komitmen tiga BUMN mewujudkan Holding Ultra Mikro dan ini merupakan momentum kebangkitan ekonomi nasional melalui penciptaan lapangan kerja baru dan penyerapan tenaga kerja,” ujarnya kepada TopBusiness.id. Holding Ultra Mikro, tambahnya, akan memberikan berbagai kemudahan dan biaya pinjaman dana yang lebih murah dengan jangkauan yang lebih luas, pendalaman layanan, dan pemberdayaan masyarakat secara berkelanjutan. “Tentunya pemerintah secara keseluruhan memiliki solusi besar untuk menunjukkan keberpihakan kepada sektor ultra mikro. Ketika pemerintah berbicara tentang Indonesia Maju, maka di dalamnya ada kemajuan segmen ultra mikro, melalui penguatan ketahanan ekonomi dan pertumbuhan berkualitas, mengurangi kesenjangan, dan meningkatkan kualitas SDM terutama pengusaha Ultra Mikro dengan pemberdayaan melalui holding ini,” tegas Erick. Erick menekankan bahwa hadirnya holding akan memperkuat model bisnis masing-masing perseroan. Menurutnya, BRI, Pegadaian dan PNM akan saling melengkapi memberikan layanan keuangan yang terintegrasi untuk keberlanjutan pemberdayaan usaha ultra mikro. “Kehadiran holding ultra mikro ini akan meningkatkan pemberdayaan dan menyediakan pembiayaan yang lebih lengkap dan lebih murah, karena itu salah satu tujuan dari hadirnya Holding UMi melalui sinergi ketiga BUMN. Melalui co-location jejaring layanan BRI ke depan akan dilengkapi pula dengan loket untuk Pegadaian, maupun pos para account officer (AO) dari PNM Mekaar. Bahkan melalui berbagai simulasi, co-location mampu mencatatkan efisiensi karena menekan biaya operasional dan biaya dana (cost of fund),” ujarnya optimistis. Dalam kesempatan yang sama Direktur Utama Bank BRI, Sunarso mengamini Erick. Menurutnya, Holding Ultra Mikro akan menghasilkan lembaga pemberdayaan mikro termasuk ultra mikro terbesar yang memiliki ekosistem keuangan terlengkap. Ekosistem ultra mikro yang dibangun berdasarkan sinergi model bisnis BRI, Pegadaian, dan PNM akan mampu memberikan journey layanan keuangan yang terintegrasi bagi pelaku usaha di segmen tersebut. “Journey-nya dimulai dengan fase Empower, dimana PNM melalui model bisnis Group Lending- nya memberikan program pemberdayaan kepada nasabah yang unfeasible dan unbanked untuk menjadi pengusaha ultra mikro yang lebih independen. Selanjutnya, pada fase Integrate, saat nasabah PNM sudah menjadi feasible dengan kapasitas bisnis yang meningkat, dapat ditawarkan produk Ultra Mikro BRI dan Pegadaian. Tujuan akhir dari Integrated Journey dalam Ekosistem Ultra Mikro ini adalah fase Upgrade, dimana nasabah UMi telah berkembang menjadi pengusaha dengan kapasitas bisnis yang lebih matang dan siap naik kelas ke segmen Mikro,” ujar Sunarso. Lebih lanjut, Sunarso menjelaskan potensi holding dari segi bisnis. Dari data yang dimiliki pihaknya, usaha ultra mikro yang membutuhkan pendanaan tambahan mencapai 45 juta nasabah pada 2018. Dari jumlah itu, yang sudah tersentuh lembaga keuangan formal baru sekitar 15 juta nasabah. “Pembentukan ekosistem ultra mikro akan memperkuat perjalanan BRI dalam mencapai aspirasi The Most Valuable Banking Group in Southeast Asia and Champion of Financial Inclusion, dan terus memberikan value berkelanjutan bagi seluruh stakeholders,” ujar Sunarso. Sementara itu, Direktur Utama Pegadaian Kuswiyoto menambahkan jika sinergi ekosistem Ultra Mikro yang yang terbentuk karena holding akan memberikan akses layanan keuangan yang lebih luas dan lebih mudah kepada pelaku usaha di segmen tersebut. Seiring dengan perkembangan usaha, kebutuhan pendanaan tambahan dapat dilayani juga oleh Pegadaian untuk produk gadai serta layanan investasi dalam bentuk Tabungan Emas juga dapat menjadi tambahan akses layanan keuangan kepada nasabah ultra mikro. Pegadaian akan melanjutkan peran pemberdayaan PNM melalui akses produk berbasis gadai dan layanan keuangan lainnya yang lebih luas kepada nasabah ultra mikro yang feasible dan bankable sehingga naik kelas. Ini menjadi momentum bagi Pegadaian untuk terus tumbuh bersama masyarakat. Langkah ini sejalan dengan latar belakang perusahaan membantu meningkatkan kesejahteraan masyarakat serta berpartisipasi aktif dalam pembangunan ekonomi. Selain itu juga sesuai dengan visi Pegadaian, menjadi The Most Valuable Financial Company di Indonesia dan sebagai agen inklusi keuangan pilihan utama masyarakat. Optimisme senada diungkapkan Direktur Utama Permodalan Nasional Madani Arief Mulyadi. Menurutnya, ketiga entitas sudah melakukan integrasi terutama dalam sumber daya, infrastruktur dan data. Dengan integrasi ekosistem UMi melalui holding, kami pun optimistis program PNM Mekaar akan semakin memberikan manfaat bagi masyarakat kecil karena dapat mengoptimalkan peran pemberdayaan PNM dengan penurunan biaya overhead. Kami tentunya lebih yakin ke depan dengan sinergi dan penguatan ekosistem UMi melalui holding akan semakin terakselerasi, dan ini tentunya sebuah kebanggaan bagi kami. Selain sebagai pemacu pertumbuhan, holding UMi ini akan memberikan nilai tambah untuk nasabah. Tercapainya sinergi ultra mikro ini tak lepas dari dukungan pemerintah, termasuk diantaranya regulator, parlemen, dan pemegang saham serta seluruh manajemen dan karyawan dari ketiga entitas holding. “Oleh karena itu, dengan ditandatanganinya akta inbreng pada hari ini, kami persembahkan Holding UMi ini khususnya untuk pelaku usaha ultra mikro dan umumnya bagi pelaku UMKM yang merupakan salah satu tulang punggung perekonomian nasional serta bagi seluruh stakeholder,” pungkas Catur. Your email address will not be published. Required fields are marked * Comment  Name *  Email *  Website   

  Δ  TopBusiness - Inspire Great Business Performance | All Rights Reserved "
2021-09-15,3144.2109375,0,"JAKARTA – Holding Ultra Mikro yang melibatkan tiga entitas Badan Usaha Milik Negara (BUMN) yakni PT Bank Rakyat Indonesia (Persero) Tbk. atau BRI, PT Pegadaian (Persero) dan PT Permodalan Nasional Madani (Persero) atau PNM resmi terbentuk. Hal ini seiring dilakukannya penandatanganan Akta Inbreng saham pemerintah pada Pegadaian dan PNM sebagai penyertaan modal negara kepada BRI selaku induk holding di Jakarta, 13 September 2021. Penandatanganan dilakukan oleh Menteri Badan Usaha Milik Negara (BUMN) RI Erick Thohir bersama dengan Direktur Utama BRI Sunarso, dan dihadiri oleh Direktur Utama Pegadaian Kuswiyoto, dan Direktur Utama PNM Arief Mulyadi serta Wakil Direktur Utama BRI yang sekaligus sebagai Ketua PMO (Project Management Office) Tim Privatisasi BRI Catur Budi Harto. Milestone bersejarah bagi UMKM ini tidak mengubah porsi kepemilikan pemerintah atas saham pengendali di BRI. Di sisi lain, setelah holding terbentuk, negara tetap memiliki satu lembar saham merah putih seri A atau golden share di Pegadaian dan PNM. Sebelumnya pembentukan Holding Ultra Mikro telah mendapat persetujuan dari Komite Stabilitas Sistem Keuangan pada 5 Februari 2021, Ketua Komite Privatisasi pada 17 Februari 2021, dukungan dari parlemen yakni Komisi XI dan Komisi VI DPR RI pada 16 Maret & 18 Maret 2021, dan telah diikuti dengan penerbitan Peraturan Pemerintah (PP) No 73/2021 tentang Penyertaan Modal Negara (PMN) BRI tanggal 2 Juli 2021. Holding juga didukung pula dengan Keputusan Menteri Keuangan tentang nilai PMN BRI pada 16 Juli 2021, persetujuan dari RUPS-LB BRI pada 22 Juli 2021, serta persetujuan OJK Bank serta OJK Pasar Modal pada 24 Agustus & 30 Agustus 2021. Menteri Badan Usaha Milik Negara (BUMN) Erick Thohir mengatakan hal ini menjadi tonggak bersejarah berdirinya Holding Ultra Mikro yang memiliki visi ekonomi kerakyatan. “Saya berterima kasih atas komitmen tiga BUMN mewujudkan Holding Ultra Mikro dan ini merupakan momentum kebangkitan ekonomi nasional melalui penciptaan lapangan kerja baru dan penyerapan tenaga kerja,” ujarnya. Holding Ultra Mikro, tambahnya, akan memberikan berbagai kemudahan dan biaya pinjaman dana yang lebih murah dengan jangkauan yang lebih luas, pendalaman layanan, dan pemberdayaan masyarakat secara berkelanjutan. “Tentunya pemerintah secara keseluruhan memiliki solusi besar untuk menunjukkan keberpihakan kepada sektor ultra mikro. Ketika pemerintah berbicara tentang Indonesia Maju, maka di dalamnya ada kemajuan segmen ultra mikro, melalui penguatan ketahanan ekonomi dan pertumbuhan berkualitas, mengurangi kesenjangan, dan meningkatkan kualitas SDM terutama pengusaha Ultra Mikro dengan pemberdayaan melalui holding ini,” tegas Erick. Erick menekankan bahwa hadirnya holding akan memperkuat model bisnis masing-masing perseroan. Menurutnya, BRI, Pegadaian dan PNM akan saling melengkapi memberikan layanan keuangan yang terintegrasi untuk keberlanjutan pemberdayaan usaha ultra mikro. “Kehadiran holding ultra mikro ini akan meningkatkan pemberdayaan dan menyediakan pembiayaan yang lebih lengkap dan lebih murah, karena itu salah satu tujuan dari hadirnya Holding UMi melalui sinergi ketiga BUMN. Melalui co-location jejaring layanan BRI ke depan akan dilengkapi pula dengan loket untuk Pegadaian, maupun pos para account officer (AO) dari PNM Mekaar. Bahkan melalui berbagai simulasi, co-location mampu mencatatkan efisiensi karena menekan biaya operasional dan biaya dana (cost of fund),” ujarnya optimistis. Dalam kesempatan yang sama Direktur Utama Bank BRI, Sunarso mengamini Erick. Menurutnya, Holding Ultra Mikro akan menghasilkan lembaga pemberdayaan mikro termasuk ultra mikro terbesar yang memiliki ekosistem keuangan terlengkap. Ekosistem ultra mikro yang dibangun berdasarkan sinergi model bisnis BRI, Pegadaian, dan PNM akan mampu memberikan journey layanan keuangan yang terintegrasi bagi pelaku usaha di segmen tersebut. “Journey-nya dimulai dengan fase Empower dimana PNM melalui model bisnis Group Lending-nya memberikan program pemberdayaan kepada nasabah yang unfeasible dan unbanked untuk menjadi pengusaha ultra mikro yang lebih independen. Selanjutnya, pada fase Integrate, saat nasabah PNM sudah menjadi feasible dengan kapasitas bisnis yang meningkat, dapat ditawarkan produk Ultra Mikro BRI dan Pegadaian. Tujuan akhir dari Integrated Journey dalam Ekosistem Ultra Mikro ini adalah fase Upgrade, dimana nasabah UMi telah berkembang menjadi pengusaha dengan kapasitas bisnis yang lebih matang dan siap naik kelas ke segmen Mikro,” ujar Sunarso. Lebih lanjut, Sunarso menjelaskan potensi holding dari segi bisnis. Dari data yang dimiliki pihaknya, usaha ultra mikro yang membutuhkan pendanaan tambahan mencapai 45 juta nasabah pada 2018. Dari jumlah itu, yang sudah tersentuh lembaga keuangan formal baru sekitar 15 juta nasabah. “Pembentukan ekosistem ultra mikro akan memperkuat perjalanan BRI dalam mencapai aspirasi The Most Valuable Banking Group in Southeast Asia and Champion of Financial Inclusion, dan terus memberikan value berkelanjutan bagi seluruh stakeholders,” ujar Sunarso. Sementara itu, Direktur Utama Pegadaian Kuswiyoto menambahkan jika sinergi ekosistem Ultra Mikro yang yang terbentuk karena holding akan memberikan akses layanan keuangan yang lebih luas dan lebih mudah kepada pelaku usaha di segmen tersebut. Seiring dengan perkembangan usaha, kebutuhan pendanaan tambahan dapat dilayani juga oleh Pegadaian untuk produk gadai serta layanan investasi dalam bentuk Tabungan Emas juga dapat menjadi tambahan akses layanan keuangan kepada nasabah ultra mikro. Pegadaian akan melanjutkan peran pemberdayaan PNM melalui akses produk berbasis gadai dan layanan keuangan lainnya yang lebih luas kepada nasabah ultra mikro yang feasible dan bankable sehingga naik kelas. Ini menjadi momentum bagi Pegadaian untuk terus tumbuh bersama masyarakat. Langkah ini sejalan dengan latar belakang perusahaan membantu meningkatkan kesejahteraan masyarakat serta berpartisipasi aktif dalam pembangunan ekonomi. Selain itu juga sesuai dengan visi Pegadaian, menjadi The Most Valuable Financial Company di Indonesia dan sebagai agen inklusi keuangan pilihan utama masyarakat. Optimisme senada diungkapkan Direktur Utama Permodalan Nasional Madani Arief Mulyadi. Menurutnya, ketiga entitas sudah melakukan integrasi terutama dalam sumber daya, infrastruktur dan data. Dengan integrasi ekosistem UMi melalui holding, kami pun optimistis program PNM Mekaar akan semakin memberikan manfaat bagi masyarakat kecil karena dapat mengoptimalkan peran pemberdayaan PNM dengan penurunan biaya overhead. Kami tentunya lebih yakin ke depan dengan sinergi dan penguatan ekosistem UMi melalui holding akan semakin terakselerasi, dan ini tentunya sebuah kebanggaan bagi kami. Selain sebagai pemacu pertumbuhan, holding UMi ini akan memberikan nilai tambah untuk nasabah. Tercapainya sinergi ultra mikro ini tak lepas dari dukungan pemerintah, termasuk diantaranya regulator, parlemen, dan pemegang saham serta seluruh manajemen dan karyawan dari ketiga entitas holding. “Oleh karena itu, dengan ditandatanganinya akta inbreng pada hari ini, kami persembahkan Holding UMi ini khususnya untuk pelaku usaha ultra mikro dan umumnya bagi pelaku UMKM yang merupakan salah satu tulang punggung perekonomian nasional serta bagi seluruh stakeholder,” pungkas Catur. Sumber: bumn.go.id Copyright © 2024 by PT Multi Sarana Media. All right reserved.Developed by Majalah Sawit Indonesia Development Tim. 
					Type above and press Enter to search. Press Esc to cancel.				"
2021-09-30,3307.4345703125,0,"Scan this QR or download app from: JAKARTA, iNews.id - Finalis Girls Take Over, Sisilia Tunga hari ini, Kamis (30/9/2021) akan menggantikan peran Direktur Utama (Dirut) Bank Rakyat Indonesia (BRI) Sunarso. Girls Take Over adalah program kesetaraan gender di lingkungan Kementerian BUMN. Dikutip dari akun Mandiri Update di Instagram, perempuan berusia 22 tahun asal Nusa Tenggara Timur (NTT) ini selama sehari akan melaksanakan berbagai kegiatan, mulai dari menyaksikan penandatanganan kerja sama, memimpin rapat pimpinan, hingga kunjungan lapangan.  Sisilia juga akan memberikan masukan atas situasi yang diobservasi di lapangan. Selain itu, dia akan berdiskusi dengan Direktur Utama BRI Sunarso untuk meningkatkan kepemimpinan setara di lingkungan BRI. Selain Sisilia, lima perempuan lainnya juga menggantikan Menteri BUMN, Direktur Utama Angkasa Pura I, BRI, Kimia Farma, Bank Mandiri, dan Telkomsel sepanjang hari ini. Mereka, yakni Sharon Florencia yang menggantikan Menteri BUMN Erick Thohir. Selain itu, ada Adinda, Indira, Putri, dan Virdha.   Sisilia sendiri memiliki pengalaman menjadi pendidik. Dia sempat menjadi seorang edukator dan Plt Kepala Sekolah Pendidikan Usia Dini, yang membawahi empat kelas besar di sebuah lembaga pendidikan swasta di Kota Kupang.  Sejak 2015, dia tergabung dalam komunitas di bidang pendidikan dan lingkungan. Dia mengajar Bahasa Inggris dan mata pelajaran serta keahlian lainnya bagi anak-anak yang tinggal di kampung nelayan dan bekerja sebagai kuli angkut di pasar. Sisilia ingin mendorong semua pihak untuk lebih memperhatikan isu kesetaraan gender dan tidak menghakimi perempuan atas pilihan yang diambil terhadap kepemilikan tubuhnya.  
                    Editor : Jujuk Ernawati
                 Lokasi Tidak Terdeteksi Aktifkan fitur berita di sekitarmu?  Pastikan pengaturan lokasi browser Anda aktif Ketahui lebih lanjut Pastikan pengaturan lokasi browser Anda aktif Ketahui lebih lanjut"
2022-05-09,4045.871826171875,0,"Koto Tangah,Liputan7.id – Pimpinan Bank BRI Unit Koto Tangah Handoko menuduh nasabah menuliskan sendiri tulisan “Tanda Tangan Berlaku Salah Satu Tanpa Cap” di halaman depan buku tabungan atas nama PT Mediatama Zeine Kutuby (PT MZK), Senin (9/5/2022). Tuduhan ini bermula ketika Direktur Utama PT MZK Martha Syaflina hendak menarik uang dari rekening BRI atas nama PT tersebut. Rencananya, setelah ditarik akan ditransfer ke wartawan yang bekerja di MZK News juga. Sebab, itu uang jatah mereka selesai meliput berita. Setelah mengantri di teller, teller sudah mengonfirmasi bahwa Martha harus menemui pimpinan sebab tulisan tersebut. “Ibu ketemu pimpinan saya dulu saja, ya. Sebab, harus ada dua orang yang menarik ke bank ini,” kata Teller bernama Diah. Lebih lanjut, Martha mengatakan bahwa sebelumnya dia sudah pernah menarik dan transfer yang uang juga ke wartawannya di Bank BRI Unit Pasar Bawah Kota Bukittinggi. Hanya dimintai surat penunjukan rekening saja. Tanda tangan pun berlaku salah satu. “Tapi, saya kemarin bisa menarik uang di BRI Pasar Bawah. Barusan saya cetak rekening koran juga di CS bank ini, bisa, kok. Kenapa di sini tidak bisa?” ujar Martha Teller BRI Koto Tangah tetap meminta Martha untuk bertemu pimpinannya di lantai atas. Pimpinan tersebut pun mengatakan hal yang sama kepada Martha. “Ibu, ini kan, harus dua orang yang datang ke sini. Kalau tulisan ini, bisa saja Ibu yang tulis sendiri atau siapa pun,” kata Pimpinan Bank tersebut. Martha pun menjelaskan bahwa aturan Bank BRI di seluruh Indonesia itu sama. Lalu, ketika dia menarik uang di Bank BRI Pasar Bawah mudah saja bahkan dibantu. “Oke, Pak. Saya tak usah menarik uang di sini. Saya tak pernah menuliskan ini. Tulisan ini ditulis oleh CS di tempat saya bikin rekening di Jogja. Aturan bank se-Indonesia kan sama saja, Pak,” pungkas Martha sembari berlalu meninggalkan pimpinan tersebut. (Abdul) ACEH UTARA.LIPUTAN7.ID – Kapolsek Dewantara bersama Muspika Kecamatan… SUMENEP, LIPUTAN7.ID – Bola panas kasus mafia perbankan… PADANG PARIAMAN, LIPUTAN7.ID – Sebuah proyek pembangunan di… ACEH TIMUR, LIPUTAN7.ID – Sebanyak total 24 Warga… JEPARA,LIPUTAN7.ID – Terkait adanya laporan dugaan pemerasan yang… LAHAT, LIPUTAN7.ID – Berkas perkara terhadap 6 tersangka…"
2022-09-29,4001.215576171875,0,"Dorong Pelaku Usaha Bangkit, Dirut BRI Sunarso Dinobatkan sebagai Tokoh Pembiayaan dan Pemberdayaan UMKM KOMPAS.com - Direktur Utama PT Bank Rakyat Indonesia (Persero) Tbk atau BRI Sunarso dinobatkan sebagai “Tokoh Pembiayaan dan Pemberdayaan UMKM” dalam gelaran “Rakyat Merdeka Award untuk Indonesia Pulih dan Bangkit 2022”. Penghargaan tersebut tak terlepas dari peran Sunarso sebagai master mind dalam konsistensi dan kesuksesan BRI dalam memberdayakan dan mengedukasi pelaku usaha mikro kecil dan menengah (UMKM). Sunarso mendedikasikan penghargaan tersebut untuk seluruh insan BRILiaN atau pekerja BRI. Pasalnya, menurut Sunarso, mereka telah memberikan kontribusi terbaik kepada perseroan, nasabah BRI, dan Indonesia. Penghargaan tersebut juga ia persembahkan untuk seluruh nasabah UMKM BRI yang menjadi tulang punggung perekonomian Indonesia. Menurutnya, UMKM di Indonesia membutuhkan edukasi secara konsisten dan berkelanjutan daripada advokasi. “Oleh karena itu, BRI semakin fokus untuk memberdayakan dan mengedukasi pelaku usaha di segmen UMKM,” ujar Sunarso dalam siaran pers yang diterima Kompas.com, Kamis (29/9/2022). Sejak awal pandemi Covid-19, lanjut Sunarso, BRI telah mengambil langkah strategis untuk tetap mempertahankan sustainability kinerja. BRI juga berperan aktif mendukung program pemerintah dalam kaitannya dalam percepatan Pemulihan Ekonomi Nasional (PEN). Upaya lain yang dilakukan BRI adalah melakukan penyelamatan terhadap UMKM yang memiliki peranan krusial terhadap perekonomian Indonesia. UMKM sendiri tercatat memberikan kontribusi sebesar 60,3 persen dari total produk domestik bruto (PDB) Indonesia. Selain itu, sektor UMKM juga mampu menyerap 97 persen tenaga kerja dan menyediakan 99 persen lapangan kerja di Indonesia. Akan tetapi, pandemi Covid-19 memberikan tekanan berat bagi pelaku UMKM. Pasalnya, mereka tidak bisa melakukan aktivitas ekonomi seperti biasanya. Oleh karena itu, selama pandemi, BRI berupaya menyelamatkan UMKM dengan strategi business follows stimulus. DOK. BRI Direktur Utama BRI Sunarso. 

 “Agar stimulus berjalan efektif, BRI menyiapkan empat syarat. Pertama, harus ada dananya, yaitu memastikan anggarannya tersedia. Kedua, data pihak yang mendapatkan stimulus tersedia. Ketiga, kami akan menyiapkan sistem yang kredibel dan reliabel agar stimulus tersebut tepat sasaran. Keempat, komunikasi secara terus-menerus dengan masyarakat,” tuturnya. Pertumbuhan penyaluran kredit UMKM Sunarso menilai, fokus BRI dalam memberdayakan dan membangkitkan aktivitas pelaku UMKM pada saat pandemi menjadi motor kinerja keuangan perseroan. Hingga akhir kuartal II 2022, BRI secara konsolidasian (BRI Group) berhasil mencatatkan laba bersih senilai Rp 24,88 triliun atau tumbuh 98,38 persen secara tahunan atau year on year (yoy). Total aset BRI juga meningkat 6,37 persen yoy menjadi Rp 1.652,84 triliun. Kinerja penyaluran kredit BRI juga ditopang oleh fokus perseroan yang terus mendorong pertumbuhan kredit di segmen UMKM. BRI Group sendiri berhasil menyalurkan kredit sebesar Rp 1.104,79 triliun atau tumbuh 8,75 persen yoy. Penyaluran kredit kepada seluruh segmen pinjaman pun tercatat tumbuh positif. Rinciannya adalah segmen mikro yang masih menjadi penopang utama tumbuh 15,07 persen, segmen consumer tumbuh 5,27 persen, segmen korporasi tumbuh 3,76 persen, serta segmen usaha kecil dan menengah tumbuh 2,71 persen.  “Secara khusus, portofolio kredit UMKM BRI tercatat tumbuh sebesar 9,81 persen dari Rp 837,82 triliun pada akhir Juni 2021 menjadi Rp 920 triliun pada akhir Juni 2022. Hal ini menjadikan proporsi kredit UMKM terus merangkak naik menjadi sebesar 83,27 persen ketimbang total kredit BRI. Proporsi kredit UMKM tersebut akan terus didorong tumbuh hingga 85 persen pada 2024,” papar Sunarso. DOK. BRI Direktur Utama BRI Sunarso. 

 Atas pencapaian tersebut, Sunarso juga meraih penghargaan bertaraf internasional dari The Asset Triple A pada Juli 2022. BRI memboyong dua penghargaan sekaligus pada penghargaan “The Asset Triple A - Treasury, Trade, Sustainability Supply Chain & Risk Management” di Singapura. Sunarso sendiri dinobatkan sebagai The Best “SME Banker of The Year” dan BRI mendapatkan predikat “Best in Treasury and Working Capital – SMEs”. Melalui kepemimpinannya di BRI sejak 2019, Sunarso dapat membawa kembali menetapkan BRI untuk kembali ke khitahnya sebagai bank UMKM. Hal ini membuat BRI mampu bertahan dari guncangan krisis akibat pandemi. Ke depan, lanjut Sunarso, BRI akan terus fokus di segmen UMKM, bahkan akan menyasar ke segmen mikro dan ultramikro (UMi). “Strategi fokus di segmen UMKM dan UMi sebagai sumber pertumbuhan baru dilakukan untuk merealisasikan aspirasi BRI menjadi ‘The Most Valuable Banking Group in Southeast Asia & Champion of Financial Inclusion’ pada 2025,” tuturnya. Copyright 2008 - 2024 PT. Kompas Cyber Media (Kompas Gramedia Digital Group). All Rights Reserved."
2023-08-31,5267.7685546875,0,"Ada delapan hal yang dikedepankan BRI untuk dikelola demi kesuksesan transformasi.  REPUBLIKA.CO.ID, JAKARTA -- Transformasi sebagai respon atas risiko strategi menjadi keniscayaan bagi korporasi untuk mempertahankan pertumbuhan berkelanjutan yang tangguh di tengah berbagai tantangan zaman. Keberhasilan transformasi pun akan ditentukan pada pucuk kepemimpinan yang kuat. 



Direktur Utama BRI Sunarso dalam seminar bertajuk ‘Leadership in Changing Atmosphere’ yang diselenggarakan Otoritas Jasa Keuangan (OJK) Institute, mengatakan, dalam Basel III pada framework industri keuangan khususnya perbankan dalam mengelola risiko, terdapat delapan hal yang harus dikelola dengan baik.
Baca Juga
 

Pakar: BRI dan BNI Harus Tetap Eksis di Perbankan dan Keuangan Syariah 
 
Melalui BRI Life Berbagi, Geliat UMKM Bungbulang Garut Semakin Semarak 
 
Yuk Investasi! Daftar Jadi Investor Surat Berharga Negara Makin Mudah  Lewat BRImo

 
Kedelapan hal tersebut adalah risiko kredit, risiko pasar, risiko likuiditas, risiko operasional, risiko hukum, risiko reputasi, risiko strategi, dan risiko kepatuhan. Namun Sunarso menilai, risiko paling menantang adalah risiko strategi.
“Ini risiko yang mengekspos kita dan berakibat pada gagalnya kita bersaing. Karena strategi yang kita terapkan tidak tepat, kurang tepat, atau sedikit kurang tepat, atau terlambat. Jadi, cara merespon strategic risk yang paling utama adalah kemauan kita untuk berubah. Dan itulah yang kita sebut transformasi,” katanya, dalam keterangan tertulis, Kamis (31/8/2023). 









Di sisi lain, menurutnya mengelola transformasi tidak mudah. Bahkan bisa dikatakan sama dengan mengelola sesuatu yang dilematis. Sebab, transformasi hasilnya dalam waktu yang relatif jangka panjang.
“Sering seorang CEO takut melakukan transformasi, karena apa? Mengejar aspirasi jangka panjang, menyelamatkan perusahaan jangka panjang, tapi mengorbankan kinerja perusahaan hari ini. Tetapi sebaliknya kalau terlalu mengejar kinerja hari ini, maka kemudian risiko strategi itu makin terakumulasi, sulit untuk bangkit. Maka ditandai dengan gagalnya sebuah korporasi,” ujarnya.
Oleh karena itu, Sunarso menjelaskan, ada empat syarat agar transformasi menjadi sukses. Pertama, harus jelas obyek yang ditransformasikan. BRI sendiri melakukan dua hal fundamental dalam transformasi yaitu digital dan culture sejak 2016 di mana Sunarso terlibat langsung sejak awal transformasi tersebut dilakukan.
Kedua, harus ada pemimpin yang menggerakkan dalam bertransformasi. Sunarso menekankan, dalam hal ini pimpinan tertinggi memegang peranan paling penting. Karena secara langsung mentransformasi dan mengawasi keberhasilan objek yang ditransformasikan tersebut.
“Penelitian menunjukkan bahwa leadership dan culture merupakan hal yang paling sulit ditiru oleh kompetitor. Ini yang menjadi tantangan membangun keunggulan daya saing jangka panjang,” katanya. 
Ketiga, seluruh aktivitas dan aspirasi transformasi itu harus di buy-in atau dikehendaki oleh seluruh karyawan. Keempat, transformasi harus menjadi mekanisme kesisteman. Oleh karena itu, transformasi harus ditulis, disusun dalam bentuk blueprint. 
Kemudian, dalam menyusun blueprint transformasi, manajemen memetakan kekuatan dan kelemahan perseroan. Juga memetakan tantangan yang dihadapi serta peluang yang dimiliki. 
Setelah itu, barulah manajemen perseroan menyusun visi dan bagaimana serta kapan akan merealisasikannya. Berikutnya adalah merancang struktur organisasi termasuk menyusun bisnis model, hingga mendesain new business model. 
Hal itu dilakukan untuk menciptakan efisiensi dan men-create value baru, di mana menjadi tugas seorang CEO untuk creating value. Dalam hal itulah transformasi digital BRI memiliki dua fungsi yaitu efisiensi dan men-create new business model yang sebelumnya tidak pernah ada sama sekali, sehingga men-create value baru. 
“Terakhir yang harus kita desain adalah perilaku kolektif yang efektif untuk mencapai tujuan. Itulah yang kita sebut mendesain culture. Jadi culture di sini adalah agregasi dari perilaku-perilaku individu, mindset individu yang secara kolektif itu adalah sangat efektif untuk mencapai tujuan bersama. Saya kira itu prinsip-prinsip untuk transformasi,” ujarnya menegaskan.
Dengan transformasi tersebut, BRI ingin merealisasikan dua visi besar pada 2025. Pertama adalah Champion of Financial Inclusion dan yang kedua menjadi The Most Valuable Banking Group in South East Asia.
Sementara itu, dalam acara tersebut hadir pula Wakil Ketua Dewan Komisioner OJK Mirza Adityaswara. Dia menekankan bahwa adaptasi atau transformasi harus diperhatikan dan dilakukan dalam menghadapi tantangan yang terus berubah seiring zaman. Menurutnya, 'changing atmosphere' memang adalah sesuatu yang selalu ada. 
Oleh karena itu, sebagai manusia, adaptasi atau transformasi perlu terus dilakukan. Dia mencontohkan, bagaimana pandemi Covid-19 mengubah segalanya. Mendorong dunia pada krisis ekonomi, krisis kemanusiaan, dan tentunya krisis kesehatan. Sehingga, pada saat itu, berbagai belahan dunia mengalami ekonomi yang negatif. 
“Dan dampak negatifnya besar sekali. Oleh karena itu, kalau kita bicara sebagai korporasi, sebagai perusahaan, baik itu perusahaan besar, menengah, kecil, kita harus bisa beradaptasi terhadap perubahan tersebut,” ucapnya.





			Ikuti Whatsapp Channel Republika 

 REPUBLIKA.CO.ID, JAKARTA -- Transformasi sebagai respon atas risiko strategi menjadi keniscayaan bagi korporasi untuk mempertahankan pertumbuhan berkelanjutan yang tangguh di tengah berbagai tantangan zaman. Keberhasilan transformasi pun akan ditentukan pada pucuk kepemimpinan yang kuat. 
Direktur Utama BRI Sunarso dalam seminar bertajuk ‘Leadership in Changing Atmosphere’ yang diselenggarakan Otoritas Jasa Keuangan (OJK) Institute, mengatakan, dalam Basel III pada framework industri keuangan khususnya perbankan dalam mengelola risiko, terdapat delapan hal yang harus dikelola dengan baik.
Baca Juga
 

Pakar: BRI dan BNI Harus Tetap Eksis di Perbankan dan Keuangan Syariah 
 
Melalui BRI Life Berbagi, Geliat UMKM Bungbulang Garut Semakin Semarak 
 
Yuk Investasi! Daftar Jadi Investor Surat Berharga Negara Makin Mudah  Lewat BRImo

 
Kedelapan hal tersebut adalah risiko kredit, risiko pasar, risiko likuiditas, risiko operasional, risiko hukum, risiko reputasi, risiko strategi, dan risiko kepatuhan. Namun Sunarso menilai, risiko paling menantang adalah risiko strategi.
“Ini risiko yang mengekspos kita dan berakibat pada gagalnya kita bersaing. Karena strategi yang kita terapkan tidak tepat, kurang tepat, atau sedikit kurang tepat, atau terlambat. Jadi, cara merespon strategic risk yang paling utama adalah kemauan kita untuk berubah. Dan itulah yang kita sebut transformasi,” katanya, dalam keterangan tertulis, Kamis (31/8/2023). 









Di sisi lain, menurutnya mengelola transformasi tidak mudah. Bahkan bisa dikatakan sama dengan mengelola sesuatu yang dilematis. Sebab, transformasi hasilnya dalam waktu yang relatif jangka panjang.
“Sering seorang CEO takut melakukan transformasi, karena apa? Mengejar aspirasi jangka panjang, menyelamatkan perusahaan jangka panjang, tapi mengorbankan kinerja perusahaan hari ini. Tetapi sebaliknya kalau terlalu mengejar kinerja hari ini, maka kemudian risiko strategi itu makin terakumulasi, sulit untuk bangkit. Maka ditandai dengan gagalnya sebuah korporasi,” ujarnya.
Oleh karena itu, Sunarso menjelaskan, ada empat syarat agar transformasi menjadi sukses. Pertama, harus jelas obyek yang ditransformasikan. BRI sendiri melakukan dua hal fundamental dalam transformasi yaitu digital dan culture sejak 2016 di mana Sunarso terlibat langsung sejak awal transformasi tersebut dilakukan.
Kedua, harus ada pemimpin yang menggerakkan dalam bertransformasi. Sunarso menekankan, dalam hal ini pimpinan tertinggi memegang peranan paling penting. Karena secara langsung mentransformasi dan mengawasi keberhasilan objek yang ditransformasikan tersebut.
“Penelitian menunjukkan bahwa leadership dan culture merupakan hal yang paling sulit ditiru oleh kompetitor. Ini yang menjadi tantangan membangun keunggulan daya saing jangka panjang,” katanya. 
Ketiga, seluruh aktivitas dan aspirasi transformasi itu harus di buy-in atau dikehendaki oleh seluruh karyawan. Keempat, transformasi harus menjadi mekanisme kesisteman. Oleh karena itu, transformasi harus ditulis, disusun dalam bentuk blueprint. 
Kemudian, dalam menyusun blueprint transformasi, manajemen memetakan kekuatan dan kelemahan perseroan. Juga memetakan tantangan yang dihadapi serta peluang yang dimiliki. 
Setelah itu, barulah manajemen perseroan menyusun visi dan bagaimana serta kapan akan merealisasikannya. Berikutnya adalah merancang struktur organisasi termasuk menyusun bisnis model, hingga mendesain new business model. 
Hal itu dilakukan untuk menciptakan efisiensi dan men-create value baru, di mana menjadi tugas seorang CEO untuk creating value. Dalam hal itulah transformasi digital BRI memiliki dua fungsi yaitu efisiensi dan men-create new business model yang sebelumnya tidak pernah ada sama sekali, sehingga men-create value baru. 
“Terakhir yang harus kita desain adalah perilaku kolektif yang efektif untuk mencapai tujuan. Itulah yang kita sebut mendesain culture. Jadi culture di sini adalah agregasi dari perilaku-perilaku individu, mindset individu yang secara kolektif itu adalah sangat efektif untuk mencapai tujuan bersama. Saya kira itu prinsip-prinsip untuk transformasi,” ujarnya menegaskan.
Dengan transformasi tersebut, BRI ingin merealisasikan dua visi besar pada 2025. Pertama adalah Champion of Financial Inclusion dan yang kedua menjadi The Most Valuable Banking Group in South East Asia.
Sementara itu, dalam acara tersebut hadir pula Wakil Ketua Dewan Komisioner OJK Mirza Adityaswara. Dia menekankan bahwa adaptasi atau transformasi harus diperhatikan dan dilakukan dalam menghadapi tantangan yang terus berubah seiring zaman. Menurutnya, 'changing atmosphere' memang adalah sesuatu yang selalu ada. 
Oleh karena itu, sebagai manusia, adaptasi atau transformasi perlu terus dilakukan. Dia mencontohkan, bagaimana pandemi Covid-19 mengubah segalanya. Mendorong dunia pada krisis ekonomi, krisis kemanusiaan, dan tentunya krisis kesehatan. Sehingga, pada saat itu, berbagai belahan dunia mengalami ekonomi yang negatif. 
“Dan dampak negatifnya besar sekali. Oleh karena itu, kalau kita bicara sebagai korporasi, sebagai perusahaan, baik itu perusahaan besar, menengah, kecil, kita harus bisa beradaptasi terhadap perubahan tersebut,” ucapnya.





			Ikuti Whatsapp Channel Republika 

 Direktur Utama BRI Sunarso dalam seminar bertajuk ‘Leadership in Changing Atmosphere’ yang diselenggarakan Otoritas Jasa Keuangan (OJK) Institute, mengatakan, dalam Basel III pada framework industri keuangan khususnya perbankan dalam mengelola risiko, terdapat delapan hal yang harus dikelola dengan baik. 
Kedelapan hal tersebut adalah risiko kredit, risiko pasar, risiko likuiditas, risiko operasional, risiko hukum, risiko reputasi, risiko strategi, dan risiko kepatuhan. Namun Sunarso menilai, risiko paling menantang adalah risiko strategi.
“Ini risiko yang mengekspos kita dan berakibat pada gagalnya kita bersaing. Karena strategi yang kita terapkan tidak tepat, kurang tepat, atau sedikit kurang tepat, atau terlambat. Jadi, cara merespon strategic risk yang paling utama adalah kemauan kita untuk berubah. Dan itulah yang kita sebut transformasi,” katanya, dalam keterangan tertulis, Kamis (31/8/2023). 









Di sisi lain, menurutnya mengelola transformasi tidak mudah. Bahkan bisa dikatakan sama dengan mengelola sesuatu yang dilematis. Sebab, transformasi hasilnya dalam waktu yang relatif jangka panjang.
“Sering seorang CEO takut melakukan transformasi, karena apa? Mengejar aspirasi jangka panjang, menyelamatkan perusahaan jangka panjang, tapi mengorbankan kinerja perusahaan hari ini. Tetapi sebaliknya kalau terlalu mengejar kinerja hari ini, maka kemudian risiko strategi itu makin terakumulasi, sulit untuk bangkit. Maka ditandai dengan gagalnya sebuah korporasi,” ujarnya.
Oleh karena itu, Sunarso menjelaskan, ada empat syarat agar transformasi menjadi sukses. Pertama, harus jelas obyek yang ditransformasikan. BRI sendiri melakukan dua hal fundamental dalam transformasi yaitu digital dan culture sejak 2016 di mana Sunarso terlibat langsung sejak awal transformasi tersebut dilakukan.
Kedua, harus ada pemimpin yang menggerakkan dalam bertransformasi. Sunarso menekankan, dalam hal ini pimpinan tertinggi memegang peranan paling penting. Karena secara langsung mentransformasi dan mengawasi keberhasilan objek yang ditransformasikan tersebut.
“Penelitian menunjukkan bahwa leadership dan culture merupakan hal yang paling sulit ditiru oleh kompetitor. Ini yang menjadi tantangan membangun keunggulan daya saing jangka panjang,” katanya. 
Ketiga, seluruh aktivitas dan aspirasi transformasi itu harus di buy-in atau dikehendaki oleh seluruh karyawan. Keempat, transformasi harus menjadi mekanisme kesisteman. Oleh karena itu, transformasi harus ditulis, disusun dalam bentuk blueprint. 
Kemudian, dalam menyusun blueprint transformasi, manajemen memetakan kekuatan dan kelemahan perseroan. Juga memetakan tantangan yang dihadapi serta peluang yang dimiliki. 
Setelah itu, barulah manajemen perseroan menyusun visi dan bagaimana serta kapan akan merealisasikannya. Berikutnya adalah merancang struktur organisasi termasuk menyusun bisnis model, hingga mendesain new business model. 
Hal itu dilakukan untuk menciptakan efisiensi dan men-create value baru, di mana menjadi tugas seorang CEO untuk creating value. Dalam hal itulah transformasi digital BRI memiliki dua fungsi yaitu efisiensi dan men-create new business model yang sebelumnya tidak pernah ada sama sekali, sehingga men-create value baru. 
“Terakhir yang harus kita desain adalah perilaku kolektif yang efektif untuk mencapai tujuan. Itulah yang kita sebut mendesain culture. Jadi culture di sini adalah agregasi dari perilaku-perilaku individu, mindset individu yang secara kolektif itu adalah sangat efektif untuk mencapai tujuan bersama. Saya kira itu prinsip-prinsip untuk transformasi,” ujarnya menegaskan.
Dengan transformasi tersebut, BRI ingin merealisasikan dua visi besar pada 2025. Pertama adalah Champion of Financial Inclusion dan yang kedua menjadi The Most Valuable Banking Group in South East Asia.
Sementara itu, dalam acara tersebut hadir pula Wakil Ketua Dewan Komisioner OJK Mirza Adityaswara. Dia menekankan bahwa adaptasi atau transformasi harus diperhatikan dan dilakukan dalam menghadapi tantangan yang terus berubah seiring zaman. Menurutnya, 'changing atmosphere' memang adalah sesuatu yang selalu ada. 
Oleh karena itu, sebagai manusia, adaptasi atau transformasi perlu terus dilakukan. Dia mencontohkan, bagaimana pandemi Covid-19 mengubah segalanya. Mendorong dunia pada krisis ekonomi, krisis kemanusiaan, dan tentunya krisis kesehatan. Sehingga, pada saat itu, berbagai belahan dunia mengalami ekonomi yang negatif. 
“Dan dampak negatifnya besar sekali. Oleh karena itu, kalau kita bicara sebagai korporasi, sebagai perusahaan, baik itu perusahaan besar, menengah, kecil, kita harus bisa beradaptasi terhadap perubahan tersebut,” ucapnya.





			Ikuti Whatsapp Channel Republika 

 Kedelapan hal tersebut adalah risiko kredit, risiko pasar, risiko likuiditas, risiko operasional, risiko hukum, risiko reputasi, risiko strategi, dan risiko kepatuhan. Namun Sunarso menilai, risiko paling menantang adalah risiko strategi. 
“Ini risiko yang mengekspos kita dan berakibat pada gagalnya kita bersaing. Karena strategi yang kita terapkan tidak tepat, kurang tepat, atau sedikit kurang tepat, atau terlambat. Jadi, cara merespon strategic risk yang paling utama adalah kemauan kita untuk berubah. Dan itulah yang kita sebut transformasi,” katanya, dalam keterangan tertulis, Kamis (31/8/2023). 









Di sisi lain, menurutnya mengelola transformasi tidak mudah. Bahkan bisa dikatakan sama dengan mengelola sesuatu yang dilematis. Sebab, transformasi hasilnya dalam waktu yang relatif jangka panjang.
“Sering seorang CEO takut melakukan transformasi, karena apa? Mengejar aspirasi jangka panjang, menyelamatkan perusahaan jangka panjang, tapi mengorbankan kinerja perusahaan hari ini. Tetapi sebaliknya kalau terlalu mengejar kinerja hari ini, maka kemudian risiko strategi itu makin terakumulasi, sulit untuk bangkit. Maka ditandai dengan gagalnya sebuah korporasi,” ujarnya.
Oleh karena itu, Sunarso menjelaskan, ada empat syarat agar transformasi menjadi sukses. Pertama, harus jelas obyek yang ditransformasikan. BRI sendiri melakukan dua hal fundamental dalam transformasi yaitu digital dan culture sejak 2016 di mana Sunarso terlibat langsung sejak awal transformasi tersebut dilakukan.
Kedua, harus ada pemimpin yang menggerakkan dalam bertransformasi. Sunarso menekankan, dalam hal ini pimpinan tertinggi memegang peranan paling penting. Karena secara langsung mentransformasi dan mengawasi keberhasilan objek yang ditransformasikan tersebut.
“Penelitian menunjukkan bahwa leadership dan culture merupakan hal yang paling sulit ditiru oleh kompetitor. Ini yang menjadi tantangan membangun keunggulan daya saing jangka panjang,” katanya. 
Ketiga, seluruh aktivitas dan aspirasi transformasi itu harus di buy-in atau dikehendaki oleh seluruh karyawan. Keempat, transformasi harus menjadi mekanisme kesisteman. Oleh karena itu, transformasi harus ditulis, disusun dalam bentuk blueprint. 
Kemudian, dalam menyusun blueprint transformasi, manajemen memetakan kekuatan dan kelemahan perseroan. Juga memetakan tantangan yang dihadapi serta peluang yang dimiliki. 
Setelah itu, barulah manajemen perseroan menyusun visi dan bagaimana serta kapan akan merealisasikannya. Berikutnya adalah merancang struktur organisasi termasuk menyusun bisnis model, hingga mendesain new business model. 
Hal itu dilakukan untuk menciptakan efisiensi dan men-create value baru, di mana menjadi tugas seorang CEO untuk creating value. Dalam hal itulah transformasi digital BRI memiliki dua fungsi yaitu efisiensi dan men-create new business model yang sebelumnya tidak pernah ada sama sekali, sehingga men-create value baru. 
“Terakhir yang harus kita desain adalah perilaku kolektif yang efektif untuk mencapai tujuan. Itulah yang kita sebut mendesain culture. Jadi culture di sini adalah agregasi dari perilaku-perilaku individu, mindset individu yang secara kolektif itu adalah sangat efektif untuk mencapai tujuan bersama. Saya kira itu prinsip-prinsip untuk transformasi,” ujarnya menegaskan.
Dengan transformasi tersebut, BRI ingin merealisasikan dua visi besar pada 2025. Pertama adalah Champion of Financial Inclusion dan yang kedua menjadi The Most Valuable Banking Group in South East Asia.
Sementara itu, dalam acara tersebut hadir pula Wakil Ketua Dewan Komisioner OJK Mirza Adityaswara. Dia menekankan bahwa adaptasi atau transformasi harus diperhatikan dan dilakukan dalam menghadapi tantangan yang terus berubah seiring zaman. Menurutnya, 'changing atmosphere' memang adalah sesuatu yang selalu ada. 
Oleh karena itu, sebagai manusia, adaptasi atau transformasi perlu terus dilakukan. Dia mencontohkan, bagaimana pandemi Covid-19 mengubah segalanya. Mendorong dunia pada krisis ekonomi, krisis kemanusiaan, dan tentunya krisis kesehatan. Sehingga, pada saat itu, berbagai belahan dunia mengalami ekonomi yang negatif. 
“Dan dampak negatifnya besar sekali. Oleh karena itu, kalau kita bicara sebagai korporasi, sebagai perusahaan, baik itu perusahaan besar, menengah, kecil, kita harus bisa beradaptasi terhadap perubahan tersebut,” ucapnya.





			Ikuti Whatsapp Channel Republika 

 “Ini risiko yang mengekspos kita dan berakibat pada gagalnya kita bersaing. Karena strategi yang kita terapkan tidak tepat, kurang tepat, atau sedikit kurang tepat, atau terlambat. Jadi, cara merespon strategic risk yang paling utama adalah kemauan kita untuk berubah. Dan itulah yang kita sebut transformasi,” katanya, dalam keterangan tertulis, Kamis (31/8/2023). 
Di sisi lain, menurutnya mengelola transformasi tidak mudah. Bahkan bisa dikatakan sama dengan mengelola sesuatu yang dilematis. Sebab, transformasi hasilnya dalam waktu yang relatif jangka panjang.
“Sering seorang CEO takut melakukan transformasi, karena apa? Mengejar aspirasi jangka panjang, menyelamatkan perusahaan jangka panjang, tapi mengorbankan kinerja perusahaan hari ini. Tetapi sebaliknya kalau terlalu mengejar kinerja hari ini, maka kemudian risiko strategi itu makin terakumulasi, sulit untuk bangkit. Maka ditandai dengan gagalnya sebuah korporasi,” ujarnya.
Oleh karena itu, Sunarso menjelaskan, ada empat syarat agar transformasi menjadi sukses. Pertama, harus jelas obyek yang ditransformasikan. BRI sendiri melakukan dua hal fundamental dalam transformasi yaitu digital dan culture sejak 2016 di mana Sunarso terlibat langsung sejak awal transformasi tersebut dilakukan.
Kedua, harus ada pemimpin yang menggerakkan dalam bertransformasi. Sunarso menekankan, dalam hal ini pimpinan tertinggi memegang peranan paling penting. Karena secara langsung mentransformasi dan mengawasi keberhasilan objek yang ditransformasikan tersebut.
“Penelitian menunjukkan bahwa leadership dan culture merupakan hal yang paling sulit ditiru oleh kompetitor. Ini yang menjadi tantangan membangun keunggulan daya saing jangka panjang,” katanya. 
Ketiga, seluruh aktivitas dan aspirasi transformasi itu harus di buy-in atau dikehendaki oleh seluruh karyawan. Keempat, transformasi harus menjadi mekanisme kesisteman. Oleh karena itu, transformasi harus ditulis, disusun dalam bentuk blueprint. 
Kemudian, dalam menyusun blueprint transformasi, manajemen memetakan kekuatan dan kelemahan perseroan. Juga memetakan tantangan yang dihadapi serta peluang yang dimiliki. 
Setelah itu, barulah manajemen perseroan menyusun visi dan bagaimana serta kapan akan merealisasikannya. Berikutnya adalah merancang struktur organisasi termasuk menyusun bisnis model, hingga mendesain new business model. 
Hal itu dilakukan untuk menciptakan efisiensi dan men-create value baru, di mana menjadi tugas seorang CEO untuk creating value. Dalam hal itulah transformasi digital BRI memiliki dua fungsi yaitu efisiensi dan men-create new business model yang sebelumnya tidak pernah ada sama sekali, sehingga men-create value baru. 
“Terakhir yang harus kita desain adalah perilaku kolektif yang efektif untuk mencapai tujuan. Itulah yang kita sebut mendesain culture. Jadi culture di sini adalah agregasi dari perilaku-perilaku individu, mindset individu yang secara kolektif itu adalah sangat efektif untuk mencapai tujuan bersama. Saya kira itu prinsip-prinsip untuk transformasi,” ujarnya menegaskan.
Dengan transformasi tersebut, BRI ingin merealisasikan dua visi besar pada 2025. Pertama adalah Champion of Financial Inclusion dan yang kedua menjadi The Most Valuable Banking Group in South East Asia.
Sementara itu, dalam acara tersebut hadir pula Wakil Ketua Dewan Komisioner OJK Mirza Adityaswara. Dia menekankan bahwa adaptasi atau transformasi harus diperhatikan dan dilakukan dalam menghadapi tantangan yang terus berubah seiring zaman. Menurutnya, 'changing atmosphere' memang adalah sesuatu yang selalu ada. 
Oleh karena itu, sebagai manusia, adaptasi atau transformasi perlu terus dilakukan. Dia mencontohkan, bagaimana pandemi Covid-19 mengubah segalanya. Mendorong dunia pada krisis ekonomi, krisis kemanusiaan, dan tentunya krisis kesehatan. Sehingga, pada saat itu, berbagai belahan dunia mengalami ekonomi yang negatif. 
“Dan dampak negatifnya besar sekali. Oleh karena itu, kalau kita bicara sebagai korporasi, sebagai perusahaan, baik itu perusahaan besar, menengah, kecil, kita harus bisa beradaptasi terhadap perubahan tersebut,” ucapnya.





			Ikuti Whatsapp Channel Republika 

 Di sisi lain, menurutnya mengelola transformasi tidak mudah. Bahkan bisa dikatakan sama dengan mengelola sesuatu yang dilematis. Sebab, transformasi hasilnya dalam waktu yang relatif jangka panjang. 
“Sering seorang CEO takut melakukan transformasi, karena apa? Mengejar aspirasi jangka panjang, menyelamatkan perusahaan jangka panjang, tapi mengorbankan kinerja perusahaan hari ini. Tetapi sebaliknya kalau terlalu mengejar kinerja hari ini, maka kemudian risiko strategi itu makin terakumulasi, sulit untuk bangkit. Maka ditandai dengan gagalnya sebuah korporasi,” ujarnya.
Oleh karena itu, Sunarso menjelaskan, ada empat syarat agar transformasi menjadi sukses. Pertama, harus jelas obyek yang ditransformasikan. BRI sendiri melakukan dua hal fundamental dalam transformasi yaitu digital dan culture sejak 2016 di mana Sunarso terlibat langsung sejak awal transformasi tersebut dilakukan.
Kedua, harus ada pemimpin yang menggerakkan dalam bertransformasi. Sunarso menekankan, dalam hal ini pimpinan tertinggi memegang peranan paling penting. Karena secara langsung mentransformasi dan mengawasi keberhasilan objek yang ditransformasikan tersebut.
“Penelitian menunjukkan bahwa leadership dan culture merupakan hal yang paling sulit ditiru oleh kompetitor. Ini yang menjadi tantangan membangun keunggulan daya saing jangka panjang,” katanya. 
Ketiga, seluruh aktivitas dan aspirasi transformasi itu harus di buy-in atau dikehendaki oleh seluruh karyawan. Keempat, transformasi harus menjadi mekanisme kesisteman. Oleh karena itu, transformasi harus ditulis, disusun dalam bentuk blueprint. 
Kemudian, dalam menyusun blueprint transformasi, manajemen memetakan kekuatan dan kelemahan perseroan. Juga memetakan tantangan yang dihadapi serta peluang yang dimiliki. 
Setelah itu, barulah manajemen perseroan menyusun visi dan bagaimana serta kapan akan merealisasikannya. Berikutnya adalah merancang struktur organisasi termasuk menyusun bisnis model, hingga mendesain new business model. 
Hal itu dilakukan untuk menciptakan efisiensi dan men-create value baru, di mana menjadi tugas seorang CEO untuk creating value. Dalam hal itulah transformasi digital BRI memiliki dua fungsi yaitu efisiensi dan men-create new business model yang sebelumnya tidak pernah ada sama sekali, sehingga men-create value baru. 
“Terakhir yang harus kita desain adalah perilaku kolektif yang efektif untuk mencapai tujuan. Itulah yang kita sebut mendesain culture. Jadi culture di sini adalah agregasi dari perilaku-perilaku individu, mindset individu yang secara kolektif itu adalah sangat efektif untuk mencapai tujuan bersama. Saya kira itu prinsip-prinsip untuk transformasi,” ujarnya menegaskan.
Dengan transformasi tersebut, BRI ingin merealisasikan dua visi besar pada 2025. Pertama adalah Champion of Financial Inclusion dan yang kedua menjadi The Most Valuable Banking Group in South East Asia.
Sementara itu, dalam acara tersebut hadir pula Wakil Ketua Dewan Komisioner OJK Mirza Adityaswara. Dia menekankan bahwa adaptasi atau transformasi harus diperhatikan dan dilakukan dalam menghadapi tantangan yang terus berubah seiring zaman. Menurutnya, 'changing atmosphere' memang adalah sesuatu yang selalu ada. 
Oleh karena itu, sebagai manusia, adaptasi atau transformasi perlu terus dilakukan. Dia mencontohkan, bagaimana pandemi Covid-19 mengubah segalanya. Mendorong dunia pada krisis ekonomi, krisis kemanusiaan, dan tentunya krisis kesehatan. Sehingga, pada saat itu, berbagai belahan dunia mengalami ekonomi yang negatif. 
“Dan dampak negatifnya besar sekali. Oleh karena itu, kalau kita bicara sebagai korporasi, sebagai perusahaan, baik itu perusahaan besar, menengah, kecil, kita harus bisa beradaptasi terhadap perubahan tersebut,” ucapnya.





			Ikuti Whatsapp Channel Republika 

 “Sering seorang CEO takut melakukan transformasi, karena apa? Mengejar aspirasi jangka panjang, menyelamatkan perusahaan jangka panjang, tapi mengorbankan kinerja perusahaan hari ini. Tetapi sebaliknya kalau terlalu mengejar kinerja hari ini, maka kemudian risiko strategi itu makin terakumulasi, sulit untuk bangkit. Maka ditandai dengan gagalnya sebuah korporasi,” ujarnya. 
Oleh karena itu, Sunarso menjelaskan, ada empat syarat agar transformasi menjadi sukses. Pertama, harus jelas obyek yang ditransformasikan. BRI sendiri melakukan dua hal fundamental dalam transformasi yaitu digital dan culture sejak 2016 di mana Sunarso terlibat langsung sejak awal transformasi tersebut dilakukan.
Kedua, harus ada pemimpin yang menggerakkan dalam bertransformasi. Sunarso menekankan, dalam hal ini pimpinan tertinggi memegang peranan paling penting. Karena secara langsung mentransformasi dan mengawasi keberhasilan objek yang ditransformasikan tersebut.
“Penelitian menunjukkan bahwa leadership dan culture merupakan hal yang paling sulit ditiru oleh kompetitor. Ini yang menjadi tantangan membangun keunggulan daya saing jangka panjang,” katanya. 
Ketiga, seluruh aktivitas dan aspirasi transformasi itu harus di buy-in atau dikehendaki oleh seluruh karyawan. Keempat, transformasi harus menjadi mekanisme kesisteman. Oleh karena itu, transformasi harus ditulis, disusun dalam bentuk blueprint. 
Kemudian, dalam menyusun blueprint transformasi, manajemen memetakan kekuatan dan kelemahan perseroan. Juga memetakan tantangan yang dihadapi serta peluang yang dimiliki. 
Setelah itu, barulah manajemen perseroan menyusun visi dan bagaimana serta kapan akan merealisasikannya. Berikutnya adalah merancang struktur organisasi termasuk menyusun bisnis model, hingga mendesain new business model. 
Hal itu dilakukan untuk menciptakan efisiensi dan men-create value baru, di mana menjadi tugas seorang CEO untuk creating value. Dalam hal itulah transformasi digital BRI memiliki dua fungsi yaitu efisiensi dan men-create new business model yang sebelumnya tidak pernah ada sama sekali, sehingga men-create value baru. 
“Terakhir yang harus kita desain adalah perilaku kolektif yang efektif untuk mencapai tujuan. Itulah yang kita sebut mendesain culture. Jadi culture di sini adalah agregasi dari perilaku-perilaku individu, mindset individu yang secara kolektif itu adalah sangat efektif untuk mencapai tujuan bersama. Saya kira itu prinsip-prinsip untuk transformasi,” ujarnya menegaskan.
Dengan transformasi tersebut, BRI ingin merealisasikan dua visi besar pada 2025. Pertama adalah Champion of Financial Inclusion dan yang kedua menjadi The Most Valuable Banking Group in South East Asia.
Sementara itu, dalam acara tersebut hadir pula Wakil Ketua Dewan Komisioner OJK Mirza Adityaswara. Dia menekankan bahwa adaptasi atau transformasi harus diperhatikan dan dilakukan dalam menghadapi tantangan yang terus berubah seiring zaman. Menurutnya, 'changing atmosphere' memang adalah sesuatu yang selalu ada. 
Oleh karena itu, sebagai manusia, adaptasi atau transformasi perlu terus dilakukan. Dia mencontohkan, bagaimana pandemi Covid-19 mengubah segalanya. Mendorong dunia pada krisis ekonomi, krisis kemanusiaan, dan tentunya krisis kesehatan. Sehingga, pada saat itu, berbagai belahan dunia mengalami ekonomi yang negatif. 
“Dan dampak negatifnya besar sekali. Oleh karena itu, kalau kita bicara sebagai korporasi, sebagai perusahaan, baik itu perusahaan besar, menengah, kecil, kita harus bisa beradaptasi terhadap perubahan tersebut,” ucapnya.





			Ikuti Whatsapp Channel Republika 

 Oleh karena itu, Sunarso menjelaskan, ada empat syarat agar transformasi menjadi sukses. Pertama, harus jelas obyek yang ditransformasikan. BRI sendiri melakukan dua hal fundamental dalam transformasi yaitu digital dan culture sejak 2016 di mana Sunarso terlibat langsung sejak awal transformasi tersebut dilakukan. 
Kedua, harus ada pemimpin yang menggerakkan dalam bertransformasi. Sunarso menekankan, dalam hal ini pimpinan tertinggi memegang peranan paling penting. Karena secara langsung mentransformasi dan mengawasi keberhasilan objek yang ditransformasikan tersebut.
“Penelitian menunjukkan bahwa leadership dan culture merupakan hal yang paling sulit ditiru oleh kompetitor. Ini yang menjadi tantangan membangun keunggulan daya saing jangka panjang,” katanya. 
Ketiga, seluruh aktivitas dan aspirasi transformasi itu harus di buy-in atau dikehendaki oleh seluruh karyawan. Keempat, transformasi harus menjadi mekanisme kesisteman. Oleh karena itu, transformasi harus ditulis, disusun dalam bentuk blueprint. 
Kemudian, dalam menyusun blueprint transformasi, manajemen memetakan kekuatan dan kelemahan perseroan. Juga memetakan tantangan yang dihadapi serta peluang yang dimiliki. 
Setelah itu, barulah manajemen perseroan menyusun visi dan bagaimana serta kapan akan merealisasikannya. Berikutnya adalah merancang struktur organisasi termasuk menyusun bisnis model, hingga mendesain new business model. 
Hal itu dilakukan untuk menciptakan efisiensi dan men-create value baru, di mana menjadi tugas seorang CEO untuk creating value. Dalam hal itulah transformasi digital BRI memiliki dua fungsi yaitu efisiensi dan men-create new business model yang sebelumnya tidak pernah ada sama sekali, sehingga men-create value baru. 
“Terakhir yang harus kita desain adalah perilaku kolektif yang efektif untuk mencapai tujuan. Itulah yang kita sebut mendesain culture. Jadi culture di sini adalah agregasi dari perilaku-perilaku individu, mindset individu yang secara kolektif itu adalah sangat efektif untuk mencapai tujuan bersama. Saya kira itu prinsip-prinsip untuk transformasi,” ujarnya menegaskan.
Dengan transformasi tersebut, BRI ingin merealisasikan dua visi besar pada 2025. Pertama adalah Champion of Financial Inclusion dan yang kedua menjadi The Most Valuable Banking Group in South East Asia.
Sementara itu, dalam acara tersebut hadir pula Wakil Ketua Dewan Komisioner OJK Mirza Adityaswara. Dia menekankan bahwa adaptasi atau transformasi harus diperhatikan dan dilakukan dalam menghadapi tantangan yang terus berubah seiring zaman. Menurutnya, 'changing atmosphere' memang adalah sesuatu yang selalu ada. 
Oleh karena itu, sebagai manusia, adaptasi atau transformasi perlu terus dilakukan. Dia mencontohkan, bagaimana pandemi Covid-19 mengubah segalanya. Mendorong dunia pada krisis ekonomi, krisis kemanusiaan, dan tentunya krisis kesehatan. Sehingga, pada saat itu, berbagai belahan dunia mengalami ekonomi yang negatif. 
“Dan dampak negatifnya besar sekali. Oleh karena itu, kalau kita bicara sebagai korporasi, sebagai perusahaan, baik itu perusahaan besar, menengah, kecil, kita harus bisa beradaptasi terhadap perubahan tersebut,” ucapnya.





			Ikuti Whatsapp Channel Republika 

 Kedua, harus ada pemimpin yang menggerakkan dalam bertransformasi. Sunarso menekankan, dalam hal ini pimpinan tertinggi memegang peranan paling penting. Karena secara langsung mentransformasi dan mengawasi keberhasilan objek yang ditransformasikan tersebut. 
“Penelitian menunjukkan bahwa leadership dan culture merupakan hal yang paling sulit ditiru oleh kompetitor. Ini yang menjadi tantangan membangun keunggulan daya saing jangka panjang,” katanya. 
Ketiga, seluruh aktivitas dan aspirasi transformasi itu harus di buy-in atau dikehendaki oleh seluruh karyawan. Keempat, transformasi harus menjadi mekanisme kesisteman. Oleh karena itu, transformasi harus ditulis, disusun dalam bentuk blueprint. 
Kemudian, dalam menyusun blueprint transformasi, manajemen memetakan kekuatan dan kelemahan perseroan. Juga memetakan tantangan yang dihadapi serta peluang yang dimiliki. 
Setelah itu, barulah manajemen perseroan menyusun visi dan bagaimana serta kapan akan merealisasikannya. Berikutnya adalah merancang struktur organisasi termasuk menyusun bisnis model, hingga mendesain new business model. 
Hal itu dilakukan untuk menciptakan efisiensi dan men-create value baru, di mana menjadi tugas seorang CEO untuk creating value. Dalam hal itulah transformasi digital BRI memiliki dua fungsi yaitu efisiensi dan men-create new business model yang sebelumnya tidak pernah ada sama sekali, sehingga men-create value baru. 
“Terakhir yang harus kita desain adalah perilaku kolektif yang efektif untuk mencapai tujuan. Itulah yang kita sebut mendesain culture. Jadi culture di sini adalah agregasi dari perilaku-perilaku individu, mindset individu yang secara kolektif itu adalah sangat efektif untuk mencapai tujuan bersama. Saya kira itu prinsip-prinsip untuk transformasi,” ujarnya menegaskan.
Dengan transformasi tersebut, BRI ingin merealisasikan dua visi besar pada 2025. Pertama adalah Champion of Financial Inclusion dan yang kedua menjadi The Most Valuable Banking Group in South East Asia.
Sementara itu, dalam acara tersebut hadir pula Wakil Ketua Dewan Komisioner OJK Mirza Adityaswara. Dia menekankan bahwa adaptasi atau transformasi harus diperhatikan dan dilakukan dalam menghadapi tantangan yang terus berubah seiring zaman. Menurutnya, 'changing atmosphere' memang adalah sesuatu yang selalu ada. 
Oleh karena itu, sebagai manusia, adaptasi atau transformasi perlu terus dilakukan. Dia mencontohkan, bagaimana pandemi Covid-19 mengubah segalanya. Mendorong dunia pada krisis ekonomi, krisis kemanusiaan, dan tentunya krisis kesehatan. Sehingga, pada saat itu, berbagai belahan dunia mengalami ekonomi yang negatif. 
“Dan dampak negatifnya besar sekali. Oleh karena itu, kalau kita bicara sebagai korporasi, sebagai perusahaan, baik itu perusahaan besar, menengah, kecil, kita harus bisa beradaptasi terhadap perubahan tersebut,” ucapnya.





			Ikuti Whatsapp Channel Republika 

 “Penelitian menunjukkan bahwa leadership dan culture merupakan hal yang paling sulit ditiru oleh kompetitor. Ini yang menjadi tantangan membangun keunggulan daya saing jangka panjang,” katanya.  
Ketiga, seluruh aktivitas dan aspirasi transformasi itu harus di buy-in atau dikehendaki oleh seluruh karyawan. Keempat, transformasi harus menjadi mekanisme kesisteman. Oleh karena itu, transformasi harus ditulis, disusun dalam bentuk blueprint. 
Kemudian, dalam menyusun blueprint transformasi, manajemen memetakan kekuatan dan kelemahan perseroan. Juga memetakan tantangan yang dihadapi serta peluang yang dimiliki. 
Setelah itu, barulah manajemen perseroan menyusun visi dan bagaimana serta kapan akan merealisasikannya. Berikutnya adalah merancang struktur organisasi termasuk menyusun bisnis model, hingga mendesain new business model. 
Hal itu dilakukan untuk menciptakan efisiensi dan men-create value baru, di mana menjadi tugas seorang CEO untuk creating value. Dalam hal itulah transformasi digital BRI memiliki dua fungsi yaitu efisiensi dan men-create new business model yang sebelumnya tidak pernah ada sama sekali, sehingga men-create value baru. 
“Terakhir yang harus kita desain adalah perilaku kolektif yang efektif untuk mencapai tujuan. Itulah yang kita sebut mendesain culture. Jadi culture di sini adalah agregasi dari perilaku-perilaku individu, mindset individu yang secara kolektif itu adalah sangat efektif untuk mencapai tujuan bersama. Saya kira itu prinsip-prinsip untuk transformasi,” ujarnya menegaskan.
Dengan transformasi tersebut, BRI ingin merealisasikan dua visi besar pada 2025. Pertama adalah Champion of Financial Inclusion dan yang kedua menjadi The Most Valuable Banking Group in South East Asia.
Sementara itu, dalam acara tersebut hadir pula Wakil Ketua Dewan Komisioner OJK Mirza Adityaswara. Dia menekankan bahwa adaptasi atau transformasi harus diperhatikan dan dilakukan dalam menghadapi tantangan yang terus berubah seiring zaman. Menurutnya, 'changing atmosphere' memang adalah sesuatu yang selalu ada. 
Oleh karena itu, sebagai manusia, adaptasi atau transformasi perlu terus dilakukan. Dia mencontohkan, bagaimana pandemi Covid-19 mengubah segalanya. Mendorong dunia pada krisis ekonomi, krisis kemanusiaan, dan tentunya krisis kesehatan. Sehingga, pada saat itu, berbagai belahan dunia mengalami ekonomi yang negatif. 
“Dan dampak negatifnya besar sekali. Oleh karena itu, kalau kita bicara sebagai korporasi, sebagai perusahaan, baik itu perusahaan besar, menengah, kecil, kita harus bisa beradaptasi terhadap perubahan tersebut,” ucapnya.





			Ikuti Whatsapp Channel Republika 

 Ketiga, seluruh aktivitas dan aspirasi transformasi itu harus di buy-in atau dikehendaki oleh seluruh karyawan. Keempat, transformasi harus menjadi mekanisme kesisteman. Oleh karena itu, transformasi harus ditulis, disusun dalam bentuk blueprint.  
Kemudian, dalam menyusun blueprint transformasi, manajemen memetakan kekuatan dan kelemahan perseroan. Juga memetakan tantangan yang dihadapi serta peluang yang dimiliki. 
Setelah itu, barulah manajemen perseroan menyusun visi dan bagaimana serta kapan akan merealisasikannya. Berikutnya adalah merancang struktur organisasi termasuk menyusun bisnis model, hingga mendesain new business model. 
Hal itu dilakukan untuk menciptakan efisiensi dan men-create value baru, di mana menjadi tugas seorang CEO untuk creating value. Dalam hal itulah transformasi digital BRI memiliki dua fungsi yaitu efisiensi dan men-create new business model yang sebelumnya tidak pernah ada sama sekali, sehingga men-create value baru. 
“Terakhir yang harus kita desain adalah perilaku kolektif yang efektif untuk mencapai tujuan. Itulah yang kita sebut mendesain culture. Jadi culture di sini adalah agregasi dari perilaku-perilaku individu, mindset individu yang secara kolektif itu adalah sangat efektif untuk mencapai tujuan bersama. Saya kira itu prinsip-prinsip untuk transformasi,” ujarnya menegaskan.
Dengan transformasi tersebut, BRI ingin merealisasikan dua visi besar pada 2025. Pertama adalah Champion of Financial Inclusion dan yang kedua menjadi The Most Valuable Banking Group in South East Asia.
Sementara itu, dalam acara tersebut hadir pula Wakil Ketua Dewan Komisioner OJK Mirza Adityaswara. Dia menekankan bahwa adaptasi atau transformasi harus diperhatikan dan dilakukan dalam menghadapi tantangan yang terus berubah seiring zaman. Menurutnya, 'changing atmosphere' memang adalah sesuatu yang selalu ada. 
Oleh karena itu, sebagai manusia, adaptasi atau transformasi perlu terus dilakukan. Dia mencontohkan, bagaimana pandemi Covid-19 mengubah segalanya. Mendorong dunia pada krisis ekonomi, krisis kemanusiaan, dan tentunya krisis kesehatan. Sehingga, pada saat itu, berbagai belahan dunia mengalami ekonomi yang negatif. 
“Dan dampak negatifnya besar sekali. Oleh karena itu, kalau kita bicara sebagai korporasi, sebagai perusahaan, baik itu perusahaan besar, menengah, kecil, kita harus bisa beradaptasi terhadap perubahan tersebut,” ucapnya.





			Ikuti Whatsapp Channel Republika 

 Kemudian, dalam menyusun blueprint transformasi, manajemen memetakan kekuatan dan kelemahan perseroan. Juga memetakan tantangan yang dihadapi serta peluang yang dimiliki.  
Setelah itu, barulah manajemen perseroan menyusun visi dan bagaimana serta kapan akan merealisasikannya. Berikutnya adalah merancang struktur organisasi termasuk menyusun bisnis model, hingga mendesain new business model. 
Hal itu dilakukan untuk menciptakan efisiensi dan men-create value baru, di mana menjadi tugas seorang CEO untuk creating value. Dalam hal itulah transformasi digital BRI memiliki dua fungsi yaitu efisiensi dan men-create new business model yang sebelumnya tidak pernah ada sama sekali, sehingga men-create value baru. 
“Terakhir yang harus kita desain adalah perilaku kolektif yang efektif untuk mencapai tujuan. Itulah yang kita sebut mendesain culture. Jadi culture di sini adalah agregasi dari perilaku-perilaku individu, mindset individu yang secara kolektif itu adalah sangat efektif untuk mencapai tujuan bersama. Saya kira itu prinsip-prinsip untuk transformasi,” ujarnya menegaskan.
Dengan transformasi tersebut, BRI ingin merealisasikan dua visi besar pada 2025. Pertama adalah Champion of Financial Inclusion dan yang kedua menjadi The Most Valuable Banking Group in South East Asia.
Sementara itu, dalam acara tersebut hadir pula Wakil Ketua Dewan Komisioner OJK Mirza Adityaswara. Dia menekankan bahwa adaptasi atau transformasi harus diperhatikan dan dilakukan dalam menghadapi tantangan yang terus berubah seiring zaman. Menurutnya, 'changing atmosphere' memang adalah sesuatu yang selalu ada. 
Oleh karena itu, sebagai manusia, adaptasi atau transformasi perlu terus dilakukan. Dia mencontohkan, bagaimana pandemi Covid-19 mengubah segalanya. Mendorong dunia pada krisis ekonomi, krisis kemanusiaan, dan tentunya krisis kesehatan. Sehingga, pada saat itu, berbagai belahan dunia mengalami ekonomi yang negatif. 
“Dan dampak negatifnya besar sekali. Oleh karena itu, kalau kita bicara sebagai korporasi, sebagai perusahaan, baik itu perusahaan besar, menengah, kecil, kita harus bisa beradaptasi terhadap perubahan tersebut,” ucapnya.





			Ikuti Whatsapp Channel Republika 

 Setelah itu, barulah manajemen perseroan menyusun visi dan bagaimana serta kapan akan merealisasikannya. Berikutnya adalah merancang struktur organisasi termasuk menyusun bisnis model, hingga mendesain new business model.  
Hal itu dilakukan untuk menciptakan efisiensi dan men-create value baru, di mana menjadi tugas seorang CEO untuk creating value. Dalam hal itulah transformasi digital BRI memiliki dua fungsi yaitu efisiensi dan men-create new business model yang sebelumnya tidak pernah ada sama sekali, sehingga men-create value baru. 
“Terakhir yang harus kita desain adalah perilaku kolektif yang efektif untuk mencapai tujuan. Itulah yang kita sebut mendesain culture. Jadi culture di sini adalah agregasi dari perilaku-perilaku individu, mindset individu yang secara kolektif itu adalah sangat efektif untuk mencapai tujuan bersama. Saya kira itu prinsip-prinsip untuk transformasi,” ujarnya menegaskan.
Dengan transformasi tersebut, BRI ingin merealisasikan dua visi besar pada 2025. Pertama adalah Champion of Financial Inclusion dan yang kedua menjadi The Most Valuable Banking Group in South East Asia.
Sementara itu, dalam acara tersebut hadir pula Wakil Ketua Dewan Komisioner OJK Mirza Adityaswara. Dia menekankan bahwa adaptasi atau transformasi harus diperhatikan dan dilakukan dalam menghadapi tantangan yang terus berubah seiring zaman. Menurutnya, 'changing atmosphere' memang adalah sesuatu yang selalu ada. 
Oleh karena itu, sebagai manusia, adaptasi atau transformasi perlu terus dilakukan. Dia mencontohkan, bagaimana pandemi Covid-19 mengubah segalanya. Mendorong dunia pada krisis ekonomi, krisis kemanusiaan, dan tentunya krisis kesehatan. Sehingga, pada saat itu, berbagai belahan dunia mengalami ekonomi yang negatif. 
“Dan dampak negatifnya besar sekali. Oleh karena itu, kalau kita bicara sebagai korporasi, sebagai perusahaan, baik itu perusahaan besar, menengah, kecil, kita harus bisa beradaptasi terhadap perubahan tersebut,” ucapnya.





			Ikuti Whatsapp Channel Republika 

 Hal itu dilakukan untuk menciptakan efisiensi dan men-create value baru, di mana menjadi tugas seorang CEO untuk creating value. Dalam hal itulah transformasi digital BRI memiliki dua fungsi yaitu efisiensi dan men-create new business model yang sebelumnya tidak pernah ada sama sekali, sehingga men-create value baru.  
“Terakhir yang harus kita desain adalah perilaku kolektif yang efektif untuk mencapai tujuan. Itulah yang kita sebut mendesain culture. Jadi culture di sini adalah agregasi dari perilaku-perilaku individu, mindset individu yang secara kolektif itu adalah sangat efektif untuk mencapai tujuan bersama. Saya kira itu prinsip-prinsip untuk transformasi,” ujarnya menegaskan.
Dengan transformasi tersebut, BRI ingin merealisasikan dua visi besar pada 2025. Pertama adalah Champion of Financial Inclusion dan yang kedua menjadi The Most Valuable Banking Group in South East Asia.
Sementara itu, dalam acara tersebut hadir pula Wakil Ketua Dewan Komisioner OJK Mirza Adityaswara. Dia menekankan bahwa adaptasi atau transformasi harus diperhatikan dan dilakukan dalam menghadapi tantangan yang terus berubah seiring zaman. Menurutnya, 'changing atmosphere' memang adalah sesuatu yang selalu ada. 
Oleh karena itu, sebagai manusia, adaptasi atau transformasi perlu terus dilakukan. Dia mencontohkan, bagaimana pandemi Covid-19 mengubah segalanya. Mendorong dunia pada krisis ekonomi, krisis kemanusiaan, dan tentunya krisis kesehatan. Sehingga, pada saat itu, berbagai belahan dunia mengalami ekonomi yang negatif. 
“Dan dampak negatifnya besar sekali. Oleh karena itu, kalau kita bicara sebagai korporasi, sebagai perusahaan, baik itu perusahaan besar, menengah, kecil, kita harus bisa beradaptasi terhadap perubahan tersebut,” ucapnya.





			Ikuti Whatsapp Channel Republika 

 “Terakhir yang harus kita desain adalah perilaku kolektif yang efektif untuk mencapai tujuan. Itulah yang kita sebut mendesain culture. Jadi culture di sini adalah agregasi dari perilaku-perilaku individu, mindset individu yang secara kolektif itu adalah sangat efektif untuk mencapai tujuan bersama. Saya kira itu prinsip-prinsip untuk transformasi,” ujarnya menegaskan. 
Dengan transformasi tersebut, BRI ingin merealisasikan dua visi besar pada 2025. Pertama adalah Champion of Financial Inclusion dan yang kedua menjadi The Most Valuable Banking Group in South East Asia.
Sementara itu, dalam acara tersebut hadir pula Wakil Ketua Dewan Komisioner OJK Mirza Adityaswara. Dia menekankan bahwa adaptasi atau transformasi harus diperhatikan dan dilakukan dalam menghadapi tantangan yang terus berubah seiring zaman. Menurutnya, 'changing atmosphere' memang adalah sesuatu yang selalu ada. 
Oleh karena itu, sebagai manusia, adaptasi atau transformasi perlu terus dilakukan. Dia mencontohkan, bagaimana pandemi Covid-19 mengubah segalanya. Mendorong dunia pada krisis ekonomi, krisis kemanusiaan, dan tentunya krisis kesehatan. Sehingga, pada saat itu, berbagai belahan dunia mengalami ekonomi yang negatif. 
“Dan dampak negatifnya besar sekali. Oleh karena itu, kalau kita bicara sebagai korporasi, sebagai perusahaan, baik itu perusahaan besar, menengah, kecil, kita harus bisa beradaptasi terhadap perubahan tersebut,” ucapnya.





			Ikuti Whatsapp Channel Republika 

 Dengan transformasi tersebut, BRI ingin merealisasikan dua visi besar pada 2025. Pertama adalah Champion of Financial Inclusion dan yang kedua menjadi The Most Valuable Banking Group in South East Asia. 
Sementara itu, dalam acara tersebut hadir pula Wakil Ketua Dewan Komisioner OJK Mirza Adityaswara. Dia menekankan bahwa adaptasi atau transformasi harus diperhatikan dan dilakukan dalam menghadapi tantangan yang terus berubah seiring zaman. Menurutnya, 'changing atmosphere' memang adalah sesuatu yang selalu ada. 
Oleh karena itu, sebagai manusia, adaptasi atau transformasi perlu terus dilakukan. Dia mencontohkan, bagaimana pandemi Covid-19 mengubah segalanya. Mendorong dunia pada krisis ekonomi, krisis kemanusiaan, dan tentunya krisis kesehatan. Sehingga, pada saat itu, berbagai belahan dunia mengalami ekonomi yang negatif. 
“Dan dampak negatifnya besar sekali. Oleh karena itu, kalau kita bicara sebagai korporasi, sebagai perusahaan, baik itu perusahaan besar, menengah, kecil, kita harus bisa beradaptasi terhadap perubahan tersebut,” ucapnya.





			Ikuti Whatsapp Channel Republika 

 Sementara itu, dalam acara tersebut hadir pula Wakil Ketua Dewan Komisioner OJK Mirza Adityaswara. Dia menekankan bahwa adaptasi atau transformasi harus diperhatikan dan dilakukan dalam menghadapi tantangan yang terus berubah seiring zaman. Menurutnya, 'changing atmosphere' memang adalah sesuatu yang selalu ada.  
Oleh karena itu, sebagai manusia, adaptasi atau transformasi perlu terus dilakukan. Dia mencontohkan, bagaimana pandemi Covid-19 mengubah segalanya. Mendorong dunia pada krisis ekonomi, krisis kemanusiaan, dan tentunya krisis kesehatan. Sehingga, pada saat itu, berbagai belahan dunia mengalami ekonomi yang negatif. 
“Dan dampak negatifnya besar sekali. Oleh karena itu, kalau kita bicara sebagai korporasi, sebagai perusahaan, baik itu perusahaan besar, menengah, kecil, kita harus bisa beradaptasi terhadap perubahan tersebut,” ucapnya.





			Ikuti Whatsapp Channel Republika 

 Oleh karena itu, sebagai manusia, adaptasi atau transformasi perlu terus dilakukan. Dia mencontohkan, bagaimana pandemi Covid-19 mengubah segalanya. Mendorong dunia pada krisis ekonomi, krisis kemanusiaan, dan tentunya krisis kesehatan. Sehingga, pada saat itu, berbagai belahan dunia mengalami ekonomi yang negatif.  
“Dan dampak negatifnya besar sekali. Oleh karena itu, kalau kita bicara sebagai korporasi, sebagai perusahaan, baik itu perusahaan besar, menengah, kecil, kita harus bisa beradaptasi terhadap perubahan tersebut,” ucapnya.





			Ikuti Whatsapp Channel Republika 

 “Dan dampak negatifnya besar sekali. Oleh karena itu, kalau kita bicara sebagai korporasi, sebagai perusahaan, baik itu perusahaan besar, menengah, kecil, kita harus bisa beradaptasi terhadap perubahan tersebut,” ucapnya. (QS. At-Tagabun ayat 17) Jl. Warung Buncit Raya No 37 Jakarta Selatan 12510  Phone: 021 780 3747  Email:
[email protected] (Redaksi)
[email protected] ( Marketing ) 
[email protected] ( Kerjasama ) 
[email protected] ( Customer Care )
           Copyright © 2023. Republika.co.id. All rights reserved."
2023-09-05,5338.95458984375,0,"Bisnis.com, JAKARTA - Direktur Utama PT Bank Rakyat Indonesia (Persero) Tbk. (BRI) Sunarso akan menjadi pembicara dalam ajang internasional ASEAN Indo Pacific Forum (AIPF) pada hari pertama, Selasa sore di Hotel Mulia, Jakarta (05/09) dan dapat disaksikan langsung melalui youtube resmi Kementerian BUMN RI. Sunarso akan memaparkan bagaimana digitalisasi mendorong transformasi industri perbankan dengan sangat cepat sehingga meningkatkan inklusi keuangan dan pemberdayaan UMKM sebagai bisnis inti BRI. Dalam plenary session tersebut Sunarso akan menjadi pembicara bersama CSO Standard Chartered Marisa Drew, CEO Thales Group Patricia Caine, President of Microsoft Asia Ahmed Mazhari, COO of Masdar Abdulaziz Alobaidii dan Chair of the UK-ASEAN Business Council and Member of House of Lords The Rt Hon Lord Vaizey. AIPF merupakan acara flagship yang diselenggarakan Indonesia sebagai rangkaian acara KTT ASEAN 2023. Menteri BUMN Erick Thohir menyebut AIPF menjadi momen yang tepat bagi BUMN untuk menunjukkan peran strategisnya dalam pembangunan nasional. ""AIPF juga jadi momentum untuk menunjukkan peran strategis BUMN, serta memperluas kerja sama investasi pada proyek-proyek strategis BUMN untuk kemajuan Indonesia dan memperkokoh posisi ASEAN sebagai pusat pertumbuhan ekonomi,"" kata Erick beberapa waktu lalu. Gelaran yang berlangsung pada 5-6 September 2023 ini akan mengangkat tiga isu utama yakni infrastruktur hijau dan rantai pasok, transformasi digital dan kreatif ekonomi serta pembiayaan yang berkelanjutan dan inovatif di sektor ultra mikro, dan MSME. Sebab, berkaitan erat dengan transformasi digital yang ditempuh perseroan dalam meningkatkan inklusi keuangan melalui strategi yang inovatif. Sehingga, hal tersebut dapat turut serta mewujudkan pertumbuhan ekonomi yang berkelanjutan. Dirut BRIPerbesar “Kami mengapresiasi kepercayaan pemerintah kepada BRI sehingga kami dapat turut serta dalam acara ini. Keterlibatan aktif BRI dalam event ini diharapkan dapat mempromosikan kekuatan ekonomi Indonesia di mata dunia khususnya di wilayah Asia Pasifik, serta memberikan dampak signifikan bagi perekonomian negara,” kata Sunarso. “Dengan transformasi yang tengah dijalankan, BRI menjadi lebih siap menghadapi tantangan di industri perbankan modern. Dan kami pun siap merealisasikan visi kami pada 2025 yaitu menjadi The Most Valuable Banking Group in Southeast Asia and Champion of Financial Inclusion,” ujarnya menegaskan. Dengan demikian, BRI diharapkan dapat menjadi salah satu katalis bagi Indonesia sebagai pemangku kepentingan dalam mendukung ASEAN menjadi salah satu episentrum pertumbuhan global. “Dalam hal tersebut tentunya BRI dapat berperan lebih bagi Indonesia melalui peran perbankan yang inovatif dalam mewujudkan pertumbuhan dan pembangunan yang berkelanjutan. Terutama di sektor UMKM sebagai fokus utama BRI,” tutur Sunarso menekankan. Sunarso sendiri adalah seorang bankir senior yang menjabat sebagai CEO BRI Group setelah ditunjuk oleh Kementerian BUMN pada Rapat Umum Pemegang Saham Luar Biasa (RUPSLB) perseroan sejak 2 September 2019. Sebelumnya Sunarso menjabat Wakil Direktur Utama BRI pada 2015 – Oktober 2017. Kemudian dilanjutkan kembali pada Januari - Agustus 2019. Sebelum kembali ke BRI, Sunarso sempat dipercaya menjabat sebagai Direktur Utama Pegadaian. Meski singkat, melalui tangan dinginnya, Sunarso berhasil menjadi penggagas dan penggerak utama transformasi di Pegadaian. Cek Berita dan Artikel yang lain di Google
            News dan WA Channel"
2023-09-05,5338.95458984375,0,"Lupa Kata Sandi? Klik di Sini atau Masuk melalui Belum Memiliki Akun Daftar di Sini atau Daftar melalui Sudah Memiliki Akun Masuk di Sini Konfirmasi Email Kami telah mengirimkan link aktivasi melalui email ke rudihamdani@gmail.com. Klik link aktivasi dan dapatkan akses membaca 2 artikel gratis non Laput di koran dan Majalah Tempo Jika Anda tidak menerima email,
Kirimkan Lagi Sekarang Pencarian Terpopuler Selasa, 5 September 2023 15:25 WIB 

                      Bagikan
                    
 INFO BISNIS – Direktur Utama PT Bank Rakyat Indonesia (Persero) Tbk. (BRI) Sunarso menjadi pembicara di hari pertama ASEAN Indo Pacific Forum (AIPF), di Hotel Mulia, Jakarta, 5 September 2023. Acara ini bisa disaksikan langsung melalui kanal YouTube resmi Kementerian BUMN RI. Dalam sesi pleno tersebut, Sunarso menjelaskan bagaimana transformasi digital telah membantu mendongkrak industri perbankan dengan cepat, meningkatkan inklusi keuangan, dan memberdayakan Usaha Mikro, Kecil, dan Menengah (UMKM) sebagai salah satu fokus utama BRI. Bersama dengan Marisa Drew, CSO Standard Chartered, Patricia Caine, CEO Thales Group, Ahmed Mazhari, Presiden Microsoft Asia, Abdulaziz Alobaidii, COO Masdar, dan The Rt Hon Lord Vaizey, Chair of the UK-ASEAN Business Council dan Anggota House of Lords, Sunarso akan berbicara dalam AIPF, acara flagship yang diselenggarakan oleh Indonesia sebagai bagian dari rangkaian acara KTT ASEAN 2023. Menteri BUMN Erick Thohir mengatakan, AIPF merupakan momen yang tepat bagi BUMN untuk menunjukkan peran strategisnya dalam pembangunan nasional. ""AIPF juga jadi momentum untuk menunjukkan peran strategis BUMN, serta memperluas kerja sama investasi pada proyek-proyek strategis BUMN untuk kemajuan Indonesia dan memperkokoh posisi ASEAN sebagai pusat pertumbuhan ekonomi,"" kata Erick. AIPF tahun ini membahas tiga isu utama: infrastruktur hijau dan rantai pasok, transformasi digital dan kreatif ekonomi, serta pembiayaan yang berkelanjutan dan inovatif di sektor ultra mikro dan UMKM. Transformasi digital menjadi salah satu fokus utama BRI karena terkait erat dengan upaya meningkatkan inklusi keuangan melalui strategi inovatif. Hal ini diharapkan akan mendukung pertumbuhan ekonomi yang berkelanjutan. Sunarso mengapresiasi kepercayaan pemerintah terhadap BRI dalam acara ini dan berharap partisipasi aktif BRI dapat mempromosikan kekuatan ekonomi Indonesia di mata dunia, khususnya di wilayah Asia Pasifik, serta memberikan dampak positif pada perekonomian negara. ""Dengan transformasi yang tengah dijalankan, BRI menjadi lebih siap menghadapi tantangan di industri perbankan modern. Dan kami pun siap merealisasikan visi kami pada 2025 yaitu menjadi The Most Valuable Banking Group in Southeast Asia and Champion of Financial Inclusion,"" ujar Sunarso. BRI diharapkan dapat menjadi salah satu katalis bagi Indonesia dalam mendukung ASEAN menjadi salah satu episentrum pertumbuhan global. ""Dalam hal tersebut tentunya BRI dapat berperan lebih bagi Indonesia melalui peran perbankan yang inovatif dalam mewujudkan pertumbuhan dan pembangunan yang berkelanjutan, terutama di sektor UMKM sebagai fokus utama BRI,"" tambah Sunarso. Sunarso, seorang bankir senior, telah mengemban tugas sebagai CEO BRI Group sejak 2 September 2019, setelah ditunjuk oleh Kementerian BUMN dalam Rapat Umum Pemegang Saham Luar Biasa (RUPSLB) perseroan. Sebelumnya, ia pernah menjabat sebagai Wakil Direktur Utama BRI pada 2015 – Oktober 2017, dan kembali menjabat dari Januari hingga Agustus 2019. Sebelum kembali ke BRI, Sunarso juga pernah menjabat sebagai Direktur Utama Pegadaian, di mana ia berhasil menjadi penggagas dan penggerak utama transformasi di Pegadaian di masa jabatannya yang singkat. (*) Berita Selanjutnya Pertumbuhan Ekonomi Kuartal II-2024 Turun jadi 5,05 Persen, BPS Beberkan Pemicunya 12 menit lalu Tempo Channel Dapatkan kabar pilihan editor dan breaking news di Tempo.co WhatsApp Channel. Artikel Terkait BRI Borong 4 Kategori Penghargaan di Malam Apresiasi Emiten 2024 Paguyuban Warga Sunda Dukung Airin di Pilkada Banten Reuni Akbar UKRIDA, Wamenkeu Suahasil Dorong Kreativitas untuk Gapai Ruang Ekonomi Baru Terpopuler Bisnis: ASN yang Belum Nikah Diminta Berbagi Tempat Tinggal di IKN, Modus Oknum TNI dan Pegawai Bank Diduga Bobol BRI Rp55 Miliar Bamsoet Apresiasi Perjalanan 36 Tahun Bikers Brotherhood MC Indonesia Bamsoet Dapat Gelar Kehormatan Abang Betawi Rekomendasi Artikel Video Pilihan BRI Borong 4 Kategori Penghargaan di Malam Apresiasi Emiten 2024 1 hari lalu Keempat kategori ini merepresentasikan kinerja pertumbuhan laba, nilai kapitalisasi pasar (market capitalization/market cap) dan yield dividen dalam lima tahun terakhir. Paguyuban Warga Sunda Dukung Airin di Pilkada Banten 1 hari lalu Dukungan dari PWSTS ini juga diharapkan dapat semakin memperkuat langkah Airin dalam mewujudkan Banten Maju Bersama. Reuni Akbar UKRIDA, Wamenkeu Suahasil Dorong Kreativitas untuk Gapai Ruang Ekonomi Baru 1 hari lalu Indonesia memiliki visi untuk mewujudkan Indonesia Emas 2045. Ukrida telah merumuskan berbagai kegiatan untuk menyiapkan anak didiknya. Terpopuler Bisnis: ASN yang Belum Nikah Diminta Berbagi Tempat Tinggal di IKN, Modus Oknum TNI dan Pegawai Bank Diduga Bobol BRI Rp55 Miliar 1 hari lalu Azwar Anas menyampaikan progres terbaru mengenai kesiapan pemindahan aparatur sipil negara atau ASN ke Ibu Kota Negara atau IKN Nusantara. Bamsoet Apresiasi Perjalanan 36 Tahun Bikers Brotherhood MC Indonesia 1 hari lalu  Ketua MPR RI ke-16 sekaligus Wakil Ketua Umum Partai Golkar dan Ketua Umum Ikatan Motor Indonesia (IMI) Bambang Soesatyo mengapresiasi perjalanan 36 tahun Bikers Brotherhood MC Indonesia, bertajuk 'Big Bang Brotherhood Street Vibes'.  Bamsoet Dapat Gelar Kehormatan Abang Betawi 1 hari lalu Ketua MPR RI sekaligus Wakil Ketua Umum Partai Golkar Bambang Soesatyo mendapatkan gelar kehormatan Abang Betawi dari Dewan Adat Badan Musyawarah Masyarakat (Bamus) Betawi.  Jasa Raharja Dorong Optimalisasi Peraturan Dana Kecelakaan Lalu Lintas Jalan 1 hari lalu  Jasa Raharja menggelar Focus Group Discussion (FGD) untuk membahas pelaksanaan program perlindungan kecelakaan lalu lintas berdasarkan Peraturan Pemerintah (PP) No. 18 Tahun 1965 tentang Ketentuan-Ketentuan Pelaksanaan Dana Kecelakaan Lalu Lintas Jalan.  Jasa Raharja Bersama Komunitas Motor Tomohon Gelar Keselamatan Berkendara 1 hari lalu  Direktur Utama Jasa Raharja didampingi Direktur Kepatuhan dan Manajemen Risiko Jasa Raharja, Harwan Muldidarmawan, menggelar kegiatan safety riding bersama komunitas NMax Tomohon, pada Jumat, 26 Juli 2024.  Terkini Bisnis: Deflasi 3 Bulan Beruntun dan Risiko Resesi, Cara Membuat QRIS 1 hari lalu Berita terkini ekonomi dan bisnis hingga Sabtu sore, 3 Agustus 2024 antara lain tentang deflasi RI 3 bulan beruntun dan risiko resesi. Jasa Raharja Raih Sertifikasi Internasional Great Place to Work Institute 1 hari lalu Jasa Raharja berhasil mendapatkan sertifikasi Great Place to Work (GPTW) dari Great Place to Work Institute, organisasi riset dan konsultan global yang berfokus pada pengukuran dan peningkatan budaya kerja di perusahaan. Terpopuler di Bisnis Prabowo Subianto Resmikan Perusahaan Manufaktur Kabel di Batam, Wartawan Dilarang Meliput 17 jam lalu Jadi Maskapai Resmi Upacara 17 Agustus ke IKN, Dirut Garuda Indonesia: Tak Ada yang Gratis 19 jam lalu Jokowi Batal Boyong 500 Relawan Projo ke IKN Awal Bulan Ini, Ada Apa? 19 jam lalu Belasan Orang Dekat Jokowi dan Prabowo yang Dapat Posisi di BUMN, Ada Politikus Gerindra juga PSI 21 jam lalu Pemerintah Sewa 1.000 Unit Mobil untuk HUT RI di IKN, Harga Sewa Melonjak 100 Persen 6 jam lalu  23 jam lalu 9 Pulau di Indonesia yang Pernah Dijual di Situs Asing 23 jam lalu Kementerian ESDM Gratiskan Konversi Motor Listrik untuk Warga Jabodetabek, Ada Kuota 500 Unit 21 jam lalu OJK Wajibkan Bank-bank Gabung dalam Satgas Anti-Scam Center, Apa Alasannya? 18 jam lalu Otorita Berencana Jadikan Kearifan Lokal di Kawasan IKN jadi Living Museum Seperti di Bali 8 jam lalu 
    Terkini di Bisnis   Pertumbuhan Ekonomi Kuartal II-2024 Turun jadi 5,05 Persen, BPS Beberkan Pemicunya 12 menit lalu Indef Prediksi BMAD Ubin Keramik akan Turunkan Kesejahteraan Masyarakat hingga Rp7,02 Triliun 21 menit lalu Sri Mulyani Belum Bisa Jawab soal Komitmen Prabowo untuk IKN di RAPBN 2025 46 menit lalu Hari Ini PT KAI Uji Coba 15 Perjalanan LRT Jabodetabek  1 jam lalu Terkini Bisnis: Pemerintah Sewa Seribu Unit Mobil untuk Tamu HUT RI di IKN, Rekomendasi Saham Pekan Ini 1 jam lalu Tak Semua Menteri Hadiri Upacara di IKN, Ini Kata Mensesneg Pratikno 1 jam lalu Pemilik Warung soal Larangan Jual Rokok Ketengan: Aturan Kok Aneh Gitu.. 1 jam lalu Jokowi Ingatkan Prabowo Dampak Perlambatan Ekonomi Global dalam Menyusun RAPBN 2025 2 jam lalu Jokowi Pimpin Rapat RAPBN 2005 Didampingi Prabowo, Wanti-wanti Risiko Perlambatan Ekonomi hingga Penerimaan Negara  2 jam lalu Prakerja Gelombang 71 Ditutup Hari Ini, Simak Cara Daftarnya 2 jam lalu Simak berita harian lebih mendalam di Majalah Tempo Digital. LAPORAN UTAMA LAPORAN NASIONAL Informasi Trustworthy News Jaringan Media Media Sosial Unduh Aplikasi Tempo"
2023-09-05,5338.95458984375,0,"Jakarta, BUMN TRACK – Sebagai bagian dari fokus bisnis dalam mengedepankan sinergi dengan ekosistem BUMN yang lebih komprehensif dan berkesinambungan, LinkAja secara resmi meluncurkan aplikasi LinkAja dengan tampilan khusus (skin) BUMN. Tampilan baru LinkAja ini diperuntukkan bagi para pegawai BUMN dengan fungsi sebagai aplikasi pembayaran dan komunikasi terpadu. “Kolaborasi LinkAja bersama Kementerian dan sejumlah Perusahaan BUMN ini merupakan langkah nyata dalam proses transformasi digital layanan pembayaran dan komunikasi terpadu. Melalui kerja sama ini, layanan LinkAja juga akan digunakan sebagai sarana penunjang transaksi pegawai BUMN melalui pemanfaatan saldo LinkAja,” kata Direktur Utama LinkAja, Yogi Rizkian Bahar dalam keterangan yang diterima di Jakarta, Selasa (5/9/23). Aplikasi ini juga menjadi media komunikasi efektif dan efisien bagi Karyawan BUMN atas informasi terbaru seputar Kementerian maupun Perusahaan BUMN yang tergabung di dalamnya yang dikirimkan secara rutin dan berkala melalui aplikasi LinkAja. Tak hanya itu, aplikasi tersebut juga dapat diutilisasi sebagai media promosi terkait produk dan layanan masing-masing perusahaan BUMN. Inisiasi ini bukan hanya sebagai perwujudan eksistensi LinkAja yang telah hadir selama lima tahun lebih mendukung program pemerintah dalam mewujudkan inklusi keuangan digital, melainkan juga wujud apresiasi LinkAja yang dipercaya sebagai solusi layanan aplikasi digital keuangan terpadu bagi perusahaan di bawah Kementerian BUMN. “Sinergi ini merupakan langkah nyata yang memang telah diinisiasi sejak LinkAja berdiri. Untuk memaksimalkan kapabilitas LinkAja dalam kapasitasnya sebagai layanan aplikasi pembayaran dan komunikasi terpadu,” tambahnya. Bukan hanya itu, LinkAja terus mengimplementasikan perannya sebagai digital financial solutions di dalam ruang lingkup BUMN, terutama di dalam ekosistem Telkomsel, Pertamina dan Himbara. LinkAja senantiasa berinovasi dan berkolaborasi untuk mendukung aktivasi ekonomi Indonesia yang inklusif. Deputi Bidang Sumber Daya Manusia Teknologi dan Informasi Kementerian BUMN, Tedi Bharata menyampaikan, Kementerian BUMN menyambut positif terobosan LinkAja sebagai penyedia layanan keuangan digital terpusat dalam penyaluran dana dan juga sebagai kanal sentralisasi informasi pegawai BUMN Group termasuk didalamnya promo, penawaran menarik ataupun informasi produk dari BUMN Group. Harapannya keluarga besar BUMN Group mendapatkan informasi penawaran khusus baik produk maupun jasa dari seluruh perusahaan BUMN. Nantinya, setiap pegawai BUMN Group berkesempatan mendapatkan penawaran khusus dari berbagai produk, jasa, dan layanan terkait transportasi, digital, dan telekomunikasi milik BUMN lainnya. “Tentu Hal ini merupakan kolaborasi strategis sekaligus inisiatif yang baik dalam melakukan transformasi untuk layanan optimal bagi perusahaan dibawah pengelolaan Kementerian BUMN. Kami berharap agar setiap Perusahaan BUMN dapat bergabung dan mengambil bagian penting dan memiliki andil yang besar dalam transformasi yang tengah dilakukan, khususnya pemanfaatan layanan digital yang tersentralisasi ini,” jelas Tedi. Saat ini lebih dari 200 ribu karyawan BUMN sudah terdaftar untuk dapat menikmati produk, program, informasi, layanan dan bertransaksi aktif dalam aplikasi ini. Kolaborasi ini diikuti oleh karyawan tetap dari perusahaan-perusahaan BUMN seperti Telkomsel, Telkom, BRI, BNI, Bank Mandiri dan BTN. Dengan dukungan dari Kementerian BUMN, LinkAja terus menjajaki potensi kolaborasi ke perusahaan-perusahaan BUMN lainnya dengan potensi sebanyak lebih dari 1 juta karyawan. Bentuk sinergi ini merupakan implementasi dari fokus bisnis LinkAja melalui model bisnis dua sisi B2B2C(Business to Business to Consumer) dalam upaya memperkuat fundamental bisnis untuk mencapai profitabilitas dan keberlanjutan (sustainability). Dimana kerjasama dalam penyaluran dana ini merupakan salah satu bagian dalam fokus segmen B2B yang diharapkan akan meningkatkan loyalitas dan frekuensi transaksi pengguna (B2C). Sebagai tambahan informasi, Hanya melalui use case penyaluran dana insentif yang sebelumnya telah LinkAja lakukan, jika dibandingkan dengan semester kedua tahun 2022, di semester pertama 2023 ini, LinkAja telah mencatatnya adanya peningkatan kualitas pengguna yang terlihat dari Average Revenue per User (ARPU) yang meningkat signifikan sebesar lebih dari 50%, hingga pencapaian retention rate sebesar lebih dari 84%."
2023-10-26,4669.8056640625,0,"© Copyright ICONOMICS. All Rights Reserved. Sunarso, Direktur Utama BRI Sunarso, Direktur Utama PT Bank Rakyat Indonesia (Persero) Tbk atau BRI mengatakan dari 8 risiko di perbankan,  risiko yang paling membuat Chief Executive Officer (CEO) tidak bisa tidur adalah strategic risk. Obat untuk mengatasinya, menurut dia hanya satu yaitu transformasi. Berbicara soal transformasi, bukan hal yang mudah, kata Sunarso. “Transformasi itu berisiko, maka transformasi harus sukses,” ujarnya dalam acara “Ngopi BUMN”, Kamis (26/10). Menurut Sunarso, ada empat syarat agar transformasi bisa sukses. Pertama, harus jelas objek yang ditransformasi. Kedua, harus ada pemimpin atau leader yang menggerakan. Ketiga, harus di by in oleh seluruh anggota atau karyawan. Keempat, transformasi itu tidak tergantung pada simtom, tetapi harus rely on sistem. “Jadi, harus menjadi mekanisme sistem. Oleh karena itu, transformasi tidak boleh diomong saja. Harus ditulis dalam bentuk blueprint,” ujar Sunarso. Untuk menyusun blueprint transformasi, menurut Sunarso, ada 4 tahap yang harus dilakukan. Pertama-tama adalah (1) mendiagnosa perusahaan. Setelah mendiagnosa kemudian (2) tetapkan mimpi yang disebut aspirasi atau visi. Selanjutnya, (3) mendesaian peta jalan atau roadmap menuju mimpi atau visi. Dalam mendesain peta jalan mencapai mimpi atau visi ini, menurut Sunarso, yang harus didesain pertama adalah struktur organisasi. Kemudian, mekanisme berjalannya strukur organisasi atau business process. Setelah mendesain business process, selanjutnya adalah menemukan new value. Karena itu, kata Sunarso “kita harus mendesain new business model.” Setelah mendesain new business model, hal yang tak kalah penting adalah medesain culture atau budaya perusahaan. “Itu yang kita sebut mendesain perilaku kolektif yang efektif untuk mencapai tujuan. Culture itu bukan produk individu, culture itu adalah produk kolektif,” ujarnya. Langkah terakhir (4) dalam blueprint transformasi adalah eksekusi. Karena itu, menurut dia, syarat transformasi itu bisa sukses setelah mendesain adalah mendeliver yaitu implementasi dari strategi. Sunarso mengatakan strategi dan eksekusi adalah dua sisi mata uang yang tak terpisahkan. Bila punya banyak strategi, tetapi tidak diekeskusi, artinya sama dengan tidak punya strategi. Demikian juga, bila punya banyak ekseksui tetapi tanpa ada strategi, “maka eksekusi kita bisa hambur-hambur resources dan ngawur tanpa tujuan.” Bagaimana di BRI? Sunarso mengatakan langkah-langkah transformasi tersebut dilakukan di BRI. BRI memulainya dengan menentukan secara jelas objek yang ditransformasi yaitu digital dan culture. “Enggak banyak-banyak yang kita transformasi, hanya dua digital. Digital kita bisa beli alatnya, kita bisa beli hardware dan software-nya. Tetapi yang kedua yang kita transformasi adalah culture. Culture ini tidak ada vendornya, enggak ada pabriknya, karena culture ini pabriknya ada di hati kita masing-masing. Di hati semua anggota, di hati semua insan BUMN itu ada culture di situ. Ada mindset. Itu adalah objek transformasi yang jelas,” ujarnya. Selanjutanya, transformasi digital dan culture, dibimbing oleh seorang pemimpin yang memang transformatif. “Mudah-mudahan bukan saya,” ujar Sunarso. Kemudian, transormasi ini di-by in oleh semua anggota/karyawan, dijadikan sistem dan dieksekusi. Tranformasi digital di BRI, menurut Sunarso, sejalan dengan arahan Kementerian BUMN untuk membentuk holding ultra mikro. “Holding ultra mikro mustahil kita bisa kerjakan tanpa digitalisasi. Karena kita ngurusin nasabah-nasabah yang kecil-kecil, sekarang kita mampu mengintegrasikan 37 juta nasabah ultra mikro. Mustahil kita lakukan secara manual dan itu harus kita digitalkan. Dan, culture dan mindset behind digital itu yang kita garap sekarang,” ujarnya. Sunarso, yang bergabung dengan BRI pada tahun 2015 mengatakan penyusunan peta jalan transformasi di BRI ini dikerjakan pada tahun 2016 dan kemudian mulai diujicoba pada tahun 2017. Hasilnya laba bersih BRI terus tumbuh. Pada tahun 2017, ungkap Sunarso, laba bersih BRI masih sekitar Rp29 triliun. Kemudian tahun 2018, laba bersih BRI meningkat menjadi sekitar Rp32 triliun dan 2019 sebesar Rp34 triliun. “Tahun 2020 alhamdulillah ada pandemi. Pandemi mempercepat transformasi baik di culture maupun digital,” ujarnya. Di tengah pandemi, BRI tetap membukukan laba bersih sebesar sekitar Rp18 triliun pada tahun 2020. Proses pemulihan berjalan cepat, karena pada tahun 2021 laba BRI kembali meningkat menjadi sekitar Rp30 triliun. Buah dari transformasi, menurut Sunarso mulai dipetik pada tahun 2022. Laba BRI naik signifikan menjadi Rp51,4 triliun pada tahun 2022. Kinerja yang moncer ini berlanjut ke tahun 2023 ini. Sepanjang Januari-September 2023, laba bersih BRI telah mencapai Rp44,21 triliun.      Save my name, email, and website in this browser for the next time I comment.  

  Δ"
2023-12-19,5267.7685546875,0,"Suprajarto menjabat sebagai Direktur Utama Bank BRI pada 2017-2019.  REPUBLIKA.CO.ID, JAKARTA -- Direktur Utama PT Bank Rakyat Indonesia (BRI) periode 2017-2019 Suprajarto meninggal dunia pada Selasa, 19 Desember 2023, di Singapura. Berdasarkan informasi yang diterima, almarhum tutup usia pukul 09.08 waktu Singapura setelah menjalani perawatan di Singapura sejak Jumat (15/12/2023). 



“Innalillahi wa inna ilaihi raji'un. Suprajarto bin KRTH. Poerwaningrat, Selasa, 19 Desember 2023 pukul 09.08 Waktu Singapura. Mohon dimaafkan segala kesalahan Almarhum. Semoga amal ibadahnya diterima di sisi Allah SWT. Aamiin Allahumma Aamiin,” kata istri almarhum, Alia Karenina melalui keterangan yang diterima di Jakarta, Selasa.
Baca Juga
 

Tugas Berat Menanti Benjie Yap 'Sopiri' Unilever Indonesia di Tengah Aksi Boikot
 
Telur Pitan Halal Dikonsumsi Asal Syaratnya Terpenuhi
 
Pupuk Indonesia Siapkan Seribu Ton Pupuk Bersubsidi Pascaelnino di Maluku Utara

 
Almarhum Suprajarto akan diterbangkan langsung dari Singapura ke Yogyakarta. Menurut informasi, rombongan keluarga akan membawa jenazah ke rumah duka di Jalan Supadi No 1 Kotabaru, Yogjakarta.
Kemudian almarhum akan dikebumikan pada Rabu, 20 Desember 2023 di Makam Imogiri, Yogyakarta, pukul 09.00 WIB. 









Suprajarto meninggalkan seorang istri, Alia Karenina dan dua orang anak, Bryan Yoga Kusuma dan Samugraha Ditya Kusuma, beserta menantu Ghina Raida Asilia dan satu orang cucu bernama Sheralma Dinara Kusuma.
Suprajarto terakhir menjabat sebagai Komisaris Utama Bank Jatim. Bankir yang lahir di Yogyakarta pada 28 Agustus 1956 itu telah lama berkarir di dunia perbankan Tanah Air.
Ia pernah menjabat sebagai sebagai Kepala Divisi Sekretariat Bank BRI periode 2005-2006. Suprajarto juga menjabat sebagai Direktur Bidang Jaringan dan Layanan BRI periode 2007-2015.
Kemudian pada 2015-2017, ia ditunjuk untuk menduduki kursi Wakil Direktur Utama Bank BRI, hingga terpilih sebagai Direktur Utama Bank BRI pada 2017-2019.





			Ikuti Whatsapp Channel Republika 
sumber : Antara 
 REPUBLIKA.CO.ID, JAKARTA -- Direktur Utama PT Bank Rakyat Indonesia (BRI) periode 2017-2019 Suprajarto meninggal dunia pada Selasa, 19 Desember 2023, di Singapura. Berdasarkan informasi yang diterima, almarhum tutup usia pukul 09.08 waktu Singapura setelah menjalani perawatan di Singapura sejak Jumat (15/12/2023). 
“Innalillahi wa inna ilaihi raji'un. Suprajarto bin KRTH. Poerwaningrat, Selasa, 19 Desember 2023 pukul 09.08 Waktu Singapura. Mohon dimaafkan segala kesalahan Almarhum. Semoga amal ibadahnya diterima di sisi Allah SWT. Aamiin Allahumma Aamiin,” kata istri almarhum, Alia Karenina melalui keterangan yang diterima di Jakarta, Selasa.
Baca Juga
 

Tugas Berat Menanti Benjie Yap 'Sopiri' Unilever Indonesia di Tengah Aksi Boikot
 
Telur Pitan Halal Dikonsumsi Asal Syaratnya Terpenuhi
 
Pupuk Indonesia Siapkan Seribu Ton Pupuk Bersubsidi Pascaelnino di Maluku Utara

 
Almarhum Suprajarto akan diterbangkan langsung dari Singapura ke Yogyakarta. Menurut informasi, rombongan keluarga akan membawa jenazah ke rumah duka di Jalan Supadi No 1 Kotabaru, Yogjakarta.
Kemudian almarhum akan dikebumikan pada Rabu, 20 Desember 2023 di Makam Imogiri, Yogyakarta, pukul 09.00 WIB. 









Suprajarto meninggalkan seorang istri, Alia Karenina dan dua orang anak, Bryan Yoga Kusuma dan Samugraha Ditya Kusuma, beserta menantu Ghina Raida Asilia dan satu orang cucu bernama Sheralma Dinara Kusuma.
Suprajarto terakhir menjabat sebagai Komisaris Utama Bank Jatim. Bankir yang lahir di Yogyakarta pada 28 Agustus 1956 itu telah lama berkarir di dunia perbankan Tanah Air.
Ia pernah menjabat sebagai sebagai Kepala Divisi Sekretariat Bank BRI periode 2005-2006. Suprajarto juga menjabat sebagai Direktur Bidang Jaringan dan Layanan BRI periode 2007-2015.
Kemudian pada 2015-2017, ia ditunjuk untuk menduduki kursi Wakil Direktur Utama Bank BRI, hingga terpilih sebagai Direktur Utama Bank BRI pada 2017-2019.





			Ikuti Whatsapp Channel Republika 
sumber : Antara 
 “Innalillahi wa inna ilaihi raji'un. Suprajarto bin KRTH. Poerwaningrat, Selasa, 19 Desember 2023 pukul 09.08 Waktu Singapura. Mohon dimaafkan segala kesalahan Almarhum. Semoga amal ibadahnya diterima di sisi Allah SWT. Aamiin Allahumma Aamiin,” kata istri almarhum, Alia Karenina melalui keterangan yang diterima di Jakarta, Selasa. 
Almarhum Suprajarto akan diterbangkan langsung dari Singapura ke Yogyakarta. Menurut informasi, rombongan keluarga akan membawa jenazah ke rumah duka di Jalan Supadi No 1 Kotabaru, Yogjakarta.
Kemudian almarhum akan dikebumikan pada Rabu, 20 Desember 2023 di Makam Imogiri, Yogyakarta, pukul 09.00 WIB. 









Suprajarto meninggalkan seorang istri, Alia Karenina dan dua orang anak, Bryan Yoga Kusuma dan Samugraha Ditya Kusuma, beserta menantu Ghina Raida Asilia dan satu orang cucu bernama Sheralma Dinara Kusuma.
Suprajarto terakhir menjabat sebagai Komisaris Utama Bank Jatim. Bankir yang lahir di Yogyakarta pada 28 Agustus 1956 itu telah lama berkarir di dunia perbankan Tanah Air.
Ia pernah menjabat sebagai sebagai Kepala Divisi Sekretariat Bank BRI periode 2005-2006. Suprajarto juga menjabat sebagai Direktur Bidang Jaringan dan Layanan BRI periode 2007-2015.
Kemudian pada 2015-2017, ia ditunjuk untuk menduduki kursi Wakil Direktur Utama Bank BRI, hingga terpilih sebagai Direktur Utama Bank BRI pada 2017-2019.





			Ikuti Whatsapp Channel Republika 
sumber : Antara 
 Almarhum Suprajarto akan diterbangkan langsung dari Singapura ke Yogyakarta. Menurut informasi, rombongan keluarga akan membawa jenazah ke rumah duka di Jalan Supadi No 1 Kotabaru, Yogjakarta. 
Kemudian almarhum akan dikebumikan pada Rabu, 20 Desember 2023 di Makam Imogiri, Yogyakarta, pukul 09.00 WIB. 









Suprajarto meninggalkan seorang istri, Alia Karenina dan dua orang anak, Bryan Yoga Kusuma dan Samugraha Ditya Kusuma, beserta menantu Ghina Raida Asilia dan satu orang cucu bernama Sheralma Dinara Kusuma.
Suprajarto terakhir menjabat sebagai Komisaris Utama Bank Jatim. Bankir yang lahir di Yogyakarta pada 28 Agustus 1956 itu telah lama berkarir di dunia perbankan Tanah Air.
Ia pernah menjabat sebagai sebagai Kepala Divisi Sekretariat Bank BRI periode 2005-2006. Suprajarto juga menjabat sebagai Direktur Bidang Jaringan dan Layanan BRI periode 2007-2015.
Kemudian pada 2015-2017, ia ditunjuk untuk menduduki kursi Wakil Direktur Utama Bank BRI, hingga terpilih sebagai Direktur Utama Bank BRI pada 2017-2019.





			Ikuti Whatsapp Channel Republika 
sumber : Antara 
 Kemudian almarhum akan dikebumikan pada Rabu, 20 Desember 2023 di Makam Imogiri, Yogyakarta, pukul 09.00 WIB. 
Suprajarto meninggalkan seorang istri, Alia Karenina dan dua orang anak, Bryan Yoga Kusuma dan Samugraha Ditya Kusuma, beserta menantu Ghina Raida Asilia dan satu orang cucu bernama Sheralma Dinara Kusuma.
Suprajarto terakhir menjabat sebagai Komisaris Utama Bank Jatim. Bankir yang lahir di Yogyakarta pada 28 Agustus 1956 itu telah lama berkarir di dunia perbankan Tanah Air.
Ia pernah menjabat sebagai sebagai Kepala Divisi Sekretariat Bank BRI periode 2005-2006. Suprajarto juga menjabat sebagai Direktur Bidang Jaringan dan Layanan BRI periode 2007-2015.
Kemudian pada 2015-2017, ia ditunjuk untuk menduduki kursi Wakil Direktur Utama Bank BRI, hingga terpilih sebagai Direktur Utama Bank BRI pada 2017-2019.





			Ikuti Whatsapp Channel Republika 
sumber : Antara 
 Suprajarto meninggalkan seorang istri, Alia Karenina dan dua orang anak, Bryan Yoga Kusuma dan Samugraha Ditya Kusuma, beserta menantu Ghina Raida Asilia dan satu orang cucu bernama Sheralma Dinara Kusuma. 
Suprajarto terakhir menjabat sebagai Komisaris Utama Bank Jatim. Bankir yang lahir di Yogyakarta pada 28 Agustus 1956 itu telah lama berkarir di dunia perbankan Tanah Air.
Ia pernah menjabat sebagai sebagai Kepala Divisi Sekretariat Bank BRI periode 2005-2006. Suprajarto juga menjabat sebagai Direktur Bidang Jaringan dan Layanan BRI periode 2007-2015.
Kemudian pada 2015-2017, ia ditunjuk untuk menduduki kursi Wakil Direktur Utama Bank BRI, hingga terpilih sebagai Direktur Utama Bank BRI pada 2017-2019.





			Ikuti Whatsapp Channel Republika 
sumber : Antara 
 Suprajarto terakhir menjabat sebagai Komisaris Utama Bank Jatim. Bankir yang lahir di Yogyakarta pada 28 Agustus 1956 itu telah lama berkarir di dunia perbankan Tanah Air. 
Ia pernah menjabat sebagai sebagai Kepala Divisi Sekretariat Bank BRI periode 2005-2006. Suprajarto juga menjabat sebagai Direktur Bidang Jaringan dan Layanan BRI periode 2007-2015.
Kemudian pada 2015-2017, ia ditunjuk untuk menduduki kursi Wakil Direktur Utama Bank BRI, hingga terpilih sebagai Direktur Utama Bank BRI pada 2017-2019.





			Ikuti Whatsapp Channel Republika 
sumber : Antara 
 Ia pernah menjabat sebagai sebagai Kepala Divisi Sekretariat Bank BRI periode 2005-2006. Suprajarto juga menjabat sebagai Direktur Bidang Jaringan dan Layanan BRI periode 2007-2015. 
Kemudian pada 2015-2017, ia ditunjuk untuk menduduki kursi Wakil Direktur Utama Bank BRI, hingga terpilih sebagai Direktur Utama Bank BRI pada 2017-2019.





			Ikuti Whatsapp Channel Republika 
sumber : Antara 
 Kemudian pada 2015-2017, ia ditunjuk untuk menduduki kursi Wakil Direktur Utama Bank BRI, hingga terpilih sebagai Direktur Utama Bank BRI pada 2017-2019. (QS. At-Tagabun ayat 17) Jl. Warung Buncit Raya No 37 Jakarta Selatan 12510  Phone: 021 780 3747  Email:
[email protected] (Redaksi)
[email protected] ( Marketing ) 
[email protected] ( Kerjasama ) 
[email protected] ( Customer Care )
           Copyright © 2023. Republika.co.id. All rights reserved."
2023-12-19,5267.7685546875,0," Eks Direktur Utama (Dirut) BRI, Suprajarto, meninggal dunia di rumah sakit Mount Elizabeth, Singapura. “Inna lillahi wa inna ilaihi raji’un. Telah meninggal dunia Suprajarto bin KRTH Poerwaningrat pada Selasa, 19 Desember 2023 pukul 09.08 waktu Singapura. Mohon dimaafkan segala kesalahan Almarhum,” demikian pesan dari istri almarhum, Alia Karenina, Selasa (19/12). Suprajarto yang hingga wafatnya masih menjabat sebagai Komisaris Utama Bank Jatim, menjalani perawatan di Singapura sejak Jumat (15/12). Sebelumnya, dirawat di Guangzhou, China. Jenazah Dirut PT Bank Rakyat Indonesia (Persero) Tbk periode 2017-2019  diterbangkan ke kota kelahirannya, Jogjakarta, pada hari ini untuk kemudian dimakamkan di pemakaman Imogiri, Bantul. Suprajarto yang lahir 77 tahun lalu atau tepatnya pada 18 Agustus 1956, merupakan bankir karier di BRI. Pernah diminta orang tuanya menjadi Camat, dia meninggalkan pekerjaan di pemerintahan untuk menjadi karyawan BRI. Posisi Direktur Utama BRI (2017-2019), Wakil Dirut BNI (2015-2017), Direktur Jaringan dan Layanan BRI (2007-2015), Pemimpin Wilayah Jakarta 1 BRI (2006-2007), dan Kepala Divisi Sekretariat Perusahaan BRI (2005-2006). Pendidikan terakhirnya adalah doktor manajemen bisnis dari Fakultas Ekonomi Bisnis Universitas Padjadjaran (Unpad), Bandung. Almahum meninggalkan Bryan Yoga Kusuma (Anak),  Samugraha Ditya Kusuma (Anak) Ghina Raida Asilia (Menantu),  Sheralma Dinara Kusuma (Cucu). Keluarga Besar KRTH. Poerwaningrat Keluarga Besar Reksokusumo,  Keluarga Besar Rosalina Sutha  serta Keluarga Besar Dr. Agus Rachmat Prawirasaputra Mantan Kepala Badan Nasional Penanggulangan Bencana (BNPB) Letjen TNI (Purn) Doni Monardo saat ini masih dirawat di rumah sakit. Tenaga... Emiten BUMN Bank, PT Bank Rakyat Indonesia (Persero) Tbk (BBRI) menganggap rencana penghapusan kredit macet UMKM di perbankan hingga Rp5... Ayah mertua Ketua DPP PDI Perjuangan (PDIP) Puan Maharani, Bambang Sukmonohadi meninggal dunia pada Jumat (2/6/2023) malam. Bakal calon presiden...  © 2024 Aspek.id | PT. Aspek Citra Media  © 2024 Aspek.id | PT. Aspek Citra Media Login to your account below 

 

 

Remember Me
 



 Please enter your username or email address to reset your password. 

 



"
2024-04-25,5150.0,0,"Pewarta: Uyu Septiyati LimanEditor: Nusarina Yuliastuti								Copyright © ANTARA 2024 

 

Kirim
Komentar menjadi tanggung-jawab Anda sesuai UU ITE.
"
2024-05-07,4670.0,0," liputan6 Wakil Menteri Badan Usaha Milik Negara (BUMN) Kartika Wirjoatmodjo pernah berdiskusi dengan Direktur Utama PT Bank Rakyat Indonesia (Persero) Tbk atau BRI, Sunarso dan Direktur Utama PT Pegadaian Damar Latri Setiawan soal masa depan investasi emas. Diperbarui 07 Mei 2024, 18:30 WIBDiterbitkan 07 Mei 2024, 18:30 WIB Liputan6.com, Jakarta - Wakil Menteri Badan Usaha Milik Negara (BUMN) Kartika Wirjoatmodjo mengungkap banyak orang kaya kini kembali melakukan investasi pada emas. Ini menujukkan kalau emas bukan merupakan aset yang meredup atau sunset. Dia mengisahkan sebelumnya pernah berdiskusi dengan Direktur Utama PT Bank Rakyat Indonesia (Persero) Tbk atau BRI, Sunarso dan Direktur Utama PT Pegadaian Damar Latri Setiawan soal masa depan investasi emas. Baca Juga ""Yang menarik waktu itu kita diskusi dengan Pak Narso, Pak Damar ya, bahwa ini emas ini sebenarnya sunset apa enggak? Nah saya percaya bahwa emas ini enggak sunset,"" ungkap pria yang karib disapa Tiko, disela-sela Peresmian Gedung The Gade Tower, Jakarta, Selasa (7/5/2024). Advertisement Tiko menyampaikan, banyak negara besar seperti China dan Amerika Serikat yang kembali melirik emas sebagai sarana investasi. Apalagi dengan adanya ancaman tidak stabilnya kondisi geopolitik global. Pergerakan dari negara maju tersebut, kata dia, menunjukkan banyak perusahaan kakap dan orang-orang kaya yang kembali melakukan investasi emas. Sementara, nilai aset lain ikut naik-turun imbas situasi geopolitik.   ""Mungkin teman-teman baca di Google ya, sekarang ini justru negara-negara besar, China, Amerika malah back to gold lagi. Karena dengan situasi geopolitik yang sekarang semakin tidak terprediksi, dan aset yang juga naik turun harganya,"" ujarnya.   ""Ini banyak asset management company, orang-orang kaya yang kembali berinvestasi lagi di emas lagi,"" sambungnya.   * Follow Official WhatsApp Channel Liputan6.com untuk mendapatkan berita-berita terkini dengan mengklik tautan ini. Lebih lanjut, dia menegaskan, daya tahan emas menjadi pertimbangan utama banyak pihak yang kembali memilihnya sebagai sarana investasi. Daya tahan ini terlihat dari karakter emas yang disebut tahan terhadap inflasi. Dengan demikian, Tiko menyampaikan kalau emas akan kembali menjadi pusat dari investasi dunia. ""Jadi ini sebenarnya bukan aset yang sunset, sebenarnya aset yang akan selalu ada, dan bahkan bisa menjadi salah satu pilihan investasi yang tahan terhadap inflasi maupun tahan terhadap kejolak politik. Jadi di dunia gold itu semakin menjadi center,"" pungkasnya. Advertisement Harga emas yang dijual oleh PT Pegadaian (Persero) atau harga emas pegadaian kompak menguat pada perdagangan Selasa (7/5/2024). Kenaikan harga emas di Pegadaian untuk jenis Antam, Galeri 24 dan UBS di kisaran Rp 2.000 hingga Rp 6.000 per gram. Untuk diketahui, Pegadaian menjual berbagai jenis emas yaitu Galeri 24, Antam dan UBS dengan ukuran 0,5 gram hingga 1.000 gram. Dikutip dari laman resmi Pegadaian, harga emas hari ini di Pegadaian untuk jenis Galeri 24 ukuran 1 gram dibanderol Rp 1.305.000, naik tipis dari perdagangan kemarin Rp 1.303.000. Harga emas untuk jenis Antam dengan ukuran 1 gram juga melompat. Harga emas jenis Antam naik menjadi Rp 1.351.000 dari sebelumnya Rp 1.343.000. Demikian juga harga emas jenis UBS juga menghijau. Harga emas UBS hari ini ditetapkan Rp 1.305.000 dari perdagangan sebelumnya Rp 1.299.000. Bagi yang minat membeli emas di Pegadaian harus tahu jika harga logam mulia selalu berubah-berubah mengikuti pasar. Masyarakat bisa memantau langsung rincian harga emas 24 karat di Pegadaian melalui website resminya. * Fakta atau Hoaks? Untuk mengetahui kebenaran informasi yang beredar, silakan WhatsApp ke nomor Cek Fakta Liputan6.com 0811 9787 670 hanya dengan ketik kata kunci yang diinginkan. Advertisement Advertisement Advertisement Advertisement Advertisement"
2024-06-25,4380.0,0,"Tina Meilina resmi ditunjuk sebagai Direktur Utama PT BRI Manajemen Investasi (BRI-MI) yang efektif per tanggal 11 Juni 2024. Tina dipercaya mampu membawa BRI-MI tumbuh lebih kuat berkat pengalamannya pada industri jasa keuangan. Komisaris Utama BRI-MI Tri Hartono menyambut baik penunjukan Tina Meilina sebagai Direktur Utama BRI-MI. Menurutnya, dengan rekam jejak yang kuat, Tina dapat membawa BRI-MI tumbuh kuat dan mampu menjawab tantangan pasar dan kebutuhan investor. “Kami antusias menyambut Tina Meilina sebagai Direktur Utama. Kami meyakini pengalaman dan keahlian yang dimilikinya dapat menjadi aset yang sangat berharga bagi perusahaan dalam mencapai tujuan strategis, yakni senantiasa bertumbuh dan semakin kuat dalam menghadapi tantangan ke depan,” ujarnya. Sebagai informasi, Tina Meilina bergabung dengan BRI-MI sejak Desember 2023 dan menjabat sebagai SEVP Product & Alternative Investment. Sebelum bergabung dengan BRI-MI, peraih gelar Sarjana Agribisnis dari Institut Pertanian Bogor (IPB) ini berkarier di PT Bank Rakyat Indonesia (Persero) Tbk sejak 2009. Posisi terakhir Tina di Bank BRI ialah sebagai Executive Vice President Kepala Divisi Wealth Management BRI. Selama menjabat pada posisi tersebut, wanita kelahiran Bandung ini berhasil mengkoordinasikan berbagai kegiatan strategis dan operasional yang meliputi pengembangan produk, penyusunan strategi bisnis, serta kemitraan dengan berbagai pihak internal dan eksternal. Tina aktif meningkatkan kemampuan dan keahlian melalui berbagai pelatihan dan sertifikasi profesional. Beberapa di antaranya ialah sebagai pemegang Izin Wakil Manajer Investasi (WMI) pada 2023, Wakil Agen Penjual Efek Reksa Dana (WAPERD) pada 2022, dan Wakil Perantara Pedagang Efek Pemasaran (WPPE-P) pada 2021. Selain itu, ada juga Certified Wealth Manager (CWM) pada tahun 2019 & Certified Financial Planner (CFP) pada tahun 2014. Sertifikasi itu menegaskan kompetensi dan kapasitasnya pada industri pasar modal. Terkait posisi barunya sebagai Direktur Utama BRI-MI, Tina Meilina mengaku berterima kasih atas kepercayaan para pemegang saham. Bersama para pemangku kepentingan dan investor, BRI-MI bakal terus memperkuat posisinya sebagai salah manajer investasi terbesar dan tepercaya di Tanah Air. “Saya juga berterima kasih kepada seluruh pemangku kepentingan atas kepercayaan untuk senantiasa memperkuat BRI-MI sebagai salah satu manajer investasi terbesar dan tepercaya di Indonesia” ujar Tina. Dengan bergabungnya Ibu Tina Meilina sebagai Direktur Utama BR-MI, maka susunan Dewan Komisaris dan Direksi BRI-MI terkini adalah sebagai berikut: Komisaris Utama:  Tri Hartono Komisaris Independen:  Kahlil Rowter Direktur Utama: Tina Meilina Direktur Sales & Marketing: Upik Susiyawati Direktur Finance & Operasi: Ira Irmalia Sjam Press Release ini juga sudah tayang di VRITIMES Your email address will not be published. Required fields are marked * Comment     Save my name, email, and website in this browser for the next time I comment.  

 No More Posts Available. No more pages to load. View More  


"
2024-07-25,4700.0,0,"JAKARTA - Direktur Utama PT Bank Rakyat Indonesia (Persero) Tbk atau (BBRI) atau BRI Sunarso angkat bicara soal rencana pemerintah perpanjang kebijakan restrukturisasi kredit yang terdampak Covid-19 hingga 2025. Alasannya, untuk mengurangi beban perbankan mencadangkan kerugian akibat kredit usaha rakyat (KUR).
""Tapi seandainya tidak diperpanjang pun, BRI lebih prepare menyiapkan cadangannya apabila terjadi pemburukan kualitas kredit, terutama di segmen UMKM. Saya kira itu yang paling penting,"" kata Sunarso dalam press conference kinerja keuangan Triwulan II 2024 di Jakarta, Kamis (25/7/2024).  
Adapun jika memang rencana ini dituangkan dalam bentuk peraturan, maka BRI akan mematuhi. Tetapi seandainya tidak ada aturan, maka BRI akan fokus bagaimana mengatasi kredit bermasalah itu melalui dua hal yakni pencadangan dan restrukturisasi kredit secara komersial.

BACA JUGA:Bos BRI Ungkap Penopang Pertumbuhan Laba Rp29,9 Triliun di Semester I-2024 


BRI sebagai salah satu bank yang fokus pada pembiayaan UMKM telah menjalankan strategi untuk mengatasi lonjakan kredit bermasalah atau non performing loan (NPL) karena berakhirnya kebijakan restrukturisasi kredit terdampak Covid-19.
Sunarso mengatakan, jauh sebelum kebijakan restrukturisasi kredit berakhir, BRI sudah menyiapkan diri seandainya kebijakan tersebut tidak diperpanjang.
""Jauh sebelum itu, BRI sudah sangat menyiapkan diri seandainya nanti itu tidak diperpanjang. Oleh karena itu, yang paling penting adalah kita menyiapkan segala macam bantalan yang kita sebut cadangan, terutama mengalokasikan biaya untuk penyadangan, itu sudah kita lakukan dengan baik,"" ungkap Sunarso
Strategi yang ditempuh oleh BRI dengan melakukan pencadangan dan restrukturisasi kredit-kredit yang bermasalah.
Hingga periode semester I 2024, BRI mencatat NPL secara bank only naik 10 basis poin (bps) secara tahunan menjadi 3,21 persen. Secara rinci, segmen kecil dan mikro menjadi yang paling tinggi kenaikannya masing-masing 76 bps dan 72 bps menjadi 5,05 persen dan 2,95 persen.

BACA JUGA:Laba Bersih BRI Capai Rp29 Triliun di Semester I-2024 


Sementara itu, BRI terbantu dengan membaiknya kualitas kredit untuk segmen korporasi. Sebab, ada perbaikan NPL korporasi yang cukup signifikan dari 4,83 persen menjadi sekitar 3,07 persen.
""Bahwa sekarang itu sudah jalan, dan ternyata memang kenyataannya di pasar, di lapangan terkait dengan mikro, sebenarnya masih banyak tantangan terutama masih tingginya NPL. Dan kemudian sekarang ada rencana bahwa pemerintah akan memperpanjang masa relaksasi itu,"" kata Sunarso.






Follow Berita Okezone di Google News


Dapatkan berita up to date dengan semua berita terkini dari Okezone hanya dengan satu akun di
ORION, daftar sekarang dengan
klik disini
dan nantikan kejutan menarik lainnya

 Perlu diketahui, hingga kuartal II BRI menyalurkan kredit Rp1.336,78 triliun atau tumbuh 11,2 persen dibandingkan periode yang sama tahun tahun.
Adapun rasio loan at risk (LAR) turun dari 14,94 persen menjadi 12 persen yang menunjukkan kualitas kredit yang disalurkan terjaga dengan baik.
Sementara itu, rasio kredit bermasalah atau NPL non-performing loan terjaga, termanage di kisaran 3,05 persen dengan rasio coverage-nya.
""NPL coverage berada di level yang lebih dari sekedar memadai yaitu 211,6 persen coverage-nya. Jadi NPL BRI di cover cadangan lebih dari 2 kali lipat,"" kata Sunarso.
Sebagai bank yang portfolio terbesarnya di segmen UMKM, imbuh Sunarso, NPL di kisaran 3 persen ini menunjukkan bahwa BRI mampu menjaga kualitas kreditnya dengan baik melalui penerapan prinsip-prinsip risk management yang baik. 

 Sebelumnya

1
2

Selanjutnya





Follow WhatsApp Channel Okezone untuk update berita terbaru setiap hari

Follow



#BRI
#Dirut BRI
#Sunarso
#Restrukturisasi Kredit
#kredit




















 ""Tapi seandainya tidak diperpanjang pun, BRI lebih prepare menyiapkan cadangannya apabila terjadi pemburukan kualitas kredit, terutama di segmen UMKM. Saya kira itu yang paling penting,"" kata Sunarso dalam press conference kinerja keuangan Triwulan II 2024 di Jakarta, Kamis (25/7/2024).  
Adapun jika memang rencana ini dituangkan dalam bentuk peraturan, maka BRI akan mematuhi. Tetapi seandainya tidak ada aturan, maka BRI akan fokus bagaimana mengatasi kredit bermasalah itu melalui dua hal yakni pencadangan dan restrukturisasi kredit secara komersial.

BACA JUGA:Bos BRI Ungkap Penopang Pertumbuhan Laba Rp29,9 Triliun di Semester I-2024 


BRI sebagai salah satu bank yang fokus pada pembiayaan UMKM telah menjalankan strategi untuk mengatasi lonjakan kredit bermasalah atau non performing loan (NPL) karena berakhirnya kebijakan restrukturisasi kredit terdampak Covid-19.
Sunarso mengatakan, jauh sebelum kebijakan restrukturisasi kredit berakhir, BRI sudah menyiapkan diri seandainya kebijakan tersebut tidak diperpanjang.
""Jauh sebelum itu, BRI sudah sangat menyiapkan diri seandainya nanti itu tidak diperpanjang. Oleh karena itu, yang paling penting adalah kita menyiapkan segala macam bantalan yang kita sebut cadangan, terutama mengalokasikan biaya untuk penyadangan, itu sudah kita lakukan dengan baik,"" ungkap Sunarso
Strategi yang ditempuh oleh BRI dengan melakukan pencadangan dan restrukturisasi kredit-kredit yang bermasalah.
Hingga periode semester I 2024, BRI mencatat NPL secara bank only naik 10 basis poin (bps) secara tahunan menjadi 3,21 persen. Secara rinci, segmen kecil dan mikro menjadi yang paling tinggi kenaikannya masing-masing 76 bps dan 72 bps menjadi 5,05 persen dan 2,95 persen.

BACA JUGA:Laba Bersih BRI Capai Rp29 Triliun di Semester I-2024 


Sementara itu, BRI terbantu dengan membaiknya kualitas kredit untuk segmen korporasi. Sebab, ada perbaikan NPL korporasi yang cukup signifikan dari 4,83 persen menjadi sekitar 3,07 persen.
""Bahwa sekarang itu sudah jalan, dan ternyata memang kenyataannya di pasar, di lapangan terkait dengan mikro, sebenarnya masih banyak tantangan terutama masih tingginya NPL. Dan kemudian sekarang ada rencana bahwa pemerintah akan memperpanjang masa relaksasi itu,"" kata Sunarso.






Follow Berita Okezone di Google News


Dapatkan berita up to date dengan semua berita terkini dari Okezone hanya dengan satu akun di
ORION, daftar sekarang dengan
klik disini
dan nantikan kejutan menarik lainnya

 Perlu diketahui, hingga kuartal II BRI menyalurkan kredit Rp1.336,78 triliun atau tumbuh 11,2 persen dibandingkan periode yang sama tahun tahun.
Adapun rasio loan at risk (LAR) turun dari 14,94 persen menjadi 12 persen yang menunjukkan kualitas kredit yang disalurkan terjaga dengan baik.
Sementara itu, rasio kredit bermasalah atau NPL non-performing loan terjaga, termanage di kisaran 3,05 persen dengan rasio coverage-nya.
""NPL coverage berada di level yang lebih dari sekedar memadai yaitu 211,6 persen coverage-nya. Jadi NPL BRI di cover cadangan lebih dari 2 kali lipat,"" kata Sunarso.
Sebagai bank yang portfolio terbesarnya di segmen UMKM, imbuh Sunarso, NPL di kisaran 3 persen ini menunjukkan bahwa BRI mampu menjaga kualitas kreditnya dengan baik melalui penerapan prinsip-prinsip risk management yang baik. 

 Sebelumnya

1
2

Selanjutnya





Follow WhatsApp Channel Okezone untuk update berita terbaru setiap hari

Follow



#BRI
#Dirut BRI
#Sunarso
#Restrukturisasi Kredit
#kredit




















 Adapun jika memang rencana ini dituangkan dalam bentuk peraturan, maka BRI akan mematuhi. Tetapi seandainya tidak ada aturan, maka BRI akan fokus bagaimana mengatasi kredit bermasalah itu melalui dua hal yakni pencadangan dan restrukturisasi kredit secara komersial.

BACA JUGA:Bos BRI Ungkap Penopang Pertumbuhan Laba Rp29,9 Triliun di Semester I-2024 


BRI sebagai salah satu bank yang fokus pada pembiayaan UMKM telah menjalankan strategi untuk mengatasi lonjakan kredit bermasalah atau non performing loan (NPL) karena berakhirnya kebijakan restrukturisasi kredit terdampak Covid-19.
Sunarso mengatakan, jauh sebelum kebijakan restrukturisasi kredit berakhir, BRI sudah menyiapkan diri seandainya kebijakan tersebut tidak diperpanjang.
""Jauh sebelum itu, BRI sudah sangat menyiapkan diri seandainya nanti itu tidak diperpanjang. Oleh karena itu, yang paling penting adalah kita menyiapkan segala macam bantalan yang kita sebut cadangan, terutama mengalokasikan biaya untuk penyadangan, itu sudah kita lakukan dengan baik,"" ungkap Sunarso
Strategi yang ditempuh oleh BRI dengan melakukan pencadangan dan restrukturisasi kredit-kredit yang bermasalah.
Hingga periode semester I 2024, BRI mencatat NPL secara bank only naik 10 basis poin (bps) secara tahunan menjadi 3,21 persen. Secara rinci, segmen kecil dan mikro menjadi yang paling tinggi kenaikannya masing-masing 76 bps dan 72 bps menjadi 5,05 persen dan 2,95 persen.

BACA JUGA:Laba Bersih BRI Capai Rp29 Triliun di Semester I-2024 


Sementara itu, BRI terbantu dengan membaiknya kualitas kredit untuk segmen korporasi. Sebab, ada perbaikan NPL korporasi yang cukup signifikan dari 4,83 persen menjadi sekitar 3,07 persen.
""Bahwa sekarang itu sudah jalan, dan ternyata memang kenyataannya di pasar, di lapangan terkait dengan mikro, sebenarnya masih banyak tantangan terutama masih tingginya NPL. Dan kemudian sekarang ada rencana bahwa pemerintah akan memperpanjang masa relaksasi itu,"" kata Sunarso.






Follow Berita Okezone di Google News


Dapatkan berita up to date dengan semua berita terkini dari Okezone hanya dengan satu akun di
ORION, daftar sekarang dengan
klik disini
dan nantikan kejutan menarik lainnya

 Perlu diketahui, hingga kuartal II BRI menyalurkan kredit Rp1.336,78 triliun atau tumbuh 11,2 persen dibandingkan periode yang sama tahun tahun.
Adapun rasio loan at risk (LAR) turun dari 14,94 persen menjadi 12 persen yang menunjukkan kualitas kredit yang disalurkan terjaga dengan baik.
Sementara itu, rasio kredit bermasalah atau NPL non-performing loan terjaga, termanage di kisaran 3,05 persen dengan rasio coverage-nya.
""NPL coverage berada di level yang lebih dari sekedar memadai yaitu 211,6 persen coverage-nya. Jadi NPL BRI di cover cadangan lebih dari 2 kali lipat,"" kata Sunarso.
Sebagai bank yang portfolio terbesarnya di segmen UMKM, imbuh Sunarso, NPL di kisaran 3 persen ini menunjukkan bahwa BRI mampu menjaga kualitas kreditnya dengan baik melalui penerapan prinsip-prinsip risk management yang baik. 

 Sebelumnya

1
2

Selanjutnya





Follow WhatsApp Channel Okezone untuk update berita terbaru setiap hari

Follow



#BRI
#Dirut BRI
#Sunarso
#Restrukturisasi Kredit
#kredit




















 BRI sebagai salah satu bank yang fokus pada pembiayaan UMKM telah menjalankan strategi untuk mengatasi lonjakan kredit bermasalah atau non performing loan (NPL) karena berakhirnya kebijakan restrukturisasi kredit terdampak Covid-19.
Sunarso mengatakan, jauh sebelum kebijakan restrukturisasi kredit berakhir, BRI sudah menyiapkan diri seandainya kebijakan tersebut tidak diperpanjang.
""Jauh sebelum itu, BRI sudah sangat menyiapkan diri seandainya nanti itu tidak diperpanjang. Oleh karena itu, yang paling penting adalah kita menyiapkan segala macam bantalan yang kita sebut cadangan, terutama mengalokasikan biaya untuk penyadangan, itu sudah kita lakukan dengan baik,"" ungkap Sunarso
Strategi yang ditempuh oleh BRI dengan melakukan pencadangan dan restrukturisasi kredit-kredit yang bermasalah.
Hingga periode semester I 2024, BRI mencatat NPL secara bank only naik 10 basis poin (bps) secara tahunan menjadi 3,21 persen. Secara rinci, segmen kecil dan mikro menjadi yang paling tinggi kenaikannya masing-masing 76 bps dan 72 bps menjadi 5,05 persen dan 2,95 persen.

BACA JUGA:Laba Bersih BRI Capai Rp29 Triliun di Semester I-2024 


Sementara itu, BRI terbantu dengan membaiknya kualitas kredit untuk segmen korporasi. Sebab, ada perbaikan NPL korporasi yang cukup signifikan dari 4,83 persen menjadi sekitar 3,07 persen.
""Bahwa sekarang itu sudah jalan, dan ternyata memang kenyataannya di pasar, di lapangan terkait dengan mikro, sebenarnya masih banyak tantangan terutama masih tingginya NPL. Dan kemudian sekarang ada rencana bahwa pemerintah akan memperpanjang masa relaksasi itu,"" kata Sunarso.






Follow Berita Okezone di Google News


Dapatkan berita up to date dengan semua berita terkini dari Okezone hanya dengan satu akun di
ORION, daftar sekarang dengan
klik disini
dan nantikan kejutan menarik lainnya

 Perlu diketahui, hingga kuartal II BRI menyalurkan kredit Rp1.336,78 triliun atau tumbuh 11,2 persen dibandingkan periode yang sama tahun tahun.
Adapun rasio loan at risk (LAR) turun dari 14,94 persen menjadi 12 persen yang menunjukkan kualitas kredit yang disalurkan terjaga dengan baik.
Sementara itu, rasio kredit bermasalah atau NPL non-performing loan terjaga, termanage di kisaran 3,05 persen dengan rasio coverage-nya.
""NPL coverage berada di level yang lebih dari sekedar memadai yaitu 211,6 persen coverage-nya. Jadi NPL BRI di cover cadangan lebih dari 2 kali lipat,"" kata Sunarso.
Sebagai bank yang portfolio terbesarnya di segmen UMKM, imbuh Sunarso, NPL di kisaran 3 persen ini menunjukkan bahwa BRI mampu menjaga kualitas kreditnya dengan baik melalui penerapan prinsip-prinsip risk management yang baik. 

 Sebelumnya

1
2

Selanjutnya





Follow WhatsApp Channel Okezone untuk update berita terbaru setiap hari

Follow



#BRI
#Dirut BRI
#Sunarso
#Restrukturisasi Kredit
#kredit




















 Sunarso mengatakan, jauh sebelum kebijakan restrukturisasi kredit berakhir, BRI sudah menyiapkan diri seandainya kebijakan tersebut tidak diperpanjang.
""Jauh sebelum itu, BRI sudah sangat menyiapkan diri seandainya nanti itu tidak diperpanjang. Oleh karena itu, yang paling penting adalah kita menyiapkan segala macam bantalan yang kita sebut cadangan, terutama mengalokasikan biaya untuk penyadangan, itu sudah kita lakukan dengan baik,"" ungkap Sunarso
Strategi yang ditempuh oleh BRI dengan melakukan pencadangan dan restrukturisasi kredit-kredit yang bermasalah.
Hingga periode semester I 2024, BRI mencatat NPL secara bank only naik 10 basis poin (bps) secara tahunan menjadi 3,21 persen. Secara rinci, segmen kecil dan mikro menjadi yang paling tinggi kenaikannya masing-masing 76 bps dan 72 bps menjadi 5,05 persen dan 2,95 persen.

BACA JUGA:Laba Bersih BRI Capai Rp29 Triliun di Semester I-2024 


Sementara itu, BRI terbantu dengan membaiknya kualitas kredit untuk segmen korporasi. Sebab, ada perbaikan NPL korporasi yang cukup signifikan dari 4,83 persen menjadi sekitar 3,07 persen.
""Bahwa sekarang itu sudah jalan, dan ternyata memang kenyataannya di pasar, di lapangan terkait dengan mikro, sebenarnya masih banyak tantangan terutama masih tingginya NPL. Dan kemudian sekarang ada rencana bahwa pemerintah akan memperpanjang masa relaksasi itu,"" kata Sunarso.






Follow Berita Okezone di Google News


Dapatkan berita up to date dengan semua berita terkini dari Okezone hanya dengan satu akun di
ORION, daftar sekarang dengan
klik disini
dan nantikan kejutan menarik lainnya

 Perlu diketahui, hingga kuartal II BRI menyalurkan kredit Rp1.336,78 triliun atau tumbuh 11,2 persen dibandingkan periode yang sama tahun tahun.
Adapun rasio loan at risk (LAR) turun dari 14,94 persen menjadi 12 persen yang menunjukkan kualitas kredit yang disalurkan terjaga dengan baik.
Sementara itu, rasio kredit bermasalah atau NPL non-performing loan terjaga, termanage di kisaran 3,05 persen dengan rasio coverage-nya.
""NPL coverage berada di level yang lebih dari sekedar memadai yaitu 211,6 persen coverage-nya. Jadi NPL BRI di cover cadangan lebih dari 2 kali lipat,"" kata Sunarso.
Sebagai bank yang portfolio terbesarnya di segmen UMKM, imbuh Sunarso, NPL di kisaran 3 persen ini menunjukkan bahwa BRI mampu menjaga kualitas kreditnya dengan baik melalui penerapan prinsip-prinsip risk management yang baik. 

 Sebelumnya

1
2

Selanjutnya





Follow WhatsApp Channel Okezone untuk update berita terbaru setiap hari

Follow



#BRI
#Dirut BRI
#Sunarso
#Restrukturisasi Kredit
#kredit




















 ""Jauh sebelum itu, BRI sudah sangat menyiapkan diri seandainya nanti itu tidak diperpanjang. Oleh karena itu, yang paling penting adalah kita menyiapkan segala macam bantalan yang kita sebut cadangan, terutama mengalokasikan biaya untuk penyadangan, itu sudah kita lakukan dengan baik,"" ungkap Sunarso
Strategi yang ditempuh oleh BRI dengan melakukan pencadangan dan restrukturisasi kredit-kredit yang bermasalah.
Hingga periode semester I 2024, BRI mencatat NPL secara bank only naik 10 basis poin (bps) secara tahunan menjadi 3,21 persen. Secara rinci, segmen kecil dan mikro menjadi yang paling tinggi kenaikannya masing-masing 76 bps dan 72 bps menjadi 5,05 persen dan 2,95 persen.

BACA JUGA:Laba Bersih BRI Capai Rp29 Triliun di Semester I-2024 


Sementara itu, BRI terbantu dengan membaiknya kualitas kredit untuk segmen korporasi. Sebab, ada perbaikan NPL korporasi yang cukup signifikan dari 4,83 persen menjadi sekitar 3,07 persen.
""Bahwa sekarang itu sudah jalan, dan ternyata memang kenyataannya di pasar, di lapangan terkait dengan mikro, sebenarnya masih banyak tantangan terutama masih tingginya NPL. Dan kemudian sekarang ada rencana bahwa pemerintah akan memperpanjang masa relaksasi itu,"" kata Sunarso.






Follow Berita Okezone di Google News


Dapatkan berita up to date dengan semua berita terkini dari Okezone hanya dengan satu akun di
ORION, daftar sekarang dengan
klik disini
dan nantikan kejutan menarik lainnya

 Perlu diketahui, hingga kuartal II BRI menyalurkan kredit Rp1.336,78 triliun atau tumbuh 11,2 persen dibandingkan periode yang sama tahun tahun.
Adapun rasio loan at risk (LAR) turun dari 14,94 persen menjadi 12 persen yang menunjukkan kualitas kredit yang disalurkan terjaga dengan baik.
Sementara itu, rasio kredit bermasalah atau NPL non-performing loan terjaga, termanage di kisaran 3,05 persen dengan rasio coverage-nya.
""NPL coverage berada di level yang lebih dari sekedar memadai yaitu 211,6 persen coverage-nya. Jadi NPL BRI di cover cadangan lebih dari 2 kali lipat,"" kata Sunarso.
Sebagai bank yang portfolio terbesarnya di segmen UMKM, imbuh Sunarso, NPL di kisaran 3 persen ini menunjukkan bahwa BRI mampu menjaga kualitas kreditnya dengan baik melalui penerapan prinsip-prinsip risk management yang baik. 

 Sebelumnya

1
2

Selanjutnya





Follow WhatsApp Channel Okezone untuk update berita terbaru setiap hari

Follow



#BRI
#Dirut BRI
#Sunarso
#Restrukturisasi Kredit
#kredit




















 Strategi yang ditempuh oleh BRI dengan melakukan pencadangan dan restrukturisasi kredit-kredit yang bermasalah.
Hingga periode semester I 2024, BRI mencatat NPL secara bank only naik 10 basis poin (bps) secara tahunan menjadi 3,21 persen. Secara rinci, segmen kecil dan mikro menjadi yang paling tinggi kenaikannya masing-masing 76 bps dan 72 bps menjadi 5,05 persen dan 2,95 persen.

BACA JUGA:Laba Bersih BRI Capai Rp29 Triliun di Semester I-2024 


Sementara itu, BRI terbantu dengan membaiknya kualitas kredit untuk segmen korporasi. Sebab, ada perbaikan NPL korporasi yang cukup signifikan dari 4,83 persen menjadi sekitar 3,07 persen.
""Bahwa sekarang itu sudah jalan, dan ternyata memang kenyataannya di pasar, di lapangan terkait dengan mikro, sebenarnya masih banyak tantangan terutama masih tingginya NPL. Dan kemudian sekarang ada rencana bahwa pemerintah akan memperpanjang masa relaksasi itu,"" kata Sunarso.






Follow Berita Okezone di Google News


Dapatkan berita up to date dengan semua berita terkini dari Okezone hanya dengan satu akun di
ORION, daftar sekarang dengan
klik disini
dan nantikan kejutan menarik lainnya

 Perlu diketahui, hingga kuartal II BRI menyalurkan kredit Rp1.336,78 triliun atau tumbuh 11,2 persen dibandingkan periode yang sama tahun tahun.
Adapun rasio loan at risk (LAR) turun dari 14,94 persen menjadi 12 persen yang menunjukkan kualitas kredit yang disalurkan terjaga dengan baik.
Sementara itu, rasio kredit bermasalah atau NPL non-performing loan terjaga, termanage di kisaran 3,05 persen dengan rasio coverage-nya.
""NPL coverage berada di level yang lebih dari sekedar memadai yaitu 211,6 persen coverage-nya. Jadi NPL BRI di cover cadangan lebih dari 2 kali lipat,"" kata Sunarso.
Sebagai bank yang portfolio terbesarnya di segmen UMKM, imbuh Sunarso, NPL di kisaran 3 persen ini menunjukkan bahwa BRI mampu menjaga kualitas kreditnya dengan baik melalui penerapan prinsip-prinsip risk management yang baik. 

 Sebelumnya

1
2

Selanjutnya





Follow WhatsApp Channel Okezone untuk update berita terbaru setiap hari

Follow



#BRI
#Dirut BRI
#Sunarso
#Restrukturisasi Kredit
#kredit




















 Hingga periode semester I 2024, BRI mencatat NPL secara bank only naik 10 basis poin (bps) secara tahunan menjadi 3,21 persen. Secara rinci, segmen kecil dan mikro menjadi yang paling tinggi kenaikannya masing-masing 76 bps dan 72 bps menjadi 5,05 persen dan 2,95 persen.

BACA JUGA:Laba Bersih BRI Capai Rp29 Triliun di Semester I-2024 


Sementara itu, BRI terbantu dengan membaiknya kualitas kredit untuk segmen korporasi. Sebab, ada perbaikan NPL korporasi yang cukup signifikan dari 4,83 persen menjadi sekitar 3,07 persen.
""Bahwa sekarang itu sudah jalan, dan ternyata memang kenyataannya di pasar, di lapangan terkait dengan mikro, sebenarnya masih banyak tantangan terutama masih tingginya NPL. Dan kemudian sekarang ada rencana bahwa pemerintah akan memperpanjang masa relaksasi itu,"" kata Sunarso.






Follow Berita Okezone di Google News


Dapatkan berita up to date dengan semua berita terkini dari Okezone hanya dengan satu akun di
ORION, daftar sekarang dengan
klik disini
dan nantikan kejutan menarik lainnya

 Perlu diketahui, hingga kuartal II BRI menyalurkan kredit Rp1.336,78 triliun atau tumbuh 11,2 persen dibandingkan periode yang sama tahun tahun.
Adapun rasio loan at risk (LAR) turun dari 14,94 persen menjadi 12 persen yang menunjukkan kualitas kredit yang disalurkan terjaga dengan baik.
Sementara itu, rasio kredit bermasalah atau NPL non-performing loan terjaga, termanage di kisaran 3,05 persen dengan rasio coverage-nya.
""NPL coverage berada di level yang lebih dari sekedar memadai yaitu 211,6 persen coverage-nya. Jadi NPL BRI di cover cadangan lebih dari 2 kali lipat,"" kata Sunarso.
Sebagai bank yang portfolio terbesarnya di segmen UMKM, imbuh Sunarso, NPL di kisaran 3 persen ini menunjukkan bahwa BRI mampu menjaga kualitas kreditnya dengan baik melalui penerapan prinsip-prinsip risk management yang baik. 

 Sebelumnya

1
2

Selanjutnya





Follow WhatsApp Channel Okezone untuk update berita terbaru setiap hari

Follow



#BRI
#Dirut BRI
#Sunarso
#Restrukturisasi Kredit
#kredit




















 Sementara itu, BRI terbantu dengan membaiknya kualitas kredit untuk segmen korporasi. Sebab, ada perbaikan NPL korporasi yang cukup signifikan dari 4,83 persen menjadi sekitar 3,07 persen.
""Bahwa sekarang itu sudah jalan, dan ternyata memang kenyataannya di pasar, di lapangan terkait dengan mikro, sebenarnya masih banyak tantangan terutama masih tingginya NPL. Dan kemudian sekarang ada rencana bahwa pemerintah akan memperpanjang masa relaksasi itu,"" kata Sunarso.






Follow Berita Okezone di Google News


Dapatkan berita up to date dengan semua berita terkini dari Okezone hanya dengan satu akun di
ORION, daftar sekarang dengan
klik disini
dan nantikan kejutan menarik lainnya

 Perlu diketahui, hingga kuartal II BRI menyalurkan kredit Rp1.336,78 triliun atau tumbuh 11,2 persen dibandingkan periode yang sama tahun tahun.
Adapun rasio loan at risk (LAR) turun dari 14,94 persen menjadi 12 persen yang menunjukkan kualitas kredit yang disalurkan terjaga dengan baik.
Sementara itu, rasio kredit bermasalah atau NPL non-performing loan terjaga, termanage di kisaran 3,05 persen dengan rasio coverage-nya.
""NPL coverage berada di level yang lebih dari sekedar memadai yaitu 211,6 persen coverage-nya. Jadi NPL BRI di cover cadangan lebih dari 2 kali lipat,"" kata Sunarso.
Sebagai bank yang portfolio terbesarnya di segmen UMKM, imbuh Sunarso, NPL di kisaran 3 persen ini menunjukkan bahwa BRI mampu menjaga kualitas kreditnya dengan baik melalui penerapan prinsip-prinsip risk management yang baik. 

 Sebelumnya

1
2

Selanjutnya





Follow WhatsApp Channel Okezone untuk update berita terbaru setiap hari

Follow



#BRI
#Dirut BRI
#Sunarso
#Restrukturisasi Kredit
#kredit




















 ""Bahwa sekarang itu sudah jalan, dan ternyata memang kenyataannya di pasar, di lapangan terkait dengan mikro, sebenarnya masih banyak tantangan terutama masih tingginya NPL. Dan kemudian sekarang ada rencana bahwa pemerintah akan memperpanjang masa relaksasi itu,"" kata Sunarso.






Follow Berita Okezone di Google News


Dapatkan berita up to date dengan semua berita terkini dari Okezone hanya dengan satu akun di
ORION, daftar sekarang dengan
klik disini
dan nantikan kejutan menarik lainnya

 Perlu diketahui, hingga kuartal II BRI menyalurkan kredit Rp1.336,78 triliun atau tumbuh 11,2 persen dibandingkan periode yang sama tahun tahun.
Adapun rasio loan at risk (LAR) turun dari 14,94 persen menjadi 12 persen yang menunjukkan kualitas kredit yang disalurkan terjaga dengan baik.
Sementara itu, rasio kredit bermasalah atau NPL non-performing loan terjaga, termanage di kisaran 3,05 persen dengan rasio coverage-nya.
""NPL coverage berada di level yang lebih dari sekedar memadai yaitu 211,6 persen coverage-nya. Jadi NPL BRI di cover cadangan lebih dari 2 kali lipat,"" kata Sunarso.
Sebagai bank yang portfolio terbesarnya di segmen UMKM, imbuh Sunarso, NPL di kisaran 3 persen ini menunjukkan bahwa BRI mampu menjaga kualitas kreditnya dengan baik melalui penerapan prinsip-prinsip risk management yang baik. 

 Sebelumnya

1
2

Selanjutnya





Follow WhatsApp Channel Okezone untuk update berita terbaru setiap hari

Follow



#BRI
#Dirut BRI
#Sunarso
#Restrukturisasi Kredit
#kredit




















  
Follow Berita Okezone di Google News
 
Dapatkan berita up to date dengan semua berita terkini dari Okezone hanya dengan satu akun di
ORION, daftar sekarang dengan
klik disini
dan nantikan kejutan menarik lainnya
 Perlu diketahui, hingga kuartal II BRI menyalurkan kredit Rp1.336,78 triliun atau tumbuh 11,2 persen dibandingkan periode yang sama tahun tahun. Adapun rasio loan at risk (LAR) turun dari 14,94 persen menjadi 12 persen yang menunjukkan kualitas kredit yang disalurkan terjaga dengan baik. Sementara itu, rasio kredit bermasalah atau NPL non-performing loan terjaga, termanage di kisaran 3,05 persen dengan rasio coverage-nya. ""NPL coverage berada di level yang lebih dari sekedar memadai yaitu 211,6 persen coverage-nya. Jadi NPL BRI di cover cadangan lebih dari 2 kali lipat,"" kata Sunarso. Sebagai bank yang portfolio terbesarnya di segmen UMKM, imbuh Sunarso, NPL di kisaran 3 persen ini menunjukkan bahwa BRI mampu menjaga kualitas kreditnya dengan baik melalui penerapan prinsip-prinsip risk management yang baik. Berita Terkait  Bagikan Artikel Ini   Berita Lainnya © 2007 - 2024 Okezone.com, All Rights Reserved"
2024-07-25,4700.0,0,"Pewarta: Rizka KhaerunnisaEditor: Ahmad Buchori 								Copyright © ANTARA 2024 

 

Kirim
Komentar menjadi tanggung-jawab Anda sesuai UU ITE.
"
2024-07-25,4700.0,0,"Nyaman tanpa iklan. Langganan BisnisPro Nyaman tanpa iklan. Langganan BisnisPro Nyaman tanpa iklan. Langganan BisnisPro Bisnis.com, JAKARTA -- PT Bank Rakyat Indonesia Tbk. (BRI) mengomentari rasio kredit bermasalah (nonperforming loan/NPL), termasuk kredit macet UMKM yang membengkak serta munculnya wacana perpanjangan restrukturisasi kredit Covid-19.  Berdasarkan data Otoritas Jasa Keuangan (OJK), pada Mei 2024, rasio NPL UMKM mencapai level 4,27%, naik tipis dibandingkan dengan bulan sebelumnya atau April 2024 di level 4,26%.  NPL UMKM juga membengkak cukup tinggi sepanjang tahun berjalan atau dibandingkan Desember 2023 yang masih berada pada level 3,71%. Direktur Utama BRI Sunarso mengatakan BRI merupakan bank yang berfokus menyasar segmen UMKM. Porsi penyaluran kredit UMKM di BRI mencapai 81,96%. Menurutnya, saat ini memang terjadi kenaikan NPL yang tidak hanya terjadi di segmen mikro, tetapi juga di segmen usaha kecil dan menengah. ""Akan tetapi kondisi di BRI tetap di bawah NPL UMKM industri, yakni 3,05%. Artinya, NPL UMKM BRI masih lebih baik di bawah rata-rata NPL UMKM industri,"" tuturnya dalam paparan kinerja pada Kamis (25/7/2024). Meski begitu, BRI tetap menyiapkan ancang-ancang menjaga kualitas kreditnya itu. ""Bahwa NPL UMKM naik, iya. Apa strateginya? Kami tetap tumbuh di UMKM secara selektif, risk acceptance perkatat,"" kata Sunarso. Kemudian, BRI tetap menjalankan program restrukturisasi kredit secara komersial seiring dengan berakhirnya kebijakan restrukturisasi kredit Covid-19. ""Kalau tidak bisa direstrukturisasi, kami hapus buku, di situlah cadangan berbicara,"" katanya. Adapun, NPL coverage yang ada di BRI per Juni 2024 mencapai 211,6%. Seiring dengan membengkaknya NPL UMKM, muncul wacana perpanjangan restrukturisasi kredit Covid-19. Untuk diketahui, kebijakan stimulus restrukturisasi kredit Covid-19 diberlakukan pemerintah mulai Maret 2020. Kemudian, kebijakan tersebut telah berakhir pada 31 Maret 2024. Sunarso mengatakan setelah berakhirnya restrukturisasi kredit Covid-19 pada Maret 2024, BRI sudah menyiapkan diri dengan pencadangan yang kuat. ""Kemudian, ada rencana pemerintah memperpanjang relaksasi. BRI pada prinsipnya sepanjang sesuai ketentuan aturannya, kami tunduk. Kalau diakhiri kami ikuti, kalau diperpanjang selama jelas aturannya, kami ikuti,"" tuturnya.  Usulan Perpanjangan Restrukturisasi  Sebelumnya, Pemerintah mengusulkan perpanjangan kebijakan stimulus restrukturisasi kredit Covid-19 hingga 2025. Menteri Koordinator Bidang Perekonomian Airlangga Hartarto menyampaikan pemerintah akan mengusulkan perpanjang kebijakan restrukturisasi kredit yang merupakan arahan dari presiden Joko Widodo (Jokowi) ke Otoritas Jasa Keuangan (OJK) melalui Komite Stabilitas Sistem Keuangan (KSSK). “Ada arahan bapak Presiden bahwa kredit restrukturisasi akibat daripada Covid-19 itu yang seharusnya jatuh tempo pada Maret 2024 ini diusulkan ke OJK, nanti melalui KSSK dan Gubernur BI untuk mundur sampai dengan 2025,” katanya di kompleks Istana Kepresidenan pada bulan lalu (24/6/2024). Airlangga menjelaskan tujuan dari perpanjangan stimulus tersebut untuk mengurangi beban perbankan dalam mencadangkan kerugian akibat kenaikan kredit bermasalah.  Ketua Dewan Komisioner OJK Mahendra Siregar menjelaskan sebenarnya dalam pengambilan putusan untuk pengakhiran dari rekstrukturisasi kredit Covid-19 pada Maret 2024, OJK sudah menghitung dari segi dampaknya. OJK juga mempertimbangkan kecukupan modal, pencadangan atau CKPN, likuiditas, dan kapasitas untuk pertumbuhan kredit lembaga jasa keuangan. Meski begitu, OJK paham atas usulan dari pemerintah agar restrukturisasi kredit Covid-19 diperpanjang. ""Ada perhatian khusus terhadap potensi dari pertumbuhan kredit di segmen tertentu,"" ujarnya setelah acara Talkshow Edukasi Keuangan Bundaku pada Selasa (25/6/2024). OJK pun akan mendalami usulan dari pemerintah terkait perpanjangan restrukturisasi kredit Covid-19. ""Jadi kami lakukan evaluasinya, baik terkait dengan yang setelah diselesaikan di Maret lalu, yang rekstrukturisasi kredit pandemi itu, maupun juga terhadap isu yang disampaikan [perpanjangan restrukturisasi kredit Covid-19]. Ada potensi, kemungkinan untuk keterbatasan pertumbuhan kredit di segmen tertentu,"" ujarnya. Cek Berita dan Artikel yang lain di Google
            News dan WA Channel Nyaman tanpa iklan. Langganan BisnisPro Nyaman tanpa iklan. Langganan BisnisPro Nyaman tanpa iklan. Langganan BisnisPro Nyaman tanpa iklan. Langganan BisnisPro Nyaman tanpa iklan. Langganan BisnisPro"
2024-07-25,4700.0,0," Kita harus masih bertambah pada UMKM, tapi sangat selektif. Dengan cara apa? Maka risk acceptance kriterianya kita perketat. Loan portfolio guideline-nya itu kita perketat
 Jakarta  – Direktur Utama PT Bank Rakyat Tanah Air (Persero) Tbk Sunarso mengungkapkan beberapa orang strategi yang tersebut dilaksanakan BRI untuk melindungi rasio kredit bermasalah (non-performing loan/NPL) UMKM permanen rendah, salah satunya selektif pada menyalurkan kredit ke segmen tersebut.     “Kita harus permanen meningkat ke UMKM, tapi sangat selektif. Dengan cara apa? Maka risk acceptance kriterianya kita perketat. Loan portfolio guideline-nya itu kita perketat,” kata Sunarso di konferensi pers Paparan Kemampuan Keuangan Triwulan II 2024 ke Jakarta, Kamis.
     Tak belaka itu, portfolio bidang usaha mikro, kecil, serta menengah (UMKM) yang dimaksud telah ada juga permanen dikerjakan pemilahan kembali, mana UMKM yang tersebut masih mampu melanjutkan kreditnya lalu mana yang digunakan sedang bermasalah.
     Apabila memang benar dibutuhkan kelonggaran untuk kredit UMKM, maka BRI akan mengikuti instruksi pemerintah. Apabila tiada ada kelonggaran, BRI melakukan restrukturisasi sesuai dengan prinsip-prinsip atau ketentuan umum yang tersebut berlaku yang mana selama ini dijalankan oleh bank.
     “Kalau memang benar tidaklah mampu direstrukturisasi, maka terpaksa kita harus write off, kita harus hapus buku. Maka kemudian pada situlah cadangan berbicara, seberapa kuat kita punya cadangan,” kata Sunarso.
     Strategi terakhir, kata Sunarso, BRI tetap melakukan penagihan terhadap debitur yang dimaksud sudah ada dihapusbukukan (write off). Dalam hal ini, BRI fokus terhadap langkah pemulihan (recovery) terhadap kredit-kredit yang mana telah dihapusbukukan.
     Hingga akhir triwulan II 2024, BRI menyalurkan kredit sebesar Rp1.095,64 triliun terhadap segmen UMKM atau mencapai porsi 81,96 persen dari total kredit yang dimaksud disalurkan bank berplat merah tersebut.
     Rasio loan at risk (LAR) BRI tercatat membaik, turun dari semula 14,94 persen pada akhir triwulan II 2023 menjadi 12,00 persen pada akhir triwulan II 2024. Sedangkan rasio NPL BRI terjaga pada kisaran 3,05 persen, dengan rasio NPL coverage berada pada level yang mana memadai sebesar 211,60 persen. Sunarso mengungkapkan bahwa NPL UMKM BRI masih lebih besar baik atau dalam bawah NPL UMKM rata-rata lapangan usaha perbankan.
     Adapun berdasarkan data Otoritas Jasa Keuangan (OJK), NPL gross UMKM pada Mei 2024 tercatat stabil yaitu sebesar 4,27 persen atau naik tipis dari 4,26 persen pada April 2024.
     Sejalan dengan penurunan LAR total kredit menjadi sebesar 10,75 persen pada Mei 2024, OJK mencatat LAR kredit UMKM juga mengalami penurunan berubah menjadi sebesar 13,83 persen pada Mei 2024 melebihi tahun sebelumnya yang tersebut sebesar 17,63 persen.
     Terkait risiko kredit khususnya pada segmen UMKM, berdasarkan hasil stress test yang sudah pernah dijalankan OJK, secara umum perbankan dinilai masih resilient didukung dengan permodalan yang digunakan terjaga juga tingkat pencadangan yang memadai.
     Selain itu, catat OJK, secara umum rasio kredit yang dimaksud berisiko (LAR) untuk UMKM pada waktu ini di rentang level yang mana terjaga serta pada tren yang digunakan menurun, jarak jauh di bawah level puncaknya di masa pandemi COVID-19.
 Artikel ini disadur dari Dirut BRI ungkap strategi jaga rasio NPL UMKM tetap rendah
 Sejumlah keadaan yang dimaksud diperparah oleh pandemi Wabah yang digunakan menerpa hampir ke seluruh dunia…. DKI Jakarta – Suku bunga Kredit Pemilikan Rumah (KPR) BTN sangat mempengaruhi warga pada mendapatkan hunian… DKI Jakarta – Berbagai insiden dunia usaha diberitakan oleh Kantor Berita ANTARA pada Kamis (1/8),… Sedangkan diskon 10 persen BPHTB berlaku untuk input juga pembayaran pada waktu masa berlaku diskon… Ketahanan sistem keuangan pada triwulan II-2024 tetap terjaga ke berada dalam peningkatan tekanan di lingkungan… Iya harus ikut. Apalagi bank-bank yang kerap digunakan untuk fraud & scam, kan nama banknya…"
2024-07-29,4780.0,0,"Home / Nasional / Profil Dirut Bank BRI Mediapasti.com – Profil Direktur Utama PT Bank Rakyat Indonesia (BRI). Di tahun 2022 silam, Sunarso telah melaporkan jumlah harta kekayaannya ke LHKPN, sebagai Direktur Utama Bank BRI. Totalnya Rp28.874.595.300 1. Tanah dan Bangunan Seluas 324 m2/250 m2 di KAB / KOTA BOGOR, HASIL SENDIRI Rp916.534.000 2. Tanah Seluas 300 m2 di KAB / KOTA BOGOR, HASIL SENDIRI Rp85.500.000 3. Tanah Seluas 1000 m2 di KAB / KOTA BOGOR, HASIL SENDIRI Rp160.000.000 4. Tanah Seluas 1910 m2 di KAB / KOTA BOGOR, HASIL SENDIRI Rp122.240.000 5. Tanah Seluas 9661 m2 di KAB / KOTA KARAWANG, HASIL SENDIRI Rp57.295.000 6. Tanah Seluas 8195 m2 di KAB / KOTA KARAWANG, HASIL SENDIRI Rp86.736.650 7. Tanah Seluas 8850 m2 di KAB / KOTA KARAWANG, HASIL SENDIRI Rp42.650.000 8. Tanah dan Bangunan Seluas 670 m2/100 m2 di KAB / KOTA KOTA JAKARTA SELATAN , HASIL SENDIRI Rp2.358.050.000 9. Tanah Seluas 4719 m2 di KAB / KOTA KARAWANG, HASIL SENDIRI Rp28.000.000 10. Tanah dan Bangunan Seluas 162 m2/65 m2 di KAB / KOTA BOGOR, HASIL SENDIRI Rp213.248.000 11. Tanah dan Bangunan Seluas 200 m2/185 m2 di KAB / KOTA BOGOR, HASIL SENDIRI Rp266.562.000 12. Tanah dan Bangunan Seluas 120 m2/36 m2 di KAB / KOTA KOTA2022 TANGERANG , HASIL SENDIRI Rp55.620.000 13. Tanah Seluas 2883 m2 di KAB / KOTA KARAWANG, HASIL SENDIRI Rp15.840.000 14. Tanah Seluas 5529 m2 di KAB / KOTA KARAWANG, HASIL SENDIRI Rp29.085.000 15. Tanah Seluas 10100 m2 di KAB / KOTA KARAWANG, HASIL SENDIRI Rp97.604.650 16. Tanah Seluas 755 m2 di KAB / KOTA KOTA JAKARTA SELATAN , HASIL SENDIRI Rp15.250.600.000 17. Bangunan Seluas 48 m2 di KAB / KOTA KOTA JAKARTA PUSAT , HASIL SENDIRI Rp1.545.390.000 18. Bangunan Seluas 48 m2 di KAB / KOTA KOTA JAKARTA PUSAT , HASIL SENDIRI Rp1.165.670.000 19. Bangunan Seluas 57 m2 di KAB / KOTA KOTA JAKARTA PUSAT , HASIL SENDIRI Rp1.377.970.000 20. Tanah dan Bangunan Seluas 200 m2/507 m2 di KAB / KOTA KOTA JAKARTA SELATAN , HASIL SENDIRI Rp5.000.000.000 B. ALAT TRANSPORTASI DAN MESIN Totalnya Rp3.391.650.000 1. MOTOR, HONDA SEPEDA MOTOR Tahun 2008, HASIL SENDIRI Rp2.500.000 2. MOBIL, MERCEDES BENZ 2400 Tahun 2015, HASIL SENDIRI Rp999.400.000 3. MOBIL, MITSUBISHI PAJERO SPORT Tahun 2017, HASIL SENDIRI Rp473.000.000 4. MOBIL, BMW MINIBUS Tahun 2020, HASIL SENDIRI Rp800.000.000 5. MOBIL, TOYOTA ALPHARD 2. 5 G AT MINIBUS Tahun 2019,HASIL SENDIRI Rp1.116.750.000 C. HARTA BERGERAK LAINNYA Totalnya Rp950.000.000 D. SURAT BERHARGA Totalnya Rp76.725.355.853 E. KAS DAN SETARA KAS Totalnya Rp66.497.694.169 F. HARTA LAINNYA Totalnya Rp20.290.462.191 Lewat data di atas maka keseluruhan harta kekayaan Sunarso yakni mencapai Rp196.729.757.513.*** 
Mediapasti.com



 Follow                
 
					Portal Berita Online Indonesia, 
berita Pasti Terpercaya dan Pasti Aktual                 
                    @AltGemsAlert High-tech arbitraging boosting my market efficiency https://twitter.com/AAurrand/status/1816112706786931052                                     
                    @BNBCHAIN Crypto trading simplified and profitable.! https://twitter.com/_ian_netic136/status/1816094255506678128                                     
                    @danhtran68 Innovative supercharging my financial performance https://twitter.com/rony_subham/status/1816088943684903017                                     
                    @coinexcom Found my financial freedom here. Awesome! https://twitter.com/JHulring/status/1816126667913585064                                     
                    @Regrets10x Risk tolerance https://twitter.com/haleem112002a/status/1816126957144400013                                     
                    @luke_broyles Effortless leveraging my trading efficiency https://twitter.com/AAurrand/status/1816112706786931052                                     Mediapasti.com – Marisa Putri (21), pelaku yang menabrak emak-emak hingga tewas di Pekanbaru, Riau, mengakui dirinya bersalah. Mahasiswi tersebut mengaku mengemudikan mobil dalam kondisi tidak Mediapasti.com – Media asal Vietnam, Soha tampak tak senang dengan adanya pengumuman perubahan jadwal Piala AFF 2024. Pasalnya perubahan jadwal itu tak memberikan keuntungan apapun untuk Tim Mediapasti.com – Presiden Joko Widodo (Jokowi) akan menggelar sidang Kabinet perdana di Ibu Kota Negara (IKN) Nusantara pada 12 Agustus 2024. Rencananya, semua menteri akan Mediapasti.com – Kementerian Luar Negeri RI mengimbau agar warga negara Indonesia (WNI) tidak bepergian ke Lebanon, Iran dan Israel. Imbauan ini dikeluarkan Kemlu RI menyusul Mediapasti.com – Mahasiswi bernama Marisa Putri (21) ditetapkan tersangka usai menabrak seorang wanita hingga tewas di Pekanbaru. Pelaku ternyata dalam pengaruh narkoba. Kasatlantas Polresta, Kompol Aliansi Wartawan Bersatu mengadakan pertemuan di Kedai Kopi ONJ 99, Jalan Delima, Kelurahan Delima, Kecamatan Binawidyah, Kota Pekanbaru. Pertemuan ini diadakan untuk menyampaikan kecaman terhadap Mediapasti.com – Keputusan Indonesia untuk menurunkan skuad muda di ASEAN Cup 2024 telah memicu beragam reaksi, terutama dari media Vietnam. Teka-teki terkait sosok pelatih yang Mediapasti.com – Keputusan pelatih baru Chelsea, Enzo Maresca, untuk menunjuk langsung penendang penalti merupakan langkah yang cukup menarik dan patut dianalisa. Ada beberapa alasan mengapa Mediapasti.com – Polisi telah menangkap Meita Irianty alias Tata Irianty, pemilik daycare Wensen School sekaligus influencer parenting, sebagai tersangka kasus penganiayaan balita berusia 2 tahun Mediapasti.com – Toko susu di ruko Perumahan Mutiara Gading Timur, Kecamatan Mustikajaya, Kota Bekasi dibobol kawanan maling pada Selasa (30/7/2024) dini hari.  Detik-detik aksi pencurian terekam kamera CCTV, pelaku Mediapasti merupakan  perusahaan media berita online yang profesional dan terpercaya berdasarkan fakta untuk membangun masyarakat yang lebih cerdas dan bijaksana."
2024-08-01,4750.0,0,"VIVA – PT. Bank Rakyat Indonesia (Persero) Tbk mempublikasikan Indeks Bisnis UMKM Triwulan II 2024 pada Kamis (01/08). Dalam publikasi tersebut terlihat bahwa ekspansi bisnis UMKM mulai membaik, tercermin dari Indeks Bisnis UMKM pada Triwulan II 2024 tercatat di level 109,9, atau meningkat dari 102,9 pada kuartal sebelumnya. Terkait dengan hal tersebut, Direktur Bisnis Mikro BRI Supari menjelaskan bahwa ekspansi bisnis UMKM yang mulai membaik ditopang oleh empat faktor utama.  “Pertama, adanya Hari Besar Keagamaan Nasional (HBKN) yang mendorong peningkatan permintaan terhadap barang dan jasa-jasa serta didukung oleh adanya THR yang meningkatkan daya beli pekerja. Kedua, kondisi El-Nino mereda, adanya panen raya tanaman pangan dan harga beberapa komoditas perkebunan membaik yang berdampak pada peningkatan kinerja sektor pertanian serta memberikan spillover effects terhadap sektor lain. Selanjutnya peningkatan sektor konstruksi seiring dengan mulai bergulirnya proyek-proyek pemerintah dan didukung oleh cuaca yang semakin kondusif. Dan terakhir libur HBKN dan sekolah memberikan dampak yang positif bagi sektor pariwisata dan sektor terkait,” urai Supari. Supari juga menambahkan kondisi likuiditas dan rentabilitas UMKM pada Triwulan II 2024 juga membaik, sejalan dengan membaiknya ekspansi bisnis UMKM karena faktor musiman. Namun demikian, meskipun ekspansi bisnis UMKM mulai membaik, sebagian pelaku UMKM tetap mengeluhkan daya beli masyarakat yang belum sepenuhnya pulih, kenaikan harga barang input dan persaingan yang semakin ketat serta menilai ekspansi tersebut sebagian didorong oleh faktor musiman HKBN & panen raya. “Oleh karena itu, seiring dengan berlalunya HBKN dan panen raya, ekspansi bisnis UMKM diperkirakan akan kembali mengalami normalisasi sebagaimana ditunjukkan oleh indeks ekspektasi bisnis UMKM yang menurun menjadi 126,4 pada Q2-2024 dari 129,9 pada kuartal sebelumnya. Namun, indeks ekspektasi tetap di atas 100 mengindikasikan bisnis UMKM masih prospektif,” ujar Supari. Sejalan dengan kegiatan usaha yang mulai membaik, sentimen pebisnis UMKM juga turut membaik terutama didorong oleh membaiknya penilaian pelaku UMKM terhadap kondisi terkini (Indeks Situasi Sekarang). Peningkatan sentimen tersebut terjadi di hampir semua sektor usaha dan untuk 3 bulan mendatang pelaku UMKM tetap optimis kondisi ekonomi secara umum, sektor usaha dan usahanya akan membaik. “Kepercayaan pelaku UMKM terhadap kemampuan pemerintah menjalankan tugas-tugas utamanya tetap tinggi (IKP berada pada level 130,5, jauh diatas 100). Penilaian tertinggi diberikan untuk komponen yang menyatakan kemampuan pemerintah menciptakan rasa aman dan tenteram,” jelas Supari. BRI hingga akhir Triwulan II 2024 masih menjadi penyalur kredit teritinggi kepada segmen UMKM di Indonesia. Pada paparan Press Conference Kinerja Keuangan BRI Triwulan II 2024 di Jakarta (25/7), Direktur Utama BRI Sunarso mengungkapkan bahwa hingga akhir Juni 2024, Perseroan berhasil menyalurkan kredit kepada segmen UMKM senilai Rp1.095,64 triliun atau setara 81,69% dari total penyaluran kredit BRI. “Salah satu bentuk komitmen BRI dalam mendukung pertumbuhan ekonomi nasional yakni dengan tetap mendorong penciptaan lapangan pekerjaan khususnya pada segmen UMKM melalui penyaluran kredit yang berkualitas,” ujar Sunarso. Apabila dirinci, penyaluran kredit BRI kepada segmen UMKM senilai Rp1.095,64 triliun terdiri dari segmen mikro sebesar Rp623 triliun, segmen kecil Rp232,3 triliun, segmen konsumer Rp198,8 triliun dan segmen menengah senilai Rp41,5 triliun. Informasi tentang Survei Survei Kegiatan Usaha dan Sentimen Bisnis UMKM BRI memiliki sampel lebih dari 7.000 responden UMKM yang tersebar di semua sektor ekonomi dan di 33 provinsi. Pemilihan sampel dilakukan dengan menggunakan metode stratified systematic random sampling, sehingga dapat merepresentasikan sektor usaha, provinsi dan skala usaha. Survei ini dilakukan oleh BRI Research Institute pada tanggal 24 Juli 2024 sampai dengan 9 Juli 2024. Wawancara dilakukan melalui telepon dengan pengawasan mutu yang ketat sehingga data yang terkumpul valid dan reliable. Informasi yang dikumpulkan dalam survei ini adalah persepsi pelaku usaha UMKM terhadap perkembangan dan prospek perekonomian secara umum, sektor usaha responden serta perkembangan dan proyeksi kinerja usaha responden. Informasi ini digunakan untuk menyusun Indeks Bisnis UMKM (IB), Indeks Sentimen Bisnis (ISB) serta Indeks Kepercayaan Pelaku (IKP) usaha UMKM kepada pemerintah. Indeks-indeks ini melengkapi indeks serupa yang disusun oleh Bank Indonesia dan Badan Pusat Statistik di mana surveinya dilakukan terhadap pelaku usaha kategori menengah dan besar. Di samping itu juga dikumpulkan informasi mengenai kondisi usaha responden untuk keperluan monitoring dan sekaligus menjadi early warning system (EWS) terhadap keberlangsungan usaha debitur UMKM. Dalam survei ini responden menjawab sejumlah pertanyaan, di mana untuk setiap pertanyaan responden dapat memberikan jawaban positif (Lebih Tinggi atau Lebih Baik), jawaban negatif (Lebih Rendah atau Lebih Buruk), dan jawaban netral (Sama Saja atau Tetap). Indeks difusi dihitung dari selisih persentase jawaban positif dengan persentase jawaban negatif ditambah 100. Dalam hal ini jawaban netral diabaikan. Nilai tengah indeks difusi adalah 100, dan rentang indeks difusi akan berada pada kisaran nol sampai dengan 200. Jika semua responden memberikan jawaban negatif, maka indeks difusi akan bernilai nol.  Dan sebaliknya jika semua responden memberikan jawaban positif, maka indeks difusi akan bernilai 200. Indeks difusi di atas 100 menunjukkan bahwa jawaban positif melebihi jawaban negatif. Sebaliknya indeks difusi di bawah 100 mengindikasikan jawaban negatif lebih banyak dibandingkan dengan jawaban positif."
2024-08-01,4750.0,0,"Scan this QR or download app from: JAKARTA, iNews.id - Direktur Utama PT Bank Pembangunan Daerah Sumatera Selatan dan Bangka Belitung (Bank Sumsel Babel) Achmad Syamsudin menyambut baik sinergi dengan PT Bank MNC Internasional Tbk (BABP). Menurutnya, perusahaan mempunyai visi-misi untuk bertumbuh melalui digital, salah satunya bekerja sama dengan MNC Bank dan menargetkan laba bisa tumbuh hingga Rp1 triliun. ""Visi kita melalui layanan digital, aset kita sekarang dari Rp37-38 triliun, kemudian kita mempunyai laba kemarin kita tutup di Juni itu sekitar hampir mendekati Rp400 miliar, nah sekarang kita mencoba tumbuh di atas Rp1 triliun labanya, InsyaAllah 2025-2026 bisa Rp1 triliun,"" ucap Syamsudin dalam acara Signing Ceremony MoU antara MNC Bank dengan Bank Sumsel Babel, Kamis (1/8/2024). Syamsudin menambahkan, yang menjadi tugas adalah pertumbuhan Bank Sumsel Babel diharapkan tak hanya lewat perbankan, tetapi dari masyarakat bisa menikmati layanan tersebut, apalagi di wilayah Sumatera Selatan masih banyak yang ketinggalan. ""Inilah challenge-challenge kita yang harus dihadapi ke depan,"" tuturnya. Adapun Syamsudin mengungkapkan pihaknya menyambut baik sinergi yang terjalin antara Bank Sumsel Babel dan MNC Bank.  ""Semoga dengan kerja sama yang sangat baik ini dapat memberikan manfaat pertumbuhan bisnis baik bagi Bank Sumsel Babel dan MNC Bank. Tak lupa kami haturkan ucapan terima kasih yang tak terhingga atas kepercayaan MNC Bank kepada Bank Sumsel Babel selama ini,” ucap Achmad. Perlu diketahui, Bank Sumsel Babel juga akan mengeksplorasi potensi kolaborasi dengan lini bisnis keuangan lainnya di bawah MNC Kapital seperti MNC Life, MNC Asset Management, dan MNC Sekuritas. Di sisi lain Direktur Utama MNC Kapital (BCAP) Yudi Hamka menegaskan MNC Kapital senantiasa mendukung inisiasi kerja sama yang dijalin oleh MNC Bank. “Kami yakin kerja sama yang terjalin antara MNC Bank dengan Bank Sumsel Babel dapat meningkatkan nilai tambah bagi kedua belah pihak, sekaligus kerja sama ini akan membuka pintu kerja sama lain dalam ekosistem MNC Group,” kata Yudi. 
                    Editor : Aditya Pratama
                 Lokasi Tidak Terdeteksi Aktifkan fitur berita di sekitarmu?  Pastikan pengaturan lokasi browser Anda aktif Ketahui lebih lanjut Pastikan pengaturan lokasi browser Anda aktif Ketahui lebih lanjut"
