Date,Close,label
2003-11-12 00:00:00+07:00,47.09296798706055,1
2003-11-13 00:00:00+07:00,47.09296798706055,0
2003-11-14 00:00:00+07:00,47.09296798706055,0
2003-11-17 00:00:00+07:00,44.8504524230957,1
2003-11-18 00:00:00+07:00,43.72919845581055,0
2003-11-19 00:00:00+07:00,44.8504524230957,1
2003-11-20 00:00:00+07:00,45.97171401977539,0
2003-11-21 00:00:00+07:00,47.09296798706055,0
2003-12-01 00:00:00+07:00,48.2142333984375,0
2003-12-02 00:00:00+07:00,47.09296798706055,0
2003-12-03 00:00:00+07:00,45.97171401977539,1
2003-12-04 00:00:00+07:00,47.09296798706055,0
2003-12-05 00:00:00+07:00,45.97171401977539,0
2003-12-08 00:00:00+07:00,45.97171401977539,0
2003-12-09 00:00:00+07:00,45.97171401977539,0
2003-12-10 00:00:00+07:00,47.09296798706055,0
2003-12-11 00:00:00+07:00,47.09296798706055,0
2003-12-12 00:00:00+07:00,48.2142333984375,0
2003-12-15 00:00:00+07:00,49.33550262451172,0
2003-12-16 00:00:00+07:00,49.33550262451172,0
2003-12-17 00:00:00+07:00,51.57802200317383,1
2003-12-18 00:00:00+07:00,57.18431854248047,1
2003-12-19 00:00:00+07:00,56.06306076049805,1
2003-12-22 00:00:00+07:00,56.06306076049805,0
2003-12-23 00:00:00+07:00,56.06306076049805,0
2003-12-29 00:00:00+07:00,56.06306076049805,0
2003-12-30 00:00:00+07:00,56.06306076049805,0
2004-01-02 00:00:00+07:00,57.18431854248047,0
2004-01-05 00:00:00+07:00,57.18431854248047,1
2004-01-06 00:00:00+07:00,57.18431854248047,0
2004-01-07 00:00:00+07:00,58.30559158325195,1
2004-01-08 00:00:00+07:00,62.790626525878906,1
2004-01-09 00:00:00+07:00,68.39694213867188,1
2004-01-12 00:00:00+07:00,67.27568054199219,0
2004-01-13 00:00:00+07:00,66.15440368652344,0
2004-01-14 00:00:00+07:00,69.51820373535156,0
2004-01-15 00:00:00+07:00,71.7607192993164,0
2004-01-16 00:00:00+07:00,74.00322723388672,0
2004-01-19 00:00:00+07:00,70.63947296142578,1
2004-01-20 00:00:00+07:00,70.63947296142578,0
2004-01-21 00:00:00+07:00,69.51820373535156,0
2004-01-23 00:00:00+07:00,70.63947296142578,0
2004-01-26 00:00:00+07:00,69.51820373535156,0
2004-01-27 00:00:00+07:00,68.39694213867188,0
2004-01-28 00:00:00+07:00,67.27568054199219,0
2004-01-29 00:00:00+07:00,62.790626525878906,1
2004-01-30 00:00:00+07:00,63.911903381347656,0
2004-02-03 00:00:00+07:00,61.66935348510742,0
2004-02-04 00:00:00+07:00,65.03315734863281,1
2004-02-05 00:00:00+07:00,66.15440368652344,0
2004-02-06 00:00:00+07:00,70.63947296142578,0
2004-02-09 00:00:00+07:00,74.00322723388672,0
2004-02-10 00:00:00+07:00,71.7607192993164,0
2004-02-11 00:00:00+07:00,71.7607192993164,0
2004-02-12 00:00:00+07:00,68.39694213867188,1
2004-02-13 00:00:00+07:00,72.88197326660156,1
2004-02-16 00:00:00+07:00,70.63947296142578,1
2004-02-17 00:00:00+07:00,70.63947296142578,0
2004-02-18 00:00:00+07:00,71.7607192993164,0
2004-02-19 00:00:00+07:00,71.7607192993164,0
2004-02-20 00:00:00+07:00,74.00322723388672,0
2004-02-24 00:00:00+07:00,71.7607192993164,0
2004-02-25 00:00:00+07:00,70.63947296142578,0
2004-02-26 00:00:00+07:00,68.39694213867188,0
2004-02-27 00:00:00+07:00,69.51820373535156,1
2004-03-01 00:00:00+07:00,71.7607192993164,1
2004-03-02 00:00:00+07:00,71.7607192993164,1
2004-03-03 00:00:00+07:00,74.00322723388672,1
2004-03-04 00:00:00+07:00,74.00322723388672,0
2004-03-05 00:00:00+07:00,70.63947296142578,1
2004-03-08 00:00:00+07:00,70.63947296142578,0
2004-03-09 00:00:00+07:00,72.88197326660156,1
2004-03-10 00:00:00+07:00,70.63947296142578,0
2004-03-11 00:00:00+07:00,69.51820373535156,0
2004-03-12 00:00:00+07:00,67.27568054199219,0
2004-03-15 00:00:00+07:00,66.15440368652344,0
2004-03-16 00:00:00+07:00,63.911903381347656,0
2004-03-17 00:00:00+07:00,66.15440368652344,0
2004-03-18 00:00:00+07:00,67.27568054199219,0
2004-03-19 00:00:00+07:00,68.39694213867188,0
2004-03-23 00:00:00+07:00,68.39694213867188,0
2004-03-24 00:00:00+07:00,68.39694213867188,0
2004-03-25 00:00:00+07:00,66.15440368652344,0
2004-03-26 00:00:00+07:00,63.911903381347656,0
2004-03-29 00:00:00+07:00,65.03315734863281,0
2004-03-30 00:00:00+07:00,68.39694213867188,0
2004-03-31 00:00:00+07:00,68.39694213867188,0
2004-04-01 00:00:00+07:00,69.51820373535156,0
2004-04-02 00:00:00+07:00,72.88197326660156,0
2004-04-06 00:00:00+07:00,78.48829650878906,1
2004-04-07 00:00:00+07:00,77.36701202392578,0
2004-04-08 00:00:00+07:00,76.24577331542969,0
2004-04-12 00:00:00+07:00,75.12451171875,0
2004-04-13 00:00:00+07:00,75.12451171875,0
2004-04-14 00:00:00+07:00,75.12451171875,0
2004-04-15 00:00:00+07:00,77.36701202392578,1
2004-04-16 00:00:00+07:00,81.8520736694336,1
2004-04-19 00:00:00+07:00,86.33712768554688,1
2004-04-20 00:00:00+07:00,87.4583969116211,0
2004-04-21 00:00:00+07:00,85.21585083007812,0
2004-04-22 00:00:00+07:00,82.97333526611328,0
2004-04-23 00:00:00+07:00,82.97333526611328,0
2004-04-26 00:00:00+07:00,79.60955047607422,1
2004-04-27 00:00:00+07:00,82.97333526611328,0
2004-04-28 00:00:00+07:00,82.97333526611328,0
2004-04-29 00:00:00+07:00,81.8520736694336,0
2004-04-30 00:00:00+07:00,77.36701202392578,0
2004-05-04 00:00:00+07:00,72.88197326660156,1
2004-05-05 00:00:00+07:00,70.63947296142578,0
2004-05-06 00:00:00+07:00,71.7607192993164,1
2004-05-07 00:00:00+07:00,75.12451171875,1
2004-05-10 00:00:00+07:00,70.63947296142578,0
2004-05-11 00:00:00+07:00,74.00322723388672,0
2004-05-12 00:00:00+07:00,78.48829650878906,0
2004-05-13 00:00:00+07:00,76.24577331542969,0
2004-05-14 00:00:00+07:00,72.88197326660156,0
2004-05-17 00:00:00+07:00,67.27568054199219,0
2004-05-18 00:00:00+07:00,67.27568054199219,0
2004-05-19 00:00:00+07:00,70.63947296142578,0
2004-05-21 00:00:00+07:00,74.00322723388672,0
2004-05-24 00:00:00+07:00,75.12451171875,0
2004-05-25 00:00:00+07:00,72.88197326660156,0
2004-05-26 00:00:00+07:00,72.88197326660156,0
2004-05-27 00:00:00+07:00,75.12451171875,0
2004-05-28 00:00:00+07:00,76.24577331542969,0
2004-05-31 00:00:00+07:00,77.36701202392578,0
2004-06-01 00:00:00+07:00,76.24577331542969,0
2004-06-02 00:00:00+07:00,71.7607192993164,1
2004-06-04 00:00:00+07:00,67.27568054199219,0
2004-06-07 00:00:00+07:00,68.39694213867188,0
2004-06-08 00:00:00+07:00,68.39694213867188,0
2004-06-09 00:00:00+07:00,71.7607192993164,1
2004-06-10 00:00:00+07:00,71.7607192993164,0
2004-06-11 00:00:00+07:00,72.88197326660156,0
2004-06-14 00:00:00+07:00,72.88197326660156,0
2004-06-15 00:00:00+07:00,75.12451171875,0
2004-06-16 00:00:00+07:00,74.00322723388672,0
2004-06-17 00:00:00+07:00,70.63947296142578,0
2004-06-18 00:00:00+07:00,71.7607192993164,0
2004-06-21 00:00:00+07:00,68.39694213867188,1
2004-06-22 00:00:00+07:00,69.51820373535156,0
2004-06-23 00:00:00+07:00,70.63947296142578,0
2004-06-24 00:00:00+07:00,69.51820373535156,1
2004-06-25 00:00:00+07:00,71.7607192993164,0
2004-06-28 00:00:00+07:00,72.88197326660156,0
2004-06-29 00:00:00+07:00,74.00322723388672,0
2004-06-30 00:00:00+07:00,75.12451171875,0
2004-07-01 00:00:00+07:00,75.12451171875,0
2004-07-02 00:00:00+07:00,77.36701202392578,0
2004-07-05 00:00:00+07:00,77.36701202392578,0
2004-07-06 00:00:00+07:00,80.7308120727539,0
2004-07-07 00:00:00+07:00,84.69206237792969,1
2004-07-08 00:00:00+07:00,83.51578521728516,0
2004-07-09 00:00:00+07:00,82.3395004272461,0
2004-07-12 00:00:00+07:00,83.51578521728516,0
2004-07-13 00:00:00+07:00,83.51578521728516,0
2004-07-14 00:00:00+07:00,82.3395004272461,0
2004-07-15 00:00:00+07:00,81.16320037841797,0
2004-07-16 00:00:00+07:00,81.16320037841797,0
2004-07-19 00:00:00+07:00,78.81065368652344,0
2004-07-20 00:00:00+07:00,79.98694610595703,0
2004-07-21 00:00:00+07:00,81.16320037841797,0
2004-07-22 00:00:00+07:00,81.16320037841797,0
2004-07-23 00:00:00+07:00,83.51578521728516,0
2004-07-26 00:00:00+07:00,82.3395004272461,0
2004-07-27 00:00:00+07:00,81.16320037841797,0
2004-07-28 00:00:00+07:00,82.3395004272461,0
2004-07-29 00:00:00+07:00,81.16320037841797,0
2004-07-30 00:00:00+07:00,81.16320037841797,0
2004-08-02 00:00:00+07:00,79.98694610595703,0
2004-08-03 00:00:00+07:00,82.3395004272461,0
2004-08-04 00:00:00+07:00,81.16320037841797,0
2004-08-05 00:00:00+07:00,82.3395004272461,0
2004-08-06 00:00:00+07:00,79.98694610595703,0
2004-08-09 00:00:00+07:00,78.81065368652344,0
2004-08-10 00:00:00+07:00,78.81065368652344,0
2004-08-11 00:00:00+07:00,81.16320037841797,0
2004-08-12 00:00:00+07:00,78.81065368652344,0
2004-08-13 00:00:00+07:00,78.81065368652344,0
2004-08-16 00:00:00+07:00,78.81065368652344,0
2004-08-17 00:00:00+07:00,78.81065368652344,0
2004-08-18 00:00:00+07:00,78.81065368652344,0
2004-08-19 00:00:00+07:00,78.81065368652344,0
2004-08-20 00:00:00+07:00,78.81065368652344,0
2004-08-23 00:00:00+07:00,77.63436126708984,0
2004-08-24 00:00:00+07:00,77.63436126708984,0
2004-08-25 00:00:00+07:00,75.28182983398438,0
2004-08-26 00:00:00+07:00,76.45808410644531,0
2004-08-27 00:00:00+07:00,78.81065368652344,0
2004-08-30 00:00:00+07:00,81.16320037841797,0
2004-08-31 00:00:00+07:00,81.16320037841797,0
2004-09-01 00:00:00+07:00,82.3395004272461,0
2004-09-02 00:00:00+07:00,84.69206237792969,0
2004-09-03 00:00:00+07:00,84.69206237792969,0
2004-09-06 00:00:00+07:00,84.69206237792969,0
2004-09-07 00:00:00+07:00,84.69206237792969,0
2004-09-08 00:00:00+07:00,84.69206237792969,0
2004-09-09 00:00:00+07:00,88.22090911865234,1
2004-09-10 00:00:00+07:00,91.74972534179688,0
2004-09-14 00:00:00+07:00,90.57345581054688,0
2004-09-15 00:00:00+07:00,94.10228729248047,0
2004-09-16 00:00:00+07:00,91.74972534179688,0
2004-09-17 00:00:00+07:00,91.74972534179688,0
2004-09-20 00:00:00+07:00,91.74972534179688,0
2004-09-21 00:00:00+07:00,95.2785415649414,0
2004-09-22 00:00:00+07:00,91.74972534179688,0
2004-09-23 00:00:00+07:00,90.57345581054688,0
2004-09-24 00:00:00+07:00,90.57345581054688,0
2004-09-27 00:00:00+07:00,89.39714813232422,0
2004-09-28 00:00:00+07:00,91.74972534179688,0
2004-09-29 00:00:00+07:00,92.92599487304688,0
2004-09-30 00:00:00+07:00,96.45482635498047,0
2004-10-01 00:00:00+07:00,101.15994262695312,0
2004-10-04 00:00:00+07:00,103.51250457763672,0
2004-10-05 00:00:00+07:00,103.51250457763672,0
2004-10-06 00:00:00+07:00,101.15994262695312,0
2004-10-07 00:00:00+07:00,97.63113403320312,0
2004-10-08 00:00:00+07:00,99.98369598388672,0
2004-10-11 00:00:00+07:00,99.98369598388672,0
2004-10-12 00:00:00+07:00,98.80738830566406,0
2004-10-13 00:00:00+07:00,98.80738830566406,0
2004-10-14 00:00:00+07:00,97.63113403320312,0
2004-10-15 00:00:00+07:00,98.80738830566406,0
2004-10-18 00:00:00+07:00,95.2785415649414,0
2004-10-19 00:00:00+07:00,92.92599487304688,0
2004-10-20 00:00:00+07:00,92.92599487304688,0
2004-10-21 00:00:00+07:00,90.57345581054688,0
2004-10-22 00:00:00+07:00,92.92599487304688,0
2004-10-25 00:00:00+07:00,92.92599487304688,0
2004-10-26 00:00:00+07:00,91.74972534179688,0
2004-10-27 00:00:00+07:00,92.92599487304688,0
2004-10-28 00:00:00+07:00,94.10228729248047,0
2004-10-29 00:00:00+07:00,91.74972534179688,0
2004-11-01 00:00:00+07:00,94.10228729248047,0
2004-11-02 00:00:00+07:00,96.45482635498047,0
2004-11-03 00:00:00+07:00,98.80738830566406,0
2004-11-04 00:00:00+07:00,96.45482635498047,0
2004-11-05 00:00:00+07:00,94.10228729248047,0
2004-11-08 00:00:00+07:00,92.92599487304688,0
2004-11-09 00:00:00+07:00,96.45482635498047,0
2004-11-10 00:00:00+07:00,99.98369598388672,0
2004-11-11 00:00:00+07:00,101.15994262695312,0
2004-11-12 00:00:00+07:00,101.15994262695312,0
2004-11-19 00:00:00+07:00,101.15994262695312,0
2004-11-22 00:00:00+07:00,99.98369598388672,0
2004-11-23 00:00:00+07:00,104.68879699707031,0
2004-11-24 00:00:00+07:00,105.86505126953125,0
2004-11-25 00:00:00+07:00,105.86505126953125,0
2004-11-26 00:00:00+07:00,110.5701904296875,0
2004-11-29 00:00:00+07:00,112.9227294921875,0
2004-11-30 00:00:00+07:00,114.09901428222656,0
2004-12-01 00:00:00+07:00,118.80413818359375,0
2004-12-02 00:00:00+07:00,117.62783813476562,0
2004-12-03 00:00:00+07:00,115.27528381347656,0
2004-12-06 00:00:00+07:00,115.27528381347656,0
2004-12-07 00:00:00+07:00,115.27528381347656,0
2004-12-08 00:00:00+07:00,116.4515609741211,0
2004-12-09 00:00:00+07:00,116.4515609741211,0
2004-12-10 00:00:00+07:00,112.9227294921875,0
2004-12-13 00:00:00+07:00,112.9227294921875,0
2004-12-14 00:00:00+07:00,112.9227294921875,0
2004-12-15 00:00:00+07:00,111.74644470214844,1
2004-12-16 00:00:00+07:00,115.27528381347656,0
2004-12-17 00:00:00+07:00,118.80413818359375,0
2004-12-20 00:00:00+07:00,116.4515609741211,0
2004-12-21 00:00:00+07:00,123.50922393798828,1
2004-12-22 00:00:00+07:00,128.21432495117188,0
2004-12-23 00:00:00+07:00,128.21432495117188,0
2004-12-27 00:00:00+07:00,130.56690979003906,0
2004-12-28 00:00:00+07:00,134.09576416015625,0
2004-12-29 00:00:00+07:00,136.4482879638672,0
2004-12-30 00:00:00+07:00,135.2720489501953,0
2005-01-03 00:00:00+07:00,132.9194793701172,0
2005-01-04 00:00:00+07:00,132.9194793701172,0
2005-01-05 00:00:00+07:00,134.09576416015625,0
2005-01-06 00:00:00+07:00,132.9194793701172,0
2005-01-07 00:00:00+07:00,127.03807830810547,1
2005-01-10 00:00:00+07:00,127.03807830810547,0
2005-01-11 00:00:00+07:00,128.21432495117188,0
2005-01-12 00:00:00+07:00,127.03807830810547,0
2005-01-13 00:00:00+07:00,129.390625,0
2005-01-14 00:00:00+07:00,128.21432495117188,0
2005-01-17 00:00:00+07:00,129.390625,0
2005-01-18 00:00:00+07:00,127.03807830810547,0
2005-01-19 00:00:00+07:00,129.390625,0
2005-01-20 00:00:00+07:00,130.56690979003906,0
2005-01-24 00:00:00+07:00,128.21432495117188,0
2005-01-25 00:00:00+07:00,129.390625,0
2005-01-26 00:00:00+07:00,129.390625,0
2005-01-27 00:00:00+07:00,129.390625,0
2005-01-28 00:00:00+07:00,130.56690979003906,0
2005-01-31 00:00:00+07:00,129.390625,0
2005-02-01 00:00:00+07:00,127.03807830810547,0
2005-02-02 00:00:00+07:00,132.9194793701172,1
2005-02-03 00:00:00+07:00,134.09576416015625,0
2005-02-04 00:00:00+07:00,132.9194793701172,0
2005-02-07 00:00:00+07:00,134.09576416015625,0
2005-02-08 00:00:00+07:00,132.9194793701172,0
2005-02-11 00:00:00+07:00,136.4482879638672,0
2005-02-14 00:00:00+07:00,144.68226623535156,1
2005-02-15 00:00:00+07:00,145.85853576660156,0
2005-02-16 00:00:00+07:00,143.50599670410156,0
2005-02-17 00:00:00+07:00,145.85853576660156,0
2005-02-18 00:00:00+07:00,149.3873748779297,0
2005-02-21 00:00:00+07:00,149.3873748779297,0
2005-02-22 00:00:00+07:00,151.73989868164062,0
2005-02-23 00:00:00+07:00,155.2687225341797,0
2005-02-24 00:00:00+07:00,155.2687225341797,0
2005-02-25 00:00:00+07:00,154.09246826171875,0
2005-02-28 00:00:00+07:00,154.09246826171875,0
2005-03-01 00:00:00+07:00,151.73989868164062,1
2005-03-02 00:00:00+07:00,151.73989868164062,0
2005-03-03 00:00:00+07:00,150.56365966796875,0
2005-03-04 00:00:00+07:00,149.3873748779297,0
2005-03-07 00:00:00+07:00,155.2687225341797,1
2005-03-08 00:00:00+07:00,154.09246826171875,0
2005-03-09 00:00:00+07:00,152.91616821289062,0
2005-03-10 00:00:00+07:00,150.56365966796875,0
2005-03-14 00:00:00+07:00,143.50599670410156,1
2005-03-15 00:00:00+07:00,144.68226623535156,0
2005-03-16 00:00:00+07:00,154.09246826171875,1
2005-03-17 00:00:00+07:00,149.3873748779297,0
2005-03-18 00:00:00+07:00,148.2111358642578,0
2005-03-21 00:00:00+07:00,145.85853576660156,0
2005-03-22 00:00:00+07:00,145.85853576660156,0
2005-03-23 00:00:00+07:00,139.9771270751953,0
2005-03-24 00:00:00+07:00,132.9194793701172,0
2005-03-28 00:00:00+07:00,130.56690979003906,0
2005-03-29 00:00:00+07:00,130.56690979003906,1
2005-03-30 00:00:00+07:00,129.390625,0
2005-03-31 00:00:00+07:00,134.09576416015625,0
2005-04-01 00:00:00+07:00,135.2720489501953,0
2005-04-04 00:00:00+07:00,136.4482879638672,0
2005-04-05 00:00:00+07:00,138.80087280273438,0
2005-04-06 00:00:00+07:00,139.9771270751953,0
2005-04-07 00:00:00+07:00,143.50599670410156,0
2005-04-08 00:00:00+07:00,138.80087280273438,0
2005-04-11 00:00:00+07:00,137.6245880126953,0
2005-04-12 00:00:00+07:00,136.4482879638672,0
2005-04-13 00:00:00+07:00,136.4482879638672,0
2005-04-14 00:00:00+07:00,136.4482879638672,0
2005-04-15 00:00:00+07:00,132.9194793701172,0
2005-04-18 00:00:00+07:00,125.8617935180664,0
2005-04-19 00:00:00+07:00,130.56690979003906,0
2005-04-20 00:00:00+07:00,134.09576416015625,0
2005-04-21 00:00:00+07:00,128.21432495117188,0
2005-04-25 00:00:00+07:00,124.68551635742188,0
2005-04-26 00:00:00+07:00,128.21432495117188,0
2005-04-27 00:00:00+07:00,125.8617935180664,0
2005-04-28 00:00:00+07:00,125.8617935180664,0
2005-04-29 00:00:00+07:00,125.8617935180664,0
2005-05-02 00:00:00+07:00,125.8617935180664,0
2005-05-03 00:00:00+07:00,125.8617935180664,0
2005-05-04 00:00:00+07:00,130.56690979003906,0
2005-05-06 00:00:00+07:00,134.09576416015625,0
2005-05-09 00:00:00+07:00,136.4482879638672,0
2005-05-10 00:00:00+07:00,134.09576416015625,0
2005-05-11 00:00:00+07:00,131.74317932128906,0
2005-05-12 00:00:00+07:00,130.56690979003906,0
2005-05-13 00:00:00+07:00,131.74317932128906,0
2005-05-16 00:00:00+07:00,128.21432495117188,0
2005-05-17 00:00:00+07:00,129.390625,0
2005-05-18 00:00:00+07:00,127.03807830810547,0
2005-05-19 00:00:00+07:00,129.390625,0
2005-05-20 00:00:00+07:00,131.74317932128906,0
2005-05-23 00:00:00+07:00,130.56690979003906,0
2005-05-25 00:00:00+07:00,129.390625,0
2005-05-26 00:00:00+07:00,131.74317932128906,0
2005-05-27 00:00:00+07:00,131.74317932128906,0
2005-05-30 00:00:00+07:00,132.9194793701172,0
2005-05-31 00:00:00+07:00,136.4482879638672,0
2005-06-01 00:00:00+07:00,135.2720489501953,0
2005-06-02 00:00:00+07:00,135.2720489501953,0
2005-06-03 00:00:00+07:00,132.9194793701172,0
2005-06-06 00:00:00+07:00,129.390625,0
2005-06-07 00:00:00+07:00,128.21432495117188,0
2005-06-08 00:00:00+07:00,129.390625,0
2005-06-09 00:00:00+07:00,127.03807830810547,0
2005-06-10 00:00:00+07:00,127.03807830810547,0
2005-06-13 00:00:00+07:00,127.03807830810547,0
2005-06-14 00:00:00+07:00,128.21432495117188,0
2005-06-15 00:00:00+07:00,128.21432495117188,0
2005-06-16 00:00:00+07:00,130.56690979003906,0
2005-06-17 00:00:00+07:00,134.44747924804688,0
2005-06-20 00:00:00+07:00,140.6719207763672,1
2005-06-21 00:00:00+07:00,143.16163635253906,1
2005-06-22 00:00:00+07:00,141.91676330566406,0
2005-06-23 00:00:00+07:00,143.16163635253906,0
2005-06-24 00:00:00+07:00,143.16163635253906,0
2005-06-27 00:00:00+07:00,143.16163635253906,0
2005-06-28 00:00:00+07:00,143.16163635253906,0
2005-06-29 00:00:00+07:00,144.40652465820312,0
2005-06-30 00:00:00+07:00,144.40652465820312,0
2005-07-01 00:00:00+07:00,144.40652465820312,0
2005-07-04 00:00:00+07:00,150.6309356689453,1
2005-07-05 00:00:00+07:00,145.6514129638672,0
2005-07-06 00:00:00+07:00,144.40652465820312,0
2005-07-07 00:00:00+07:00,143.16163635253906,0
2005-07-08 00:00:00+07:00,145.6514129638672,0
2005-07-11 00:00:00+07:00,148.14120483398438,0
2005-07-12 00:00:00+07:00,149.3861083984375,0
2005-07-13 00:00:00+07:00,149.3861083984375,0
2005-07-14 00:00:00+07:00,151.8758544921875,0
2005-07-15 00:00:00+07:00,150.6309356689453,0
2005-07-18 00:00:00+07:00,146.8962860107422,0
2005-07-19 00:00:00+07:00,148.14120483398438,0
2005-07-20 00:00:00+07:00,145.6514129638672,0
2005-07-21 00:00:00+07:00,148.14120483398438,0
2005-07-22 00:00:00+07:00,148.14120483398438,0
2005-07-25 00:00:00+07:00,148.14120483398438,0
2005-07-26 00:00:00+07:00,148.14120483398438,0
2005-07-27 00:00:00+07:00,149.3861083984375,0
2005-07-28 00:00:00+07:00,155.61048889160156,0
2005-07-29 00:00:00+07:00,159.34512329101562,0
2005-08-01 00:00:00+07:00,164.32467651367188,1
2005-08-02 00:00:00+07:00,161.83493041992188,0
2005-08-03 00:00:00+07:00,160.58998107910156,0
2005-08-04 00:00:00+07:00,155.61048889160156,0
2005-08-05 00:00:00+07:00,148.14120483398438,1
2005-08-08 00:00:00+07:00,148.14120483398438,0
2005-08-09 00:00:00+07:00,148.14120483398438,0
2005-08-10 00:00:00+07:00,149.3861083984375,0
2005-08-11 00:00:00+07:00,149.3861083984375,0
2005-08-12 00:00:00+07:00,146.8962860107422,0
2005-08-15 00:00:00+07:00,140.6719207763672,0
2005-08-16 00:00:00+07:00,141.91676330566406,0
2005-08-18 00:00:00+07:00,141.91676330566406,0
2005-08-19 00:00:00+07:00,139.42697143554688,0
2005-08-22 00:00:00+07:00,133.2025604248047,0
2005-08-23 00:00:00+07:00,126.97814178466797,0
2005-08-24 00:00:00+07:00,125.73326110839844,0
2005-08-25 00:00:00+07:00,128.22305297851562,0
2005-08-26 00:00:00+07:00,126.97814178466797,0
2005-08-29 00:00:00+07:00,115.77418518066406,0
2005-08-30 00:00:00+07:00,126.97814178466797,0
2005-08-31 00:00:00+07:00,128.22305297851562,0
2005-09-01 00:00:00+07:00,126.97814178466797,0
2005-09-05 00:00:00+07:00,128.22305297851562,0
2005-09-06 00:00:00+07:00,135.69235229492188,1
2005-09-07 00:00:00+07:00,138.1820831298828,0
2005-09-08 00:00:00+07:00,135.69235229492188,1
2005-09-09 00:00:00+07:00,136.93722534179688,0
2005-09-12 00:00:00+07:00,140.6719207763672,0
2005-09-13 00:00:00+07:00,136.93722534179688,0
2005-09-14 00:00:00+07:00,133.2025604248047,0
2005-09-15 00:00:00+07:00,131.95770263671875,0
2005-09-16 00:00:00+07:00,129.46791076660156,0
2005-09-19 00:00:00+07:00,130.71279907226562,0
2005-09-20 00:00:00+07:00,130.71279907226562,0
2005-09-21 00:00:00+07:00,129.46791076660156,0
2005-09-22 00:00:00+07:00,123.24349975585938,0
2005-09-23 00:00:00+07:00,119.50885009765625,0
2005-09-26 00:00:00+07:00,124.48839569091797,0
2005-09-27 00:00:00+07:00,126.97814178466797,0
2005-09-28 00:00:00+07:00,124.48839569091797,0
2005-09-29 00:00:00+07:00,130.71279907226562,0
2005-09-30 00:00:00+07:00,134.44747924804688,0
2005-10-03 00:00:00+07:00,133.2025604248047,0
2005-10-04 00:00:00+07:00,131.95770263671875,0
2005-10-05 00:00:00+07:00,129.46791076660156,0
2005-10-06 00:00:00+07:00,125.73326110839844,0
2005-10-07 00:00:00+07:00,121.99858856201172,0
2005-10-10 00:00:00+07:00,124.48839569091797,0
2005-10-11 00:00:00+07:00,120.75372314453125,1
2005-10-12 00:00:00+07:00,115.77418518066406,1
2005-10-13 00:00:00+07:00,117.01907348632812,0
2005-10-14 00:00:00+07:00,119.50885009765625,0
2005-10-17 00:00:00+07:00,117.01907348632812,0
2005-10-18 00:00:00+07:00,120.75372314453125,0
2005-10-19 00:00:00+07:00,117.01907348632812,0
2005-10-20 00:00:00+07:00,119.50885009765625,0
2005-10-21 00:00:00+07:00,119.50885009765625,0
2005-10-24 00:00:00+07:00,123.24349975585938,1
2005-10-25 00:00:00+07:00,121.99858856201172,0
2005-10-26 00:00:00+07:00,118.26397705078125,0
2005-10-27 00:00:00+07:00,118.26397705078125,0
2005-10-28 00:00:00+07:00,117.01907348632812,0
2005-10-31 00:00:00+07:00,121.99858856201172,0
2005-11-01 00:00:00+07:00,121.99858856201172,0
2005-11-09 00:00:00+07:00,121.99858856201172,0
2005-11-10 00:00:00+07:00,118.26397705078125,0
2005-11-11 00:00:00+07:00,119.50885009765625,0
2005-11-14 00:00:00+07:00,120.75372314453125,0
2005-11-15 00:00:00+07:00,123.24349975585938,0
2005-11-16 00:00:00+07:00,129.46791076660156,1
2005-11-17 00:00:00+07:00,130.71279907226562,0
2005-11-18 00:00:00+07:00,135.69235229492188,0
2005-11-21 00:00:00+07:00,135.69235229492188,0
2005-11-22 00:00:00+07:00,135.69235229492188,0
2005-11-23 00:00:00+07:00,135.69235229492188,0
2005-11-24 00:00:00+07:00,138.1820831298828,0
2005-11-25 00:00:00+07:00,140.6719207763672,0
2005-11-28 00:00:00+07:00,149.3861083984375,1
2005-11-29 00:00:00+07:00,146.8962860107422,0
2005-11-30 00:00:00+07:00,148.14120483398438,0
2005-12-01 00:00:00+07:00,148.14120483398438,0
2005-12-02 00:00:00+07:00,148.14120483398438,0
2005-12-05 00:00:00+07:00,146.8962860107422,0
2005-12-06 00:00:00+07:00,145.6514129638672,0
2005-12-07 00:00:00+07:00,149.3861083984375,0
2005-12-08 00:00:00+07:00,153.12074279785156,0
2005-12-09 00:00:00+07:00,149.3861083984375,0
2005-12-12 00:00:00+07:00,151.8758544921875,0
2005-12-13 00:00:00+07:00,154.3656005859375,0
2005-12-14 00:00:00+07:00,153.12074279785156,0
2005-12-15 00:00:00+07:00,148.14120483398438,0
2005-12-16 00:00:00+07:00,148.14120483398438,0
2005-12-19 00:00:00+07:00,150.6309356689453,0
2005-12-20 00:00:00+07:00,151.8758544921875,0
2005-12-21 00:00:00+07:00,149.3861083984375,0
2005-12-22 00:00:00+07:00,151.8758544921875,0
2005-12-23 00:00:00+07:00,149.3861083984375,0
2005-12-27 00:00:00+07:00,148.14120483398438,0
2005-12-28 00:00:00+07:00,150.6309356689453,0
2005-12-29 00:00:00+07:00,150.6309356689453,0
2006-01-02 00:00:00+07:00,149.3861083984375,0
2006-01-03 00:00:00+07:00,158.1002960205078,1
2006-01-04 00:00:00+07:00,166.814453125,0
2006-01-05 00:00:00+07:00,164.32467651367188,0
2006-01-06 00:00:00+07:00,165.569580078125,0
2006-01-09 00:00:00+07:00,170.54910278320312,0
2006-01-11 00:00:00+07:00,171.79396057128906,0
2006-01-12 00:00:00+07:00,169.30421447753906,0
2006-01-13 00:00:00+07:00,166.814453125,0
2006-01-16 00:00:00+07:00,166.814453125,0
2006-01-17 00:00:00+07:00,161.83493041992188,0
2006-01-18 00:00:00+07:00,156.8554229736328,0
2006-01-19 00:00:00+07:00,165.569580078125,0
2006-01-20 00:00:00+07:00,163.0797882080078,0
2006-01-23 00:00:00+07:00,159.34512329101562,0
2006-01-24 00:00:00+07:00,163.0797882080078,0
2006-01-25 00:00:00+07:00,166.814453125,0
2006-01-26 00:00:00+07:00,165.569580078125,0
2006-01-27 00:00:00+07:00,168.05931091308594,0
2006-01-30 00:00:00+07:00,169.30421447753906,0
2006-02-01 00:00:00+07:00,168.05931091308594,0
2006-02-02 00:00:00+07:00,168.05931091308594,0
2006-02-03 00:00:00+07:00,169.30421447753906,0
2006-02-06 00:00:00+07:00,170.54910278320312,0
2006-02-07 00:00:00+07:00,170.54910278320312,0
2006-02-08 00:00:00+07:00,169.30421447753906,0
2006-02-09 00:00:00+07:00,168.05931091308594,0
2006-02-10 00:00:00+07:00,165.569580078125,0
2006-02-13 00:00:00+07:00,164.32467651367188,0
2006-02-14 00:00:00+07:00,159.34512329101562,0
2006-02-15 00:00:00+07:00,161.83493041992188,0
2006-02-16 00:00:00+07:00,161.83493041992188,0
2006-02-17 00:00:00+07:00,166.814453125,0
2006-02-20 00:00:00+07:00,168.05931091308594,0
2006-02-21 00:00:00+07:00,164.32467651367188,0
2006-02-22 00:00:00+07:00,161.83493041992188,0
2006-02-23 00:00:00+07:00,158.1002960205078,0
2006-02-24 00:00:00+07:00,154.3656005859375,0
2006-02-27 00:00:00+07:00,164.32467651367188,1
2006-02-28 00:00:00+07:00,161.83493041992188,0
2006-03-01 00:00:00+07:00,165.569580078125,0
2006-03-02 00:00:00+07:00,168.05931091308594,0
2006-03-03 00:00:00+07:00,168.05931091308594,0
2006-03-06 00:00:00+07:00,171.79396057128906,0
2006-03-07 00:00:00+07:00,170.54910278320312,0
2006-03-08 00:00:00+07:00,170.54910278320312,0
2006-03-09 00:00:00+07:00,175.52862548828125,0
2006-03-10 00:00:00+07:00,185.48768615722656,1
2006-03-13 00:00:00+07:00,182.9979248046875,0
2006-03-14 00:00:00+07:00,184.24281311035156,0
2006-03-15 00:00:00+07:00,185.48768615722656,0
2006-03-16 00:00:00+07:00,191.712158203125,0
2006-03-17 00:00:00+07:00,199.18145751953125,0
2006-03-20 00:00:00+07:00,206.6507568359375,0
2006-03-21 00:00:00+07:00,201.671142578125,0
2006-03-22 00:00:00+07:00,197.93653869628906,0
2006-03-23 00:00:00+07:00,196.69168090820312,0
2006-03-24 00:00:00+07:00,195.4467315673828,0
2006-03-27 00:00:00+07:00,190.46725463867188,0
2006-03-28 00:00:00+07:00,197.93653869628906,0
2006-03-29 00:00:00+07:00,194.20193481445312,0
2006-04-03 00:00:00+07:00,204.16094970703125,1
2006-04-04 00:00:00+07:00,205.40585327148438,0
2006-04-05 00:00:00+07:00,219.099609375,1
2006-04-06 00:00:00+07:00,222.834228515625,0
2006-04-07 00:00:00+07:00,224.07908630371094,0
2006-04-11 00:00:00+07:00,221.58937072753906,0
2006-04-12 00:00:00+07:00,219.099609375,0
2006-04-13 00:00:00+07:00,221.58937072753906,0
2006-04-17 00:00:00+07:00,221.58937072753906,0
2006-04-18 00:00:00+07:00,227.81378173828125,0
2006-04-19 00:00:00+07:00,239.0177001953125,0
2006-04-20 00:00:00+07:00,245.2421417236328,0
2006-04-21 00:00:00+07:00,242.7523651123047,0
2006-04-24 00:00:00+07:00,237.7728271484375,0
2006-04-25 00:00:00+07:00,235.28306579589844,0
2006-04-26 00:00:00+07:00,237.7728271484375,0
2006-04-27 00:00:00+07:00,239.0177001953125,0
2006-04-28 00:00:00+07:00,230.30352783203125,0
2006-05-01 00:00:00+07:00,224.07908630371094,1
2006-05-02 00:00:00+07:00,221.58937072753906,0
2006-05-03 00:00:00+07:00,220.34446716308594,0
2006-05-04 00:00:00+07:00,215.3649444580078,0
2006-05-05 00:00:00+07:00,212.87518310546875,0
2006-05-08 00:00:00+07:00,219.099609375,0
2006-05-09 00:00:00+07:00,221.58937072753906,0
2006-05-10 00:00:00+07:00,224.07908630371094,0
2006-05-11 00:00:00+07:00,224.07908630371094,0
2006-05-12 00:00:00+07:00,219.099609375,0
2006-05-15 00:00:00+07:00,200.4263153076172,0
2006-05-16 00:00:00+07:00,204.16094970703125,0
2006-05-17 00:00:00+07:00,216.6098175048828,0
2006-05-18 00:00:00+07:00,206.6507568359375,0
2006-05-19 00:00:00+07:00,204.16094970703125,0
2006-05-22 00:00:00+07:00,194.20193481445312,1
2006-05-23 00:00:00+07:00,200.4263153076172,0
2006-05-24 00:00:00+07:00,207.89561462402344,1
2006-05-29 00:00:00+07:00,196.69168090820312,1
2006-05-30 00:00:00+07:00,202.91607666015625,0
2006-05-31 00:00:00+07:00,196.69168090820312,0
2006-06-01 00:00:00+07:00,189.22232055664062,0
2006-06-02 00:00:00+07:00,192.9569854736328,0
2006-06-05 00:00:00+07:00,194.20193481445312,0
2006-06-06 00:00:00+07:00,189.22232055664062,0
2006-06-07 00:00:00+07:00,186.73263549804688,0
2006-06-08 00:00:00+07:00,176.7735137939453,0
2006-06-09 00:00:00+07:00,184.24281311035156,0
2006-06-12 00:00:00+07:00,187.9774627685547,0
2006-06-13 00:00:00+07:00,182.9979248046875,0
2006-06-14 00:00:00+07:00,186.73263549804688,0
2006-06-15 00:00:00+07:00,195.4467315673828,1
2006-06-16 00:00:00+07:00,210.38534545898438,0
2006-06-19 00:00:00+07:00,204.16094970703125,0
2006-06-20 00:00:00+07:00,209.1405029296875,0
2006-06-21 00:00:00+07:00,209.1405029296875,0
2006-06-22 00:00:00+07:00,210.7530975341797,0
2006-06-23 00:00:00+07:00,206.8742218017578,0
2006-06-26 00:00:00+07:00,204.2882843017578,0
2006-06-27 00:00:00+07:00,205.58123779296875,0
2006-06-28 00:00:00+07:00,201.70236206054688,0
2006-06-29 00:00:00+07:00,199.11643981933594,0
2006-06-30 00:00:00+07:00,212.04603576660156,0
2006-07-03 00:00:00+07:00,223.68275451660156,1
2006-07-04 00:00:00+07:00,222.38973999023438,0
2006-07-05 00:00:00+07:00,221.09681701660156,0
2006-07-06 00:00:00+07:00,218.51084899902344,0
2006-07-07 00:00:00+07:00,215.9249267578125,0
2006-07-10 00:00:00+07:00,213.3390350341797,0
2006-07-11 00:00:00+07:00,217.2178955078125,0
2006-07-12 00:00:00+07:00,219.80384826660156,0
2006-07-13 00:00:00+07:00,219.80384826660156,0
2006-07-14 00:00:00+07:00,212.04603576660156,0
2006-07-17 00:00:00+07:00,204.2882843017578,0
2006-07-18 00:00:00+07:00,204.2882843017578,0
2006-07-19 00:00:00+07:00,201.70236206054688,0
2006-07-20 00:00:00+07:00,214.6320037841797,0
2006-07-21 00:00:00+07:00,217.2178955078125,0
2006-07-24 00:00:00+07:00,206.8742218017578,1
2006-07-25 00:00:00+07:00,208.1671600341797,0
2006-07-26 00:00:00+07:00,205.58123779296875,0
2006-07-27 00:00:00+07:00,221.09681701660156,1
2006-07-28 00:00:00+07:00,219.80384826660156,0
2006-07-31 00:00:00+07:00,221.09681701660156,0
2006-08-01 00:00:00+07:00,226.26864624023438,0
2006-08-02 00:00:00+07:00,230.14756774902344,0
2006-08-03 00:00:00+07:00,223.68275451660156,0
2006-08-04 00:00:00+07:00,223.68275451660156,0
2006-08-07 00:00:00+07:00,226.26864624023438,0
2006-08-08 00:00:00+07:00,223.68275451660156,0
2006-08-09 00:00:00+07:00,227.5616455078125,0
2006-08-10 00:00:00+07:00,221.09681701660156,0
2006-08-11 00:00:00+07:00,226.26864624023438,0
2006-08-14 00:00:00+07:00,232.7334442138672,0
2006-08-15 00:00:00+07:00,231.44053649902344,0
2006-08-16 00:00:00+07:00,231.44053649902344,0
2006-08-22 00:00:00+07:00,237.9053497314453,0
2006-08-23 00:00:00+07:00,234.0264129638672,0
2006-08-24 00:00:00+07:00,231.44053649902344,0
2006-08-25 00:00:00+07:00,228.85459899902344,0
2006-08-28 00:00:00+07:00,228.85459899902344,0
2006-08-29 00:00:00+07:00,228.85459899902344,0
2006-08-30 00:00:00+07:00,227.5616455078125,0
2006-08-31 00:00:00+07:00,224.97572326660156,0
2006-09-01 00:00:00+07:00,232.7334442138672,0
2006-09-04 00:00:00+07:00,236.61236572265625,0
2006-09-05 00:00:00+07:00,240.49127197265625,0
2006-09-06 00:00:00+07:00,243.07713317871094,0
2006-09-07 00:00:00+07:00,243.07713317871094,0
2006-09-08 00:00:00+07:00,243.07713317871094,0
2006-09-11 00:00:00+07:00,237.9053497314453,0
2006-09-12 00:00:00+07:00,236.61236572265625,0
2006-09-13 00:00:00+07:00,243.07713317871094,0
2006-09-14 00:00:00+07:00,241.7842254638672,0
2006-09-15 00:00:00+07:00,243.07713317871094,0
2006-09-18 00:00:00+07:00,245.66310119628906,0
2006-09-19 00:00:00+07:00,253.42083740234375,0
2006-09-20 00:00:00+07:00,253.42083740234375,0
2006-09-21 00:00:00+07:00,257.2997741699219,0
2006-09-22 00:00:00+07:00,257.2997741699219,0
2006-09-25 00:00:00+07:00,258.59271240234375,0
2006-09-26 00:00:00+07:00,256.0068054199219,0
2006-09-27 00:00:00+07:00,257.2997741699219,0
2006-09-28 00:00:00+07:00,256.0068054199219,0
2006-09-29 00:00:00+07:00,253.42083740234375,0
2006-10-02 00:00:00+07:00,253.42083740234375,0
2006-10-03 00:00:00+07:00,245.66310119628906,1
2006-10-04 00:00:00+07:00,249.54202270507812,0
2006-10-05 00:00:00+07:00,253.42083740234375,0
2006-10-06 00:00:00+07:00,253.42083740234375,0
2006-10-09 00:00:00+07:00,250.8349151611328,0
2006-10-10 00:00:00+07:00,256.0068054199219,0
2006-10-11 00:00:00+07:00,254.71383666992188,0
2006-10-12 00:00:00+07:00,254.71383666992188,0
2006-10-13 00:00:00+07:00,258.59271240234375,0
2006-10-16 00:00:00+07:00,253.42083740234375,0
2006-10-17 00:00:00+07:00,254.71383666992188,0
2006-10-18 00:00:00+07:00,254.71383666992188,0
2006-10-19 00:00:00+07:00,254.71383666992188,0
2006-10-20 00:00:00+07:00,252.1278839111328,0
2006-10-30 00:00:00+07:00,253.42083740234375,0
2006-10-31 00:00:00+07:00,253.42083740234375,0
2006-11-01 00:00:00+07:00,253.42083740234375,0
2006-11-02 00:00:00+07:00,261.17864990234375,0
2006-11-03 00:00:00+07:00,261.17864990234375,0
2006-11-06 00:00:00+07:00,268.93646240234375,0
2006-11-07 00:00:00+07:00,274.10833740234375,0
2006-11-08 00:00:00+07:00,268.93646240234375,0
2006-11-09 00:00:00+07:00,281.8661193847656,1
2006-11-10 00:00:00+07:00,274.10833740234375,0
2006-11-13 00:00:00+07:00,274.10833740234375,0
2006-11-14 00:00:00+07:00,271.5223693847656,1
2006-11-15 00:00:00+07:00,274.10833740234375,0
2006-11-16 00:00:00+07:00,276.6941833496094,0
2006-11-17 00:00:00+07:00,276.6941833496094,0
2006-11-20 00:00:00+07:00,281.8661193847656,0
2006-11-21 00:00:00+07:00,274.10833740234375,0
2006-11-22 00:00:00+07:00,279.2801513671875,0
2006-11-23 00:00:00+07:00,281.8661193847656,0
2006-11-24 00:00:00+07:00,289.6238098144531,0
2006-11-27 00:00:00+07:00,287.03790283203125,0
2006-11-28 00:00:00+07:00,274.10833740234375,0
2006-11-29 00:00:00+07:00,276.6941833496094,0
2006-11-30 00:00:00+07:00,276.6941833496094,0
2006-12-01 00:00:00+07:00,276.6941833496094,0
2006-12-04 00:00:00+07:00,268.93646240234375,0
2006-12-05 00:00:00+07:00,276.6941833496094,0
2006-12-06 00:00:00+07:00,276.6941833496094,0
2006-12-07 00:00:00+07:00,276.6941833496094,0
2006-12-08 00:00:00+07:00,268.93646240234375,0
2006-12-11 00:00:00+07:00,266.3505554199219,0
2006-12-12 00:00:00+07:00,268.93646240234375,0
2006-12-13 00:00:00+07:00,266.3505554199219,0
2006-12-14 00:00:00+07:00,268.93646240234375,0
2006-12-15 00:00:00+07:00,271.5223693847656,0
2006-12-18 00:00:00+07:00,271.5223693847656,0
2006-12-19 00:00:00+07:00,263.7645263671875,0
2006-12-20 00:00:00+07:00,261.17864990234375,1
2006-12-21 00:00:00+07:00,266.3505554199219,0
2006-12-22 00:00:00+07:00,271.5223693847656,0
2006-12-26 00:00:00+07:00,268.93646240234375,0
2006-12-27 00:00:00+07:00,271.5223693847656,0
2006-12-28 00:00:00+07:00,266.3505554199219,0
2007-01-02 00:00:00+07:00,271.5223693847656,0
2007-01-03 00:00:00+07:00,271.5223693847656,0
2007-01-04 00:00:00+07:00,271.5223693847656,0
2007-01-05 00:00:00+07:00,279.2801513671875,0
2007-01-08 00:00:00+07:00,274.10833740234375,0
2007-01-09 00:00:00+07:00,268.93646240234375,0
2007-01-10 00:00:00+07:00,261.17864990234375,0
2007-01-11 00:00:00+07:00,256.0068054199219,0
2007-01-12 00:00:00+07:00,257.2997741699219,0
2007-01-15 00:00:00+07:00,259.8857116699219,1
2007-01-16 00:00:00+07:00,258.59271240234375,0
2007-01-17 00:00:00+07:00,261.17864990234375,0
2007-01-18 00:00:00+07:00,258.59271240234375,0
2007-01-19 00:00:00+07:00,268.93646240234375,0
2007-01-22 00:00:00+07:00,281.8661193847656,0
2007-01-23 00:00:00+07:00,276.6941833496094,0
2007-01-24 00:00:00+07:00,279.2801513671875,0
2007-01-25 00:00:00+07:00,276.6941833496094,0
2007-01-26 00:00:00+07:00,271.5223693847656,0
2007-01-29 00:00:00+07:00,271.5223693847656,0
2007-01-30 00:00:00+07:00,276.6941833496094,0
2007-01-31 00:00:00+07:00,274.10833740234375,0
2007-02-01 00:00:00+07:00,268.93646240234375,0
2007-02-02 00:00:00+07:00,266.3505554199219,0
2007-02-05 00:00:00+07:00,266.3505554199219,0
2007-02-06 00:00:00+07:00,261.17864990234375,0
2007-02-07 00:00:00+07:00,258.59271240234375,0
2007-02-08 00:00:00+07:00,258.59271240234375,0
2007-02-09 00:00:00+07:00,248.2490234375,0
2007-02-12 00:00:00+07:00,249.54202270507812,0
2007-02-13 00:00:00+07:00,248.2490234375,0
2007-02-14 00:00:00+07:00,252.1278839111328,0
2007-02-15 00:00:00+07:00,261.17864990234375,0
2007-02-16 00:00:00+07:00,256.0068054199219,0
2007-02-19 00:00:00+07:00,258.59271240234375,0
2007-02-20 00:00:00+07:00,258.59271240234375,0
2007-02-21 00:00:00+07:00,258.59271240234375,0
2007-02-22 00:00:00+07:00,250.8349151611328,0
2007-02-23 00:00:00+07:00,244.3701629638672,0
2007-02-26 00:00:00+07:00,246.9560546875,0
2007-02-27 00:00:00+07:00,246.9560546875,0
2007-02-28 00:00:00+07:00,245.66310119628906,0
2007-03-01 00:00:00+07:00,249.54202270507812,0
2007-03-02 00:00:00+07:00,252.1278839111328,0
2007-03-05 00:00:00+07:00,246.9560546875,0
2007-03-06 00:00:00+07:00,250.8349151611328,0
2007-03-07 00:00:00+07:00,257.2997741699219,0
2007-03-08 00:00:00+07:00,258.59271240234375,0
2007-03-09 00:00:00+07:00,258.59271240234375,0
2007-03-12 00:00:00+07:00,263.7645263671875,0
2007-03-13 00:00:00+07:00,256.0068054199219,0
2007-03-14 00:00:00+07:00,252.1278839111328,0
2007-03-15 00:00:00+07:00,254.71383666992188,0
2007-03-16 00:00:00+07:00,256.0068054199219,0
2007-03-20 00:00:00+07:00,254.71383666992188,0
2007-03-21 00:00:00+07:00,257.2997741699219,0
2007-03-22 00:00:00+07:00,259.8857116699219,0
2007-03-23 00:00:00+07:00,253.42083740234375,0
2007-03-26 00:00:00+07:00,258.59271240234375,0
2007-03-27 00:00:00+07:00,258.59271240234375,0
2007-03-28 00:00:00+07:00,258.59271240234375,0
2007-03-29 00:00:00+07:00,261.17864990234375,0
2007-03-30 00:00:00+07:00,261.17864990234375,0
2007-04-02 00:00:00+07:00,268.93646240234375,0
2007-04-03 00:00:00+07:00,279.2801513671875,0
2007-04-04 00:00:00+07:00,287.03790283203125,0
2007-04-05 00:00:00+07:00,274.10833740234375,0
2007-04-09 00:00:00+07:00,284.45196533203125,0
2007-04-10 00:00:00+07:00,292.2098388671875,0
2007-04-11 00:00:00+07:00,284.45196533203125,0
2007-04-12 00:00:00+07:00,279.2801513671875,0
2007-04-13 00:00:00+07:00,276.6941833496094,0
2007-04-16 00:00:00+07:00,281.8661193847656,0
2007-04-17 00:00:00+07:00,281.8661193847656,0
2007-04-18 00:00:00+07:00,276.6941833496094,0
2007-04-19 00:00:00+07:00,271.5223693847656,0
2007-04-20 00:00:00+07:00,279.2801513671875,0
2007-04-23 00:00:00+07:00,284.45196533203125,0
2007-04-24 00:00:00+07:00,274.10833740234375,0
2007-04-25 00:00:00+07:00,281.8661193847656,0
2007-04-26 00:00:00+07:00,284.45196533203125,0
2007-04-27 00:00:00+07:00,279.2801513671875,0
2007-04-30 00:00:00+07:00,271.5223693847656,0
2007-05-01 00:00:00+07:00,274.10833740234375,0
2007-05-02 00:00:00+07:00,274.10833740234375,0
2007-05-03 00:00:00+07:00,271.5223693847656,0
2007-05-04 00:00:00+07:00,276.6941833496094,0
2007-05-07 00:00:00+07:00,274.10833740234375,0
2007-05-08 00:00:00+07:00,276.6941833496094,0
2007-05-09 00:00:00+07:00,281.8661193847656,0
2007-05-10 00:00:00+07:00,294.7956848144531,1
2007-05-11 00:00:00+07:00,294.7956848144531,0
2007-05-14 00:00:00+07:00,297.38165283203125,0
2007-05-15 00:00:00+07:00,299.9675598144531,0
2007-05-16 00:00:00+07:00,310.3113708496094,0
2007-05-21 00:00:00+07:00,325.8269348144531,1
2007-05-22 00:00:00+07:00,318.069091796875,0
2007-05-23 00:00:00+07:00,325.8269348144531,0
2007-05-24 00:00:00+07:00,320.6549987792969,0
2007-05-25 00:00:00+07:00,310.3113708496094,0
2007-05-28 00:00:00+07:00,315.4831848144531,0
2007-05-29 00:00:00+07:00,310.3113708496094,0
2007-05-30 00:00:00+07:00,307.72540283203125,0
2007-05-31 00:00:00+07:00,315.4831848144531,0
2007-06-04 00:00:00+07:00,323.2409362792969,0
2007-06-05 00:00:00+07:00,325.8269348144531,0
2007-06-06 00:00:00+07:00,320.6549987792969,0
2007-06-07 00:00:00+07:00,318.069091796875,0
2007-06-08 00:00:00+07:00,302.553466796875,0
2007-06-11 00:00:00+07:00,307.72540283203125,0
2007-06-12 00:00:00+07:00,315.4831848144531,0
2007-06-13 00:00:00+07:00,312.89715576171875,0
2007-06-14 00:00:00+07:00,311.4618225097656,0
2007-06-15 00:00:00+07:00,308.7997131347656,0
2007-06-18 00:00:00+07:00,316.7859802246094,0
2007-06-19 00:00:00+07:00,319.44805908203125,0
2007-06-20 00:00:00+07:00,316.7859802246094,0
2007-06-21 00:00:00+07:00,314.1239318847656,0
2007-06-22 00:00:00+07:00,311.4618225097656,0
2007-06-25 00:00:00+07:00,306.1377258300781,0
2007-06-26 00:00:00+07:00,306.1377258300781,0
2007-06-27 00:00:00+07:00,306.1377258300781,0
2007-06-28 00:00:00+07:00,303.47564697265625,0
2007-06-29 00:00:00+07:00,306.1377258300781,0
2007-07-02 00:00:00+07:00,316.7859802246094,0
2007-07-03 00:00:00+07:00,322.1100769042969,0
2007-07-04 00:00:00+07:00,319.44805908203125,0
2007-07-05 00:00:00+07:00,327.4342041015625,0
2007-07-06 00:00:00+07:00,324.7721862792969,0
2007-07-09 00:00:00+07:00,340.7445373535156,0
2007-07-10 00:00:00+07:00,346.0686950683594,0
2007-07-11 00:00:00+07:00,338.08258056640625,0
2007-07-12 00:00:00+07:00,340.7445373535156,0
2007-07-13 00:00:00+07:00,335.4205017089844,0
2007-07-16 00:00:00+07:00,340.7445373535156,0
2007-07-17 00:00:00+07:00,332.7583923339844,0
2007-07-18 00:00:00+07:00,338.08258056640625,0
2007-07-19 00:00:00+07:00,335.4205017089844,0
2007-07-20 00:00:00+07:00,340.7445373535156,0
2007-07-23 00:00:00+07:00,346.0686950683594,0
2007-07-24 00:00:00+07:00,359.3789978027344,0
2007-07-25 00:00:00+07:00,351.3928527832031,0
2007-07-26 00:00:00+07:00,335.4205017089844,0
2007-07-27 00:00:00+07:00,324.7721862792969,0
2007-07-30 00:00:00+07:00,316.7859802246094,0
2007-07-31 00:00:00+07:00,335.4205017089844,0
2007-08-01 00:00:00+07:00,322.1100769042969,0
2007-08-02 00:00:00+07:00,324.7721862792969,0
2007-08-03 00:00:00+07:00,327.4342041015625,0
2007-08-06 00:00:00+07:00,322.1100769042969,0
2007-08-07 00:00:00+07:00,324.7721862792969,0
2007-08-08 00:00:00+07:00,335.4205017089844,0
2007-08-09 00:00:00+07:00,324.7721862792969,0
2007-08-10 00:00:00+07:00,319.44805908203125,0
2007-08-13 00:00:00+07:00,319.44805908203125,0
2007-08-14 00:00:00+07:00,308.7997131347656,0
2007-08-15 00:00:00+07:00,292.8273620605469,1
2007-08-16 00:00:00+07:00,282.1790771484375,1
2007-08-20 00:00:00+07:00,295.48944091796875,1
2007-08-21 00:00:00+07:00,290.165283203125,0
2007-08-22 00:00:00+07:00,300.8135986328125,0
2007-08-23 00:00:00+07:00,314.1239318847656,0
2007-08-24 00:00:00+07:00,316.7859802246094,0
2007-08-27 00:00:00+07:00,324.7721862792969,0
2007-08-28 00:00:00+07:00,324.7721862792969,0
2007-08-29 00:00:00+07:00,319.44805908203125,0
2007-08-30 00:00:00+07:00,319.44805908203125,0
2007-08-31 00:00:00+07:00,332.7583923339844,0
2007-09-03 00:00:00+07:00,335.4205017089844,0
2007-09-04 00:00:00+07:00,335.4205017089844,0
2007-09-05 00:00:00+07:00,332.7583923339844,0
2007-09-06 00:00:00+07:00,327.4342041015625,0
2007-09-07 00:00:00+07:00,335.4205017089844,0
2007-09-10 00:00:00+07:00,327.4342041015625,0
2007-09-11 00:00:00+07:00,330.0963134765625,0
2007-09-12 00:00:00+07:00,335.4205017089844,0
2007-09-13 00:00:00+07:00,332.7583923339844,0
2007-09-14 00:00:00+07:00,332.7583923339844,0
2007-09-17 00:00:00+07:00,330.0963134765625,0
2007-09-18 00:00:00+07:00,330.0963134765625,0
2007-09-19 00:00:00+07:00,340.7445373535156,0
2007-09-20 00:00:00+07:00,348.730712890625,0
2007-09-21 00:00:00+07:00,348.730712890625,0
2007-09-24 00:00:00+07:00,362.04107666015625,0
2007-09-25 00:00:00+07:00,359.3789978027344,0
2007-09-26 00:00:00+07:00,372.6893615722656,0
2007-09-27 00:00:00+07:00,367.365234375,0
2007-09-28 00:00:00+07:00,351.3928527832031,0
2007-10-01 00:00:00+07:00,367.365234375,0
2007-10-02 00:00:00+07:00,383.337646484375,0
2007-10-03 00:00:00+07:00,396.6479797363281,1
2007-10-04 00:00:00+07:00,391.3238220214844,0
2007-10-05 00:00:00+07:00,396.6479797363281,0
2007-10-08 00:00:00+07:00,409.9583740234375,0
2007-10-09 00:00:00+07:00,417.9444885253906,0
2007-10-10 00:00:00+07:00,417.9444885253906,0
2007-10-11 00:00:00+07:00,417.9444885253906,0
2007-10-17 00:00:00+07:00,407.2962951660156,0
2007-10-18 00:00:00+07:00,383.337646484375,1
2007-10-19 00:00:00+07:00,372.6893615722656,0
2007-10-22 00:00:00+07:00,359.3789978027344,0
2007-10-23 00:00:00+07:00,370.0271911621094,0
2007-10-24 00:00:00+07:00,378.0135498046875,1
2007-10-25 00:00:00+07:00,391.3238220214844,0
2007-10-26 00:00:00+07:00,404.6340637207031,0
2007-10-29 00:00:00+07:00,407.2962951660156,0
2007-10-30 00:00:00+07:00,420.6065979003906,1
2007-10-31 00:00:00+07:00,412.6203308105469,0
2007-11-01 00:00:00+07:00,439.2410583496094,0
2007-11-02 00:00:00+07:00,441.9031066894531,0
2007-11-05 00:00:00+07:00,431.2547912597656,0
2007-11-06 00:00:00+07:00,425.9308166503906,0
2007-11-07 00:00:00+07:00,439.2410583496094,0
2007-11-08 00:00:00+07:00,423.2686767578125,0
2007-11-09 00:00:00+07:00,420.6065979003906,0
2007-11-12 00:00:00+07:00,407.2962951660156,0
2007-11-13 00:00:00+07:00,415.282470703125,0
2007-11-14 00:00:00+07:00,433.9169006347656,0
2007-11-15 00:00:00+07:00,423.2686767578125,0
2007-11-16 00:00:00+07:00,412.6203308105469,0
2007-11-19 00:00:00+07:00,417.9444885253906,0
2007-11-20 00:00:00+07:00,407.2962951660156,0
2007-11-21 00:00:00+07:00,383.337646484375,0
2007-11-22 00:00:00+07:00,385.99957275390625,0
2007-11-23 00:00:00+07:00,383.337646484375,0
2007-11-26 00:00:00+07:00,385.99957275390625,0
2007-11-27 00:00:00+07:00,385.99957275390625,0
2007-11-28 00:00:00+07:00,391.3238220214844,0
2007-11-29 00:00:00+07:00,404.6340637207031,0
2007-11-30 00:00:00+07:00,415.282470703125,0
2007-12-03 00:00:00+07:00,423.2686767578125,0
2007-12-04 00:00:00+07:00,425.9308166503906,0
2007-12-05 00:00:00+07:00,420.6065979003906,0
2007-12-06 00:00:00+07:00,423.2686767578125,0
2007-12-07 00:00:00+07:00,415.282470703125,0
2007-12-10 00:00:00+07:00,423.2686767578125,0
2007-12-11 00:00:00+07:00,423.2686767578125,0
2007-12-12 00:00:00+07:00,423.2686767578125,0
2007-12-13 00:00:00+07:00,420.6065979003906,0
2007-12-14 00:00:00+07:00,415.282470703125,0
2007-12-17 00:00:00+07:00,401.9720764160156,0
2007-12-18 00:00:00+07:00,385.99957275390625,0
2007-12-19 00:00:00+07:00,385.99957275390625,0
2007-12-26 00:00:00+07:00,391.3238220214844,0
2007-12-27 00:00:00+07:00,393.98590087890625,0
2007-12-28 00:00:00+07:00,393.98590087890625,0
2008-01-02 00:00:00+07:00,391.3238220214844,0
2008-01-03 00:00:00+07:00,383.337646484375,0
2008-01-04 00:00:00+07:00,399.3100891113281,0
2008-01-07 00:00:00+07:00,396.6479797363281,0
2008-01-08 00:00:00+07:00,399.3100891113281,0
2008-01-09 00:00:00+07:00,415.282470703125,0
2008-01-14 00:00:00+07:00,409.9583740234375,0
2008-01-15 00:00:00+07:00,401.9720764160156,0
2008-01-16 00:00:00+07:00,388.66180419921875,1
2008-01-17 00:00:00+07:00,385.99957275390625,1
2008-01-18 00:00:00+07:00,378.0135498046875,0
2008-01-21 00:00:00+07:00,359.3789978027344,0
2008-01-22 00:00:00+07:00,335.4205017089844,1
2008-01-23 00:00:00+07:00,346.0686950683594,1
2008-01-24 00:00:00+07:00,356.7169494628906,0
2008-01-25 00:00:00+07:00,372.6893615722656,0
2008-01-28 00:00:00+07:00,359.3789978027344,0
2008-01-29 00:00:00+07:00,362.04107666015625,0
2008-01-30 00:00:00+07:00,364.7031555175781,0
2008-01-31 00:00:00+07:00,372.6893615722656,0
2008-02-01 00:00:00+07:00,367.365234375,0
2008-02-04 00:00:00+07:00,383.337646484375,0
2008-02-05 00:00:00+07:00,375.3514404296875,0
2008-02-06 00:00:00+07:00,364.7031555175781,0
2008-02-11 00:00:00+07:00,359.3789978027344,0
2008-02-12 00:00:00+07:00,359.3789978027344,0
2008-02-13 00:00:00+07:00,356.7169494628906,0
2008-02-14 00:00:00+07:00,367.365234375,0
2008-02-15 00:00:00+07:00,380.67559814453125,0
2008-02-18 00:00:00+07:00,372.6893615722656,0
2008-02-19 00:00:00+07:00,388.66180419921875,0
2008-02-20 00:00:00+07:00,385.99957275390625,0
2008-02-21 00:00:00+07:00,393.98590087890625,0
2008-02-22 00:00:00+07:00,396.6479797363281,0
2008-02-25 00:00:00+07:00,399.3100891113281,0
2008-02-26 00:00:00+07:00,391.3238220214844,0
2008-02-27 00:00:00+07:00,388.66180419921875,0
2008-02-28 00:00:00+07:00,393.98590087890625,0
2008-02-29 00:00:00+07:00,383.337646484375,0
2008-03-03 00:00:00+07:00,375.3514404296875,0
2008-03-04 00:00:00+07:00,362.04107666015625,0
2008-03-05 00:00:00+07:00,367.365234375,0
2008-03-06 00:00:00+07:00,364.7031555175781,0
2008-03-10 00:00:00+07:00,335.4205017089844,0
2008-03-11 00:00:00+07:00,338.08258056640625,0
2008-03-12 00:00:00+07:00,340.7445373535156,0
2008-03-13 00:00:00+07:00,324.7721862792969,0
2008-03-14 00:00:00+07:00,319.44805908203125,0
2008-03-17 00:00:00+07:00,300.8135986328125,0
2008-03-18 00:00:00+07:00,298.1513977050781,0
2008-03-19 00:00:00+07:00,290.165283203125,0
2008-03-24 00:00:00+07:00,284.8412170410156,0
2008-03-25 00:00:00+07:00,322.1100769042969,1
2008-03-26 00:00:00+07:00,346.0686950683594,1
2008-03-27 00:00:00+07:00,338.08258056640625,0
2008-03-28 00:00:00+07:00,338.08258056640625,0
2008-03-31 00:00:00+07:00,335.4205017089844,0
2008-04-01 00:00:00+07:00,316.7859802246094,0
2008-04-02 00:00:00+07:00,316.7859802246094,0
2008-04-03 00:00:00+07:00,300.8135986328125,0
2008-04-04 00:00:00+07:00,308.7997131347656,0
2008-04-07 00:00:00+07:00,319.44805908203125,0
2008-04-08 00:00:00+07:00,311.4618225097656,0
2008-04-09 00:00:00+07:00,295.48944091796875,0
2008-04-10 00:00:00+07:00,303.47564697265625,0
2008-04-11 00:00:00+07:00,322.1100769042969,0
2008-04-14 00:00:00+07:00,314.1239318847656,0
2008-04-15 00:00:00+07:00,311.4618225097656,0
2008-04-16 00:00:00+07:00,319.44805908203125,0
2008-04-17 00:00:00+07:00,319.44805908203125,0
2008-04-18 00:00:00+07:00,332.7583923339844,1
2008-04-21 00:00:00+07:00,338.08258056640625,0
2008-04-22 00:00:00+07:00,330.0963134765625,0
2008-04-23 00:00:00+07:00,330.0963134765625,0
2008-04-24 00:00:00+07:00,316.7859802246094,0
2008-04-25 00:00:00+07:00,311.4618225097656,0
2008-04-28 00:00:00+07:00,300.8135986328125,1
2008-04-29 00:00:00+07:00,311.4618225097656,0
2008-04-30 00:00:00+07:00,316.7859802246094,0
2008-05-05 00:00:00+07:00,367.365234375,1
2008-05-06 00:00:00+07:00,348.730712890625,1
2008-05-07 00:00:00+07:00,332.7583923339844,1
2008-05-08 00:00:00+07:00,332.7583923339844,0
2008-05-09 00:00:00+07:00,322.1100769042969,0
2008-05-12 00:00:00+07:00,316.7859802246094,0
2008-05-13 00:00:00+07:00,338.08258056640625,1
2008-05-14 00:00:00+07:00,340.7445373535156,0
2008-05-15 00:00:00+07:00,346.0686950683594,0
2008-05-16 00:00:00+07:00,340.7445373535156,0
2008-05-21 00:00:00+07:00,343.4065856933594,0
2008-05-22 00:00:00+07:00,332.7583923339844,1
2008-05-23 00:00:00+07:00,330.0963134765625,0
2008-05-26 00:00:00+07:00,319.44805908203125,0
2008-05-27 00:00:00+07:00,316.7859802246094,0
2008-05-28 00:00:00+07:00,322.1100769042969,0
2008-05-29 00:00:00+07:00,311.4618225097656,1
2008-05-30 00:00:00+07:00,308.7997131347656,0
2008-06-02 00:00:00+07:00,316.7859802246094,1
2008-06-03 00:00:00+07:00,316.7859802246094,0
2008-06-04 00:00:00+07:00,303.47564697265625,0
2008-06-05 00:00:00+07:00,303.47564697265625,0
2008-06-06 00:00:00+07:00,292.8273620605469,1
2008-06-09 00:00:00+07:00,284.8412170410156,0
2008-06-10 00:00:00+07:00,271.53082275390625,0
2008-06-11 00:00:00+07:00,274.19293212890625,0
2008-06-12 00:00:00+07:00,276.8550109863281,0
2008-06-13 00:00:00+07:00,274.19293212890625,0
2008-06-16 00:00:00+07:00,274.19293212890625,0
2008-06-17 00:00:00+07:00,271.53082275390625,0
2008-06-18 00:00:00+07:00,271.53082275390625,0
2008-06-19 00:00:00+07:00,271.3281555175781,0
2008-06-20 00:00:00+07:00,271.3281555175781,0
2008-06-23 00:00:00+07:00,261.6378479003906,0
2008-06-24 00:00:00+07:00,264.4064636230469,0
2008-06-25 00:00:00+07:00,267.1751403808594,0
2008-06-26 00:00:00+07:00,285.1714782714844,1
2008-06-27 00:00:00+07:00,279.6341247558594,0
2008-06-30 00:00:00+07:00,282.40277099609375,0
2008-07-01 00:00:00+07:00,293.4773864746094,0
2008-07-02 00:00:00+07:00,304.552001953125,1
2008-07-03 00:00:00+07:00,299.0147399902344,1
2008-07-04 00:00:00+07:00,299.0147399902344,0
2008-07-07 00:00:00+07:00,299.0147399902344,0
2008-07-08 00:00:00+07:00,296.2460632324219,0
2008-07-09 00:00:00+07:00,310.08929443359375,1
2008-07-10 00:00:00+07:00,304.552001953125,0
2008-07-11 00:00:00+07:00,318.395263671875,1
2008-07-14 00:00:00+07:00,304.552001953125,0
2008-07-15 00:00:00+07:00,287.9401550292969,0
2008-07-16 00:00:00+07:00,290.708740234375,0
2008-07-17 00:00:00+07:00,296.2460632324219,1
2008-07-18 00:00:00+07:00,315.62664794921875,1
2008-07-21 00:00:00+07:00,329.46990966796875,0
2008-07-22 00:00:00+07:00,321.1639099121094,1
2008-07-23 00:00:00+07:00,329.46990966796875,0
2008-07-24 00:00:00+07:00,354.3877868652344,1
2008-07-25 00:00:00+07:00,332.2386474609375,1
2008-07-28 00:00:00+07:00,335.0071716308594,0
2008-07-29 00:00:00+07:00,335.0071716308594,0
2008-07-31 00:00:00+07:00,337.77587890625,0
2008-08-01 00:00:00+07:00,326.7012634277344,0
2008-08-04 00:00:00+07:00,326.7012634277344,0
2008-08-05 00:00:00+07:00,335.0071716308594,1
2008-08-06 00:00:00+07:00,335.0071716308594,0
2008-08-07 00:00:00+07:00,346.0818786621094,0
2008-08-08 00:00:00+07:00,335.0071716308594,0
2008-08-11 00:00:00+07:00,323.9325866699219,0
2008-08-12 00:00:00+07:00,321.1639099121094,1
2008-08-13 00:00:00+07:00,335.0071716308594,1
2008-08-14 00:00:00+07:00,332.2386474609375,1
2008-08-15 00:00:00+07:00,337.77587890625,0
2008-08-19 00:00:00+07:00,323.9325866699219,0
2008-08-20 00:00:00+07:00,321.1639099121094,0
2008-08-21 00:00:00+07:00,321.1639099121094,0
2008-08-22 00:00:00+07:00,323.9325866699219,0
2008-08-25 00:00:00+07:00,323.9325866699219,0
2008-08-26 00:00:00+07:00,318.395263671875,0
2008-08-27 00:00:00+07:00,323.9325866699219,0
2008-08-28 00:00:00+07:00,315.62664794921875,1
2008-08-29 00:00:00+07:00,323.9325866699219,0
2008-09-01 00:00:00+07:00,329.46990966796875,0
2008-09-02 00:00:00+07:00,346.0818786621094,1
2008-09-03 00:00:00+07:00,354.3877868652344,1
2008-09-04 00:00:00+07:00,348.85052490234375,0
2008-09-05 00:00:00+07:00,321.1639099121094,1
2008-09-08 00:00:00+07:00,329.46990966796875,0
2008-09-09 00:00:00+07:00,318.395263671875,0
2008-09-10 00:00:00+07:00,304.552001953125,0
2008-09-11 00:00:00+07:00,299.0147399902344,0
2008-09-12 00:00:00+07:00,279.6341247558594,0
2008-09-15 00:00:00+07:00,265.7908630371094,0
2008-09-16 00:00:00+07:00,285.1714782714844,1
2008-09-17 00:00:00+07:00,293.4773864746094,0
2008-09-18 00:00:00+07:00,287.9401550292969,0
2008-09-19 00:00:00+07:00,310.08929443359375,0
2008-09-22 00:00:00+07:00,326.7012634277344,1
2008-09-23 00:00:00+07:00,307.3206481933594,1
2008-09-24 00:00:00+07:00,310.08929443359375,0
2008-09-25 00:00:00+07:00,304.552001953125,0
2008-09-26 00:00:00+07:00,299.0147399902344,0
2008-10-06 00:00:00+07:00,274.0968017578125,1
2008-10-07 00:00:00+07:00,265.7908630371094,0
2008-10-08 00:00:00+07:00,236.72000122070312,1
2008-10-13 00:00:00+07:00,233.95130920410156,0
2008-10-14 00:00:00+07:00,256.1005554199219,0
2008-10-15 00:00:00+07:00,236.72000122070312,1
2008-10-16 00:00:00+07:00,229.79833984375,0
2008-10-17 00:00:00+07:00,207.6491241455078,1
2008-10-20 00:00:00+07:00,213.1864471435547,0
2008-10-21 00:00:00+07:00,224.26101684570312,1
2008-10-22 00:00:00+07:00,215.95509338378906,0
2008-10-23 00:00:00+07:00,200.72743225097656,0
2008-10-24 00:00:00+07:00,181.34686279296875,0
2008-10-27 00:00:00+07:00,163.3506317138672,0
2008-10-28 00:00:00+07:00,148.12303161621094,0
2008-10-29 00:00:00+07:00,146.7386932373047,0
2008-10-30 00:00:00+07:00,160.5819549560547,0
2008-10-31 00:00:00+07:00,191.03713989257812,1
2008-11-03 00:00:00+07:00,214.5707244873047,0
2008-11-04 00:00:00+07:00,196.5745086669922,1
2008-11-05 00:00:00+07:00,204.88046264648438,1
2008-11-06 00:00:00+07:00,193.8058319091797,0
2008-11-07 00:00:00+07:00,195.19015502929688,0
2008-11-10 00:00:00+07:00,203.4961395263672,1
2008-11-11 00:00:00+07:00,204.88046264648438,0
2008-11-12 00:00:00+07:00,210.417724609375,1
2008-11-13 00:00:00+07:00,189.65284729003906,0
2008-11-14 00:00:00+07:00,181.34686279296875,1
2008-11-17 00:00:00+07:00,179.96255493164062,0
2008-11-18 00:00:00+07:00,164.73495483398438,0
2008-11-19 00:00:00+07:00,157.81332397460938,0
2008-11-20 00:00:00+07:00,143.97007751464844,1
2008-11-21 00:00:00+07:00,139.8170623779297,0
2008-11-24 00:00:00+07:00,139.8170623779297,0
2008-11-25 00:00:00+07:00,141.20138549804688,0
2008-11-26 00:00:00+07:00,159.1976318359375,1
2008-11-27 00:00:00+07:00,184.11557006835938,1
2008-11-28 00:00:00+07:00,188.2685089111328,0
2008-12-01 00:00:00+07:00,175.8096160888672,1
2008-12-02 00:00:00+07:00,171.65660095214844,0
2008-12-03 00:00:00+07:00,177.1938934326172,0
2008-12-04 00:00:00+07:00,191.03713989257812,1
2008-12-05 00:00:00+07:00,188.2685089111328,0
2008-12-09 00:00:00+07:00,204.88046264648438,0
2008-12-10 00:00:00+07:00,224.26101684570312,1
2008-12-11 00:00:00+07:00,225.64535522460938,0
2008-12-12 00:00:00+07:00,203.4961395263672,1
2008-12-15 00:00:00+07:00,236.72000122070312,1
2008-12-16 00:00:00+07:00,242.25723266601562,1
2008-12-17 00:00:00+07:00,251.94761657714844,0
2008-12-18 00:00:00+07:00,245.02597045898438,0
2008-12-19 00:00:00+07:00,245.02597045898438,0
2008-12-22 00:00:00+07:00,250.563232421875,0
2008-12-23 00:00:00+07:00,245.02597045898438,0
2008-12-24 00:00:00+07:00,240.8729705810547,0
2008-12-30 00:00:00+07:00,253.3319549560547,0
2009-01-05 00:00:00+07:00,268.5594787597656,0
2009-01-06 00:00:00+07:00,265.7908630371094,0
2009-01-07 00:00:00+07:00,261.6378479003906,0
2009-01-08 00:00:00+07:00,256.1005554199219,0
2009-01-09 00:00:00+07:00,260.2535095214844,0
2009-01-12 00:00:00+07:00,265.7908630371094,0
2009-01-13 00:00:00+07:00,265.7908630371094,0
2009-01-14 00:00:00+07:00,263.02215576171875,0
2009-01-15 00:00:00+07:00,254.71621704101562,0
2009-01-16 00:00:00+07:00,256.1005554199219,0
2009-01-19 00:00:00+07:00,260.2535095214844,0
2009-01-20 00:00:00+07:00,257.48486328125,0
2009-01-21 00:00:00+07:00,257.48486328125,0
2009-01-22 00:00:00+07:00,250.563232421875,0
2009-01-23 00:00:00+07:00,239.48866271972656,0
2009-01-27 00:00:00+07:00,239.48866271972656,0
2009-01-28 00:00:00+07:00,235.33567810058594,0
2009-01-29 00:00:00+07:00,250.563232421875,1
2009-01-30 00:00:00+07:00,251.94761657714844,0
2009-02-02 00:00:00+07:00,240.8729705810547,0
2009-02-03 00:00:00+07:00,243.6416015625,0
2009-02-04 00:00:00+07:00,243.6416015625,0
2009-02-05 00:00:00+07:00,240.8729705810547,0
2009-02-06 00:00:00+07:00,247.7946319580078,0
2009-02-09 00:00:00+07:00,246.41024780273438,0
2009-02-10 00:00:00+07:00,233.95130920410156,1
2009-02-11 00:00:00+07:00,225.64535522460938,0
2009-02-12 00:00:00+07:00,233.95130920410156,1
2009-02-13 00:00:00+07:00,245.02597045898438,0
2009-02-16 00:00:00+07:00,247.7946319580078,0
2009-02-17 00:00:00+07:00,245.02597045898438,0
2009-02-18 00:00:00+07:00,251.94761657714844,0
2009-02-19 00:00:00+07:00,243.6416015625,0
2009-02-20 00:00:00+07:00,232.5670166015625,0
2009-02-23 00:00:00+07:00,229.79833984375,0
2009-02-24 00:00:00+07:00,220.10809326171875,0
2009-02-25 00:00:00+07:00,224.26101684570312,0
2009-02-26 00:00:00+07:00,213.1864471435547,1
2009-02-27 00:00:00+07:00,206.26475524902344,0
2009-03-02 00:00:00+07:00,200.72743225097656,0
2009-03-03 00:00:00+07:00,204.88046264648438,0
2009-03-04 00:00:00+07:00,217.33938598632812,0
2009-03-05 00:00:00+07:00,211.80209350585938,0
2009-03-06 00:00:00+07:00,213.1864471435547,0
2009-03-10 00:00:00+07:00,221.49240112304688,0
2009-03-11 00:00:00+07:00,225.64535522460938,0
2009-03-12 00:00:00+07:00,217.33938598632812,0
2009-03-13 00:00:00+07:00,227.02964782714844,0
2009-03-16 00:00:00+07:00,233.95130920410156,0
2009-03-17 00:00:00+07:00,231.18263244628906,0
2009-03-18 00:00:00+07:00,229.79833984375,0
2009-03-19 00:00:00+07:00,233.95130920410156,0
2009-03-20 00:00:00+07:00,236.72000122070312,0
2009-03-23 00:00:00+07:00,250.563232421875,0
2009-03-24 00:00:00+07:00,256.1005554199219,0
2009-03-25 00:00:00+07:00,242.25723266601562,1
2009-03-27 00:00:00+07:00,247.7946319580078,0
2009-03-30 00:00:00+07:00,229.79833984375,0
2009-03-31 00:00:00+07:00,232.5670166015625,0
2009-04-01 00:00:00+07:00,250.563232421875,1
2009-04-02 00:00:00+07:00,269.94378662109375,1
2009-04-03 00:00:00+07:00,274.0968017578125,0
2009-04-06 00:00:00+07:00,285.1714782714844,0
2009-04-07 00:00:00+07:00,282.40277099609375,0
2009-04-08 00:00:00+07:00,258.86920166015625,1
2009-04-13 00:00:00+07:00,267.1751403808594,1
2009-04-14 00:00:00+07:00,285.1714782714844,1
2009-04-15 00:00:00+07:00,276.86541748046875,1
2009-04-16 00:00:00+07:00,276.86541748046875,0
2009-04-17 00:00:00+07:00,290.708740234375,1
2009-04-20 00:00:00+07:00,293.4773864746094,0
2009-04-22 00:00:00+07:00,282.40277099609375,0
2009-04-23 00:00:00+07:00,274.0968017578125,0
2009-04-24 00:00:00+07:00,275.48114013671875,0
2009-04-27 00:00:00+07:00,272.7125244140625,0
2009-04-28 00:00:00+07:00,279.6341247558594,0
2009-04-29 00:00:00+07:00,290.708740234375,0
2009-04-30 00:00:00+07:00,321.1639099121094,1
2009-05-01 00:00:00+07:00,326.7012634277344,0
2009-05-04 00:00:00+07:00,348.85052490234375,0
2009-05-05 00:00:00+07:00,332.2386474609375,1
2009-05-06 00:00:00+07:00,321.1639099121094,1
2009-05-07 00:00:00+07:00,329.46990966796875,0
2009-05-08 00:00:00+07:00,332.2386474609375,0
2009-05-11 00:00:00+07:00,326.7012634277344,0
2009-05-12 00:00:00+07:00,323.9325866699219,0
2009-05-13 00:00:00+07:00,332.2386474609375,0
2009-05-14 00:00:00+07:00,321.1639099121094,0
2009-05-15 00:00:00+07:00,310.08929443359375,0
2009-05-18 00:00:00+07:00,329.46990966796875,0
2009-05-19 00:00:00+07:00,368.23114013671875,1
2009-05-20 00:00:00+07:00,348.85052490234375,1
2009-05-22 00:00:00+07:00,335.0071716308594,1
2009-05-25 00:00:00+07:00,337.77587890625,0
2009-05-26 00:00:00+07:00,340.5444641113281,0
2009-05-27 00:00:00+07:00,340.5444641113281,0
2009-05-28 00:00:00+07:00,337.77587890625,0
2009-05-29 00:00:00+07:00,346.0818786621094,0
2009-06-01 00:00:00+07:00,354.3877868652344,1
2009-06-02 00:00:00+07:00,370.9997253417969,1
2009-06-03 00:00:00+07:00,368.23114013671875,0
2009-06-04 00:00:00+07:00,368.23114013671875,0
2009-06-05 00:00:00+07:00,376.5370178222656,0
2009-06-08 00:00:00+07:00,357.1564025878906,1
2009-06-09 00:00:00+07:00,359.92510986328125,0
2009-06-10 00:00:00+07:00,359.92510986328125,0
2009-06-11 00:00:00+07:00,351.6192321777344,0
2009-06-12 00:00:00+07:00,348.85052490234375,0
2009-06-15 00:00:00+07:00,370.9997253417969,1
2009-06-16 00:00:00+07:00,351.6192321777344,0
2009-06-17 00:00:00+07:00,352.70916748046875,0
2009-06-18 00:00:00+07:00,329.95367431640625,0
2009-06-19 00:00:00+07:00,341.33148193359375,0
2009-06-22 00:00:00+07:00,329.95367431640625,0
2009-06-23 00:00:00+07:00,324.2648620605469,0
2009-06-24 00:00:00+07:00,347.020263671875,0
2009-06-25 00:00:00+07:00,366.9312438964844,0
2009-06-26 00:00:00+07:00,369.7756652832031,0
2009-06-29 00:00:00+07:00,375.4645080566406,0
2009-06-30 00:00:00+07:00,358.39801025390625,1
2009-07-01 00:00:00+07:00,366.9312438964844,0
2009-07-02 00:00:00+07:00,375.4645080566406,0
2009-07-03 00:00:00+07:00,378.3090515136719,0
2009-07-06 00:00:00+07:00,364.0868225097656,0
2009-07-07 00:00:00+07:00,369.7756652832031,0
2009-07-09 00:00:00+07:00,403.90887451171875,1
2009-07-10 00:00:00+07:00,386.8422546386719,0
2009-07-13 00:00:00+07:00,369.7756652832031,0
2009-07-14 00:00:00+07:00,386.8422546386719,0
2009-07-15 00:00:00+07:00,418.1309814453125,1
2009-07-16 00:00:00+07:00,395.37548828125,1
2009-07-17 00:00:00+07:00,386.8422546386719,0
2009-07-21 00:00:00+07:00,389.6866760253906,0
2009-07-22 00:00:00+07:00,378.3090515136719,0
2009-07-23 00:00:00+07:00,381.15338134765625,0
2009-07-24 00:00:00+07:00,392.5310974121094,0
2009-07-27 00:00:00+07:00,389.6866760253906,0
2009-07-28 00:00:00+07:00,392.5310974121094,0
2009-07-29 00:00:00+07:00,398.219970703125,0
2009-07-30 00:00:00+07:00,423.81982421875,0
2009-07-31 00:00:00+07:00,415.2865295410156,1
2009-08-03 00:00:00+07:00,420.9754333496094,0
2009-08-04 00:00:00+07:00,432.35302734375,0
2009-08-05 00:00:00+07:00,415.2865295410156,0
2009-08-06 00:00:00+07:00,409.59771728515625,1
2009-08-07 00:00:00+07:00,412.4420471191406,0
2009-08-10 00:00:00+07:00,415.2865295410156,0
2009-08-11 00:00:00+07:00,429.5086669921875,0
2009-08-12 00:00:00+07:00,412.4420471191406,0
2009-08-13 00:00:00+07:00,415.2865295410156,0
2009-08-14 00:00:00+07:00,412.4420471191406,0
2009-08-18 00:00:00+07:00,392.5310974121094,0
2009-08-19 00:00:00+07:00,389.6866760253906,0
2009-08-20 00:00:00+07:00,403.90887451171875,0
2009-08-21 00:00:00+07:00,415.2865295410156,0
2009-08-24 00:00:00+07:00,426.664306640625,0
2009-08-25 00:00:00+07:00,426.664306640625,0
2009-08-26 00:00:00+07:00,429.5086669921875,0
2009-08-27 00:00:00+07:00,432.35302734375,0
2009-08-28 00:00:00+07:00,446.5752258300781,0
2009-08-31 00:00:00+07:00,432.35302734375,0
2009-09-01 00:00:00+07:00,420.9754333496094,0
2009-09-02 00:00:00+07:00,409.59771728515625,0
2009-09-03 00:00:00+07:00,409.59771728515625,0
2009-09-04 00:00:00+07:00,403.90887451171875,0
2009-09-07 00:00:00+07:00,412.4420471191406,0
2009-09-08 00:00:00+07:00,415.2865295410156,0
2009-09-09 00:00:00+07:00,420.9754333496094,0
2009-09-10 00:00:00+07:00,432.35302734375,0
2009-09-11 00:00:00+07:00,429.5086669921875,0
2009-09-14 00:00:00+07:00,412.4420471191406,0
2009-09-15 00:00:00+07:00,423.81982421875,0
2009-09-16 00:00:00+07:00,438.04205322265625,0
2009-09-17 00:00:00+07:00,438.04205322265625,0
2009-09-24 00:00:00+07:00,432.35302734375,0
2009-09-25 00:00:00+07:00,432.35302734375,0
2009-09-28 00:00:00+07:00,423.81982421875,0
2009-09-29 00:00:00+07:00,432.35302734375,0
2009-09-30 00:00:00+07:00,426.664306640625,0
2009-10-01 00:00:00+07:00,435.1975402832031,0
2009-10-02 00:00:00+07:00,438.04205322265625,0
2009-10-05 00:00:00+07:00,438.04205322265625,0
2009-10-06 00:00:00+07:00,460.7973327636719,0
2009-10-07 00:00:00+07:00,486.3972473144531,1
2009-10-08 00:00:00+07:00,477.8639831542969,0
2009-10-09 00:00:00+07:00,457.9529724121094,1
2009-10-12 00:00:00+07:00,443.73089599609375,0
2009-10-13 00:00:00+07:00,449.419677734375,0
2009-10-14 00:00:00+07:00,457.9529724121094,0
2009-10-15 00:00:00+07:00,460.7973327636719,0
2009-10-16 00:00:00+07:00,452.2641906738281,0
2009-10-19 00:00:00+07:00,460.7973327636719,0
2009-10-20 00:00:00+07:00,449.419677734375,0
2009-10-21 00:00:00+07:00,438.04205322265625,0
2009-10-22 00:00:00+07:00,420.9754333496094,0
2009-10-23 00:00:00+07:00,432.35302734375,0
2009-10-26 00:00:00+07:00,426.664306640625,0
2009-10-27 00:00:00+07:00,420.9754333496094,0
2009-10-28 00:00:00+07:00,415.2865295410156,0
2009-10-29 00:00:00+07:00,406.7532653808594,0
2009-10-30 00:00:00+07:00,403.90887451171875,0
2009-11-02 00:00:00+07:00,412.4420471191406,0
2009-11-03 00:00:00+07:00,398.219970703125,0
2009-11-04 00:00:00+07:00,395.37548828125,0
2009-11-05 00:00:00+07:00,409.59771728515625,1
2009-11-06 00:00:00+07:00,423.81982421875,0
2009-11-09 00:00:00+07:00,423.81982421875,0
2009-11-10 00:00:00+07:00,418.1309814453125,0
2009-11-11 00:00:00+07:00,418.1309814453125,0
2009-11-12 00:00:00+07:00,415.2865295410156,0
2009-11-13 00:00:00+07:00,423.81982421875,0
2009-11-16 00:00:00+07:00,426.664306640625,0
2009-11-17 00:00:00+07:00,438.04205322265625,0
2009-11-18 00:00:00+07:00,435.1975402832031,0
2009-11-19 00:00:00+07:00,435.1975402832031,0
2009-11-20 00:00:00+07:00,438.04205322265625,0
2009-11-23 00:00:00+07:00,435.1975402832031,0
2009-11-24 00:00:00+07:00,432.35302734375,0
2009-11-25 00:00:00+07:00,435.1975402832031,0
2009-11-26 00:00:00+07:00,435.1975402832031,1
2009-11-30 00:00:00+07:00,420.9754333496094,1
2009-12-01 00:00:00+07:00,435.04205322265625,0
2009-12-02 00:00:00+07:00,449.35272216796875,0
2009-12-03 00:00:00+07:00,460.8012390136719,0
2009-12-04 00:00:00+07:00,452.21484375,0
2009-12-07 00:00:00+07:00,449.35272216796875,0
2009-12-08 00:00:00+07:00,452.21484375,0
2009-12-09 00:00:00+07:00,446.4906921386719,0
2009-12-10 00:00:00+07:00,443.62847900390625,0
2009-12-11 00:00:00+07:00,449.35272216796875,0
2009-12-14 00:00:00+07:00,446.4906921386719,0
2009-12-15 00:00:00+07:00,435.04205322265625,0
2009-12-16 00:00:00+07:00,437.904296875,0
2009-12-17 00:00:00+07:00,432.1800231933594,0
2009-12-21 00:00:00+07:00,423.59368896484375,0
2009-12-22 00:00:00+07:00,429.3180236816406,0
2009-12-23 00:00:00+07:00,429.3180236816406,0
2009-12-28 00:00:00+07:00,440.76641845703125,0
2009-12-29 00:00:00+07:00,435.04205322265625,0
2009-12-30 00:00:00+07:00,437.904296875,0
2010-01-04 00:00:00+07:00,446.4906921386719,0
2010-01-05 00:00:00+07:00,449.35272216796875,0
2010-01-06 00:00:00+07:00,443.62847900390625,0
2010-01-07 00:00:00+07:00,437.904296875,0
2010-01-08 00:00:00+07:00,440.76641845703125,0
2010-01-11 00:00:00+07:00,440.76641845703125,0
2010-01-12 00:00:00+07:00,449.35272216796875,0
2010-01-13 00:00:00+07:00,449.35272216796875,0
2010-01-14 00:00:00+07:00,449.35272216796875,0
2010-01-15 00:00:00+07:00,446.4906921386719,0
2010-01-18 00:00:00+07:00,452.21484375,0
2010-01-19 00:00:00+07:00,469.38751220703125,0
2010-01-20 00:00:00+07:00,463.6632385253906,0
2010-01-21 00:00:00+07:00,452.21484375,0
2010-01-22 00:00:00+07:00,452.21484375,0
2010-01-25 00:00:00+07:00,446.4906921386719,0
2010-01-26 00:00:00+07:00,435.04205322265625,0
2010-01-27 00:00:00+07:00,432.1800231933594,0
2010-01-28 00:00:00+07:00,437.904296875,0
2010-01-29 00:00:00+07:00,437.904296875,0
2010-02-01 00:00:00+07:00,432.1800231933594,0
2010-02-02 00:00:00+07:00,432.1800231933594,0
2010-02-03 00:00:00+07:00,432.1800231933594,0
2010-02-04 00:00:00+07:00,423.59368896484375,0
2010-02-05 00:00:00+07:00,415.0072326660156,0
2010-02-08 00:00:00+07:00,406.4209899902344,0
2010-02-09 00:00:00+07:00,415.0072326660156,0
2010-02-10 00:00:00+07:00,409.2830810546875,0
2010-02-11 00:00:00+07:00,417.8694152832031,0
2010-02-12 00:00:00+07:00,432.1800231933594,0
2010-02-15 00:00:00+07:00,435.04205322265625,0
2010-02-16 00:00:00+07:00,437.904296875,0
2010-02-17 00:00:00+07:00,437.904296875,0
2010-02-18 00:00:00+07:00,432.1800231933594,0
2010-02-19 00:00:00+07:00,432.1800231933594,0
2010-02-22 00:00:00+07:00,429.3180236816406,0
2010-02-23 00:00:00+07:00,426.45574951171875,0
2010-02-24 00:00:00+07:00,420.7315673828125,0
2010-02-25 00:00:00+07:00,409.2830810546875,0
2010-03-01 00:00:00+07:00,412.1451721191406,0
2010-03-02 00:00:00+07:00,417.8694152832031,0
2010-03-03 00:00:00+07:00,423.59368896484375,0
2010-03-04 00:00:00+07:00,415.0072326660156,0
2010-03-05 00:00:00+07:00,415.0072326660156,0
2010-03-08 00:00:00+07:00,426.45574951171875,0
2010-03-09 00:00:00+07:00,426.45574951171875,0
2010-03-10 00:00:00+07:00,429.3180236816406,0
2010-03-11 00:00:00+07:00,429.3180236816406,0
2010-03-12 00:00:00+07:00,429.3180236816406,0
2010-03-15 00:00:00+07:00,426.45574951171875,0
2010-03-17 00:00:00+07:00,449.35272216796875,0
2010-03-18 00:00:00+07:00,449.35272216796875,0
2010-03-19 00:00:00+07:00,457.9391784667969,0
2010-03-22 00:00:00+07:00,446.4906921386719,0
2010-03-23 00:00:00+07:00,457.9391784667969,0
2010-03-24 00:00:00+07:00,472.2497253417969,0
2010-03-25 00:00:00+07:00,477.973876953125,0
2010-03-26 00:00:00+07:00,480.8360595703125,0
2010-03-29 00:00:00+07:00,475.11181640625,0
2010-03-30 00:00:00+07:00,472.2497253417969,0
2010-03-31 00:00:00+07:00,472.2497253417969,0
2010-04-01 00:00:00+07:00,498.00872802734375,0
2010-04-05 00:00:00+07:00,512.3194580078125,0
2010-04-06 00:00:00+07:00,500.87078857421875,0
2010-04-07 00:00:00+07:00,498.00872802734375,0
2010-04-08 00:00:00+07:00,475.11181640625,0
2010-04-09 00:00:00+07:00,466.52545166015625,0
2010-04-12 00:00:00+07:00,495.14666748046875,1
2010-04-13 00:00:00+07:00,498.00872802734375,0
2010-04-14 00:00:00+07:00,486.560302734375,0
2010-04-15 00:00:00+07:00,469.38751220703125,1
2010-04-16 00:00:00+07:00,466.52545166015625,0
2010-04-19 00:00:00+07:00,463.6632385253906,0
2010-04-20 00:00:00+07:00,477.973876953125,0
2010-04-21 00:00:00+07:00,483.6981201171875,0
2010-04-22 00:00:00+07:00,500.87078857421875,0
2010-04-23 00:00:00+07:00,500.87078857421875,0
2010-04-26 00:00:00+07:00,509.4573059082031,0
2010-04-27 00:00:00+07:00,506.59515380859375,0
2010-04-28 00:00:00+07:00,495.14666748046875,0
2010-04-29 00:00:00+07:00,495.14666748046875,0
2010-04-30 00:00:00+07:00,512.3194580078125,0
2010-05-03 00:00:00+07:00,509.4573059082031,0
2010-05-04 00:00:00+07:00,518.0435791015625,0
2010-05-05 00:00:00+07:00,489.4224853515625,0
2010-05-06 00:00:00+07:00,483.6981201171875,0
2010-05-07 00:00:00+07:00,475.11181640625,0
2010-05-10 00:00:00+07:00,492.2845764160156,0
2010-05-11 00:00:00+07:00,480.8360595703125,0
2010-05-12 00:00:00+07:00,477.973876953125,0
2010-05-14 00:00:00+07:00,483.6981201171875,0
2010-05-17 00:00:00+07:00,477.973876953125,0
2010-05-18 00:00:00+07:00,486.560302734375,0
2010-05-19 00:00:00+07:00,463.6632385253906,0
2010-05-20 00:00:00+07:00,466.52545166015625,0
2010-05-21 00:00:00+07:00,449.35272216796875,0
2010-05-24 00:00:00+07:00,455.0770568847656,0
2010-05-25 00:00:00+07:00,440.76641845703125,0
2010-05-26 00:00:00+07:00,463.6632385253906,1
2010-05-27 00:00:00+07:00,477.973876953125,0
2010-05-31 00:00:00+07:00,492.2845764160156,0
2010-06-01 00:00:00+07:00,477.973876953125,0
2010-06-02 00:00:00+07:00,480.8360595703125,0
2010-06-03 00:00:00+07:00,506.59515380859375,0
2010-06-04 00:00:00+07:00,500.87078857421875,0
2010-06-07 00:00:00+07:00,489.4224853515625,0
2010-06-08 00:00:00+07:00,500.87078857421875,0
2010-06-09 00:00:00+07:00,506.59515380859375,0
2010-06-10 00:00:00+07:00,495.14666748046875,0
2010-06-11 00:00:00+07:00,498.00872802734375,0
2010-06-14 00:00:00+07:00,500.87078857421875,0
2010-06-15 00:00:00+07:00,500.87078857421875,0
2010-06-16 00:00:00+07:00,506.59515380859375,0
2010-06-17 00:00:00+07:00,509.4573059082031,0
2010-06-18 00:00:00+07:00,520.9057006835938,0
2010-06-21 00:00:00+07:00,523.7678833007812,0
2010-06-22 00:00:00+07:00,523.7678833007812,0
2010-06-23 00:00:00+07:00,523.7678833007812,0
2010-06-24 00:00:00+07:00,526.6298828125,0
2010-06-25 00:00:00+07:00,540.9404907226562,0
2010-06-28 00:00:00+07:00,543.8025512695312,0
2010-06-29 00:00:00+07:00,531.1525268554688,0
2010-06-30 00:00:00+07:00,539.8599243164062,0
2010-07-01 00:00:00+07:00,528.25,0
2010-07-02 00:00:00+07:00,536.9573974609375,0
2010-07-05 00:00:00+07:00,531.1525268554688,0
2010-07-06 00:00:00+07:00,531.1525268554688,0
2010-07-07 00:00:00+07:00,531.1525268554688,0
2010-07-08 00:00:00+07:00,522.445068359375,0
2010-07-09 00:00:00+07:00,539.8599243164062,0
2010-07-12 00:00:00+07:00,545.664794921875,0
2010-07-13 00:00:00+07:00,568.8846435546875,1
2010-07-14 00:00:00+07:00,560.17724609375,0
2010-07-15 00:00:00+07:00,568.8846435546875,0
2010-07-16 00:00:00+07:00,571.7871704101562,0
2010-07-19 00:00:00+07:00,565.982177734375,0
2010-07-20 00:00:00+07:00,565.982177734375,0
2010-07-21 00:00:00+07:00,577.5921020507812,0
2010-07-22 00:00:00+07:00,571.7871704101562,0
2010-07-23 00:00:00+07:00,577.5921020507812,0
2010-07-26 00:00:00+07:00,577.5921020507812,0
2010-07-27 00:00:00+07:00,580.4944458007812,0
2010-07-28 00:00:00+07:00,574.689697265625,0
2010-07-29 00:00:00+07:00,583.3970947265625,0
2010-07-30 00:00:00+07:00,574.689697265625,0
2010-08-02 00:00:00+07:00,548.5673217773438,1
2010-08-03 00:00:00+07:00,525.3475341796875,0
2010-08-04 00:00:00+07:00,534.0549926757812,0
2010-08-05 00:00:00+07:00,548.5673217773438,0
2010-08-06 00:00:00+07:00,545.664794921875,0
2010-08-09 00:00:00+07:00,554.3723754882812,0
2010-08-10 00:00:00+07:00,554.3723754882812,0
2010-08-11 00:00:00+07:00,545.664794921875,0
2010-08-12 00:00:00+07:00,539.8599243164062,0
2010-08-13 00:00:00+07:00,542.7623901367188,0
2010-08-16 00:00:00+07:00,534.0549926757812,0
2010-08-18 00:00:00+07:00,536.9573974609375,0
2010-08-19 00:00:00+07:00,563.0797119140625,0
2010-08-20 00:00:00+07:00,557.2747802734375,0
2010-08-23 00:00:00+07:00,554.3723754882812,0
2010-08-24 00:00:00+07:00,568.8846435546875,0
2010-08-25 00:00:00+07:00,568.8846435546875,0
2010-08-26 00:00:00+07:00,563.0797119140625,0
2010-08-27 00:00:00+07:00,548.5673217773438,0
2010-08-30 00:00:00+07:00,548.5673217773438,0
2010-08-31 00:00:00+07:00,539.8599243164062,0
2010-09-01 00:00:00+07:00,557.2747802734375,0
2010-09-02 00:00:00+07:00,551.4697875976562,0
2010-09-03 00:00:00+07:00,551.4697875976562,0
2010-09-06 00:00:00+07:00,554.3723754882812,0
2010-09-07 00:00:00+07:00,554.3723754882812,0
2010-09-15 00:00:00+07:00,586.299560546875,0
2010-09-16 00:00:00+07:00,621.129150390625,1
2010-09-17 00:00:00+07:00,603.71435546875,1
2010-09-20 00:00:00+07:00,592.1044921875,0
2010-09-21 00:00:00+07:00,577.5921020507812,0
2010-09-22 00:00:00+07:00,577.5921020507812,0
2010-09-23 00:00:00+07:00,577.5921020507812,0
2010-09-24 00:00:00+07:00,580.4944458007812,0
2010-09-27 00:00:00+07:00,589.2019653320312,0
2010-09-28 00:00:00+07:00,580.4944458007812,0
2010-09-29 00:00:00+07:00,580.4944458007812,0
2010-09-30 00:00:00+07:00,580.4944458007812,0
2010-10-01 00:00:00+07:00,583.3970947265625,0
2010-10-04 00:00:00+07:00,600.8118286132812,0
2010-10-05 00:00:00+07:00,615.3242797851562,0
2010-10-06 00:00:00+07:00,615.3242797851562,0
2010-10-07 00:00:00+07:00,621.129150390625,0
2010-10-08 00:00:00+07:00,609.5193481445312,0
2010-10-11 00:00:00+07:00,626.9340209960938,0
2010-10-12 00:00:00+07:00,626.9340209960938,0
2010-10-13 00:00:00+07:00,638.5440063476562,0
2010-10-14 00:00:00+07:00,624.0316162109375,0
2010-10-15 00:00:00+07:00,609.5193481445312,0
2010-10-18 00:00:00+07:00,606.6167602539062,0
2010-10-19 00:00:00+07:00,615.3242797851562,0
2010-10-20 00:00:00+07:00,603.71435546875,0
2010-10-21 00:00:00+07:00,621.129150390625,0
2010-10-22 00:00:00+07:00,629.8366088867188,0
2010-10-25 00:00:00+07:00,684.983642578125,1
2010-10-26 00:00:00+07:00,667.5689086914062,0
2010-10-27 00:00:00+07:00,664.6663818359375,0
2010-10-28 00:00:00+07:00,655.9588623046875,0
2010-10-29 00:00:00+07:00,661.7637939453125,0
2010-11-01 00:00:00+07:00,702.3983154296875,1
2010-11-02 00:00:00+07:00,702.3983154296875,0
2010-11-03 00:00:00+07:00,708.203369140625,0
2010-11-04 00:00:00+07:00,693.6909790039062,0
2010-11-05 00:00:00+07:00,702.3983154296875,0
2010-11-08 00:00:00+07:00,699.4960327148438,0
2010-11-09 00:00:00+07:00,722.715576171875,0
2010-11-10 00:00:00+07:00,725.6180419921875,0
2010-11-11 00:00:00+07:00,725.6180419921875,0
2010-11-12 00:00:00+07:00,696.5934448242188,0
2010-11-15 00:00:00+07:00,682.0811767578125,0
2010-11-16 00:00:00+07:00,687.8860473632812,0
2010-11-18 00:00:00+07:00,702.3983154296875,0
2010-11-19 00:00:00+07:00,690.7885131835938,1
2010-11-22 00:00:00+07:00,687.8860473632812,0
2010-11-23 00:00:00+07:00,673.3736572265625,0
2010-11-24 00:00:00+07:00,655.9588623046875,0
2010-11-25 00:00:00+07:00,664.6663818359375,0
2010-11-26 00:00:00+07:00,644.3489990234375,0
2010-11-29 00:00:00+07:00,632.739013671875,0
2010-11-30 00:00:00+07:00,609.5193481445312,0
2010-12-01 00:00:00+07:00,629.8366088867188,0
2010-12-02 00:00:00+07:00,650.1539916992188,0
2010-12-03 00:00:00+07:00,661.7637939453125,0
2010-12-06 00:00:00+07:00,667.5689086914062,0
2010-12-08 00:00:00+07:00,667.5689086914062,0
2010-12-09 00:00:00+07:00,650.1539916992188,0
2010-12-10 00:00:00+07:00,638.5440063476562,0
2010-12-13 00:00:00+07:00,629.8366088867188,0
2010-12-14 00:00:00+07:00,621.129150390625,0
2010-12-15 00:00:00+07:00,624.0316162109375,0
2010-12-16 00:00:00+07:00,600.8118286132812,0
2010-12-17 00:00:00+07:00,595.0069580078125,0
2010-12-20 00:00:00+07:00,583.1073608398438,0
2010-12-21 00:00:00+07:00,600.6007690429688,0
2010-12-22 00:00:00+07:00,600.6007690429688,0
2010-12-23 00:00:00+07:00,600.6007690429688,0
2010-12-27 00:00:00+07:00,594.7696533203125,0
2010-12-28 00:00:00+07:00,618.0938720703125,0
2010-12-29 00:00:00+07:00,618.0938720703125,0
2010-12-30 00:00:00+07:00,612.2628173828125,0
2011-01-03 00:00:00+07:00,603.5161743164062,0
2011-01-04 00:00:00+07:00,600.6007690429688,0
2011-01-05 00:00:00+07:00,618.0938720703125,0
2011-01-06 00:00:00+07:00,603.5161743164062,0
2011-01-07 00:00:00+07:00,571.4452514648438,0
2011-01-10 00:00:00+07:00,542.2898559570312,0
2011-01-11 00:00:00+07:00,559.7831420898438,1
2011-01-12 00:00:00+07:00,583.1073608398438,0
2011-01-13 00:00:00+07:00,594.7696533203125,0
2011-01-14 00:00:00+07:00,600.6007690429688,0
2011-01-17 00:00:00+07:00,588.9385375976562,0
2011-01-18 00:00:00+07:00,583.1073608398438,0
2011-01-19 00:00:00+07:00,559.7831420898438,1
2011-01-20 00:00:00+07:00,556.8676147460938,0
2011-01-21 00:00:00+07:00,548.1210327148438,0
2011-01-24 00:00:00+07:00,568.52978515625,1
2011-01-25 00:00:00+07:00,600.6007690429688,0
2011-01-26 00:00:00+07:00,618.0938720703125,0
2011-01-27 00:00:00+07:00,612.2628173828125,0
2011-01-28 00:00:00+07:00,594.7696533203125,0
2011-01-31 00:00:00+07:00,565.6141967773438,0
2011-02-01 00:00:00+07:00,571.4452514648438,0
2011-02-02 00:00:00+07:00,574.3609008789062,0
2011-02-04 00:00:00+07:00,571.4452514648438,0
2011-02-07 00:00:00+07:00,568.52978515625,0
2011-02-08 00:00:00+07:00,562.6986694335938,0
2011-02-09 00:00:00+07:00,539.3743286132812,0
2011-02-10 00:00:00+07:00,530.6277465820312,0
2011-02-11 00:00:00+07:00,536.4588623046875,0
2011-02-14 00:00:00+07:00,542.2898559570312,0
2011-02-16 00:00:00+07:00,553.9520874023438,0
2011-02-17 00:00:00+07:00,559.7831420898438,0
2011-02-18 00:00:00+07:00,568.52978515625,0
2011-02-21 00:00:00+07:00,571.4452514648438,0
2011-02-22 00:00:00+07:00,553.9520874023438,0
2011-02-23 00:00:00+07:00,559.7831420898438,0
2011-02-24 00:00:00+07:00,542.2898559570312,0
2011-02-25 00:00:00+07:00,551.0364990234375,0
2011-02-28 00:00:00+07:00,548.1210327148438,0
2011-03-01 00:00:00+07:00,571.4452514648438,0
2011-03-02 00:00:00+07:00,571.4452514648438,0
2011-03-03 00:00:00+07:00,574.3609008789062,0
2011-03-04 00:00:00+07:00,612.2628173828125,1
2011-03-07 00:00:00+07:00,618.0938720703125,0
2011-03-08 00:00:00+07:00,600.6007690429688,1
2011-03-09 00:00:00+07:00,600.6007690429688,0
2011-03-10 00:00:00+07:00,600.6007690429688,0
2011-03-11 00:00:00+07:00,600.6007690429688,0
2011-03-14 00:00:00+07:00,612.2628173828125,0
2011-03-15 00:00:00+07:00,594.7696533203125,0
2011-03-16 00:00:00+07:00,594.7696533203125,0
2011-03-17 00:00:00+07:00,588.9385375976562,0
2011-03-18 00:00:00+07:00,583.1073608398438,0
2011-03-21 00:00:00+07:00,594.7696533203125,0
2011-03-22 00:00:00+07:00,606.4317016601562,0
2011-03-23 00:00:00+07:00,612.2628173828125,0
2011-03-24 00:00:00+07:00,618.0938720703125,0
2011-03-25 00:00:00+07:00,623.9249877929688,0
2011-03-28 00:00:00+07:00,623.9249877929688,0
2011-03-29 00:00:00+07:00,623.9249877929688,0
2011-03-30 00:00:00+07:00,629.7559814453125,0
2011-03-31 00:00:00+07:00,670.5736083984375,1
2011-04-01 00:00:00+07:00,682.2357788085938,0
2011-04-04 00:00:00+07:00,676.404541015625,0
2011-04-05 00:00:00+07:00,670.5736083984375,0
2011-04-06 00:00:00+07:00,693.8978881835938,0
2011-04-07 00:00:00+07:00,723.0531616210938,1
2011-04-08 00:00:00+07:00,734.7155151367188,0
2011-04-11 00:00:00+07:00,717.2221069335938,0
2011-04-12 00:00:00+07:00,717.2221069335938,0
2011-04-13 00:00:00+07:00,723.0531616210938,0
2011-04-14 00:00:00+07:00,711.39111328125,0
2011-04-15 00:00:00+07:00,717.2221069335938,0
2011-04-18 00:00:00+07:00,728.8841552734375,0
2011-04-19 00:00:00+07:00,728.8841552734375,0
2011-04-20 00:00:00+07:00,769.7017822265625,0
2011-04-21 00:00:00+07:00,758.0396728515625,0
2011-04-25 00:00:00+07:00,758.0396728515625,0
2011-04-26 00:00:00+07:00,752.2086181640625,0
2011-04-27 00:00:00+07:00,763.8707275390625,0
2011-04-28 00:00:00+07:00,763.8707275390625,0
2011-04-29 00:00:00+07:00,752.2086181640625,0
2011-05-02 00:00:00+07:00,763.8707275390625,0
2011-05-03 00:00:00+07:00,752.2086181640625,0
2011-05-04 00:00:00+07:00,746.37744140625,0
2011-05-05 00:00:00+07:00,734.7155151367188,0
2011-05-06 00:00:00+07:00,723.0531616210938,0
2011-05-09 00:00:00+07:00,711.39111328125,0
2011-05-10 00:00:00+07:00,717.2221069335938,0
2011-05-11 00:00:00+07:00,734.7155151367188,0
2011-05-12 00:00:00+07:00,723.0531616210938,0
2011-05-13 00:00:00+07:00,728.8841552734375,0
2011-05-16 00:00:00+07:00,717.2221069335938,0
2011-05-18 00:00:00+07:00,740.5464477539062,0
2011-05-19 00:00:00+07:00,763.8707275390625,0
2011-05-20 00:00:00+07:00,763.8707275390625,0
2011-05-23 00:00:00+07:00,728.8841552734375,0
2011-05-24 00:00:00+07:00,723.0531616210938,0
2011-05-25 00:00:00+07:00,717.2221069335938,0
2011-05-26 00:00:00+07:00,728.8841552734375,0
2011-05-27 00:00:00+07:00,728.8841552734375,0
2011-05-30 00:00:00+07:00,754.8364868164062,1
2011-05-31 00:00:00+07:00,748.9393310546875,0
2011-06-01 00:00:00+07:00,737.1450805664062,0
2011-06-03 00:00:00+07:00,766.6307373046875,1
2011-06-06 00:00:00+07:00,748.9393310546875,0
2011-06-07 00:00:00+07:00,754.8364868164062,0
2011-06-08 00:00:00+07:00,754.8364868164062,0
2011-06-09 00:00:00+07:00,743.0423583984375,0
2011-06-10 00:00:00+07:00,743.0423583984375,0
2011-06-13 00:00:00+07:00,737.1450805664062,0
2011-06-14 00:00:00+07:00,743.0423583984375,0
2011-06-15 00:00:00+07:00,754.8364868164062,0
2011-06-16 00:00:00+07:00,725.3507690429688,0
2011-06-17 00:00:00+07:00,731.247802734375,0
2011-06-20 00:00:00+07:00,737.1450805664062,0
2011-06-21 00:00:00+07:00,748.9393310546875,0
2011-06-22 00:00:00+07:00,748.9393310546875,0
2011-06-23 00:00:00+07:00,748.9393310546875,0
2011-06-24 00:00:00+07:00,760.733642578125,0
2011-06-27 00:00:00+07:00,754.8364868164062,0
2011-06-28 00:00:00+07:00,754.8364868164062,0
2011-06-30 00:00:00+07:00,766.6307373046875,0
2011-07-01 00:00:00+07:00,790.2195434570312,0
2011-07-04 00:00:00+07:00,790.2195434570312,0
2011-07-05 00:00:00+07:00,790.2195434570312,0
2011-07-06 00:00:00+07:00,778.425048828125,0
2011-07-07 00:00:00+07:00,784.3224487304688,0
2011-07-08 00:00:00+07:00,802.013916015625,0
2011-07-11 00:00:00+07:00,807.9110107421875,0
2011-07-12 00:00:00+07:00,796.1166381835938,0
2011-07-13 00:00:00+07:00,796.1166381835938,0
2011-07-14 00:00:00+07:00,796.1166381835938,0
2011-07-15 00:00:00+07:00,796.1166381835938,0
2011-07-18 00:00:00+07:00,790.2195434570312,0
2011-07-19 00:00:00+07:00,784.3224487304688,0
2011-07-20 00:00:00+07:00,784.3224487304688,0
2011-07-21 00:00:00+07:00,784.3224487304688,0
2011-07-22 00:00:00+07:00,784.3224487304688,0
2011-07-25 00:00:00+07:00,778.425048828125,0
2011-07-26 00:00:00+07:00,784.3224487304688,0
2011-07-27 00:00:00+07:00,813.8081665039062,0
2011-07-28 00:00:00+07:00,802.013916015625,0
2011-07-29 00:00:00+07:00,813.8081665039062,0
2011-08-01 00:00:00+07:00,849.1909790039062,0
2011-08-02 00:00:00+07:00,855.0881958007812,0
2011-08-03 00:00:00+07:00,849.1909790039062,0
2011-08-04 00:00:00+07:00,837.3967895507812,0
2011-08-05 00:00:00+07:00,784.3224487304688,0
2011-08-08 00:00:00+07:00,766.6307373046875,0
2011-08-09 00:00:00+07:00,743.0423583984375,0
2011-08-10 00:00:00+07:00,772.528076171875,0
2011-08-11 00:00:00+07:00,760.733642578125,0
2011-08-12 00:00:00+07:00,766.6307373046875,0
2011-08-15 00:00:00+07:00,778.425048828125,0
2011-08-16 00:00:00+07:00,790.2195434570312,0
2011-08-18 00:00:00+07:00,807.9110107421875,0
2011-08-19 00:00:00+07:00,754.8364868164062,0
2011-08-22 00:00:00+07:00,748.9393310546875,0
2011-08-23 00:00:00+07:00,760.733642578125,0
2011-08-24 00:00:00+07:00,754.8364868164062,0
2011-08-25 00:00:00+07:00,766.6307373046875,0
2011-08-26 00:00:00+07:00,772.528076171875,0
2011-09-05 00:00:00+07:00,784.3224487304688,0
2011-09-06 00:00:00+07:00,784.3224487304688,0
2011-09-07 00:00:00+07:00,807.9110107421875,0
2011-09-08 00:00:00+07:00,819.705322265625,0
2011-09-09 00:00:00+07:00,807.9110107421875,0
2011-09-12 00:00:00+07:00,778.425048828125,0
2011-09-13 00:00:00+07:00,754.8364868164062,0
2011-09-14 00:00:00+07:00,725.3507690429688,0
2011-09-15 00:00:00+07:00,743.0423583984375,0
2011-09-16 00:00:00+07:00,760.733642578125,0
2011-09-19 00:00:00+07:00,725.3507690429688,0
2011-09-20 00:00:00+07:00,731.247802734375,0
2011-09-21 00:00:00+07:00,719.45361328125,0
2011-09-22 00:00:00+07:00,625.0989990234375,0
2011-09-23 00:00:00+07:00,660.4818725585938,0
2011-09-26 00:00:00+07:00,630.9961547851562,0
2011-09-27 00:00:00+07:00,678.173583984375,0
2011-09-28 00:00:00+07:00,695.8648681640625,0
2011-09-29 00:00:00+07:00,695.8648681640625,0
2011-09-30 00:00:00+07:00,689.9678955078125,0
2011-10-03 00:00:00+07:00,625.0989990234375,0
2011-10-04 00:00:00+07:00,625.0989990234375,0
2011-10-05 00:00:00+07:00,636.893310546875,0
2011-10-06 00:00:00+07:00,701.7620239257812,1
2011-10-07 00:00:00+07:00,684.0704956054688,0
2011-10-10 00:00:00+07:00,713.5563354492188,0
2011-10-11 00:00:00+07:00,737.1450805664062,0
2011-10-12 00:00:00+07:00,760.733642578125,0
2011-10-13 00:00:00+07:00,760.733642578125,0
2011-10-14 00:00:00+07:00,772.528076171875,0
2011-10-17 00:00:00+07:00,790.2195434570312,0
2011-10-18 00:00:00+07:00,754.8364868164062,0
2011-10-19 00:00:00+07:00,760.733642578125,0
2011-10-20 00:00:00+07:00,743.0423583984375,0
2011-10-21 00:00:00+07:00,743.0423583984375,0
2011-10-24 00:00:00+07:00,766.6307373046875,0
2011-10-25 00:00:00+07:00,766.6307373046875,0
2011-10-26 00:00:00+07:00,784.3224487304688,0
2011-10-27 00:00:00+07:00,796.1166381835938,0
2011-10-28 00:00:00+07:00,802.013916015625,0
2011-10-31 00:00:00+07:00,796.1166381835938,0
2011-11-01 00:00:00+07:00,772.528076171875,0
2011-11-02 00:00:00+07:00,790.2195434570312,0
2011-11-03 00:00:00+07:00,778.425048828125,0
2011-11-04 00:00:00+07:00,802.013916015625,0
2011-11-07 00:00:00+07:00,807.9110107421875,0
2011-11-08 00:00:00+07:00,807.9110107421875,0
2011-11-09 00:00:00+07:00,831.4995727539062,0
2011-11-10 00:00:00+07:00,813.8081665039062,0
2011-11-11 00:00:00+07:00,807.9110107421875,0
2011-11-14 00:00:00+07:00,819.705322265625,0
2011-11-15 00:00:00+07:00,813.8081665039062,0
2011-11-16 00:00:00+07:00,819.705322265625,0
2011-11-17 00:00:00+07:00,802.013916015625,0
2011-11-18 00:00:00+07:00,784.3224487304688,0
2011-11-21 00:00:00+07:00,766.6307373046875,0
2011-11-22 00:00:00+07:00,790.2195434570312,0
2011-11-23 00:00:00+07:00,784.3224487304688,0
2011-11-24 00:00:00+07:00,784.3224487304688,0
2011-11-25 00:00:00+07:00,772.528076171875,0
2011-11-28 00:00:00+07:00,754.8364868164062,0
2011-11-29 00:00:00+07:00,766.6307373046875,0
2011-11-30 00:00:00+07:00,766.6307373046875,0
2011-12-01 00:00:00+07:00,766.6307373046875,0
2011-12-02 00:00:00+07:00,790.2195434570312,0
2011-12-05 00:00:00+07:00,796.1166381835938,0
2011-12-06 00:00:00+07:00,784.3224487304688,0
2011-12-07 00:00:00+07:00,790.2195434570312,0
2011-12-08 00:00:00+07:00,796.1166381835938,0
2011-12-09 00:00:00+07:00,790.2195434570312,0
2011-12-12 00:00:00+07:00,790.2195434570312,0
2011-12-13 00:00:00+07:00,772.528076171875,0
2011-12-14 00:00:00+07:00,778.425048828125,0
2011-12-15 00:00:00+07:00,766.6307373046875,0
2011-12-16 00:00:00+07:00,802.013916015625,0
2011-12-19 00:00:00+07:00,802.013916015625,0
2011-12-20 00:00:00+07:00,813.8081665039062,0
2011-12-21 00:00:00+07:00,825.6026000976562,0
2011-12-22 00:00:00+07:00,807.9110107421875,0
2011-12-23 00:00:00+07:00,807.9110107421875,0
2011-12-27 00:00:00+07:00,807.9110107421875,0
2011-12-28 00:00:00+07:00,790.2195434570312,0
2011-12-29 00:00:00+07:00,796.1166381835938,0
2011-12-30 00:00:00+07:00,796.1166381835938,0
2012-01-02 00:00:00+07:00,802.013916015625,0
2012-01-03 00:00:00+07:00,813.8081665039062,0
2012-01-04 00:00:00+07:00,819.705322265625,0
2012-01-05 00:00:00+07:00,819.705322265625,0
2012-01-06 00:00:00+07:00,813.8081665039062,0
2012-01-09 00:00:00+07:00,825.6026000976562,0
2012-01-10 00:00:00+07:00,831.4995727539062,0
2012-01-11 00:00:00+07:00,825.6026000976562,0
2012-01-12 00:00:00+07:00,813.8081665039062,0
2012-01-13 00:00:00+07:00,807.9110107421875,0
2012-01-16 00:00:00+07:00,802.013916015625,0
2012-01-17 00:00:00+07:00,819.705322265625,0
2012-01-18 00:00:00+07:00,831.4995727539062,0
2012-01-19 00:00:00+07:00,843.2941284179688,0
2012-01-20 00:00:00+07:00,831.4995727539062,0
2012-01-24 00:00:00+07:00,825.6026000976562,0
2012-01-25 00:00:00+07:00,819.705322265625,0
2012-01-26 00:00:00+07:00,825.6026000976562,0
2012-01-27 00:00:00+07:00,825.6026000976562,0
2012-01-30 00:00:00+07:00,813.8081665039062,0
2012-01-31 00:00:00+07:00,807.9110107421875,0
2012-02-01 00:00:00+07:00,831.4995727539062,0
2012-02-02 00:00:00+07:00,837.3967895507812,0
2012-02-03 00:00:00+07:00,843.2941284179688,0
2012-02-06 00:00:00+07:00,825.6026000976562,0
2012-02-07 00:00:00+07:00,807.9110107421875,0
2012-02-08 00:00:00+07:00,843.2941284179688,0
2012-02-09 00:00:00+07:00,819.705322265625,0
2012-02-10 00:00:00+07:00,784.3224487304688,0
2012-02-13 00:00:00+07:00,807.9110107421875,0
2012-02-14 00:00:00+07:00,790.2195434570312,0
2012-02-15 00:00:00+07:00,784.3224487304688,0
2012-02-16 00:00:00+07:00,796.1166381835938,0
2012-02-17 00:00:00+07:00,802.013916015625,0
2012-02-20 00:00:00+07:00,802.013916015625,0
2012-02-21 00:00:00+07:00,813.8081665039062,0
2012-02-22 00:00:00+07:00,819.705322265625,0
2012-02-23 00:00:00+07:00,807.9110107421875,0
2012-02-24 00:00:00+07:00,802.013916015625,0
2012-02-27 00:00:00+07:00,784.3224487304688,0
2012-02-28 00:00:00+07:00,784.3224487304688,0
2012-02-29 00:00:00+07:00,813.8081665039062,0
2012-03-01 00:00:00+07:00,790.2195434570312,0
2012-03-02 00:00:00+07:00,784.3224487304688,0
2012-03-05 00:00:00+07:00,784.3224487304688,0
2012-03-06 00:00:00+07:00,778.425048828125,0
2012-03-07 00:00:00+07:00,760.733642578125,0
2012-03-08 00:00:00+07:00,754.8364868164062,0
2012-03-09 00:00:00+07:00,760.733642578125,0
2012-03-12 00:00:00+07:00,784.3224487304688,0
2012-03-13 00:00:00+07:00,796.1166381835938,0
2012-03-14 00:00:00+07:00,802.013916015625,0
2012-03-15 00:00:00+07:00,802.013916015625,0
2012-03-16 00:00:00+07:00,802.013916015625,0
2012-03-19 00:00:00+07:00,802.013916015625,0
2012-03-20 00:00:00+07:00,790.2195434570312,0
2012-03-21 00:00:00+07:00,796.1166381835938,0
2012-03-22 00:00:00+07:00,802.013916015625,0
2012-03-26 00:00:00+07:00,796.1166381835938,0
2012-03-27 00:00:00+07:00,802.013916015625,0
2012-03-28 00:00:00+07:00,813.8081665039062,0
2012-03-29 00:00:00+07:00,825.6026000976562,0
2012-03-30 00:00:00+07:00,819.705322265625,0
2012-04-02 00:00:00+07:00,831.4995727539062,0
2012-04-03 00:00:00+07:00,831.4995727539062,0
2012-04-04 00:00:00+07:00,825.6026000976562,0
2012-04-05 00:00:00+07:00,825.6026000976562,0
2012-04-09 00:00:00+07:00,813.8081665039062,0
2012-04-10 00:00:00+07:00,813.8081665039062,0
2012-04-11 00:00:00+07:00,813.8081665039062,0
2012-04-12 00:00:00+07:00,825.6026000976562,0
2012-04-13 00:00:00+07:00,825.6026000976562,0
2012-04-16 00:00:00+07:00,831.4995727539062,0
2012-04-17 00:00:00+07:00,825.6026000976562,0
2012-04-18 00:00:00+07:00,819.705322265625,0
2012-04-19 00:00:00+07:00,819.705322265625,0
2012-04-20 00:00:00+07:00,819.705322265625,0
2012-04-23 00:00:00+07:00,825.6026000976562,0
2012-04-24 00:00:00+07:00,813.8081665039062,0
2012-04-25 00:00:00+07:00,813.8081665039062,0
2012-04-26 00:00:00+07:00,819.705322265625,0
2012-04-27 00:00:00+07:00,804.3719482421875,0
2012-04-30 00:00:00+07:00,798.3692626953125,0
2012-05-01 00:00:00+07:00,798.3692626953125,0
2012-05-02 00:00:00+07:00,798.3692626953125,0
2012-05-03 00:00:00+07:00,786.36376953125,0
2012-05-04 00:00:00+07:00,786.36376953125,0
2012-05-07 00:00:00+07:00,780.36083984375,0
2012-05-08 00:00:00+07:00,792.366455078125,0
2012-05-09 00:00:00+07:00,780.36083984375,0
2012-05-10 00:00:00+07:00,774.3580932617188,0
2012-05-11 00:00:00+07:00,774.3580932617188,0
2012-05-14 00:00:00+07:00,738.3414916992188,0
2012-05-15 00:00:00+07:00,744.34423828125,0
2012-05-16 00:00:00+07:00,720.3331298828125,0
2012-05-21 00:00:00+07:00,702.3248291015625,0
2012-05-22 00:00:00+07:00,714.330322265625,0
2012-05-23 00:00:00+07:00,714.330322265625,0
2012-05-24 00:00:00+07:00,714.330322265625,0
2012-05-25 00:00:00+07:00,696.322021484375,0
2012-05-28 00:00:00+07:00,696.322021484375,0
2012-05-29 00:00:00+07:00,702.3248291015625,0
2012-05-30 00:00:00+07:00,708.32763671875,0
2012-05-31 00:00:00+07:00,678.313720703125,0
2012-06-01 00:00:00+07:00,660.3054809570312,0
2012-06-04 00:00:00+07:00,630.2914428710938,0
2012-06-05 00:00:00+07:00,642.2970581054688,0
2012-06-06 00:00:00+07:00,714.330322265625,1
2012-06-07 00:00:00+07:00,708.32763671875,0
2012-06-08 00:00:00+07:00,708.32763671875,0
2012-06-11 00:00:00+07:00,738.3414916992188,0
2012-06-12 00:00:00+07:00,726.3359375,0
2012-06-13 00:00:00+07:00,726.3359375,0
2012-06-14 00:00:00+07:00,714.330322265625,0
2012-06-15 00:00:00+07:00,714.330322265625,0
2012-06-18 00:00:00+07:00,720.3331298828125,0
2012-06-19 00:00:00+07:00,714.330322265625,0
2012-06-20 00:00:00+07:00,732.3387451171875,0
2012-06-21 00:00:00+07:00,726.3359375,0
2012-06-22 00:00:00+07:00,714.330322265625,0
2012-06-25 00:00:00+07:00,726.3359375,0
2012-06-26 00:00:00+07:00,726.3359375,0
2012-06-27 00:00:00+07:00,744.34423828125,0
2012-06-28 00:00:00+07:00,744.34423828125,0
2012-06-29 00:00:00+07:00,762.3526611328125,0
2012-07-02 00:00:00+07:00,762.3526611328125,0
2012-07-03 00:00:00+07:00,786.36376953125,0
2012-07-04 00:00:00+07:00,786.36376953125,0
2012-07-05 00:00:00+07:00,798.3692626953125,0
2012-07-06 00:00:00+07:00,804.3719482421875,0
2012-07-09 00:00:00+07:00,798.3692626953125,0
2012-07-10 00:00:00+07:00,804.3719482421875,0
2012-07-11 00:00:00+07:00,804.3719482421875,0
2012-07-12 00:00:00+07:00,786.36376953125,0
2012-07-13 00:00:00+07:00,786.36376953125,0
2012-07-16 00:00:00+07:00,792.366455078125,0
2012-07-17 00:00:00+07:00,786.36376953125,0
2012-07-18 00:00:00+07:00,792.366455078125,0
2012-07-19 00:00:00+07:00,798.3692626953125,0
2012-07-20 00:00:00+07:00,786.36376953125,0
2012-07-23 00:00:00+07:00,768.35546875,0
2012-07-24 00:00:00+07:00,762.3526611328125,0
2012-07-25 00:00:00+07:00,762.3526611328125,0
2012-07-26 00:00:00+07:00,762.3526611328125,0
2012-07-27 00:00:00+07:00,804.3719482421875,0
2012-07-30 00:00:00+07:00,816.3775024414062,0
2012-07-31 00:00:00+07:00,840.388671875,0
2012-08-01 00:00:00+07:00,834.3857421875,0
2012-08-02 00:00:00+07:00,828.3831787109375,0
2012-08-03 00:00:00+07:00,840.388671875,0
2012-08-06 00:00:00+07:00,828.3831787109375,0
2012-08-07 00:00:00+07:00,816.3775024414062,0
2012-08-08 00:00:00+07:00,834.3857421875,0
2012-08-09 00:00:00+07:00,846.3914184570312,0
2012-08-10 00:00:00+07:00,864.3998413085938,0
2012-08-13 00:00:00+07:00,858.3970947265625,0
2012-08-14 00:00:00+07:00,852.394287109375,0
2012-08-15 00:00:00+07:00,852.394287109375,0
2012-08-16 00:00:00+07:00,858.3970947265625,0
2012-08-23 00:00:00+07:00,876.4052734375,0
2012-08-24 00:00:00+07:00,876.4052734375,0
2012-08-27 00:00:00+07:00,876.4052734375,0
2012-08-28 00:00:00+07:00,876.4052734375,0
2012-08-29 00:00:00+07:00,852.394287109375,0
2012-08-30 00:00:00+07:00,822.3801879882812,0
2012-08-31 00:00:00+07:00,834.3857421875,0
2012-09-03 00:00:00+07:00,852.394287109375,0
2012-09-04 00:00:00+07:00,846.3914184570312,0
2012-09-05 00:00:00+07:00,852.394287109375,0
2012-09-06 00:00:00+07:00,870.4025268554688,0
2012-09-07 00:00:00+07:00,882.4081420898438,0
2012-09-10 00:00:00+07:00,882.4081420898438,0
2012-09-11 00:00:00+07:00,888.4110107421875,0
2012-09-12 00:00:00+07:00,888.4110107421875,0
2012-09-13 00:00:00+07:00,876.4052734375,0
2012-09-14 00:00:00+07:00,888.4110107421875,0
2012-09-17 00:00:00+07:00,876.4052734375,0
2012-09-18 00:00:00+07:00,864.3998413085938,0
2012-09-19 00:00:00+07:00,864.3998413085938,0
2012-09-20 00:00:00+07:00,864.3998413085938,0
2012-09-21 00:00:00+07:00,870.4025268554688,0
2012-09-24 00:00:00+07:00,870.4025268554688,0
2012-09-25 00:00:00+07:00,882.4081420898438,0
2012-09-26 00:00:00+07:00,882.4081420898438,0
2012-09-27 00:00:00+07:00,894.413818359375,0
2012-09-28 00:00:00+07:00,894.413818359375,0
2012-10-01 00:00:00+07:00,888.4110107421875,0
2012-10-02 00:00:00+07:00,894.413818359375,0
2012-10-03 00:00:00+07:00,900.41650390625,0
2012-10-04 00:00:00+07:00,894.413818359375,0
2012-10-05 00:00:00+07:00,888.4110107421875,0
2012-10-08 00:00:00+07:00,888.4110107421875,0
2012-10-09 00:00:00+07:00,924.427490234375,1
2012-10-10 00:00:00+07:00,912.4219970703125,0
2012-10-11 00:00:00+07:00,900.41650390625,0
2012-10-12 00:00:00+07:00,900.41650390625,0
2012-10-15 00:00:00+07:00,918.4246826171875,0
2012-10-16 00:00:00+07:00,906.4192504882812,0
2012-10-17 00:00:00+07:00,924.427490234375,0
2012-10-18 00:00:00+07:00,936.43310546875,0
2012-10-19 00:00:00+07:00,930.4302978515625,0
2012-10-22 00:00:00+07:00,924.427490234375,0
2012-10-23 00:00:00+07:00,918.4246826171875,0
2012-10-24 00:00:00+07:00,900.41650390625,0
2012-10-25 00:00:00+07:00,906.4192504882812,0
2012-10-29 00:00:00+07:00,900.41650390625,0
2012-10-30 00:00:00+07:00,918.4246826171875,0
2012-10-31 00:00:00+07:00,888.4110107421875,0
2012-11-01 00:00:00+07:00,864.3998413085938,0
2012-11-02 00:00:00+07:00,858.3970947265625,0
2012-11-05 00:00:00+07:00,852.394287109375,0
2012-11-06 00:00:00+07:00,846.3914184570312,0
2012-11-07 00:00:00+07:00,870.4025268554688,0
2012-11-08 00:00:00+07:00,870.4025268554688,0
2012-11-09 00:00:00+07:00,870.4025268554688,0
2012-11-12 00:00:00+07:00,864.3998413085938,0
2012-11-13 00:00:00+07:00,864.3998413085938,0
2012-11-14 00:00:00+07:00,870.4025268554688,0
2012-11-19 00:00:00+07:00,864.3998413085938,0
2012-11-20 00:00:00+07:00,864.3998413085938,0
2012-11-21 00:00:00+07:00,858.3970947265625,0
2012-11-22 00:00:00+07:00,852.394287109375,0
2012-11-23 00:00:00+07:00,846.3914184570312,0
2012-11-26 00:00:00+07:00,870.4025268554688,0
2012-11-27 00:00:00+07:00,858.3970947265625,0
2012-11-28 00:00:00+07:00,858.3970947265625,0
2012-11-29 00:00:00+07:00,864.3998413085938,0
2012-11-30 00:00:00+07:00,846.3914184570312,0
2012-12-03 00:00:00+07:00,846.3914184570312,0
2012-12-04 00:00:00+07:00,852.394287109375,0
2012-12-05 00:00:00+07:00,852.394287109375,0
2012-12-06 00:00:00+07:00,858.3970947265625,0
2012-12-07 00:00:00+07:00,846.3914184570312,0
2012-12-10 00:00:00+07:00,846.3914184570312,0
2012-12-11 00:00:00+07:00,846.3914184570312,0
2012-12-12 00:00:00+07:00,864.3998413085938,0
2012-12-13 00:00:00+07:00,864.3998413085938,0
2012-12-14 00:00:00+07:00,840.388671875,0
2012-12-17 00:00:00+07:00,840.388671875,0
2012-12-18 00:00:00+07:00,828.3831787109375,0
2012-12-19 00:00:00+07:00,834.3857421875,0
2012-12-20 00:00:00+07:00,828.3831787109375,0
2012-12-21 00:00:00+07:00,834.3857421875,0
2012-12-26 00:00:00+07:00,834.3857421875,0
2012-12-27 00:00:00+07:00,834.3857421875,0
2012-12-28 00:00:00+07:00,834.3857421875,0
2013-01-02 00:00:00+07:00,846.3914184570312,0
2013-01-03 00:00:00+07:00,864.3998413085938,0
2013-01-04 00:00:00+07:00,882.4081420898438,0
2013-01-07 00:00:00+07:00,888.4110107421875,0
2013-01-08 00:00:00+07:00,900.41650390625,0
2013-01-09 00:00:00+07:00,888.4110107421875,0
2013-01-10 00:00:00+07:00,888.4110107421875,0
2013-01-11 00:00:00+07:00,894.413818359375,0
2013-01-14 00:00:00+07:00,918.4246826171875,0
2013-01-15 00:00:00+07:00,936.43310546875,0
2013-01-16 00:00:00+07:00,942.4356689453125,0
2013-01-17 00:00:00+07:00,948.4388427734375,0
2013-01-18 00:00:00+07:00,960.4442138671875,0
2013-01-21 00:00:00+07:00,948.4388427734375,0
2013-01-22 00:00:00+07:00,912.4219970703125,0
2013-01-23 00:00:00+07:00,936.43310546875,0
2013-01-25 00:00:00+07:00,942.4356689453125,0
2013-01-28 00:00:00+07:00,948.4388427734375,0
2013-01-29 00:00:00+07:00,936.43310546875,0
2013-01-30 00:00:00+07:00,942.4356689453125,0
2013-01-31 00:00:00+07:00,954.4414672851562,0
2013-02-01 00:00:00+07:00,960.4442138671875,0
2013-02-04 00:00:00+07:00,972.44970703125,0
2013-02-05 00:00:00+07:00,972.44970703125,0
2013-02-06 00:00:00+07:00,978.4524536132812,0
2013-02-07 00:00:00+07:00,978.4524536132812,0
2013-02-08 00:00:00+07:00,966.447021484375,0
2013-02-11 00:00:00+07:00,978.4524536132812,0
2013-02-12 00:00:00+07:00,1008.4666137695312,0
2013-02-13 00:00:00+07:00,1044.483154296875,0
2013-02-14 00:00:00+07:00,1026.4744873046875,0
2013-02-15 00:00:00+07:00,1044.483154296875,0
2013-02-18 00:00:00+07:00,1038.4801025390625,0
2013-02-19 00:00:00+07:00,1044.483154296875,0
2013-02-20 00:00:00+07:00,1032.4776611328125,0
2013-02-21 00:00:00+07:00,1020.4720458984375,0
2013-02-22 00:00:00+07:00,1026.4744873046875,0
2013-02-25 00:00:00+07:00,1038.4801025390625,0
2013-02-26 00:00:00+07:00,1032.4776611328125,0
2013-02-27 00:00:00+07:00,1062.4913330078125,0
2013-02-28 00:00:00+07:00,1134.5247802734375,1
2013-03-01 00:00:00+07:00,1104.5107421875,0
2013-03-04 00:00:00+07:00,1104.5107421875,0
2013-03-05 00:00:00+07:00,1026.4744873046875,1
2013-03-06 00:00:00+07:00,1044.483154296875,0
2013-03-07 00:00:00+07:00,1044.483154296875,0
2013-03-08 00:00:00+07:00,1056.4886474609375,0
2013-03-11 00:00:00+07:00,1056.4886474609375,0
2013-03-13 00:00:00+07:00,1068.494140625,0
2013-03-14 00:00:00+07:00,1056.4886474609375,0
2013-03-15 00:00:00+07:00,1056.4886474609375,0
2013-03-18 00:00:00+07:00,1026.4744873046875,0
2013-03-19 00:00:00+07:00,1038.4801025390625,0
2013-03-20 00:00:00+07:00,1044.483154296875,0
2013-03-21 00:00:00+07:00,1050.4859619140625,0
2013-03-22 00:00:00+07:00,1020.4720458984375,0
2013-03-25 00:00:00+07:00,1032.4776611328125,0
2013-03-26 00:00:00+07:00,1050.4859619140625,0
2013-03-27 00:00:00+07:00,1084.40185546875,0
2013-03-28 00:00:00+07:00,1078.24072265625,0
2013-04-01 00:00:00+07:00,1072.079345703125,0
2013-04-02 00:00:00+07:00,1078.24072265625,0
2013-04-03 00:00:00+07:00,1065.9178466796875,0
2013-04-04 00:00:00+07:00,1053.5948486328125,0
2013-04-05 00:00:00+07:00,1047.4339599609375,0
2013-04-08 00:00:00+07:00,1041.272216796875,0
2013-04-09 00:00:00+07:00,1047.4339599609375,0
2013-04-10 00:00:00+07:00,1035.1112060546875,0
2013-04-11 00:00:00+07:00,1041.272216796875,0
2013-04-12 00:00:00+07:00,1022.7882690429688,0
2013-04-15 00:00:00+07:00,1022.7882690429688,0
2013-04-16 00:00:00+07:00,1028.9495849609375,0
2013-04-17 00:00:00+07:00,1047.4339599609375,0
2013-04-18 00:00:00+07:00,1065.9178466796875,0
2013-04-19 00:00:00+07:00,1078.24072265625,0
2013-04-22 00:00:00+07:00,1072.079345703125,0
2013-04-23 00:00:00+07:00,1072.079345703125,0
2013-04-24 00:00:00+07:00,1078.24072265625,0
2013-04-25 00:00:00+07:00,1109.047607421875,0
2013-04-26 00:00:00+07:00,1127.53173828125,0
2013-04-29 00:00:00+07:00,1133.6929931640625,0
2013-04-30 00:00:00+07:00,1158.3385009765625,0
2013-05-01 00:00:00+07:00,1189.1455078125,0
2013-05-02 00:00:00+07:00,1152.177001953125,0
2013-05-03 00:00:00+07:00,1096.7247314453125,0
2013-05-06 00:00:00+07:00,1133.6929931640625,0
2013-05-07 00:00:00+07:00,1164.5,0
2013-05-08 00:00:00+07:00,1139.8544921875,1
2013-05-10 00:00:00+07:00,1146.015869140625,0
2013-05-13 00:00:00+07:00,1115.2088623046875,0
2013-05-14 00:00:00+07:00,1146.015869140625,0
2013-05-15 00:00:00+07:00,1139.8544921875,0
2013-05-16 00:00:00+07:00,1133.6929931640625,0
2013-05-17 00:00:00+07:00,1152.177001953125,0
2013-05-20 00:00:00+07:00,1164.5,0
2013-05-21 00:00:00+07:00,1164.5,0
2013-05-22 00:00:00+07:00,1146.015869140625,0
2013-05-23 00:00:00+07:00,1146.015869140625,0
2013-05-24 00:00:00+07:00,1146.015869140625,0
2013-05-27 00:00:00+07:00,1121.370361328125,0
2013-05-28 00:00:00+07:00,1146.015869140625,0
2013-05-29 00:00:00+07:00,1139.8544921875,0
2013-05-30 00:00:00+07:00,1115.2088623046875,0
2013-05-31 00:00:00+07:00,1096.7247314453125,0
2013-06-03 00:00:00+07:00,1065.9178466796875,0
2013-06-04 00:00:00+07:00,1078.24072265625,0
2013-06-05 00:00:00+07:00,1041.272216796875,0
2013-06-07 00:00:00+07:00,1016.626953125,0
2013-06-10 00:00:00+07:00,1010.4655151367188,0
2013-06-11 00:00:00+07:00,967.3357543945312,0
2013-06-12 00:00:00+07:00,942.6902465820312,1
2013-06-13 00:00:00+07:00,911.8836669921875,0
2013-06-14 00:00:00+07:00,967.3357543945312,0
2013-06-17 00:00:00+07:00,967.3357543945312,0
2013-06-18 00:00:00+07:00,1004.3040771484375,0
2013-06-19 00:00:00+07:00,985.8200073242188,0
2013-06-20 00:00:00+07:00,911.8836669921875,0
2013-06-21 00:00:00+07:00,887.2381591796875,0
2013-06-24 00:00:00+07:00,874.9153442382812,0
2013-06-25 00:00:00+07:00,874.9153442382812,0
2013-06-26 00:00:00+07:00,905.72216796875,0
2013-06-27 00:00:00+07:00,911.8836669921875,0
2013-06-28 00:00:00+07:00,955.0131225585938,0
2013-07-01 00:00:00+07:00,979.6586303710938,1
2013-07-02 00:00:00+07:00,967.3357543945312,0
2013-07-03 00:00:00+07:00,924.206298828125,0
2013-07-04 00:00:00+07:00,955.0131225585938,0
2013-07-05 00:00:00+07:00,955.0131225585938,0
2013-07-08 00:00:00+07:00,899.5606689453125,0
2013-07-09 00:00:00+07:00,893.3993530273438,0
2013-07-10 00:00:00+07:00,893.3993530273438,0
2013-07-11 00:00:00+07:00,930.36767578125,0
2013-07-12 00:00:00+07:00,967.3357543945312,0
2013-07-15 00:00:00+07:00,961.1744995117188,0
2013-07-16 00:00:00+07:00,967.3357543945312,0
2013-07-17 00:00:00+07:00,973.4974365234375,0
2013-07-18 00:00:00+07:00,998.1427001953125,0
2013-07-19 00:00:00+07:00,998.1427001953125,0
2013-07-22 00:00:00+07:00,973.4974365234375,0
2013-07-23 00:00:00+07:00,1010.4655151367188,0
2013-07-24 00:00:00+07:00,998.1427001953125,0
2013-07-25 00:00:00+07:00,991.9815063476562,0
2013-07-26 00:00:00+07:00,998.1427001953125,0
2013-07-29 00:00:00+07:00,967.3357543945312,0
2013-07-30 00:00:00+07:00,998.1427001953125,0
2013-07-31 00:00:00+07:00,1016.626953125,0
2013-08-01 00:00:00+07:00,1004.3040771484375,0
2013-08-02 00:00:00+07:00,1010.4655151367188,0
2013-08-12 00:00:00+07:00,1016.626953125,0
2013-08-13 00:00:00+07:00,1016.626953125,0
2013-08-14 00:00:00+07:00,1022.7882690429688,0
2013-08-15 00:00:00+07:00,1022.7882690429688,0
2013-08-16 00:00:00+07:00,961.1744995117188,0
2013-08-19 00:00:00+07:00,881.07666015625,0
2013-08-20 00:00:00+07:00,844.1082153320312,0
2013-08-21 00:00:00+07:00,831.7855834960938,0
2013-08-22 00:00:00+07:00,794.8173217773438,0
2013-08-23 00:00:00+07:00,819.4628295898438,0
2013-08-26 00:00:00+07:00,825.6241455078125,0
2013-08-27 00:00:00+07:00,807.1402587890625,0
2013-08-28 00:00:00+07:00,813.301513671875,0
2013-08-29 00:00:00+07:00,813.301513671875,0
2013-08-30 00:00:00+07:00,813.301513671875,0
2013-09-02 00:00:00+07:00,782.4946899414062,0
2013-09-03 00:00:00+07:00,807.1402587890625,0
2013-09-04 00:00:00+07:00,819.4628295898438,1
2013-09-05 00:00:00+07:00,825.6241455078125,0
2013-09-06 00:00:00+07:00,831.7855834960938,0
2013-09-09 00:00:00+07:00,887.2381591796875,0
2013-09-10 00:00:00+07:00,991.9815063476562,1
2013-09-11 00:00:00+07:00,985.8200073242188,0
2013-09-12 00:00:00+07:00,961.1744995117188,0
2013-09-13 00:00:00+07:00,967.3357543945312,0
2013-09-16 00:00:00+07:00,1010.4655151367188,0
2013-09-17 00:00:00+07:00,1004.3040771484375,0
2013-09-18 00:00:00+07:00,961.1744995117188,0
2013-09-19 00:00:00+07:00,1028.9495849609375,0
2013-09-20 00:00:00+07:00,979.6586303710938,0
2013-09-23 00:00:00+07:00,967.3357543945312,0
2013-09-24 00:00:00+07:00,961.1744995117188,0
2013-09-25 00:00:00+07:00,930.36767578125,0
2013-09-26 00:00:00+07:00,948.8516235351562,0
2013-09-27 00:00:00+07:00,942.6902465820312,0
2013-09-30 00:00:00+07:00,893.3993530273438,0
2013-10-01 00:00:00+07:00,905.72216796875,0
2013-10-02 00:00:00+07:00,924.206298828125,0
2013-10-03 00:00:00+07:00,930.36767578125,0
2013-10-04 00:00:00+07:00,924.206298828125,0
2013-10-07 00:00:00+07:00,930.36767578125,0
2013-10-08 00:00:00+07:00,973.4974365234375,0
2013-10-09 00:00:00+07:00,973.4974365234375,0
2013-10-10 00:00:00+07:00,991.9815063476562,0
2013-10-11 00:00:00+07:00,991.9815063476562,0
2013-10-16 00:00:00+07:00,1004.3040771484375,0
2013-10-17 00:00:00+07:00,1004.3040771484375,0
2013-10-18 00:00:00+07:00,1010.4655151367188,0
2013-10-21 00:00:00+07:00,1004.3040771484375,0
2013-10-22 00:00:00+07:00,991.9815063476562,0
2013-10-23 00:00:00+07:00,1004.3040771484375,0
2013-10-24 00:00:00+07:00,1028.9495849609375,0
2013-10-25 00:00:00+07:00,1041.272216796875,0
2013-10-28 00:00:00+07:00,1028.9495849609375,0
2013-10-29 00:00:00+07:00,991.9815063476562,0
2013-10-30 00:00:00+07:00,985.8200073242188,0
2013-10-31 00:00:00+07:00,973.4974365234375,0
2013-11-01 00:00:00+07:00,942.6902465820312,0
2013-11-04 00:00:00+07:00,948.8516235351562,0
2013-11-06 00:00:00+07:00,955.0131225585938,0
2013-11-07 00:00:00+07:00,985.8200073242188,0
2013-11-08 00:00:00+07:00,985.8200073242188,0
2013-11-11 00:00:00+07:00,973.4974365234375,0
2013-11-12 00:00:00+07:00,936.5289916992188,0
2013-11-13 00:00:00+07:00,899.5606689453125,0
2013-11-14 00:00:00+07:00,936.5289916992188,0
2013-11-15 00:00:00+07:00,942.6902465820312,0
2013-11-18 00:00:00+07:00,955.0131225585938,0
2013-11-19 00:00:00+07:00,961.1744995117188,0
2013-11-20 00:00:00+07:00,942.6902465820312,0
2013-11-21 00:00:00+07:00,948.8516235351562,0
2013-11-22 00:00:00+07:00,942.6902465820312,0
2013-11-25 00:00:00+07:00,948.8516235351562,0
2013-11-26 00:00:00+07:00,911.8836669921875,0
2013-11-27 00:00:00+07:00,899.5606689453125,0
2013-11-28 00:00:00+07:00,893.3993530273438,0
2013-11-29 00:00:00+07:00,918.0449829101562,0
2013-12-02 00:00:00+07:00,948.8516235351562,0
2013-12-03 00:00:00+07:00,936.5289916992188,0
2013-12-04 00:00:00+07:00,924.206298828125,0
2013-12-05 00:00:00+07:00,905.72216796875,0
2013-12-06 00:00:00+07:00,881.07666015625,0
2013-12-09 00:00:00+07:00,899.5606689453125,0
2013-12-10 00:00:00+07:00,893.3993530273438,0
2013-12-11 00:00:00+07:00,905.72216796875,0
2013-12-12 00:00:00+07:00,881.07666015625,0
2013-12-13 00:00:00+07:00,862.5924682617188,0
2013-12-16 00:00:00+07:00,837.9469604492188,0
2013-12-17 00:00:00+07:00,856.4309692382812,0
2013-12-18 00:00:00+07:00,874.9153442382812,0
2013-12-19 00:00:00+07:00,874.9153442382812,0
2013-12-20 00:00:00+07:00,844.1082153320312,0
2013-12-23 00:00:00+07:00,862.5924682617188,0
2013-12-24 00:00:00+07:00,862.5924682617188,0
2013-12-27 00:00:00+07:00,881.07666015625,0
2013-12-30 00:00:00+07:00,893.3993530273438,0
2014-01-02 00:00:00+07:00,899.5606689453125,0
2014-01-03 00:00:00+07:00,893.3993530273438,0
2014-01-06 00:00:00+07:00,865.6732177734375,0
2014-01-07 00:00:00+07:00,871.8345336914062,0
2014-01-08 00:00:00+07:00,884.1573486328125,0
2014-01-09 00:00:00+07:00,902.6414794921875,0
2014-01-10 00:00:00+07:00,936.5289916992188,0
2014-01-13 00:00:00+07:00,1032.0303955078125,1
2014-01-15 00:00:00+07:00,1044.35302734375,0
2014-01-16 00:00:00+07:00,998.1427001953125,1
2014-01-17 00:00:00+07:00,1025.8690185546875,0
2014-01-20 00:00:00+07:00,1010.4655151367188,0
2014-01-21 00:00:00+07:00,1025.8690185546875,0
2014-01-22 00:00:00+07:00,1035.1112060546875,0
2014-01-23 00:00:00+07:00,1072.079345703125,0
2014-01-24 00:00:00+07:00,1035.1112060546875,0
2014-01-27 00:00:00+07:00,1016.626953125,0
2014-01-28 00:00:00+07:00,1007.3849487304688,0
2014-01-29 00:00:00+07:00,1022.7882690429688,0
2014-01-30 00:00:00+07:00,1025.8690185546875,0
2014-02-03 00:00:00+07:00,1022.7882690429688,0
2014-02-04 00:00:00+07:00,1019.7074584960938,0
2014-02-05 00:00:00+07:00,1025.8690185546875,0
2014-02-06 00:00:00+07:00,1035.1112060546875,0
2014-02-07 00:00:00+07:00,1075.15966796875,0
2014-02-10 00:00:00+07:00,1072.079345703125,0
2014-02-11 00:00:00+07:00,1084.40185546875,0
2014-02-12 00:00:00+07:00,1068.99853515625,0
2014-02-13 00:00:00+07:00,1072.079345703125,0
2014-02-14 00:00:00+07:00,1075.15966796875,0
2014-02-17 00:00:00+07:00,1102.88623046875,0
2014-02-18 00:00:00+07:00,1109.047607421875,0
2014-02-19 00:00:00+07:00,1155.2578125,0
2014-02-20 00:00:00+07:00,1176.822509765625,0
2014-02-21 00:00:00+07:00,1189.1455078125,0
2014-02-24 00:00:00+07:00,1189.1455078125,0
2014-02-25 00:00:00+07:00,1161.4190673828125,0
2014-02-26 00:00:00+07:00,1161.4190673828125,0
2014-02-27 00:00:00+07:00,1133.6929931640625,1
2014-02-28 00:00:00+07:00,1142.934814453125,0
2014-03-03 00:00:00+07:00,1139.8544921875,0
2014-03-04 00:00:00+07:00,1127.53173828125,0
2014-03-05 00:00:00+07:00,1142.934814453125,0
2014-03-06 00:00:00+07:00,1173.741943359375,0
2014-03-07 00:00:00+07:00,1139.8544921875,0
2014-03-10 00:00:00+07:00,1118.2896728515625,0
2014-03-11 00:00:00+07:00,1136.77392578125,0
2014-03-12 00:00:00+07:00,1127.53173828125,0
2014-03-13 00:00:00+07:00,1149.0965576171875,0
2014-03-14 00:00:00+07:00,1269.2431640625,1
2014-03-17 00:00:00+07:00,1232.2750244140625,0
2014-03-18 00:00:00+07:00,1195.306884765625,0
2014-03-19 00:00:00+07:00,1210.710205078125,0
2014-03-20 00:00:00+07:00,1176.822509765625,0
2014-03-21 00:00:00+07:00,1146.015869140625,0
2014-03-24 00:00:00+07:00,1161.4190673828125,0
2014-03-25 00:00:00+07:00,1173.741943359375,0
2014-03-26 00:00:00+07:00,1164.5,0
2014-03-27 00:00:00+07:00,1164.5,0
2014-03-28 00:00:00+07:00,1179.9033203125,0
2014-04-01 00:00:00+07:00,1232.2750244140625,0
2014-04-02 00:00:00+07:00,1232.2750244140625,0
2014-04-03 00:00:00+07:00,1244.597900390625,0
2014-04-04 00:00:00+07:00,1226.1136474609375,0
2014-04-07 00:00:00+07:00,1235.355712890625,0
2014-04-08 00:00:00+07:00,1253.840087890625,0
2014-04-10 00:00:00+07:00,1161.4190673828125,0
2014-04-11 00:00:00+07:00,1176.822509765625,0
2014-04-14 00:00:00+07:00,1204.548828125,0
2014-04-15 00:00:00+07:00,1213.7908935546875,0
2014-04-16 00:00:00+07:00,1226.1136474609375,0
2014-04-17 00:00:00+07:00,1232.2750244140625,0
2014-04-21 00:00:00+07:00,1238.4364013671875,0
2014-04-22 00:00:00+07:00,1256.9205322265625,0
2014-04-23 00:00:00+07:00,1235.355712890625,0
2014-04-24 00:00:00+07:00,1238.4364013671875,0
2014-04-25 00:00:00+07:00,1232.2750244140625,0
2014-04-28 00:00:00+07:00,1210.710205078125,0
2014-04-29 00:00:00+07:00,1236.94580078125,0
2014-04-30 00:00:00+07:00,1252.763427734375,0
2014-05-02 00:00:00+07:00,1271.7447509765625,0
2014-05-05 00:00:00+07:00,1274.9083251953125,0
2014-05-06 00:00:00+07:00,1268.5811767578125,0
2014-05-07 00:00:00+07:00,1287.562744140625,0
2014-05-08 00:00:00+07:00,1274.9083251953125,0
2014-05-09 00:00:00+07:00,1281.2352294921875,0
2014-05-12 00:00:00+07:00,1274.9083251953125,0
2014-05-13 00:00:00+07:00,1271.7447509765625,0
2014-05-14 00:00:00+07:00,1338.17919921875,0
2014-05-16 00:00:00+07:00,1363.4874267578125,0
2014-05-19 00:00:00+07:00,1388.7958984375,0
2014-05-20 00:00:00+07:00,1335.015625,0
2014-05-21 00:00:00+07:00,1325.5250244140625,0
2014-05-22 00:00:00+07:00,1366.651123046875,0
2014-05-23 00:00:00+07:00,1369.8145751953125,0
2014-05-26 00:00:00+07:00,1350.8333740234375,0
2014-05-28 00:00:00+07:00,1353.996826171875,0
2014-05-30 00:00:00+07:00,1290.7259521484375,0
2014-06-02 00:00:00+07:00,1303.380126953125,0
2014-06-03 00:00:00+07:00,1309.707275390625,0
2014-06-04 00:00:00+07:00,1300.2166748046875,0
2014-06-05 00:00:00+07:00,1284.3990478515625,0
2014-06-06 00:00:00+07:00,1274.9083251953125,0
2014-06-09 00:00:00+07:00,1249.5999755859375,0
2014-06-10 00:00:00+07:00,1293.889404296875,0
2014-06-11 00:00:00+07:00,1300.2166748046875,0
2014-06-12 00:00:00+07:00,1284.3990478515625,0
2014-06-13 00:00:00+07:00,1287.562744140625,0
2014-06-16 00:00:00+07:00,1284.3990478515625,0
2014-06-17 00:00:00+07:00,1287.562744140625,0
2014-06-18 00:00:00+07:00,1278.072021484375,0
2014-06-19 00:00:00+07:00,1271.7447509765625,0
2014-06-20 00:00:00+07:00,1265.417724609375,0
2014-06-23 00:00:00+07:00,1255.9271240234375,0
2014-06-24 00:00:00+07:00,1265.417724609375,0
2014-06-25 00:00:00+07:00,1274.9083251953125,0
2014-06-26 00:00:00+07:00,1271.7447509765625,0
2014-06-27 00:00:00+07:00,1278.072021484375,0
2014-06-30 00:00:00+07:00,1306.5435791015625,0
2014-07-01 00:00:00+07:00,1312.870849609375,0
2014-07-02 00:00:00+07:00,1303.380126953125,0
2014-07-03 00:00:00+07:00,1287.562744140625,0
2014-07-04 00:00:00+07:00,1290.7259521484375,0
2014-07-07 00:00:00+07:00,1335.015625,0
2014-07-08 00:00:00+07:00,1414.1041259765625,1
2014-07-10 00:00:00+07:00,1477.375244140625,0
2014-07-11 00:00:00+07:00,1455.2303466796875,0
2014-07-14 00:00:00+07:00,1439.4124755859375,0
2014-07-15 00:00:00+07:00,1467.884521484375,0
2014-07-16 00:00:00+07:00,1442.5760498046875,0
2014-07-17 00:00:00+07:00,1445.73974609375,0
2014-07-18 00:00:00+07:00,1464.7208251953125,0
2014-07-21 00:00:00+07:00,1480.5386962890625,0
2014-07-22 00:00:00+07:00,1445.73974609375,0
2014-07-23 00:00:00+07:00,1442.5760498046875,0
2014-07-24 00:00:00+07:00,1439.4124755859375,0
2014-07-25 00:00:00+07:00,1417.2679443359375,0
2014-08-04 00:00:00+07:00,1388.7958984375,0
2014-08-05 00:00:00+07:00,1369.8145751953125,0
2014-08-06 00:00:00+07:00,1344.5062255859375,0
2014-08-07 00:00:00+07:00,1366.651123046875,0
2014-08-08 00:00:00+07:00,1360.323974609375,0
2014-08-11 00:00:00+07:00,1382.46875,0
2014-08-12 00:00:00+07:00,1379.3052978515625,0
2014-08-13 00:00:00+07:00,1382.46875,0
2014-08-14 00:00:00+07:00,1369.8145751953125,0
2014-08-15 00:00:00+07:00,1360.323974609375,0
2014-08-18 00:00:00+07:00,1366.651123046875,0
2014-08-19 00:00:00+07:00,1372.9781494140625,0
2014-08-20 00:00:00+07:00,1395.123046875,0
2014-08-21 00:00:00+07:00,1417.2679443359375,0
2014-08-22 00:00:00+07:00,1426.7584228515625,0
2014-08-25 00:00:00+07:00,1429.9219970703125,0
2014-08-26 00:00:00+07:00,1401.4501953125,0
2014-08-27 00:00:00+07:00,1407.7769775390625,0
2014-08-28 00:00:00+07:00,1404.613525390625,0
2014-08-29 00:00:00+07:00,1398.2862548828125,0
2014-09-01 00:00:00+07:00,1398.2862548828125,0
2014-09-02 00:00:00+07:00,1404.613525390625,0
2014-09-03 00:00:00+07:00,1407.7769775390625,0
2014-09-04 00:00:00+07:00,1398.2862548828125,0
2014-09-05 00:00:00+07:00,1385.6324462890625,0
2014-09-08 00:00:00+07:00,1385.6324462890625,0
2014-09-09 00:00:00+07:00,1369.8145751953125,0
2014-09-10 00:00:00+07:00,1360.323974609375,0
2014-09-11 00:00:00+07:00,1357.1605224609375,0
2014-09-12 00:00:00+07:00,1338.17919921875,0
2014-09-15 00:00:00+07:00,1319.1978759765625,0
2014-09-16 00:00:00+07:00,1306.5435791015625,0
2014-09-17 00:00:00+07:00,1316.0341796875,0
2014-09-18 00:00:00+07:00,1328.6884765625,0
2014-09-19 00:00:00+07:00,1366.651123046875,0
2014-09-22 00:00:00+07:00,1366.651123046875,0
2014-09-23 00:00:00+07:00,1347.669921875,0
2014-09-24 00:00:00+07:00,1341.3424072265625,0
2014-09-25 00:00:00+07:00,1363.4874267578125,0
2014-09-26 00:00:00+07:00,1309.707275390625,0
2014-09-29 00:00:00+07:00,1312.870849609375,0
2014-09-30 00:00:00+07:00,1319.1978759765625,0
2014-10-01 00:00:00+07:00,1360.323974609375,0
2014-10-02 00:00:00+07:00,1309.707275390625,0
2014-10-03 00:00:00+07:00,1268.5811767578125,0
2014-10-06 00:00:00+07:00,1331.8519287109375,1
2014-10-07 00:00:00+07:00,1325.5250244140625,0
2014-10-08 00:00:00+07:00,1278.072021484375,0
2014-10-09 00:00:00+07:00,1297.0528564453125,0
2014-10-10 00:00:00+07:00,1278.072021484375,0
2014-10-13 00:00:00+07:00,1271.7447509765625,0
2014-10-14 00:00:00+07:00,1278.072021484375,0
2014-10-15 00:00:00+07:00,1309.707275390625,0
2014-10-16 00:00:00+07:00,1293.889404296875,0
2014-10-17 00:00:00+07:00,1353.996826171875,0
2014-10-20 00:00:00+07:00,1353.996826171875,0
2014-10-21 00:00:00+07:00,1338.17919921875,0
2014-10-22 00:00:00+07:00,1357.1605224609375,0
2014-10-23 00:00:00+07:00,1372.9781494140625,0
2014-10-24 00:00:00+07:00,1366.651123046875,0
2014-10-27 00:00:00+07:00,1335.015625,0
2014-10-28 00:00:00+07:00,1328.6884765625,0
2014-10-29 00:00:00+07:00,1369.8145751953125,0
2014-10-30 00:00:00+07:00,1369.8145751953125,0
2014-10-31 00:00:00+07:00,1401.4501953125,0
2014-11-03 00:00:00+07:00,1404.613525390625,0
2014-11-04 00:00:00+07:00,1395.123046875,0
2014-11-05 00:00:00+07:00,1401.4501953125,0
2014-11-06 00:00:00+07:00,1366.651123046875,0
2014-11-07 00:00:00+07:00,1347.669921875,0
2014-11-10 00:00:00+07:00,1350.8333740234375,0
2014-11-11 00:00:00+07:00,1382.46875,0
2014-11-12 00:00:00+07:00,1385.6324462890625,0
2014-11-13 00:00:00+07:00,1391.9595947265625,0
2014-11-14 00:00:00+07:00,1401.4501953125,0
2014-11-17 00:00:00+07:00,1401.4501953125,0
2014-11-18 00:00:00+07:00,1410.9405517578125,0
2014-11-19 00:00:00+07:00,1404.613525390625,0
2014-11-20 00:00:00+07:00,1407.7769775390625,0
2014-11-21 00:00:00+07:00,1414.1041259765625,0
2014-11-24 00:00:00+07:00,1423.5947265625,0
2014-11-25 00:00:00+07:00,1426.7584228515625,0
2014-11-26 00:00:00+07:00,1452.066650390625,0
2014-11-27 00:00:00+07:00,1455.2303466796875,0
2014-11-28 00:00:00+07:00,1458.39404296875,0
2014-12-01 00:00:00+07:00,1471.0479736328125,0
2014-12-02 00:00:00+07:00,1474.21142578125,0
2014-12-03 00:00:00+07:00,1467.884521484375,0
2014-12-04 00:00:00+07:00,1452.066650390625,0
2014-12-05 00:00:00+07:00,1452.066650390625,0
2014-12-08 00:00:00+07:00,1433.0853271484375,0
2014-12-09 00:00:00+07:00,1420.4312744140625,0
2014-12-10 00:00:00+07:00,1461.55712890625,0
2014-12-11 00:00:00+07:00,1455.2303466796875,0
2014-12-12 00:00:00+07:00,1474.21142578125,0
2014-12-15 00:00:00+07:00,1448.903076171875,0
2014-12-16 00:00:00+07:00,1401.4501953125,0
2014-12-17 00:00:00+07:00,1429.9219970703125,0
2014-12-18 00:00:00+07:00,1467.884521484375,0
2014-12-19 00:00:00+07:00,1458.39404296875,0
2014-12-22 00:00:00+07:00,1467.884521484375,0
2014-12-23 00:00:00+07:00,1480.5386962890625,0
2014-12-24 00:00:00+07:00,1467.884521484375,0
2014-12-29 00:00:00+07:00,1474.21142578125,0
2014-12-30 00:00:00+07:00,1474.21142578125,0
2015-01-02 00:00:00+07:00,1474.21142578125,0
2015-01-05 00:00:00+07:00,1467.884521484375,0
2015-01-06 00:00:00+07:00,1458.39404296875,0
2015-01-07 00:00:00+07:00,1490.029296875,0
2015-01-08 00:00:00+07:00,1515.3375244140625,0
2015-01-09 00:00:00+07:00,1521.664794921875,0
2015-01-12 00:00:00+07:00,1486.86572265625,0
2015-01-13 00:00:00+07:00,1496.3564453125,0
2015-01-14 00:00:00+07:00,1486.86572265625,0
2015-01-15 00:00:00+07:00,1480.5386962890625,0
2015-01-16 00:00:00+07:00,1464.7208251953125,0
2015-01-19 00:00:00+07:00,1467.884521484375,0
2015-01-20 00:00:00+07:00,1455.2303466796875,0
2015-01-21 00:00:00+07:00,1445.73974609375,0
2015-01-22 00:00:00+07:00,1452.066650390625,0
2015-01-23 00:00:00+07:00,1502.68359375,0
2015-01-26 00:00:00+07:00,1502.68359375,0
2015-01-27 00:00:00+07:00,1509.010498046875,0
2015-01-28 00:00:00+07:00,1480.5386962890625,0
2015-01-29 00:00:00+07:00,1480.5386962890625,0
2015-01-30 00:00:00+07:00,1477.375244140625,0
2015-02-02 00:00:00+07:00,1483.7020263671875,0
2015-02-03 00:00:00+07:00,1486.86572265625,0
2015-02-04 00:00:00+07:00,1490.029296875,0
2015-02-05 00:00:00+07:00,1480.5386962890625,0
2015-02-06 00:00:00+07:00,1474.21142578125,0
2015-02-09 00:00:00+07:00,1477.375244140625,0
2015-02-10 00:00:00+07:00,1474.21142578125,0
2015-02-11 00:00:00+07:00,1480.5386962890625,0
2015-02-12 00:00:00+07:00,1502.68359375,0
2015-02-13 00:00:00+07:00,1518.5010986328125,0
2015-02-16 00:00:00+07:00,1521.664794921875,0
2015-02-17 00:00:00+07:00,1518.5010986328125,0
2015-02-18 00:00:00+07:00,1578.608642578125,0
2015-02-20 00:00:00+07:00,1610.243896484375,0
2015-02-23 00:00:00+07:00,1607.08056640625,0
2015-02-24 00:00:00+07:00,1619.734619140625,0
2015-02-25 00:00:00+07:00,1635.55224609375,0
2015-02-26 00:00:00+07:00,1638.7159423828125,0
2015-02-27 00:00:00+07:00,1629.22509765625,0
2015-03-02 00:00:00+07:00,1638.7159423828125,0
2015-03-03 00:00:00+07:00,1629.22509765625,0
2015-03-04 00:00:00+07:00,1622.8980712890625,0
2015-03-05 00:00:00+07:00,1626.0616455078125,0
2015-03-06 00:00:00+07:00,1654.533447265625,0
2015-03-09 00:00:00+07:00,1635.55224609375,0
2015-03-10 00:00:00+07:00,1629.22509765625,0
2015-03-11 00:00:00+07:00,1626.0616455078125,0
2015-03-12 00:00:00+07:00,1632.3887939453125,0
2015-03-13 00:00:00+07:00,1613.4075927734375,0
2015-03-16 00:00:00+07:00,1632.3887939453125,0
2015-03-17 00:00:00+07:00,1635.55224609375,0
2015-03-18 00:00:00+07:00,1641.8792724609375,0
2015-03-19 00:00:00+07:00,1651.3701171875,0
2015-03-20 00:00:00+07:00,1632.3887939453125,0
2015-03-23 00:00:00+07:00,1632.3887939453125,0
2015-03-24 00:00:00+07:00,1645.042724609375,0
2015-03-25 00:00:00+07:00,1664.024169921875,0
2015-03-26 00:00:00+07:00,1660.8604736328125,0
2015-03-27 00:00:00+07:00,1692.550048828125,0
2015-03-30 00:00:00+07:00,1686.0777587890625,0
2015-03-31 00:00:00+07:00,1718.43994140625,0
2015-04-01 00:00:00+07:00,1682.8411865234375,0
2015-04-02 00:00:00+07:00,1682.8411865234375,0
2015-04-06 00:00:00+07:00,1686.0777587890625,0
2015-04-07 00:00:00+07:00,1705.4947509765625,0
2015-04-08 00:00:00+07:00,1695.786376953125,0
2015-04-09 00:00:00+07:00,1692.550048828125,0
2015-04-10 00:00:00+07:00,1686.0777587890625,0
2015-04-13 00:00:00+07:00,1682.8411865234375,0
2015-04-14 00:00:00+07:00,1682.8411865234375,0
2015-04-15 00:00:00+07:00,1692.550048828125,0
2015-04-16 00:00:00+07:00,1699.022216796875,0
2015-04-17 00:00:00+07:00,1682.8411865234375,0
2015-04-20 00:00:00+07:00,1702.2587890625,0
2015-04-21 00:00:00+07:00,1708.731201171875,0
2015-04-22 00:00:00+07:00,1705.4947509765625,0
2015-04-23 00:00:00+07:00,1689.3138427734375,0
2015-04-24 00:00:00+07:00,1676.3690185546875,0
2015-04-27 00:00:00+07:00,1556.6282958984375,0
2015-04-28 00:00:00+07:00,1537.2110595703125,0
2015-04-29 00:00:00+07:00,1504.8485107421875,0
2015-04-30 00:00:00+07:00,1504.8485107421875,0
2015-05-04 00:00:00+07:00,1504.8485107421875,0
2015-05-05 00:00:00+07:00,1514.557373046875,0
2015-05-06 00:00:00+07:00,1521.029541015625,0
2015-05-07 00:00:00+07:00,1504.8485107421875,0
2015-05-08 00:00:00+07:00,1508.0845947265625,0
2015-05-11 00:00:00+07:00,1524.265869140625,0
2015-05-12 00:00:00+07:00,1556.6282958984375,0
2015-05-13 00:00:00+07:00,1576.04541015625,0
2015-05-15 00:00:00+07:00,1527.502197265625,0
2015-05-18 00:00:00+07:00,1553.3919677734375,0
2015-05-19 00:00:00+07:00,1588.990478515625,0
2015-05-20 00:00:00+07:00,1614.8804931640625,0
2015-05-21 00:00:00+07:00,1650.4791259765625,0
2015-05-22 00:00:00+07:00,1631.0615234375,0
2015-05-25 00:00:00+07:00,1598.6993408203125,0
2015-05-26 00:00:00+07:00,1601.9356689453125,0
2015-05-27 00:00:00+07:00,1546.919677734375,0
2015-05-28 00:00:00+07:00,1530.7384033203125,0
2015-05-29 00:00:00+07:00,1524.265869140625,0
2015-06-01 00:00:00+07:00,1517.793212890625,0
2015-06-03 00:00:00+07:00,1456.304931640625,0
2015-06-04 00:00:00+07:00,1440.123779296875,0
2015-06-05 00:00:00+07:00,1462.777587890625,0
2015-06-08 00:00:00+07:00,1423.94287109375,0
2015-06-09 00:00:00+07:00,1355.98193359375,0
2015-06-10 00:00:00+07:00,1346.2730712890625,0
2015-06-11 00:00:00+07:00,1310.6744384765625,0
2015-06-12 00:00:00+07:00,1343.036865234375,0
2015-06-15 00:00:00+07:00,1313.910888671875,0
2015-06-16 00:00:00+07:00,1365.6903076171875,0
2015-06-17 00:00:00+07:00,1423.94287109375,0
2015-06-18 00:00:00+07:00,1394.816650390625,0
2015-06-19 00:00:00+07:00,1430.4150390625,0
2015-06-22 00:00:00+07:00,1417.47021484375,0
2015-06-23 00:00:00+07:00,1398.0528564453125,0
2015-06-24 00:00:00+07:00,1333.328125,1
2015-06-25 00:00:00+07:00,1320.3831787109375,0
2015-06-26 00:00:00+07:00,1355.98193359375,0
2015-06-29 00:00:00+07:00,1343.036865234375,0
2015-06-30 00:00:00+07:00,1339.800537109375,0
2015-07-01 00:00:00+07:00,1365.6903076171875,0
2015-07-02 00:00:00+07:00,1407.7615966796875,0
2015-07-03 00:00:00+07:00,1401.2889404296875,0
2015-07-06 00:00:00+07:00,1346.2730712890625,0
2015-07-07 00:00:00+07:00,1355.98193359375,0
2015-07-08 00:00:00+07:00,1323.619384765625,0
2015-07-09 00:00:00+07:00,1333.328125,0
2015-07-10 00:00:00+07:00,1355.98193359375,0
2015-07-13 00:00:00+07:00,1355.98193359375,0
2015-07-14 00:00:00+07:00,1359.2178955078125,0
2015-07-15 00:00:00+07:00,1310.6744384765625,0
2015-07-22 00:00:00+07:00,1339.800537109375,0
2015-07-23 00:00:00+07:00,1326.85546875,0
2015-07-24 00:00:00+07:00,1307.4383544921875,0
2015-07-27 00:00:00+07:00,1265.3671875,0
2015-07-28 00:00:00+07:00,1216.82373046875,0
2015-07-29 00:00:00+07:00,1229.7686767578125,0
2015-07-30 00:00:00+07:00,1210.3511962890625,0
2015-07-31 00:00:00+07:00,1294.4932861328125,1
2015-08-03 00:00:00+07:00,1352.74560546875,1
2015-08-04 00:00:00+07:00,1346.2730712890625,0
2015-08-05 00:00:00+07:00,1398.0528564453125,0
2015-08-06 00:00:00+07:00,1394.816650390625,0
2015-08-07 00:00:00+07:00,1365.6903076171875,0
2015-08-10 00:00:00+07:00,1368.9267578125,0
2015-08-11 00:00:00+07:00,1313.910888671875,0
2015-08-12 00:00:00+07:00,1255.6585693359375,0
2015-08-13 00:00:00+07:00,1297.7294921875,0
2015-08-14 00:00:00+07:00,1323.619384765625,0
2015-08-18 00:00:00+07:00,1268.6033935546875,0
2015-08-19 00:00:00+07:00,1281.5484619140625,0
2015-08-20 00:00:00+07:00,1258.8946533203125,0
2015-08-21 00:00:00+07:00,1229.7686767578125,0
2015-08-24 00:00:00+07:00,1184.46142578125,0
2015-08-25 00:00:00+07:00,1229.7686767578125,0
2015-08-26 00:00:00+07:00,1262.131103515625,0
2015-08-27 00:00:00+07:00,1359.2178955078125,0
2015-08-28 00:00:00+07:00,1346.2730712890625,0
2015-08-31 00:00:00+07:00,1375.399169921875,0
2015-09-01 00:00:00+07:00,1307.4383544921875,0
2015-09-02 00:00:00+07:00,1320.3831787109375,0
2015-09-03 00:00:00+07:00,1313.910888671875,0
2015-09-04 00:00:00+07:00,1304.2020263671875,0
2015-09-07 00:00:00+07:00,1265.3671875,0
2015-09-08 00:00:00+07:00,1284.78466796875,0
2015-09-09 00:00:00+07:00,1284.78466796875,0
2015-09-10 00:00:00+07:00,1249.186279296875,0
2015-09-11 00:00:00+07:00,1242.7137451171875,0
2015-09-14 00:00:00+07:00,1245.94970703125,0
2015-09-15 00:00:00+07:00,1245.94970703125,0
2015-09-16 00:00:00+07:00,1242.7137451171875,0
2015-09-17 00:00:00+07:00,1297.7294921875,0
2015-09-18 00:00:00+07:00,1265.3671875,0
2015-09-21 00:00:00+07:00,1233.0047607421875,0
2015-09-22 00:00:00+07:00,1210.3511962890625,0
2015-09-23 00:00:00+07:00,1139.154296875,0
2015-09-25 00:00:00+07:00,1106.791748046875,0
2015-09-28 00:00:00+07:00,1074.4295654296875,0
2015-09-29 00:00:00+07:00,1080.9019775390625,0
2015-09-30 00:00:00+07:00,1119.7366943359375,0
2015-10-01 00:00:00+07:00,1129.4453125,0
2015-10-02 00:00:00+07:00,1122.9730224609375,0
2015-10-05 00:00:00+07:00,1181.2252197265625,0
2015-10-06 00:00:00+07:00,1223.296142578125,0
2015-10-07 00:00:00+07:00,1275.075927734375,0
2015-10-08 00:00:00+07:00,1291.257080078125,0
2015-10-09 00:00:00+07:00,1365.6903076171875,0
2015-10-12 00:00:00+07:00,1398.0528564453125,0
2015-10-13 00:00:00+07:00,1297.7294921875,0
2015-10-15 00:00:00+07:00,1310.6744384765625,0
2015-10-16 00:00:00+07:00,1333.328125,0
2015-10-19 00:00:00+07:00,1349.50927734375,0
2015-10-20 00:00:00+07:00,1375.399169921875,0
2015-10-21 00:00:00+07:00,1365.6903076171875,0
2015-10-22 00:00:00+07:00,1385.1077880859375,0
2015-10-23 00:00:00+07:00,1449.8326416015625,0
2015-10-26 00:00:00+07:00,1501.6123046875,0
2015-10-27 00:00:00+07:00,1501.6123046875,0
2015-10-28 00:00:00+07:00,1436.8875732421875,0
2015-10-29 00:00:00+07:00,1391.580322265625,0
2015-10-30 00:00:00+07:00,1362.4542236328125,0
2015-11-02 00:00:00+07:00,1330.0919189453125,0
2015-11-03 00:00:00+07:00,1385.1077880859375,0
2015-11-04 00:00:00+07:00,1430.4150390625,0
2015-11-05 00:00:00+07:00,1388.34423828125,0
2015-11-06 00:00:00+07:00,1385.1077880859375,0
2015-11-09 00:00:00+07:00,1368.9267578125,0
2015-11-10 00:00:00+07:00,1352.74560546875,0
2015-11-11 00:00:00+07:00,1355.98193359375,0
2015-11-12 00:00:00+07:00,1362.4542236328125,0
2015-11-13 00:00:00+07:00,1362.4542236328125,0
2015-11-16 00:00:00+07:00,1362.4542236328125,0
2015-11-17 00:00:00+07:00,1410.9976806640625,0
2015-11-18 00:00:00+07:00,1417.47021484375,0
2015-11-19 00:00:00+07:00,1420.70654296875,0
2015-11-20 00:00:00+07:00,1423.94287109375,0
2015-11-23 00:00:00+07:00,1423.94287109375,0
2015-11-24 00:00:00+07:00,1430.4150390625,0
2015-11-25 00:00:00+07:00,1485.430908203125,0
2015-11-26 00:00:00+07:00,1485.430908203125,0
2015-11-27 00:00:00+07:00,1462.777587890625,0
2015-11-30 00:00:00+07:00,1394.816650390625,0
2015-12-01 00:00:00+07:00,1456.304931640625,0
2015-12-02 00:00:00+07:00,1459.541259765625,0
2015-12-03 00:00:00+07:00,1459.541259765625,0
2015-12-04 00:00:00+07:00,1462.777587890625,0
2015-12-07 00:00:00+07:00,1430.4150390625,0
2015-12-08 00:00:00+07:00,1410.9976806640625,0
2015-12-10 00:00:00+07:00,1407.7615966796875,0
2015-12-11 00:00:00+07:00,1401.2889404296875,0
2015-12-14 00:00:00+07:00,1381.8717041015625,0
2015-12-15 00:00:00+07:00,1391.580322265625,0
2015-12-16 00:00:00+07:00,1469.2498779296875,0
2015-12-17 00:00:00+07:00,1495.1397705078125,0
2015-12-18 00:00:00+07:00,1407.7615966796875,0
2015-12-21 00:00:00+07:00,1436.8875732421875,0
2015-12-22 00:00:00+07:00,1430.4150390625,0
2015-12-23 00:00:00+07:00,1436.8875732421875,0
2015-12-28 00:00:00+07:00,1475.7222900390625,0
2015-12-29 00:00:00+07:00,1475.7222900390625,0
2015-12-30 00:00:00+07:00,1478.9586181640625,0
2016-01-04 00:00:00+07:00,1485.430908203125,0
2016-01-05 00:00:00+07:00,1498.3759765625,0
2016-01-06 00:00:00+07:00,1491.903564453125,0
2016-01-07 00:00:00+07:00,1456.304931640625,0
2016-01-08 00:00:00+07:00,1501.6123046875,0
2016-01-11 00:00:00+07:00,1472.486083984375,0
2016-01-12 00:00:00+07:00,1501.6123046875,0
2016-01-13 00:00:00+07:00,1501.6123046875,0
2016-01-14 00:00:00+07:00,1517.793212890625,0
2016-01-15 00:00:00+07:00,1482.19482421875,0
2016-01-18 00:00:00+07:00,1475.7222900390625,0
2016-01-19 00:00:00+07:00,1488.66748046875,0
2016-01-20 00:00:00+07:00,1423.94287109375,0
2016-01-21 00:00:00+07:00,1401.2889404296875,0
2016-01-22 00:00:00+07:00,1459.541259765625,0
2016-01-25 00:00:00+07:00,1478.9586181640625,0
2016-01-26 00:00:00+07:00,1462.777587890625,0
2016-01-27 00:00:00+07:00,1472.486083984375,0
2016-01-28 00:00:00+07:00,1456.304931640625,0
2016-01-29 00:00:00+07:00,1453.0687255859375,0
2016-02-01 00:00:00+07:00,1453.0687255859375,0
2016-02-02 00:00:00+07:00,1427.1790771484375,0
2016-02-03 00:00:00+07:00,1414.2340087890625,0
2016-02-04 00:00:00+07:00,1475.7222900390625,0
2016-02-05 00:00:00+07:00,1592.2266845703125,1
2016-02-09 00:00:00+07:00,1550.1556396484375,0
2016-02-10 00:00:00+07:00,1524.265869140625,0
2016-02-11 00:00:00+07:00,1537.2110595703125,0
2016-02-12 00:00:00+07:00,1527.502197265625,0
2016-02-15 00:00:00+07:00,1537.2110595703125,0
2016-02-16 00:00:00+07:00,1543.6832275390625,0
2016-02-17 00:00:00+07:00,1546.919677734375,0
2016-02-18 00:00:00+07:00,1553.3919677734375,0
2016-02-19 00:00:00+07:00,1482.19482421875,0
2016-02-22 00:00:00+07:00,1420.70654296875,1
2016-02-23 00:00:00+07:00,1372.1627197265625,0
2016-02-24 00:00:00+07:00,1381.8717041015625,0
2016-02-25 00:00:00+07:00,1352.74560546875,0
2016-02-26 00:00:00+07:00,1404.5252685546875,0
2016-02-29 00:00:00+07:00,1433.6514892578125,0
2016-03-01 00:00:00+07:00,1385.1077880859375,1
2016-03-02 00:00:00+07:00,1420.70654296875,0
2016-03-03 00:00:00+07:00,1443.35986328125,0
2016-03-04 00:00:00+07:00,1472.486083984375,0
2016-03-07 00:00:00+07:00,1475.7222900390625,0
2016-03-08 00:00:00+07:00,1466.013671875,0
2016-03-10 00:00:00+07:00,1423.94287109375,0
2016-03-11 00:00:00+07:00,1423.94287109375,0
2016-03-14 00:00:00+07:00,1423.94287109375,0
2016-03-15 00:00:00+07:00,1433.6514892578125,0
2016-03-16 00:00:00+07:00,1430.4150390625,0
2016-03-17 00:00:00+07:00,1423.94287109375,0
2016-03-18 00:00:00+07:00,1440.123779296875,0
2016-03-21 00:00:00+07:00,1443.35986328125,0
2016-03-22 00:00:00+07:00,1446.59619140625,0
2016-03-23 00:00:00+07:00,1459.541259765625,0
2016-03-24 00:00:00+07:00,1459.541259765625,0
2016-03-28 00:00:00+07:00,1436.8875732421875,0
2016-03-29 00:00:00+07:00,1420.70654296875,0
2016-03-30 00:00:00+07:00,1443.35986328125,0
2016-03-31 00:00:00+07:00,1478.9586181640625,0
2016-04-01 00:00:00+07:00,1477.1834716796875,0
2016-04-04 00:00:00+07:00,1477.1834716796875,0
2016-04-05 00:00:00+07:00,1477.1834716796875,0
2016-04-06 00:00:00+07:00,1483.83740234375,0
2016-04-07 00:00:00+07:00,1477.1834716796875,0
2016-04-08 00:00:00+07:00,1437.259765625,0
2016-04-11 00:00:00+07:00,1437.259765625,0
2016-04-12 00:00:00+07:00,1413.970703125,0
2016-04-13 00:00:00+07:00,1413.970703125,0
2016-04-14 00:00:00+07:00,1413.970703125,0
2016-04-15 00:00:00+07:00,1413.970703125,0
2016-04-18 00:00:00+07:00,1413.970703125,0
2016-04-19 00:00:00+07:00,1413.970703125,0
2016-04-20 00:00:00+07:00,1394.0089111328125,0
2016-04-21 00:00:00+07:00,1423.9517822265625,0
2016-04-22 00:00:00+07:00,1450.567626953125,0
2016-04-25 00:00:00+07:00,1397.335693359375,0
2016-04-26 00:00:00+07:00,1357.4117431640625,0
2016-04-27 00:00:00+07:00,1357.4117431640625,0
2016-04-28 00:00:00+07:00,1380.700927734375,0
2016-04-29 00:00:00+07:00,1377.373779296875,0
2016-05-02 00:00:00+07:00,1367.3929443359375,0
2016-05-03 00:00:00+07:00,1400.6627197265625,0
2016-05-04 00:00:00+07:00,1377.373779296875,0
2016-05-09 00:00:00+07:00,1334.1229248046875,0
2016-05-10 00:00:00+07:00,1337.4500732421875,0
2016-05-11 00:00:00+07:00,1330.7958984375,0
2016-05-12 00:00:00+07:00,1317.488037109375,0
2016-05-13 00:00:00+07:00,1314.1612548828125,0
2016-05-16 00:00:00+07:00,1324.14208984375,0
2016-05-17 00:00:00+07:00,1290.8720703125,0
2016-05-18 00:00:00+07:00,1267.5831298828125,0
2016-05-19 00:00:00+07:00,1287.544921875,0
2016-05-20 00:00:00+07:00,1304.1800537109375,0
2016-05-23 00:00:00+07:00,1320.8150634765625,0
2016-05-24 00:00:00+07:00,1307.507080078125,0
2016-05-25 00:00:00+07:00,1320.8150634765625,0
2016-05-26 00:00:00+07:00,1370.7198486328125,0
2016-05-27 00:00:00+07:00,1384.02783203125,0
2016-05-30 00:00:00+07:00,1413.970703125,0
2016-05-31 00:00:00+07:00,1377.373779296875,0
2016-06-01 00:00:00+07:00,1390.681884765625,0
2016-06-02 00:00:00+07:00,1367.3929443359375,0
2016-06-03 00:00:00+07:00,1384.02783203125,0
2016-06-06 00:00:00+07:00,1410.6435546875,0
2016-06-07 00:00:00+07:00,1417.2977294921875,0
2016-06-08 00:00:00+07:00,1417.2977294921875,0
2016-06-09 00:00:00+07:00,1380.700927734375,0
2016-06-10 00:00:00+07:00,1374.0467529296875,0
2016-06-13 00:00:00+07:00,1344.10400390625,0
2016-06-14 00:00:00+07:00,1327.468994140625,0
2016-06-15 00:00:00+07:00,1337.4500732421875,0
2016-06-16 00:00:00+07:00,1357.4117431640625,0
2016-06-17 00:00:00+07:00,1364.065673828125,0
2016-06-20 00:00:00+07:00,1374.0467529296875,0
2016-06-21 00:00:00+07:00,1384.02783203125,0
2016-06-22 00:00:00+07:00,1397.335693359375,0
2016-06-23 00:00:00+07:00,1387.354736328125,0
2016-06-24 00:00:00+07:00,1370.7198486328125,0
2016-06-27 00:00:00+07:00,1360.7388916015625,0
2016-06-28 00:00:00+07:00,1380.700927734375,0
2016-06-29 00:00:00+07:00,1420.624755859375,0
2016-06-30 00:00:00+07:00,1437.259765625,0
2016-07-01 00:00:00+07:00,1430.605712890625,0
2016-07-11 00:00:00+07:00,1510.453369140625,0
2016-07-12 00:00:00+07:00,1530.41552734375,0
2016-07-13 00:00:00+07:00,1537.0692138671875,0
2016-07-14 00:00:00+07:00,1513.7803955078125,0
2016-07-15 00:00:00+07:00,1530.41552734375,0
2016-07-18 00:00:00+07:00,1527.0882568359375,0
2016-07-19 00:00:00+07:00,1570.33935546875,0
2016-07-20 00:00:00+07:00,1580.3204345703125,0
2016-07-21 00:00:00+07:00,1530.41552734375,0
2016-07-22 00:00:00+07:00,1520.4344482421875,0
2016-07-25 00:00:00+07:00,1510.453369140625,0
2016-07-26 00:00:00+07:00,1537.0692138671875,0
2016-07-27 00:00:00+07:00,1543.723388671875,0
2016-07-28 00:00:00+07:00,1517.1072998046875,0
2016-07-29 00:00:00+07:00,1533.742431640625,0
2016-08-01 00:00:00+07:00,1560.358154296875,0
2016-08-02 00:00:00+07:00,1563.6851806640625,0
2016-08-03 00:00:00+07:00,1550.377197265625,0
2016-08-04 00:00:00+07:00,1570.33935546875,0
2016-08-05 00:00:00+07:00,1593.6280517578125,0
2016-08-08 00:00:00+07:00,1616.9171142578125,0
2016-08-09 00:00:00+07:00,1596.955078125,0
2016-08-10 00:00:00+07:00,1596.955078125,0
2016-08-11 00:00:00+07:00,1583.6470947265625,0
2016-08-12 00:00:00+07:00,1590.30126953125,0
2016-08-15 00:00:00+07:00,1596.955078125,0
2016-08-16 00:00:00+07:00,1610.26318359375,0
2016-08-18 00:00:00+07:00,1610.26318359375,0
2016-08-19 00:00:00+07:00,1596.955078125,0
2016-08-22 00:00:00+07:00,1576.9932861328125,0
2016-08-23 00:00:00+07:00,1537.0692138671875,0
2016-08-24 00:00:00+07:00,1550.377197265625,0
2016-08-25 00:00:00+07:00,1576.9932861328125,0
2016-08-26 00:00:00+07:00,1563.6851806640625,0
2016-08-29 00:00:00+07:00,1530.41552734375,0
2016-08-30 00:00:00+07:00,1533.742431640625,0
2016-08-31 00:00:00+07:00,1550.377197265625,0
2016-09-01 00:00:00+07:00,1557.031494140625,0
2016-09-02 00:00:00+07:00,1547.0504150390625,0
2016-09-05 00:00:00+07:00,1570.33935546875,0
2016-09-06 00:00:00+07:00,1580.3204345703125,0
2016-09-07 00:00:00+07:00,1593.6280517578125,0
2016-09-08 00:00:00+07:00,1593.6280517578125,0
2016-09-09 00:00:00+07:00,1563.6851806640625,0
2016-09-13 00:00:00+07:00,1553.704345703125,0
2016-09-14 00:00:00+07:00,1557.031494140625,0
2016-09-15 00:00:00+07:00,1593.6280517578125,0
2016-09-16 00:00:00+07:00,1586.97412109375,0
2016-09-19 00:00:00+07:00,1576.9932861328125,0
2016-09-20 00:00:00+07:00,1596.955078125,0
2016-09-21 00:00:00+07:00,1596.955078125,0
2016-09-22 00:00:00+07:00,1606.93603515625,0
2016-09-23 00:00:00+07:00,1606.93603515625,0
2016-09-26 00:00:00+07:00,1600.2822265625,0
2016-09-27 00:00:00+07:00,1610.26318359375,0
2016-09-28 00:00:00+07:00,1610.26318359375,0
2016-09-29 00:00:00+07:00,1626.8983154296875,0
2016-09-30 00:00:00+07:00,1623.5711669921875,0
2016-10-03 00:00:00+07:00,1633.552001953125,0
2016-10-04 00:00:00+07:00,1633.552001953125,0
2016-10-05 00:00:00+07:00,1636.87890625,0
2016-10-06 00:00:00+07:00,1650.186767578125,0
2016-10-07 00:00:00+07:00,1593.6280517578125,0
2016-10-10 00:00:00+07:00,1576.9932861328125,0
2016-10-11 00:00:00+07:00,1590.30126953125,0
2016-10-12 00:00:00+07:00,1596.955078125,0
2016-10-13 00:00:00+07:00,1593.6280517578125,0
2016-10-14 00:00:00+07:00,1626.8983154296875,0
2016-10-17 00:00:00+07:00,1616.9171142578125,0
2016-10-18 00:00:00+07:00,1623.5711669921875,0
2016-10-19 00:00:00+07:00,1616.9171142578125,0
2016-10-20 00:00:00+07:00,1613.590087890625,0
2016-10-21 00:00:00+07:00,1626.8983154296875,0
2016-10-24 00:00:00+07:00,1623.5711669921875,0
2016-10-25 00:00:00+07:00,1616.9171142578125,0
2016-10-26 00:00:00+07:00,1606.93603515625,0
2016-10-27 00:00:00+07:00,1623.5711669921875,0
2016-10-28 00:00:00+07:00,1623.5711669921875,0
2016-10-31 00:00:00+07:00,1623.5711669921875,0
2016-11-01 00:00:00+07:00,1626.8983154296875,0
2016-11-02 00:00:00+07:00,1650.186767578125,0
2016-11-03 00:00:00+07:00,1640.2060546875,0
2016-11-04 00:00:00+07:00,1650.186767578125,0
2016-11-07 00:00:00+07:00,1656.8408203125,0
2016-11-08 00:00:00+07:00,1713.399658203125,0
2016-11-09 00:00:00+07:00,1676.802978515625,0
2016-11-10 00:00:00+07:00,1690.111083984375,0
2016-11-11 00:00:00+07:00,1593.6280517578125,0
2016-11-14 00:00:00+07:00,1480.510498046875,1
2016-11-15 00:00:00+07:00,1467.20263671875,0
2016-11-16 00:00:00+07:00,1530.41552734375,0
2016-11-17 00:00:00+07:00,1530.41552734375,0
2016-11-18 00:00:00+07:00,1530.41552734375,0
2016-11-21 00:00:00+07:00,1523.7613525390625,0
2016-11-22 00:00:00+07:00,1527.0882568359375,0
2016-11-23 00:00:00+07:00,1530.41552734375,0
2016-11-24 00:00:00+07:00,1503.799560546875,0
2016-11-25 00:00:00+07:00,1453.8946533203125,1
2016-11-28 00:00:00+07:00,1394.0089111328125,1
2016-11-29 00:00:00+07:00,1403.9896240234375,0
2016-11-30 00:00:00+07:00,1450.567626953125,0
2016-12-01 00:00:00+07:00,1470.5294189453125,0
2016-12-02 00:00:00+07:00,1503.799560546875,0
2016-12-05 00:00:00+07:00,1480.510498046875,0
2016-12-06 00:00:00+07:00,1507.12646484375,0
2016-12-07 00:00:00+07:00,1520.4344482421875,0
2016-12-08 00:00:00+07:00,1530.41552734375,0
2016-12-09 00:00:00+07:00,1527.0882568359375,0
2016-12-13 00:00:00+07:00,1560.358154296875,0
2016-12-14 00:00:00+07:00,1530.41552734375,0
2016-12-15 00:00:00+07:00,1517.1072998046875,0
2016-12-16 00:00:00+07:00,1500.4725341796875,0
2016-12-19 00:00:00+07:00,1497.1453857421875,0
2016-12-20 00:00:00+07:00,1493.8184814453125,0
2016-12-21 00:00:00+07:00,1463.875732421875,0
2016-12-22 00:00:00+07:00,1447.24072265625,0
2016-12-23 00:00:00+07:00,1447.24072265625,0
2016-12-27 00:00:00+07:00,1463.875732421875,0
2016-12-28 00:00:00+07:00,1513.7803955078125,0
2016-12-29 00:00:00+07:00,1550.377197265625,0
2016-12-30 00:00:00+07:00,1553.704345703125,0
2017-01-03 00:00:00+07:00,1583.6470947265625,0
2017-01-04 00:00:00+07:00,1623.5711669921875,0
2017-01-05 00:00:00+07:00,1610.26318359375,0
2017-01-06 00:00:00+07:00,1610.26318359375,0
2017-01-09 00:00:00+07:00,1563.6851806640625,0
2017-01-10 00:00:00+07:00,1570.33935546875,0
2017-01-11 00:00:00+07:00,1570.33935546875,0
2017-01-12 00:00:00+07:00,1580.3204345703125,0
2017-01-13 00:00:00+07:00,1590.30126953125,0
2017-01-16 00:00:00+07:00,1583.6470947265625,0
2017-01-17 00:00:00+07:00,1586.97412109375,0
2017-01-18 00:00:00+07:00,1590.30126953125,0
2017-01-19 00:00:00+07:00,1596.955078125,0
2017-01-20 00:00:00+07:00,1570.33935546875,0
2017-01-23 00:00:00+07:00,1570.33935546875,0
2017-01-24 00:00:00+07:00,1573.666259765625,0
2017-01-25 00:00:00+07:00,1557.031494140625,0
2017-01-26 00:00:00+07:00,1563.6851806640625,0
2017-01-27 00:00:00+07:00,1560.358154296875,0
2017-01-30 00:00:00+07:00,1563.6851806640625,0
2017-01-31 00:00:00+07:00,1560.358154296875,0
2017-02-01 00:00:00+07:00,1590.30126953125,0
2017-02-02 00:00:00+07:00,1593.6280517578125,0
2017-02-03 00:00:00+07:00,1596.955078125,0
2017-02-06 00:00:00+07:00,1603.609130859375,0
2017-02-07 00:00:00+07:00,1600.2822265625,0
2017-02-08 00:00:00+07:00,1590.30126953125,0
2017-02-09 00:00:00+07:00,1593.6280517578125,0
2017-02-10 00:00:00+07:00,1600.2822265625,0
2017-02-13 00:00:00+07:00,1606.93603515625,0
2017-02-14 00:00:00+07:00,1596.955078125,0
2017-02-16 00:00:00+07:00,1596.955078125,0
2017-02-17 00:00:00+07:00,1557.031494140625,0
2017-02-20 00:00:00+07:00,1563.6851806640625,0
2017-02-21 00:00:00+07:00,1583.6470947265625,0
2017-02-22 00:00:00+07:00,1596.955078125,0
2017-02-23 00:00:00+07:00,1586.97412109375,0
2017-02-24 00:00:00+07:00,1590.30126953125,0
2017-02-27 00:00:00+07:00,1580.3204345703125,0
2017-02-28 00:00:00+07:00,1590.30126953125,0
2017-03-01 00:00:00+07:00,1590.30126953125,0
2017-03-02 00:00:00+07:00,1576.9932861328125,0
2017-03-03 00:00:00+07:00,1576.9932861328125,0
2017-03-06 00:00:00+07:00,1590.30126953125,0
2017-03-07 00:00:00+07:00,1596.955078125,0
2017-03-08 00:00:00+07:00,1596.955078125,0
2017-03-09 00:00:00+07:00,1606.93603515625,0
2017-03-10 00:00:00+07:00,1606.93603515625,0
2017-03-13 00:00:00+07:00,1606.93603515625,0
2017-03-14 00:00:00+07:00,1603.609130859375,0
2017-03-15 00:00:00+07:00,1616.9171142578125,0
2017-03-16 00:00:00+07:00,1666.8218994140625,0
2017-03-17 00:00:00+07:00,1730.03466796875,0
2017-03-20 00:00:00+07:00,1730.03466796875,0
2017-03-21 00:00:00+07:00,1730.03466796875,0
2017-03-22 00:00:00+07:00,1756.650634765625,0
2017-03-23 00:00:00+07:00,1808.7264404296875,0
2017-03-24 00:00:00+07:00,1808.7264404296875,0
2017-03-27 00:00:00+07:00,1757.1466064453125,0
2017-03-29 00:00:00+07:00,1764.02392578125,0
2017-03-30 00:00:00+07:00,1781.2171630859375,0
2017-03-31 00:00:00+07:00,1784.65576171875,0
2017-04-03 00:00:00+07:00,1791.5330810546875,0
2017-04-04 00:00:00+07:00,1791.5330810546875,0
2017-04-05 00:00:00+07:00,1791.5330810546875,0
2017-04-06 00:00:00+07:00,1812.1646728515625,0
2017-04-07 00:00:00+07:00,1794.9718017578125,0
2017-04-10 00:00:00+07:00,1801.84912109375,0
2017-04-11 00:00:00+07:00,1774.3397216796875,0
2017-04-12 00:00:00+07:00,1757.1466064453125,0
2017-04-13 00:00:00+07:00,1746.8306884765625,0
2017-04-17 00:00:00+07:00,1709.005615234375,0
2017-04-18 00:00:00+07:00,1770.9012451171875,0
2017-04-20 00:00:00+07:00,1753.708251953125,0
2017-04-21 00:00:00+07:00,1777.7786865234375,0
2017-04-25 00:00:00+07:00,1805.287353515625,0
2017-04-26 00:00:00+07:00,1819.0419921875,0
2017-04-27 00:00:00+07:00,1788.0941162109375,0
2017-04-28 00:00:00+07:00,1774.3397216796875,0
2017-05-02 00:00:00+07:00,1794.9718017578125,0
2017-05-03 00:00:00+07:00,1815.6033935546875,0
2017-05-04 00:00:00+07:00,1915.32421875,1
2017-05-05 00:00:00+07:00,1915.32421875,0
2017-05-08 00:00:00+07:00,1939.3948974609375,0
2017-05-09 00:00:00+07:00,1925.6400146484375,0
2017-05-10 00:00:00+07:00,1922.2012939453125,0
2017-05-12 00:00:00+07:00,1929.07861328125,0
2017-05-15 00:00:00+07:00,1966.9039306640625,0
2017-05-16 00:00:00+07:00,1929.07861328125,0
2017-05-17 00:00:00+07:00,1939.3948974609375,0
2017-05-18 00:00:00+07:00,1939.3948974609375,0
2017-05-19 00:00:00+07:00,1994.412841796875,0
2017-05-22 00:00:00+07:00,2011.60595703125,0
2017-05-23 00:00:00+07:00,1990.9742431640625,0
2017-05-24 00:00:00+07:00,1946.27197265625,0
2017-05-26 00:00:00+07:00,1956.587646484375,0
2017-05-29 00:00:00+07:00,1953.1492919921875,0
2017-05-30 00:00:00+07:00,1953.1492919921875,0
2017-05-31 00:00:00+07:00,1990.9742431640625,0
2017-06-02 00:00:00+07:00,2028.7996826171875,0
2017-06-05 00:00:00+07:00,2066.62451171875,0
2017-06-06 00:00:00+07:00,2018.4835205078125,0
2017-06-07 00:00:00+07:00,2052.869873046875,0
2017-06-08 00:00:00+07:00,2015.0447998046875,0
2017-06-09 00:00:00+07:00,1977.2196044921875,0
2017-06-12 00:00:00+07:00,2011.60595703125,0
2017-06-13 00:00:00+07:00,1990.9742431640625,0
2017-06-14 00:00:00+07:00,2042.5538330078125,0
2017-06-15 00:00:00+07:00,2018.4835205078125,0
2017-06-16 00:00:00+07:00,2018.4835205078125,0
2017-06-19 00:00:00+07:00,2035.676513671875,0
2017-06-20 00:00:00+07:00,2059.7470703125,0
2017-06-21 00:00:00+07:00,2104.44921875,0
2017-06-22 00:00:00+07:00,2097.572265625,0
2017-07-03 00:00:00+07:00,2131.958740234375,0
2017-07-04 00:00:00+07:00,2104.44921875,0
2017-07-05 00:00:00+07:00,2090.694580078125,0
2017-07-06 00:00:00+07:00,2070.063232421875,0
2017-07-07 00:00:00+07:00,2070.063232421875,0
2017-07-10 00:00:00+07:00,2025.3607177734375,0
2017-07-11 00:00:00+07:00,2011.60595703125,0
2017-07-12 00:00:00+07:00,2039.1156005859375,0
2017-07-13 00:00:00+07:00,2049.431396484375,0
2017-07-14 00:00:00+07:00,2035.676513671875,0
2017-07-17 00:00:00+07:00,2063.185791015625,0
2017-07-18 00:00:00+07:00,2049.431396484375,0
2017-07-19 00:00:00+07:00,2025.3607177734375,0
2017-07-20 00:00:00+07:00,2025.3607177734375,0
2017-07-21 00:00:00+07:00,2018.4835205078125,0
2017-07-24 00:00:00+07:00,2018.4835205078125,0
2017-07-25 00:00:00+07:00,2035.676513671875,0
2017-07-26 00:00:00+07:00,2032.238037109375,0
2017-07-27 00:00:00+07:00,2021.922119140625,0
2017-07-28 00:00:00+07:00,1994.412841796875,0
2017-07-31 00:00:00+07:00,2032.238037109375,0
2017-08-01 00:00:00+07:00,2035.676513671875,0
2017-08-02 00:00:00+07:00,2056.30859375,0
2017-08-03 00:00:00+07:00,2042.5538330078125,0
2017-08-04 00:00:00+07:00,2052.869873046875,0
2017-08-07 00:00:00+07:00,2049.431396484375,0
2017-08-08 00:00:00+07:00,2056.30859375,0
2017-08-09 00:00:00+07:00,2066.62451171875,0
2017-08-10 00:00:00+07:00,2063.185791015625,0
2017-08-11 00:00:00+07:00,2063.185791015625,0
2017-08-14 00:00:00+07:00,2073.501953125,0
2017-08-15 00:00:00+07:00,2070.063232421875,0
2017-08-16 00:00:00+07:00,2097.572265625,0
2017-08-18 00:00:00+07:00,2083.817626953125,0
2017-08-21 00:00:00+07:00,2101.010986328125,0
2017-08-22 00:00:00+07:00,2104.44921875,0
2017-08-23 00:00:00+07:00,2104.44921875,0
2017-08-24 00:00:00+07:00,2094.134033203125,0
2017-08-25 00:00:00+07:00,2104.44921875,0
2017-08-28 00:00:00+07:00,2094.134033203125,0
2017-08-29 00:00:00+07:00,2059.7470703125,0
2017-08-30 00:00:00+07:00,2073.501953125,0
2017-08-31 00:00:00+07:00,2080.379150390625,0
2017-09-04 00:00:00+07:00,2045.9931640625,0
2017-09-05 00:00:00+07:00,2063.185791015625,0
2017-09-06 00:00:00+07:00,2042.5538330078125,0
2017-09-07 00:00:00+07:00,2063.185791015625,0
2017-09-08 00:00:00+07:00,2063.185791015625,0
2017-09-11 00:00:00+07:00,2056.30859375,0
2017-09-12 00:00:00+07:00,2052.869873046875,0
2017-09-13 00:00:00+07:00,2049.431396484375,0
2017-09-14 00:00:00+07:00,2039.1156005859375,0
2017-09-15 00:00:00+07:00,2042.5538330078125,0
2017-09-18 00:00:00+07:00,2063.185791015625,0
2017-09-19 00:00:00+07:00,2066.62451171875,0
2017-09-20 00:00:00+07:00,2066.62451171875,0
2017-09-22 00:00:00+07:00,2156.029296875,1
2017-09-25 00:00:00+07:00,2156.029296875,0
2017-09-26 00:00:00+07:00,2138.835693359375,0
2017-09-27 00:00:00+07:00,2097.572265625,0
2017-09-28 00:00:00+07:00,2021.922119140625,0
2017-09-29 00:00:00+07:00,2101.010986328125,0
2017-10-02 00:00:00+07:00,2097.572265625,0
2017-10-03 00:00:00+07:00,2107.887939453125,0
2017-10-04 00:00:00+07:00,2101.010986328125,0
2017-10-05 00:00:00+07:00,2107.887939453125,0
2017-10-06 00:00:00+07:00,2114.76513671875,0
2017-10-09 00:00:00+07:00,2114.76513671875,0
2017-10-10 00:00:00+07:00,2101.010986328125,0
2017-10-11 00:00:00+07:00,2101.010986328125,0
2017-10-12 00:00:00+07:00,2114.76513671875,0
2017-10-13 00:00:00+07:00,2111.326904296875,0
2017-10-16 00:00:00+07:00,2111.326904296875,0
2017-10-17 00:00:00+07:00,2118.204345703125,0
2017-10-18 00:00:00+07:00,2118.204345703125,0
2017-10-19 00:00:00+07:00,2131.958740234375,0
2017-10-20 00:00:00+07:00,2149.15185546875,0
2017-10-23 00:00:00+07:00,2149.15185546875,0
2017-10-24 00:00:00+07:00,2128.519775390625,0
2017-10-25 00:00:00+07:00,2145.713623046875,0
2017-10-26 00:00:00+07:00,2149.15185546875,0
2017-10-27 00:00:00+07:00,2145.713623046875,0
2017-10-30 00:00:00+07:00,2138.835693359375,0
2017-10-31 00:00:00+07:00,2145.713623046875,0
2017-11-01 00:00:00+07:00,2159.468017578125,0
2017-11-02 00:00:00+07:00,2193.854248046875,0
2017-11-03 00:00:00+07:00,2200.73193359375,0
2017-11-06 00:00:00+07:00,2235.117919921875,0
2017-11-07 00:00:00+07:00,2228.240478515625,0
2017-11-08 00:00:00+07:00,2262.626953125,0
2017-11-09 00:00:00+07:00,2262.626953125,0
2017-11-10 00:00:00+07:00,2255.75,0
2017-11-13 00:00:00+07:00,2241.9951171875,0
2017-11-14 00:00:00+07:00,2180.099365234375,0
2017-11-15 00:00:00+07:00,2159.468017578125,0
2017-11-16 00:00:00+07:00,2207.60888671875,0
2017-11-17 00:00:00+07:00,2262.626953125,0
2017-11-20 00:00:00+07:00,2297.013427734375,0
2017-11-21 00:00:00+07:00,2255.75,0
2017-11-22 00:00:00+07:00,2338.277587890625,0
2017-11-23 00:00:00+07:00,2310.768310546875,0
2017-11-24 00:00:00+07:00,2303.890869140625,0
2017-11-27 00:00:00+07:00,2269.50439453125,0
2017-11-28 00:00:00+07:00,2324.522705078125,0
2017-11-29 00:00:00+07:00,2269.50439453125,0
2017-11-30 00:00:00+07:00,2207.60888671875,0
2017-12-01 00:00:00+07:00,2207.60888671875,0
2017-12-04 00:00:00+07:00,2269.50439453125,0
2017-12-05 00:00:00+07:00,2303.890869140625,0
2017-12-06 00:00:00+07:00,2379.540771484375,0
2017-12-07 00:00:00+07:00,2324.522705078125,0
2017-12-08 00:00:00+07:00,2317.6455078125,0
2017-12-11 00:00:00+07:00,2365.786376953125,0
2017-12-12 00:00:00+07:00,2372.663330078125,0
2017-12-13 00:00:00+07:00,2372.663330078125,0
2017-12-14 00:00:00+07:00,2379.540771484375,0
2017-12-15 00:00:00+07:00,2331.400146484375,0
2017-12-18 00:00:00+07:00,2331.400146484375,0
2017-12-19 00:00:00+07:00,2365.786376953125,0
2017-12-20 00:00:00+07:00,2338.277587890625,0
2017-12-21 00:00:00+07:00,2352.031494140625,0
2017-12-22 00:00:00+07:00,2379.540771484375,0
2017-12-27 00:00:00+07:00,2441.4365234375,0
2017-12-28 00:00:00+07:00,2496.454833984375,0
2017-12-29 00:00:00+07:00,2503.33203125,0
2018-01-02 00:00:00+07:00,2496.454833984375,0
2018-01-03 00:00:00+07:00,2482.7001953125,0
2018-01-04 00:00:00+07:00,2441.4365234375,0
2018-01-05 00:00:00+07:00,2468.946044921875,0
2018-01-08 00:00:00+07:00,2468.946044921875,0
2018-01-09 00:00:00+07:00,2455.19091796875,0
2018-01-10 00:00:00+07:00,2427.68212890625,0
2018-01-11 00:00:00+07:00,2434.5595703125,0
2018-01-12 00:00:00+07:00,2434.5595703125,0
2018-01-15 00:00:00+07:00,2441.4365234375,0
2018-01-16 00:00:00+07:00,2482.7001953125,0
2018-01-17 00:00:00+07:00,2496.454833984375,0
2018-01-18 00:00:00+07:00,2489.57763671875,0
2018-01-19 00:00:00+07:00,2489.57763671875,0
2018-01-22 00:00:00+07:00,2510.208984375,0
2018-01-23 00:00:00+07:00,2695.896240234375,1
2018-01-24 00:00:00+07:00,2634.000732421875,0
2018-01-25 00:00:00+07:00,2592.737060546875,0
2018-01-26 00:00:00+07:00,2647.7548828125,0
2018-01-29 00:00:00+07:00,2613.368896484375,0
2018-01-30 00:00:00+07:00,2558.3505859375,0
2018-01-31 00:00:00+07:00,2544.595947265625,0
2018-02-01 00:00:00+07:00,2544.595947265625,0
2018-02-02 00:00:00+07:00,2572.10498046875,0
2018-02-05 00:00:00+07:00,2599.614013671875,0
2018-02-06 00:00:00+07:00,2530.841064453125,0
2018-02-07 00:00:00+07:00,2544.595947265625,0
2018-02-08 00:00:00+07:00,2558.3505859375,0
2018-02-09 00:00:00+07:00,2551.472900390625,0
2018-02-12 00:00:00+07:00,2613.368896484375,0
2018-02-13 00:00:00+07:00,2668.386962890625,0
2018-02-14 00:00:00+07:00,2654.63232421875,0
2018-02-15 00:00:00+07:00,2640.877685546875,0
2018-02-19 00:00:00+07:00,2654.63232421875,0
2018-02-20 00:00:00+07:00,2613.368896484375,0
2018-02-21 00:00:00+07:00,2613.368896484375,0
2018-02-22 00:00:00+07:00,2592.737060546875,0
2018-02-23 00:00:00+07:00,2606.49169921875,0
2018-02-26 00:00:00+07:00,2572.10498046875,0
2018-02-27 00:00:00+07:00,2592.737060546875,0
2018-02-28 00:00:00+07:00,2599.614013671875,0
2018-03-01 00:00:00+07:00,2606.49169921875,0
2018-03-02 00:00:00+07:00,2606.49169921875,0
2018-03-05 00:00:00+07:00,2592.737060546875,0
2018-03-06 00:00:00+07:00,2565.227783203125,0
2018-03-07 00:00:00+07:00,2517.086669921875,0
2018-03-08 00:00:00+07:00,2592.737060546875,0
2018-03-09 00:00:00+07:00,2537.71826171875,0
2018-03-12 00:00:00+07:00,2585.859619140625,0
2018-03-13 00:00:00+07:00,2585.859619140625,0
2018-03-14 00:00:00+07:00,2578.982421875,0
2018-03-15 00:00:00+07:00,2503.33203125,0
2018-03-16 00:00:00+07:00,2530.841064453125,0
2018-03-19 00:00:00+07:00,2537.71826171875,0
2018-03-20 00:00:00+07:00,2572.10498046875,0
2018-03-21 00:00:00+07:00,2620.245849609375,0
2018-03-22 00:00:00+07:00,2523.9638671875,0
2018-03-23 00:00:00+07:00,2475.822998046875,0
2018-03-26 00:00:00+07:00,2475.822998046875,0
2018-03-27 00:00:00+07:00,2475.822998046875,0
2018-03-28 00:00:00+07:00,2441.4365234375,0
2018-03-29 00:00:00+07:00,2475.822998046875,0
2018-04-02 00:00:00+07:00,2551.479248046875,0
2018-04-03 00:00:00+07:00,2551.479248046875,0
2018-04-04 00:00:00+07:00,2473.51708984375,0
2018-04-05 00:00:00+07:00,2459.34228515625,0
2018-04-06 00:00:00+07:00,2466.4296875,0
2018-04-09 00:00:00+07:00,2501.866943359375,0
2018-04-10 00:00:00+07:00,2537.304443359375,0
2018-04-11 00:00:00+07:00,2586.916015625,0
2018-04-12 00:00:00+07:00,2544.391845703125,0
2018-04-13 00:00:00+07:00,2516.0419921875,0
2018-04-16 00:00:00+07:00,2516.0419921875,0
2018-04-17 00:00:00+07:00,2516.0419921875,0
2018-04-18 00:00:00+07:00,2594.003662109375,0
2018-04-19 00:00:00+07:00,2594.003662109375,0
2018-04-20 00:00:00+07:00,2594.003662109375,0
2018-04-23 00:00:00+07:00,2537.304443359375,0
2018-04-24 00:00:00+07:00,2473.51708984375,0
2018-04-25 00:00:00+07:00,2473.51708984375,0
2018-04-26 00:00:00+07:00,2473.51708984375,1
2018-04-27 00:00:00+07:00,2473.51708984375,0
2018-04-30 00:00:00+07:00,2282.156005859375,1
2018-05-02 00:00:00+07:00,2289.24365234375,0
2018-05-03 00:00:00+07:00,2232.54443359375,0
2018-05-04 00:00:00+07:00,2147.4951171875,0
2018-05-07 00:00:00+07:00,2161.669677734375,0
2018-05-08 00:00:00+07:00,2175.8447265625,0
2018-05-09 00:00:00+07:00,2275.06884765625,0
2018-05-11 00:00:00+07:00,2239.6318359375,0
2018-05-14 00:00:00+07:00,2260.89404296875,0
2018-05-15 00:00:00+07:00,2175.8447265625,0
2018-05-16 00:00:00+07:00,2175.8447265625,0
2018-05-17 00:00:00+07:00,2119.145263671875,0
2018-05-18 00:00:00+07:00,2083.7080078125,0
2018-05-21 00:00:00+07:00,1956.1337890625,1
2018-05-22 00:00:00+07:00,1927.784423828125,0
2018-05-23 00:00:00+07:00,2041.18310546875,1
2018-05-24 00:00:00+07:00,2168.757080078125,0
2018-05-25 00:00:00+07:00,2211.2822265625,0
2018-05-28 00:00:00+07:00,2303.418701171875,0
2018-05-30 00:00:00+07:00,2225.456787109375,0
2018-05-31 00:00:00+07:00,2182.93212890625,0
2018-06-04 00:00:00+07:00,2218.369384765625,0
2018-06-05 00:00:00+07:00,2204.194580078125,0
2018-06-06 00:00:00+07:00,2232.54443359375,0
2018-06-07 00:00:00+07:00,2317.59375,0
2018-06-08 00:00:00+07:00,2225.456787109375,0
2018-06-20 00:00:00+07:00,2097.8828125,0
2018-06-21 00:00:00+07:00,2062.445556640625,0
2018-06-22 00:00:00+07:00,2112.057861328125,0
2018-06-25 00:00:00+07:00,2048.270751953125,1
2018-06-26 00:00:00+07:00,1998.6585693359375,0
2018-06-27 00:00:00+07:00,2012.8336181640625,0
2018-06-28 00:00:00+07:00,1949.046630859375,0
2018-06-29 00:00:00+07:00,2012.8336181640625,0
2018-07-02 00:00:00+07:00,2019.9210205078125,0
2018-07-03 00:00:00+07:00,2005.7459716796875,0
2018-07-04 00:00:00+07:00,2076.620361328125,0
2018-07-05 00:00:00+07:00,2062.445556640625,0
2018-07-06 00:00:00+07:00,2012.8336181640625,0
2018-07-09 00:00:00+07:00,2133.320068359375,0
2018-07-10 00:00:00+07:00,2161.669677734375,0
2018-07-11 00:00:00+07:00,2119.145263671875,0
2018-07-12 00:00:00+07:00,2104.97021484375,0
2018-07-13 00:00:00+07:00,2104.97021484375,0
2018-07-16 00:00:00+07:00,2104.97021484375,0
2018-07-17 00:00:00+07:00,2034.095947265625,0
2018-07-18 00:00:00+07:00,2019.9210205078125,0
2018-07-19 00:00:00+07:00,2048.270751953125,0
2018-07-20 00:00:00+07:00,2112.057861328125,0
2018-07-23 00:00:00+07:00,2154.58251953125,0
2018-07-24 00:00:00+07:00,2133.320068359375,0
2018-07-25 00:00:00+07:00,2119.145263671875,0
2018-07-26 00:00:00+07:00,2154.58251953125,0
2018-07-27 00:00:00+07:00,2190.01953125,0
2018-07-30 00:00:00+07:00,2182.93212890625,0
2018-07-31 00:00:00+07:00,2175.8447265625,0
2018-08-01 00:00:00+07:00,2260.89404296875,0
2018-08-02 00:00:00+07:00,2303.418701171875,0
2018-08-03 00:00:00+07:00,2360.117919921875,0
2018-08-06 00:00:00+07:00,2416.81787109375,0
2018-08-07 00:00:00+07:00,2374.293212890625,0
2018-08-08 00:00:00+07:00,2360.117919921875,0
2018-08-09 00:00:00+07:00,2360.117919921875,0
2018-08-10 00:00:00+07:00,2402.64306640625,0
2018-08-13 00:00:00+07:00,2225.456787109375,0
2018-08-14 00:00:00+07:00,2218.369384765625,0
2018-08-15 00:00:00+07:00,2275.06884765625,0
2018-08-16 00:00:00+07:00,2161.669677734375,1
2018-08-20 00:00:00+07:00,2253.806396484375,0
2018-08-21 00:00:00+07:00,2232.54443359375,0
2018-08-23 00:00:00+07:00,2317.59375,0
2018-08-24 00:00:00+07:00,2317.59375,0
2018-08-27 00:00:00+07:00,2395.55517578125,0
2018-08-28 00:00:00+07:00,2360.117919921875,0
2018-08-29 00:00:00+07:00,2331.7685546875,0
2018-08-30 00:00:00+07:00,2260.89404296875,0
2018-08-31 00:00:00+07:00,2253.806396484375,0
2018-09-03 00:00:00+07:00,2246.71923828125,0
2018-09-04 00:00:00+07:00,2204.194580078125,0
2018-09-05 00:00:00+07:00,2076.620361328125,0
2018-09-06 00:00:00+07:00,2097.8828125,0
2018-09-07 00:00:00+07:00,2147.4951171875,0
2018-09-10 00:00:00+07:00,2104.97021484375,0
2018-09-12 00:00:00+07:00,2062.445556640625,0
2018-09-13 00:00:00+07:00,2126.232421875,0
2018-09-14 00:00:00+07:00,2175.8447265625,0
2018-09-17 00:00:00+07:00,2104.97021484375,0
2018-09-18 00:00:00+07:00,2083.7080078125,0
2018-09-19 00:00:00+07:00,2126.232421875,0
2018-09-20 00:00:00+07:00,2190.01953125,0
2018-09-21 00:00:00+07:00,2211.2822265625,0
2018-09-24 00:00:00+07:00,2133.320068359375,0
2018-09-25 00:00:00+07:00,2147.4951171875,0
2018-09-26 00:00:00+07:00,2119.145263671875,0
2018-09-27 00:00:00+07:00,2175.8447265625,0
2018-09-28 00:00:00+07:00,2232.54443359375,0
2018-10-01 00:00:00+07:00,2253.806396484375,0
2018-10-02 00:00:00+07:00,2204.194580078125,0
2018-10-03 00:00:00+07:00,2197.10693359375,0
2018-10-04 00:00:00+07:00,2126.232421875,0
2018-10-05 00:00:00+07:00,2112.057861328125,0
2018-10-08 00:00:00+07:00,2104.97021484375,0
2018-10-09 00:00:00+07:00,2140.407470703125,0
2018-10-10 00:00:00+07:00,2133.320068359375,0
2018-10-11 00:00:00+07:00,2062.445556640625,0
2018-10-12 00:00:00+07:00,2090.79541015625,0
2018-10-15 00:00:00+07:00,2126.232421875,0
2018-10-16 00:00:00+07:00,2126.232421875,0
2018-10-17 00:00:00+07:00,2175.8447265625,0
2018-10-18 00:00:00+07:00,2190.01953125,0
2018-10-19 00:00:00+07:00,2140.407470703125,0
2018-10-22 00:00:00+07:00,2161.669677734375,0
2018-10-23 00:00:00+07:00,2140.407470703125,0
2018-10-24 00:00:00+07:00,2090.79541015625,0
2018-10-25 00:00:00+07:00,2126.232421875,0
2018-10-26 00:00:00+07:00,2119.145263671875,0
2018-10-29 00:00:00+07:00,2090.79541015625,0
2018-10-30 00:00:00+07:00,2147.4951171875,0
2018-10-31 00:00:00+07:00,2232.54443359375,0
2018-11-01 00:00:00+07:00,2267.9814453125,0
2018-11-02 00:00:00+07:00,2324.68115234375,0
2018-11-05 00:00:00+07:00,2317.59375,0
2018-11-06 00:00:00+07:00,2360.117919921875,0
2018-11-07 00:00:00+07:00,2388.468017578125,0
2018-11-08 00:00:00+07:00,2445.167236328125,0
2018-11-09 00:00:00+07:00,2367.20556640625,0
2018-11-12 00:00:00+07:00,2324.68115234375,0
2018-11-13 00:00:00+07:00,2374.293212890625,0
2018-11-14 00:00:00+07:00,2374.293212890625,0
2018-11-15 00:00:00+07:00,2416.81787109375,0
2018-11-16 00:00:00+07:00,2473.51708984375,0
2018-11-19 00:00:00+07:00,2494.779541015625,0
2018-11-21 00:00:00+07:00,2430.99267578125,0
2018-11-22 00:00:00+07:00,2516.0419921875,0
2018-11-23 00:00:00+07:00,2466.4296875,0
2018-11-26 00:00:00+07:00,2508.95458984375,0
2018-11-27 00:00:00+07:00,2551.479248046875,0
2018-11-28 00:00:00+07:00,2586.916015625,0
2018-11-29 00:00:00+07:00,2629.44140625,0
2018-11-30 00:00:00+07:00,2565.65380859375,0
2018-12-03 00:00:00+07:00,2615.266357421875,0
2018-12-04 00:00:00+07:00,2629.44140625,0
2018-12-05 00:00:00+07:00,2586.916015625,0
2018-12-06 00:00:00+07:00,2586.916015625,0
2018-12-07 00:00:00+07:00,2565.65380859375,0
2018-12-10 00:00:00+07:00,2558.56640625,0
2018-12-11 00:00:00+07:00,2565.65380859375,0
2018-12-12 00:00:00+07:00,2565.65380859375,0
2018-12-13 00:00:00+07:00,2608.1787109375,0
2018-12-14 00:00:00+07:00,2608.1787109375,0
2018-12-17 00:00:00+07:00,2551.479248046875,0
2018-12-18 00:00:00+07:00,2572.7412109375,0
2018-12-19 00:00:00+07:00,2601.09130859375,0
2018-12-20 00:00:00+07:00,2586.916015625,0
2018-12-21 00:00:00+07:00,2565.65380859375,0
2018-12-26 00:00:00+07:00,2551.479248046875,0
2018-12-27 00:00:00+07:00,2594.003662109375,0
2018-12-28 00:00:00+07:00,2594.003662109375,0
2019-01-02 00:00:00+07:00,2558.56640625,0
2019-01-03 00:00:00+07:00,2565.65380859375,0
2019-01-04 00:00:00+07:00,2594.003662109375,0
2019-01-07 00:00:00+07:00,2594.003662109375,0
2019-01-08 00:00:00+07:00,2608.1787109375,0
2019-01-09 00:00:00+07:00,2636.528564453125,0
2019-01-10 00:00:00+07:00,2657.790771484375,0
2019-01-11 00:00:00+07:00,2643.615966796875,0
2019-01-14 00:00:00+07:00,2686.140380859375,0
2019-01-15 00:00:00+07:00,2679.052978515625,0
2019-01-16 00:00:00+07:00,2679.052978515625,0
2019-01-17 00:00:00+07:00,2700.315185546875,0
2019-01-18 00:00:00+07:00,2707.403076171875,0
2019-01-21 00:00:00+07:00,2693.227783203125,0
2019-01-22 00:00:00+07:00,2671.96533203125,0
2019-01-23 00:00:00+07:00,2671.96533203125,0
2019-01-24 00:00:00+07:00,2686.140380859375,0
2019-01-25 00:00:00+07:00,2679.052978515625,0
2019-01-28 00:00:00+07:00,2679.052978515625,0
2019-01-29 00:00:00+07:00,2615.266357421875,0
2019-01-30 00:00:00+07:00,2657.790771484375,0
2019-01-31 00:00:00+07:00,2728.665283203125,0
2019-02-01 00:00:00+07:00,2778.277099609375,0
2019-02-04 00:00:00+07:00,2764.10205078125,0
2019-02-06 00:00:00+07:00,2778.277099609375,0
2019-02-07 00:00:00+07:00,2785.36474609375,0
2019-02-08 00:00:00+07:00,2757.014892578125,0
2019-02-11 00:00:00+07:00,2742.840087890625,0
2019-02-12 00:00:00+07:00,2728.665283203125,0
2019-02-13 00:00:00+07:00,2686.140380859375,0
2019-02-14 00:00:00+07:00,2693.227783203125,0
2019-02-15 00:00:00+07:00,2671.96533203125,0
2019-02-18 00:00:00+07:00,2721.577880859375,0
2019-02-19 00:00:00+07:00,2771.189697265625,0
2019-02-20 00:00:00+07:00,2757.014892578125,0
2019-02-21 00:00:00+07:00,2771.189697265625,0
2019-02-22 00:00:00+07:00,2764.10205078125,0
2019-02-25 00:00:00+07:00,2806.62744140625,0
2019-02-26 00:00:00+07:00,2792.4521484375,0
2019-02-27 00:00:00+07:00,2742.840087890625,0
2019-02-28 00:00:00+07:00,2728.665283203125,0
2019-03-01 00:00:00+07:00,2742.840087890625,0
2019-03-04 00:00:00+07:00,2749.927734375,0
2019-03-05 00:00:00+07:00,2735.752685546875,0
2019-03-06 00:00:00+07:00,2764.10205078125,0
2019-03-08 00:00:00+07:00,2728.665283203125,0
2019-03-11 00:00:00+07:00,2735.752685546875,0
2019-03-12 00:00:00+07:00,2721.577880859375,0
2019-03-13 00:00:00+07:00,2686.140380859375,0
2019-03-14 00:00:00+07:00,2721.577880859375,0
2019-03-15 00:00:00+07:00,2799.53955078125,0
2019-03-18 00:00:00+07:00,2834.976806640625,0
2019-03-19 00:00:00+07:00,2820.802001953125,0
2019-03-20 00:00:00+07:00,2827.88916015625,0
2019-03-21 00:00:00+07:00,2827.88916015625,0
2019-03-22 00:00:00+07:00,2870.4140625,0
2019-03-25 00:00:00+07:00,2842.064208984375,0
2019-03-26 00:00:00+07:00,2877.50146484375,0
2019-03-27 00:00:00+07:00,2870.4140625,0
2019-03-28 00:00:00+07:00,2884.588623046875,0
2019-03-29 00:00:00+07:00,2912.938720703125,0
2019-04-01 00:00:00+07:00,2941.288330078125,0
2019-04-02 00:00:00+07:00,2941.288330078125,0
2019-04-04 00:00:00+07:00,2990.900390625,0
2019-04-05 00:00:00+07:00,3026.337890625,0
2019-04-08 00:00:00+07:00,3012.162841796875,0
2019-04-09 00:00:00+07:00,3047.600341796875,0
2019-04-10 00:00:00+07:00,3054.6875,0
2019-04-11 00:00:00+07:00,3047.600341796875,0
2019-04-12 00:00:00+07:00,3054.6875,0
2019-04-15 00:00:00+07:00,3083.037109375,0
2019-04-16 00:00:00+07:00,3075.94970703125,0
2019-04-18 00:00:00+07:00,3160.9990234375,0
2019-04-22 00:00:00+07:00,3146.82421875,0
2019-04-23 00:00:00+07:00,3139.73681640625,0
2019-04-24 00:00:00+07:00,3118.474609375,0
2019-04-25 00:00:00+07:00,3068.862548828125,0
2019-04-26 00:00:00+07:00,3068.862548828125,0
2019-04-29 00:00:00+07:00,3075.94970703125,0
2019-04-30 00:00:00+07:00,3097.212158203125,0
2019-05-02 00:00:00+07:00,3097.212158203125,0
2019-05-03 00:00:00+07:00,3104.299560546875,0
2019-05-06 00:00:00+07:00,2997.988037109375,0
2019-05-07 00:00:00+07:00,3012.162841796875,0
2019-05-08 00:00:00+07:00,2990.900390625,0
2019-05-09 00:00:00+07:00,2920.026123046875,0
2019-05-10 00:00:00+07:00,2920.026123046875,0
2019-05-13 00:00:00+07:00,2905.851318359375,0
2019-05-14 00:00:00+07:00,2870.4140625,0
2019-05-15 00:00:00+07:00,2757.014892578125,0
2019-05-16 00:00:00+07:00,2735.752685546875,0
2019-05-17 00:00:00+07:00,2686.140380859375,0
2019-05-20 00:00:00+07:00,2657.790771484375,0
2019-05-21 00:00:00+07:00,2657.790771484375,0
2019-05-22 00:00:00+07:00,2671.96533203125,0
2019-05-23 00:00:00+07:00,2728.665283203125,0
2019-05-24 00:00:00+07:00,2825.67333984375,0
2019-05-27 00:00:00+07:00,2877.049072265625,0
2019-05-28 00:00:00+07:00,2796.3154296875,0
2019-05-29 00:00:00+07:00,2891.72802734375,0
2019-05-31 00:00:00+07:00,3009.15869140625,0
2019-06-10 00:00:00+07:00,3104.571044921875,0
2019-06-11 00:00:00+07:00,3104.571044921875,0
2019-06-12 00:00:00+07:00,3089.89208984375,0
2019-06-13 00:00:00+07:00,3082.552490234375,0
2019-06-14 00:00:00+07:00,3104.571044921875,0
2019-06-17 00:00:00+07:00,3082.552490234375,0
2019-06-18 00:00:00+07:00,3126.589111328125,0
2019-06-19 00:00:00+07:00,3148.607421875,0
2019-06-20 00:00:00+07:00,3163.2861328125,0
2019-06-21 00:00:00+07:00,3199.9833984375,0
2019-06-24 00:00:00+07:00,3163.2861328125,0
2019-06-25 00:00:00+07:00,3177.965087890625,0
2019-06-26 00:00:00+07:00,3199.9833984375,0
2019-06-27 00:00:00+07:00,3214.662109375,0
2019-06-28 00:00:00+07:00,3199.9833984375,0
2019-07-01 00:00:00+07:00,3244.01953125,0
2019-07-02 00:00:00+07:00,3236.680419921875,0
2019-07-03 00:00:00+07:00,3229.341064453125,0
2019-07-04 00:00:00+07:00,3222.001708984375,0
2019-07-05 00:00:00+07:00,3229.341064453125,0
2019-07-08 00:00:00+07:00,3229.341064453125,0
2019-07-09 00:00:00+07:00,3236.680419921875,0
2019-07-10 00:00:00+07:00,3280.716552734375,0
2019-07-11 00:00:00+07:00,3310.074462890625,0
2019-07-12 00:00:00+07:00,3310.074462890625,0
2019-07-15 00:00:00+07:00,3324.75341796875,0
2019-07-16 00:00:00+07:00,3339.43212890625,0
2019-07-17 00:00:00+07:00,3317.413818359375,0
2019-07-18 00:00:00+07:00,3266.0380859375,0
2019-07-19 00:00:00+07:00,3288.05615234375,0
2019-07-22 00:00:00+07:00,3302.7353515625,0
2019-07-23 00:00:00+07:00,3295.395263671875,0
2019-07-24 00:00:00+07:00,3266.0380859375,0
2019-07-25 00:00:00+07:00,3273.377197265625,0
2019-07-26 00:00:00+07:00,3258.698486328125,0
2019-07-29 00:00:00+07:00,3273.377197265625,0
2019-07-30 00:00:00+07:00,3302.7353515625,0
2019-07-31 00:00:00+07:00,3288.05615234375,0
2019-08-01 00:00:00+07:00,3266.0380859375,0
2019-08-02 00:00:00+07:00,3266.0380859375,0
2019-08-05 00:00:00+07:00,3133.9287109375,0
2019-08-06 00:00:00+07:00,3009.15869140625,0
2019-08-07 00:00:00+07:00,3119.249755859375,0
2019-08-08 00:00:00+07:00,3148.607421875,0
2019-08-09 00:00:00+07:00,3177.965087890625,0
2019-08-12 00:00:00+07:00,3155.947021484375,0
2019-08-13 00:00:00+07:00,3141.268310546875,0
2019-08-14 00:00:00+07:00,3177.965087890625,0
2019-08-15 00:00:00+07:00,3119.249755859375,0
2019-08-16 00:00:00+07:00,3089.89208984375,0
2019-08-19 00:00:00+07:00,3067.873779296875,0
2019-08-20 00:00:00+07:00,3009.15869140625,0
2019-08-21 00:00:00+07:00,2972.46142578125,0
2019-08-22 00:00:00+07:00,2987.14013671875,0
2019-08-23 00:00:00+07:00,2994.47998046875,0
2019-08-26 00:00:00+07:00,2987.14013671875,0
2019-08-27 00:00:00+07:00,3082.552490234375,0
2019-08-28 00:00:00+07:00,3075.21337890625,0
2019-08-29 00:00:00+07:00,3082.552490234375,0
2019-08-30 00:00:00+07:00,3133.9287109375,0
2019-09-02 00:00:00+07:00,3097.2314453125,0
2019-09-03 00:00:00+07:00,3045.85546875,0
2019-09-04 00:00:00+07:00,3053.1953125,0
2019-09-05 00:00:00+07:00,3097.2314453125,0
2019-09-06 00:00:00+07:00,3133.9287109375,0
2019-09-09 00:00:00+07:00,3060.534423828125,0
2019-09-10 00:00:00+07:00,3075.21337890625,0
2019-09-11 00:00:00+07:00,3119.249755859375,0
2019-09-12 00:00:00+07:00,3141.268310546875,0
2019-09-13 00:00:00+07:00,3163.2861328125,0
2019-09-16 00:00:00+07:00,3075.21337890625,0
2019-09-17 00:00:00+07:00,3119.249755859375,0
2019-09-18 00:00:00+07:00,3111.909912109375,0
2019-09-19 00:00:00+07:00,3097.2314453125,0
2019-09-20 00:00:00+07:00,3053.1953125,0
2019-09-23 00:00:00+07:00,3067.873779296875,0
2019-09-24 00:00:00+07:00,3016.498046875,0
2019-09-25 00:00:00+07:00,2994.47998046875,0
2019-09-26 00:00:00+07:00,3089.89208984375,0
2019-09-27 00:00:00+07:00,3067.873779296875,0
2019-09-30 00:00:00+07:00,3023.83740234375,0
2019-10-01 00:00:00+07:00,2987.14013671875,0
2019-10-02 00:00:00+07:00,2884.388671875,0
2019-10-03 00:00:00+07:00,2796.3154296875,0
2019-10-04 00:00:00+07:00,2899.0673828125,0
2019-10-07 00:00:00+07:00,2862.369873046875,0
2019-10-08 00:00:00+07:00,2884.388671875,0
2019-10-09 00:00:00+07:00,2906.4072265625,0
2019-10-10 00:00:00+07:00,2855.03076171875,0
2019-10-11 00:00:00+07:00,2877.049072265625,0
2019-10-14 00:00:00+07:00,2877.049072265625,0
2019-10-15 00:00:00+07:00,2891.72802734375,0
2019-10-16 00:00:00+07:00,2928.4248046875,0
2019-10-17 00:00:00+07:00,2972.46142578125,0
2019-10-18 00:00:00+07:00,3060.534423828125,0
2019-10-21 00:00:00+07:00,3023.83740234375,0
2019-10-22 00:00:00+07:00,3038.516357421875,0
2019-10-23 00:00:00+07:00,3067.873779296875,0
2019-10-24 00:00:00+07:00,3155.947021484375,0
2019-10-25 00:00:00+07:00,3104.571044921875,0
2019-10-28 00:00:00+07:00,3104.571044921875,0
2019-10-29 00:00:00+07:00,3104.571044921875,0
2019-10-30 00:00:00+07:00,3119.249755859375,0
2019-10-31 00:00:00+07:00,3089.89208984375,0
2019-11-01 00:00:00+07:00,3067.873779296875,0
2019-11-04 00:00:00+07:00,3053.1953125,0
2019-11-05 00:00:00+07:00,3155.947021484375,0
2019-11-06 00:00:00+07:00,3053.1953125,0
2019-11-07 00:00:00+07:00,2935.764404296875,0
2019-11-08 00:00:00+07:00,2928.4248046875,0
2019-11-11 00:00:00+07:00,2935.764404296875,0
2019-11-12 00:00:00+07:00,2935.764404296875,0
2019-11-13 00:00:00+07:00,2906.4072265625,0
2019-11-14 00:00:00+07:00,2891.72802734375,0
2019-11-15 00:00:00+07:00,3001.819091796875,0
2019-11-18 00:00:00+07:00,3023.83740234375,0
2019-11-19 00:00:00+07:00,3075.21337890625,0
2019-11-20 00:00:00+07:00,3097.2314453125,0
2019-11-21 00:00:00+07:00,3097.2314453125,0
2019-11-22 00:00:00+07:00,3089.89208984375,0
2019-11-25 00:00:00+07:00,3031.1767578125,0
2019-11-26 00:00:00+07:00,3045.85546875,0
2019-11-27 00:00:00+07:00,3060.534423828125,0
2019-11-28 00:00:00+07:00,2972.46142578125,0
2019-11-29 00:00:00+07:00,3001.819091796875,0
2019-12-02 00:00:00+07:00,3089.89208984375,0
2019-12-03 00:00:00+07:00,3060.534423828125,0
2019-12-04 00:00:00+07:00,3031.1767578125,0
2019-12-05 00:00:00+07:00,3097.2314453125,0
2019-12-06 00:00:00+07:00,3060.534423828125,0
2019-12-09 00:00:00+07:00,3067.873779296875,0
2019-12-10 00:00:00+07:00,3060.534423828125,0
2019-12-11 00:00:00+07:00,3089.89208984375,0
2019-12-12 00:00:00+07:00,3119.249755859375,0
2019-12-13 00:00:00+07:00,3141.268310546875,0
2019-12-16 00:00:00+07:00,3177.965087890625,0
2019-12-17 00:00:00+07:00,3192.6435546875,0
2019-12-18 00:00:00+07:00,3229.341064453125,0
2019-12-19 00:00:00+07:00,3192.6435546875,0
2019-12-20 00:00:00+07:00,3199.9833984375,0
2019-12-23 00:00:00+07:00,3266.0380859375,0
2019-12-26 00:00:00+07:00,3236.680419921875,0
2019-12-27 00:00:00+07:00,3251.359130859375,0
2019-12-30 00:00:00+07:00,3229.341064453125,0
2020-01-02 00:00:00+07:00,3236.680419921875,0
2020-01-03 00:00:00+07:00,3244.01953125,0
2020-01-06 00:00:00+07:00,3207.32275390625,0
2020-01-07 00:00:00+07:00,3229.341064453125,0
2020-01-08 00:00:00+07:00,3214.662109375,0
2020-01-09 00:00:00+07:00,3229.341064453125,0
2020-01-10 00:00:00+07:00,3236.680419921875,0
2020-01-13 00:00:00+07:00,3310.074462890625,0
2020-01-14 00:00:00+07:00,3354.11083984375,0
2020-01-15 00:00:00+07:00,3361.4501953125,0
2020-01-16 00:00:00+07:00,3354.11083984375,0
2020-01-17 00:00:00+07:00,3398.147216796875,0
2020-01-20 00:00:00+07:00,3420.16552734375,0
2020-01-21 00:00:00+07:00,3427.5048828125,0
2020-01-22 00:00:00+07:00,3456.86279296875,0
2020-01-23 00:00:00+07:00,3478.880615234375,0
2020-01-24 00:00:00+07:00,3478.880615234375,0
2020-01-27 00:00:00+07:00,3412.826416015625,0
2020-01-28 00:00:00+07:00,3390.8076171875,0
2020-01-29 00:00:00+07:00,3390.8076171875,0
2020-01-30 00:00:00+07:00,3361.4501953125,0
2020-01-31 00:00:00+07:00,3273.377197265625,0
2020-02-03 00:00:00+07:00,3273.377197265625,0
2020-02-04 00:00:00+07:00,3346.771240234375,0
2020-02-05 00:00:00+07:00,3346.771240234375,0
2020-02-06 00:00:00+07:00,3339.43212890625,0
2020-02-07 00:00:00+07:00,3339.43212890625,0
2020-02-10 00:00:00+07:00,3302.7353515625,0
2020-02-11 00:00:00+07:00,3310.074462890625,0
2020-02-12 00:00:00+07:00,3324.75341796875,0
2020-02-13 00:00:00+07:00,3354.11083984375,0
2020-02-14 00:00:00+07:00,3339.43212890625,0
2020-02-17 00:00:00+07:00,3280.716552734375,0
2020-02-18 00:00:00+07:00,3229.341064453125,0
2020-02-19 00:00:00+07:00,3288.05615234375,0
2020-02-20 00:00:00+07:00,3346.771240234375,0
2020-02-21 00:00:00+07:00,3310.074462890625,0
2020-02-24 00:00:00+07:00,3295.395263671875,0
2020-02-25 00:00:00+07:00,3302.7353515625,0
2020-02-26 00:00:00+07:00,3288.05615234375,0
2020-02-27 00:00:00+07:00,3149.42236328125,0
2020-02-28 00:00:00+07:00,3195.1767578125,1
2020-03-02 00:00:00+07:00,3035.03662109375,0
2020-03-03 00:00:00+07:00,3126.545166015625,0
2020-03-04 00:00:00+07:00,3218.0537109375,0
2020-03-05 00:00:00+07:00,3164.673583984375,0
2020-03-06 00:00:00+07:00,3057.91357421875,0
2020-03-09 00:00:00+07:00,2859.644775390625,0
2020-03-10 00:00:00+07:00,2981.656494140625,0
2020-03-11 00:00:00+07:00,2981.656494140625,0
2020-03-12 00:00:00+07:00,2752.884765625,0
2020-03-13 00:00:00+07:00,2836.767822265625,0
2020-03-16 00:00:00+07:00,2669.001708984375,0
2020-03-17 00:00:00+07:00,2485.985107421875,0
2020-03-18 00:00:00+07:00,2394.47607421875,0
2020-03-19 00:00:00+07:00,2234.335693359375,0
2020-03-20 00:00:00+07:00,2142.8271484375,1
2020-03-23 00:00:00+07:00,1997.938720703125,0
2020-03-24 00:00:00+07:00,1860.6756591796875,1
2020-03-26 00:00:00+07:00,2241.961669921875,1
2020-03-27 00:00:00+07:00,2463.107421875,0
2020-03-30 00:00:00+07:00,2295.341796875,0
2020-03-31 00:00:00+07:00,2302.967529296875,1
2020-04-01 00:00:00+07:00,2234.335693359375,0
2020-04-02 00:00:00+07:00,2188.581787109375,1
2020-04-03 00:00:00+07:00,2203.8330078125,0
2020-04-06 00:00:00+07:00,2302.967529296875,0
2020-04-07 00:00:00+07:00,2310.59326171875,0
2020-04-08 00:00:00+07:00,2150.452880859375,0
2020-04-09 00:00:00+07:00,2127.575927734375,0
2020-04-13 00:00:00+07:00,2112.32421875,0
2020-04-14 00:00:00+07:00,2211.458984375,0
2020-04-15 00:00:00+07:00,2104.698486328125,0
2020-04-16 00:00:00+07:00,1990.312744140625,0
2020-04-17 00:00:00+07:00,2158.07861328125,1
2020-04-20 00:00:00+07:00,2119.9501953125,0
2020-04-21 00:00:00+07:00,2074.196044921875,0
2020-04-22 00:00:00+07:00,2127.575927734375,0
2020-04-23 00:00:00+07:00,2135.201416015625,0
2020-04-24 00:00:00+07:00,2005.564208984375,0
2020-04-27 00:00:00+07:00,2028.4412841796875,0
2020-04-28 00:00:00+07:00,1975.0615234375,0
2020-04-29 00:00:00+07:00,1967.4359130859375,0
2020-04-30 00:00:00+07:00,2081.821533203125,0
2020-05-04 00:00:00+07:00,2005.564208984375,0
2020-05-05 00:00:00+07:00,2005.564208984375,0
2020-05-06 00:00:00+07:00,1997.938720703125,0
2020-05-08 00:00:00+07:00,1975.0615234375,0
2020-05-11 00:00:00+07:00,1997.938720703125,0
2020-05-12 00:00:00+07:00,1898.8040771484375,1
2020-05-13 00:00:00+07:00,1883.552978515625,0
2020-05-14 00:00:00+07:00,1792.044189453125,1
2020-05-15 00:00:00+07:00,1708.1612548828125,1
2020-05-18 00:00:00+07:00,1654.7811279296875,0
2020-05-19 00:00:00+07:00,1807.2955322265625,1
2020-05-20 00:00:00+07:00,1891.178466796875,1
2020-05-26 00:00:00+07:00,1921.68115234375,0
2020-05-27 00:00:00+07:00,2005.564208984375,1
2020-05-28 00:00:00+07:00,2081.821533203125,0
2020-05-29 00:00:00+07:00,2249.58740234375,1
2020-06-02 00:00:00+07:00,2424.978759765625,1
2020-06-03 00:00:00+07:00,2363.972900390625,1
2020-06-04 00:00:00+07:00,2333.47021484375,0
2020-06-05 00:00:00+07:00,2371.598876953125,0
2020-06-08 00:00:00+07:00,2516.487548828125,0
2020-06-09 00:00:00+07:00,2447.85595703125,0
2020-06-10 00:00:00+07:00,2310.59326171875,0
2020-06-11 00:00:00+07:00,2264.838623046875,0
2020-06-12 00:00:00+07:00,2310.59326171875,0
2020-06-15 00:00:00+07:00,2211.458984375,0
2020-06-16 00:00:00+07:00,2386.850341796875,0
2020-06-17 00:00:00+07:00,2363.972900390625,0
2020-06-18 00:00:00+07:00,2325.844482421875,0
2020-06-19 00:00:00+07:00,2363.972900390625,0
2020-06-22 00:00:00+07:00,2333.47021484375,0
2020-06-23 00:00:00+07:00,2295.341796875,0
2020-06-24 00:00:00+07:00,2379.224853515625,0
2020-06-25 00:00:00+07:00,2333.47021484375,0
2020-06-26 00:00:00+07:00,2310.59326171875,0
2020-06-29 00:00:00+07:00,2318.218994140625,0
2020-06-30 00:00:00+07:00,2310.59326171875,0
2020-07-01 00:00:00+07:00,2333.47021484375,0
2020-07-02 00:00:00+07:00,2333.47021484375,0
2020-07-03 00:00:00+07:00,2325.844482421875,0
2020-07-06 00:00:00+07:00,2318.218994140625,0
2020-07-07 00:00:00+07:00,2310.59326171875,0
2020-07-08 00:00:00+07:00,2432.604736328125,0
2020-07-09 00:00:00+07:00,2394.47607421875,0
2020-07-10 00:00:00+07:00,2371.598876953125,0
2020-07-13 00:00:00+07:00,2409.727783203125,0
2020-07-14 00:00:00+07:00,2417.353271484375,0
2020-07-15 00:00:00+07:00,2386.850341796875,0
2020-07-16 00:00:00+07:00,2394.47607421875,0
2020-07-17 00:00:00+07:00,2363.972900390625,0
2020-07-20 00:00:00+07:00,2325.844482421875,0
2020-07-21 00:00:00+07:00,2402.10205078125,0
2020-07-22 00:00:00+07:00,2363.972900390625,0
2020-07-23 00:00:00+07:00,2394.47607421875,0
2020-07-24 00:00:00+07:00,2356.347412109375,0
2020-07-27 00:00:00+07:00,2402.10205078125,0
2020-07-28 00:00:00+07:00,2394.47607421875,0
2020-07-29 00:00:00+07:00,2379.224853515625,0
2020-07-30 00:00:00+07:00,2409.727783203125,0
2020-08-03 00:00:00+07:00,2280.09033203125,0
2020-08-04 00:00:00+07:00,2348.7216796875,0
2020-08-05 00:00:00+07:00,2348.7216796875,0
2020-08-06 00:00:00+07:00,2371.598876953125,0
2020-08-07 00:00:00+07:00,2371.598876953125,0
2020-08-10 00:00:00+07:00,2386.850341796875,0
2020-08-11 00:00:00+07:00,2432.604736328125,0
2020-08-12 00:00:00+07:00,2554.6162109375,1
2020-08-13 00:00:00+07:00,2539.364501953125,0
2020-08-14 00:00:00+07:00,2546.990478515625,0
2020-08-18 00:00:00+07:00,2684.25341796875,1
2020-08-19 00:00:00+07:00,2714.756103515625,0
2020-08-24 00:00:00+07:00,2775.761962890625,0
2020-08-25 00:00:00+07:00,2897.7734375,0
2020-08-26 00:00:00+07:00,2852.01904296875,0
2020-08-27 00:00:00+07:00,2821.516357421875,0
2020-08-28 00:00:00+07:00,2813.890869140625,0
2020-08-31 00:00:00+07:00,2676.6279296875,0
2020-09-01 00:00:00+07:00,2752.884765625,0
2020-09-02 00:00:00+07:00,2791.013427734375,0
2020-09-03 00:00:00+07:00,2730.0078125,0
2020-09-04 00:00:00+07:00,2707.130615234375,0
2020-09-07 00:00:00+07:00,2676.6279296875,0
2020-09-08 00:00:00+07:00,2684.25341796875,0
2020-09-09 00:00:00+07:00,2600.37060546875,0
2020-09-10 00:00:00+07:00,2424.978759765625,0
2020-09-11 00:00:00+07:00,2478.35888671875,0
2020-09-14 00:00:00+07:00,2623.247802734375,0
2020-09-15 00:00:00+07:00,2539.364501953125,0
2020-09-16 00:00:00+07:00,2485.985107421875,0
2020-09-17 00:00:00+07:00,2440.23046875,0
2020-09-18 00:00:00+07:00,2455.4814453125,0
2020-09-21 00:00:00+07:00,2432.604736328125,0
2020-09-22 00:00:00+07:00,2386.850341796875,0
2020-09-23 00:00:00+07:00,2348.7216796875,0
2020-09-24 00:00:00+07:00,2310.59326171875,0
2020-09-25 00:00:00+07:00,2409.727783203125,0
2020-09-28 00:00:00+07:00,2356.347412109375,0
2020-09-29 00:00:00+07:00,2318.218994140625,0
2020-09-30 00:00:00+07:00,2318.218994140625,0
2020-10-01 00:00:00+07:00,2409.727783203125,0
2020-10-02 00:00:00+07:00,2363.972900390625,0
2020-10-05 00:00:00+07:00,2409.727783203125,0
2020-10-06 00:00:00+07:00,2432.604736328125,0
2020-10-07 00:00:00+07:00,2379.224853515625,0
2020-10-08 00:00:00+07:00,2402.10205078125,0
2020-10-09 00:00:00+07:00,2402.10205078125,0
2020-10-12 00:00:00+07:00,2432.604736328125,0
2020-10-13 00:00:00+07:00,2501.236083984375,0
2020-10-14 00:00:00+07:00,2562.241943359375,0
2020-10-15 00:00:00+07:00,2524.113037109375,0
2020-10-16 00:00:00+07:00,2478.35888671875,0
2020-10-19 00:00:00+07:00,2501.236083984375,0
2020-10-20 00:00:00+07:00,2478.35888671875,0
2020-10-21 00:00:00+07:00,2470.7333984375,0
2020-10-22 00:00:00+07:00,2516.487548828125,0
2020-10-23 00:00:00+07:00,2508.86181640625,0
2020-10-26 00:00:00+07:00,2546.990478515625,0
2020-10-27 00:00:00+07:00,2562.241943359375,0
2020-11-02 00:00:00+07:00,2577.4931640625,0
2020-11-03 00:00:00+07:00,2577.4931640625,0
2020-11-04 00:00:00+07:00,2508.86181640625,0
2020-11-05 00:00:00+07:00,2661.376220703125,0
2020-11-06 00:00:00+07:00,2714.756103515625,0
2020-11-09 00:00:00+07:00,2813.890869140625,0
2020-11-10 00:00:00+07:00,3050.287841796875,1
2020-11-11 00:00:00+07:00,3141.796630859375,0
2020-11-12 00:00:00+07:00,3012.159423828125,0
2020-11-13 00:00:00+07:00,3050.287841796875,0
2020-11-16 00:00:00+07:00,3019.785400390625,0
2020-11-17 00:00:00+07:00,3019.785400390625,0
2020-11-18 00:00:00+07:00,3080.790771484375,0
2020-11-19 00:00:00+07:00,3080.790771484375,0
2020-11-20 00:00:00+07:00,3065.539306640625,0
2020-11-23 00:00:00+07:00,3111.2939453125,0
2020-11-24 00:00:00+07:00,3202.80224609375,0
2020-11-25 00:00:00+07:00,3294.310791015625,0
2020-11-26 00:00:00+07:00,3271.433837890625,0
2020-11-27 00:00:00+07:00,3256.1826171875,0
2020-11-30 00:00:00+07:00,3118.91943359375,0
2020-12-01 00:00:00+07:00,3233.304931640625,0
2020-12-02 00:00:00+07:00,3279.059814453125,0
2020-12-03 00:00:00+07:00,3355.31689453125,0
2020-12-04 00:00:00+07:00,3279.059814453125,0
2020-12-07 00:00:00+07:00,3355.31689453125,0
2020-12-08 00:00:00+07:00,3355.31689453125,0
2020-12-10 00:00:00+07:00,3301.936767578125,0
2020-12-11 00:00:00+07:00,3263.808349609375,0
2020-12-14 00:00:00+07:00,3263.808349609375,0
2020-12-15 00:00:00+07:00,3263.808349609375,0
2020-12-16 00:00:00+07:00,3294.310791015625,0
2020-12-17 00:00:00+07:00,3301.936767578125,0
2020-12-18 00:00:00+07:00,3263.808349609375,0
2020-12-21 00:00:00+07:00,3210.427978515625,0
2020-12-22 00:00:00+07:00,3149.42236328125,0
2020-12-23 00:00:00+07:00,3172.2998046875,0
2020-12-28 00:00:00+07:00,3240.930908203125,0
2020-12-29 00:00:00+07:00,3187.55078125,0
2020-12-30 00:00:00+07:00,3179.925048828125,0
2021-01-04 00:00:00+07:00,3286.685302734375,0
2021-01-05 00:00:00+07:00,3256.1826171875,0
2021-01-06 00:00:00+07:00,3202.80224609375,0
2021-01-07 00:00:00+07:00,3263.808349609375,0
2021-01-08 00:00:00+07:00,3347.691162109375,0
2021-01-11 00:00:00+07:00,3545.9599609375,0
2021-01-12 00:00:00+07:00,3599.339599609375,0
2021-01-13 00:00:00+07:00,3652.7197265625,0
2021-01-14 00:00:00+07:00,3637.46826171875,0
2021-01-15 00:00:00+07:00,3492.57958984375,0
2021-01-18 00:00:00+07:00,3523.082275390625,0
2021-01-19 00:00:00+07:00,3523.082275390625,0
2021-01-20 00:00:00+07:00,3728.977294921875,1
2021-01-21 00:00:00+07:00,3652.7197265625,0
2021-01-22 00:00:00+07:00,3599.339599609375,0
2021-01-25 00:00:00+07:00,3645.09423828125,0
2021-01-26 00:00:00+07:00,3545.9599609375,0
2021-01-27 00:00:00+07:00,3523.082275390625,0
2021-01-28 00:00:00+07:00,3408.696533203125,0
2021-01-29 00:00:00+07:00,3187.55078125,1
2021-02-01 00:00:00+07:00,3355.31689453125,0
2021-02-02 00:00:00+07:00,3324.81396484375,0
2021-02-03 00:00:00+07:00,3340.0654296875,0
2021-02-04 00:00:00+07:00,3423.947998046875,0
2021-02-05 00:00:00+07:00,3408.696533203125,0
2021-02-08 00:00:00+07:00,3401.07080078125,0
2021-02-09 00:00:00+07:00,3523.082275390625,1
2021-02-10 00:00:00+07:00,3545.9599609375,0
2021-02-11 00:00:00+07:00,3568.837158203125,0
2021-02-15 00:00:00+07:00,3591.714111328125,0
2021-02-16 00:00:00+07:00,3561.211181640625,0
2021-02-17 00:00:00+07:00,3530.708251953125,0
2021-02-18 00:00:00+07:00,3561.211181640625,0
2021-02-19 00:00:00+07:00,3652.7197265625,0
2021-02-22 00:00:00+07:00,3652.7197265625,0
2021-02-23 00:00:00+07:00,3652.7197265625,0
2021-02-24 00:00:00+07:00,3606.9658203125,0
2021-02-25 00:00:00+07:00,3606.9658203125,0
2021-02-26 00:00:00+07:00,3591.714111328125,0
2021-03-01 00:00:00+07:00,3683.22265625,0
2021-03-02 00:00:00+07:00,3660.345458984375,0
2021-03-03 00:00:00+07:00,3698.473876953125,0
2021-03-04 00:00:00+07:00,3629.84228515625,0
2021-03-05 00:00:00+07:00,3637.46826171875,0
2021-03-08 00:00:00+07:00,3606.9658203125,0
2021-03-09 00:00:00+07:00,3492.57958984375,0
2021-03-10 00:00:00+07:00,3530.708251953125,0
2021-03-12 00:00:00+07:00,3492.57958984375,0
2021-03-15 00:00:00+07:00,3484.953857421875,0
2021-03-16 00:00:00+07:00,3599.339599609375,1
2021-03-17 00:00:00+07:00,3561.211181640625,0
2021-03-18 00:00:00+07:00,3629.84228515625,0
2021-03-19 00:00:00+07:00,3561.211181640625,0
2021-03-22 00:00:00+07:00,3530.708251953125,0
2021-03-23 00:00:00+07:00,3561.211181640625,0
2021-03-24 00:00:00+07:00,3561.211181640625,0
2021-03-25 00:00:00+07:00,3523.082275390625,0
2021-03-26 00:00:00+07:00,3599.339599609375,0
2021-03-29 00:00:00+07:00,3599.339599609375,0
2021-03-30 00:00:00+07:00,3431.57421875,0
2021-03-31 00:00:00+07:00,3355.31689453125,0
2021-04-01 00:00:00+07:00,3271.433837890625,0
2021-04-05 00:00:00+07:00,3202.80224609375,0
2021-04-06 00:00:00+07:00,3280.0439453125,0
2021-04-07 00:00:00+07:00,3280.0439453125,0
2021-04-08 00:00:00+07:00,3397.18798828125,0
2021-04-09 00:00:00+07:00,3397.18798828125,0
2021-04-12 00:00:00+07:00,3287.853515625,0
2021-04-13 00:00:00+07:00,3248.8056640625,0
2021-04-14 00:00:00+07:00,3397.18798828125,0
2021-04-15 00:00:00+07:00,3444.04638671875,0
2021-04-16 00:00:00+07:00,3389.378662109375,0
2021-04-19 00:00:00+07:00,3420.6171875,0
2021-04-20 00:00:00+07:00,3365.949951171875,0
2021-04-21 00:00:00+07:00,3303.47314453125,0
2021-04-22 00:00:00+07:00,3280.0439453125,0
2021-04-23 00:00:00+07:00,3319.09228515625,0
2021-04-26 00:00:00+07:00,3233.186279296875,0
2021-04-27 00:00:00+07:00,3256.614990234375,0
2021-04-28 00:00:00+07:00,3225.376708984375,0
2021-04-29 00:00:00+07:00,3248.8056640625,0
2021-04-30 00:00:00+07:00,3162.8994140625,0
2021-05-03 00:00:00+07:00,3131.660888671875,0
2021-05-04 00:00:00+07:00,3170.708984375,0
2021-05-05 00:00:00+07:00,3194.13818359375,0
2021-05-06 00:00:00+07:00,3209.75732421875,0
2021-05-07 00:00:00+07:00,3162.8994140625,0
2021-05-10 00:00:00+07:00,3162.8994140625,0
2021-05-11 00:00:00+07:00,3116.041748046875,0
2021-05-17 00:00:00+07:00,3045.7548828125,0
2021-05-18 00:00:00+07:00,3045.7548828125,0
2021-05-19 00:00:00+07:00,3022.326171875,0
2021-05-20 00:00:00+07:00,3030.135986328125,0
2021-05-21 00:00:00+07:00,3037.9453125,0
2021-05-24 00:00:00+07:00,3155.08984375,1
2021-05-25 00:00:00+07:00,3170.708984375,0
2021-05-27 00:00:00+07:00,3084.803466796875,0
2021-05-28 00:00:00+07:00,3178.5185546875,0
2021-05-31 00:00:00+07:00,3326.901611328125,0
2021-06-02 00:00:00+07:00,3326.901611328125,0
2021-06-03 00:00:00+07:00,3404.998291015625,0
2021-06-04 00:00:00+07:00,3389.378662109375,0
2021-06-07 00:00:00+07:00,3319.09228515625,0
2021-06-08 00:00:00+07:00,3280.0439453125,0
2021-06-09 00:00:00+07:00,3295.663330078125,0
2021-06-10 00:00:00+07:00,3358.140380859375,0
2021-06-11 00:00:00+07:00,3342.52099609375,0
2021-06-14 00:00:00+07:00,3397.18798828125,0
2021-06-15 00:00:00+07:00,3303.47314453125,0
2021-06-16 00:00:00+07:00,3131.660888671875,1
2021-06-17 00:00:00+07:00,3147.2802734375,0
2021-06-18 00:00:00+07:00,3053.56494140625,0
2021-06-21 00:00:00+07:00,3076.99365234375,0
2021-06-22 00:00:00+07:00,3155.08984375,0
2021-06-23 00:00:00+07:00,3076.99365234375,0
2021-06-24 00:00:00+07:00,3116.041748046875,0
2021-06-25 00:00:00+07:00,3116.041748046875,0
2021-06-28 00:00:00+07:00,3069.183837890625,0
2021-06-29 00:00:00+07:00,3045.7548828125,0
2021-06-30 00:00:00+07:00,3076.99365234375,0
2021-07-01 00:00:00+07:00,3076.99365234375,0
2021-07-02 00:00:00+07:00,3116.041748046875,0
2021-07-05 00:00:00+07:00,3045.7548828125,0
2021-07-06 00:00:00+07:00,3037.9453125,0
2021-07-07 00:00:00+07:00,2983.278076171875,0
2021-07-08 00:00:00+07:00,3022.326171875,0
2021-07-09 00:00:00+07:00,2967.658935546875,0
2021-07-12 00:00:00+07:00,2936.42041015625,0
2021-07-13 00:00:00+07:00,2952.039306640625,0
2021-07-14 00:00:00+07:00,2897.372314453125,0
2021-07-15 00:00:00+07:00,2975.46826171875,0
2021-07-16 00:00:00+07:00,2998.8974609375,0
2021-07-19 00:00:00+07:00,2952.039306640625,0
2021-07-21 00:00:00+07:00,2983.278076171875,0
2021-07-22 00:00:00+07:00,3045.7548828125,0
2021-07-23 00:00:00+07:00,3022.326171875,0
2021-07-26 00:00:00+07:00,2991.087646484375,0
2021-07-27 00:00:00+07:00,2967.658935546875,0
2021-07-28 00:00:00+07:00,2912.9912109375,0
2021-07-29 00:00:00+07:00,2944.22998046875,0
2021-07-30 00:00:00+07:00,2897.372314453125,0
2021-08-02 00:00:00+07:00,2920.80078125,0
2021-08-03 00:00:00+07:00,2928.610595703125,0
2021-08-04 00:00:00+07:00,3006.70703125,0
2021-08-05 00:00:00+07:00,3162.8994140625,1
2021-08-06 00:00:00+07:00,3069.183837890625,0
2021-08-09 00:00:00+07:00,3006.70703125,0
2021-08-10 00:00:00+07:00,2983.278076171875,0
2021-08-12 00:00:00+07:00,2975.46826171875,0
2021-08-13 00:00:00+07:00,3022.326171875,0
2021-08-16 00:00:00+07:00,3069.183837890625,0
2021-08-18 00:00:00+07:00,3178.5185546875,0
2021-08-19 00:00:00+07:00,3030.135986328125,0
2021-08-20 00:00:00+07:00,3069.183837890625,0
2021-08-23 00:00:00+07:00,3092.613037109375,0
2021-08-24 00:00:00+07:00,3037.9453125,0
2021-08-25 00:00:00+07:00,3037.9453125,0
2021-08-26 00:00:00+07:00,3022.326171875,0
2021-08-27 00:00:00+07:00,2998.8974609375,0
2021-08-30 00:00:00+07:00,3076.99365234375,0
2021-08-31 00:00:00+07:00,3069.183837890625,0
2021-09-01 00:00:00+07:00,3037.9453125,0
2021-09-02 00:00:00+07:00,3022.326171875,0
2021-09-03 00:00:00+07:00,3069.183837890625,0
2021-09-06 00:00:00+07:00,3006.70703125,0
2021-09-07 00:00:00+07:00,3053.56494140625,0
2021-09-08 00:00:00+07:00,3204.345947265625,1
2021-09-09 00:00:00+07:00,3204.345947265625,0
2021-09-10 00:00:00+07:00,3247.299560546875,0
2021-09-13 00:00:00+07:00,3178.57373046875,0
2021-09-14 00:00:00+07:00,3178.57373046875,0
2021-09-15 00:00:00+07:00,3144.2109375,0
2021-09-16 00:00:00+07:00,3127.029296875,0
2021-09-17 00:00:00+07:00,3101.2568359375,0
2021-09-20 00:00:00+07:00,3084.075439453125,0
2021-09-21 00:00:00+07:00,3066.894287109375,0
2021-09-22 00:00:00+07:00,3101.2568359375,0
2021-09-23 00:00:00+07:00,3238.708740234375,1
2021-09-24 00:00:00+07:00,3281.66259765625,0
2021-09-27 00:00:00+07:00,3221.52734375,0
2021-09-28 00:00:00+07:00,3195.755126953125,0
2021-09-29 00:00:00+07:00,3212.9365234375,0
2021-09-30 00:00:00+07:00,3307.4345703125,0
2021-10-01 00:00:00+07:00,3350.388427734375,0
2021-10-04 00:00:00+07:00,3410.523681640625,0
2021-10-05 00:00:00+07:00,3376.16064453125,0
2021-10-06 00:00:00+07:00,3539.384765625,0
2021-10-07 00:00:00+07:00,3539.384765625,0
2021-10-08 00:00:00+07:00,3573.74755859375,0
2021-10-11 00:00:00+07:00,3590.92919921875,0
2021-10-12 00:00:00+07:00,3625.2919921875,0
2021-10-13 00:00:00+07:00,3676.836669921875,0
2021-10-14 00:00:00+07:00,3651.064453125,0
2021-10-15 00:00:00+07:00,3711.199462890625,0
2021-10-18 00:00:00+07:00,3788.51611328125,0
2021-10-19 00:00:00+07:00,3779.92529296875,0
2021-10-21 00:00:00+07:00,3745.5625,0
2021-10-22 00:00:00+07:00,3779.92529296875,0
2021-10-25 00:00:00+07:00,3694.01806640625,0
2021-10-26 00:00:00+07:00,3736.9716796875,0
2021-10-27 00:00:00+07:00,3685.427001953125,0
2021-10-28 00:00:00+07:00,3642.4736328125,0
2021-10-29 00:00:00+07:00,3651.064453125,0
2021-11-01 00:00:00+07:00,3633.8828125,0
2021-11-02 00:00:00+07:00,3616.701416015625,0
2021-11-03 00:00:00+07:00,3685.427001953125,0
2021-11-04 00:00:00+07:00,3651.064453125,0
2021-11-05 00:00:00+07:00,3642.4736328125,0
2021-11-08 00:00:00+07:00,3633.8828125,0
2021-11-09 00:00:00+07:00,3651.064453125,0
2021-11-10 00:00:00+07:00,3651.064453125,0
2021-11-11 00:00:00+07:00,3651.064453125,0
2021-11-12 00:00:00+07:00,3625.2919921875,0
2021-11-15 00:00:00+07:00,3573.74755859375,0
2021-11-16 00:00:00+07:00,3547.975341796875,0
2021-11-17 00:00:00+07:00,3608.1103515625,0
2021-11-18 00:00:00+07:00,3590.92919921875,0
2021-11-19 00:00:00+07:00,3676.836669921875,0
2021-11-22 00:00:00+07:00,3676.836669921875,0
2021-11-23 00:00:00+07:00,3616.701416015625,0
2021-11-24 00:00:00+07:00,3616.701416015625,0
2021-11-25 00:00:00+07:00,3625.2919921875,0
2021-11-26 00:00:00+07:00,3573.74755859375,0
2021-11-29 00:00:00+07:00,3582.338134765625,0
2021-11-30 00:00:00+07:00,3513.612548828125,0
2021-12-01 00:00:00+07:00,3505.021728515625,0
2021-12-02 00:00:00+07:00,3608.1103515625,0
2021-12-03 00:00:00+07:00,3582.338134765625,0
2021-12-06 00:00:00+07:00,3530.7939453125,0
2021-12-07 00:00:00+07:00,3633.8828125,0
2021-12-08 00:00:00+07:00,3616.701416015625,0
2021-12-09 00:00:00+07:00,3599.519775390625,0
2021-12-10 00:00:00+07:00,3547.975341796875,0
2021-12-13 00:00:00+07:00,3573.74755859375,0
2021-12-14 00:00:00+07:00,3547.975341796875,0
2021-12-15 00:00:00+07:00,3608.1103515625,0
2021-12-16 00:00:00+07:00,3556.566162109375,0
2021-12-17 00:00:00+07:00,3530.7939453125,0
2021-12-20 00:00:00+07:00,3539.384765625,0
2021-12-21 00:00:00+07:00,3505.021728515625,0
2021-12-22 00:00:00+07:00,3479.24951171875,0
2021-12-23 00:00:00+07:00,3522.203125,0
2021-12-24 00:00:00+07:00,3496.43115234375,0
2021-12-27 00:00:00+07:00,3487.840087890625,0
2021-12-28 00:00:00+07:00,3513.612548828125,0
2021-12-29 00:00:00+07:00,3505.021728515625,0
2021-12-30 00:00:00+07:00,3530.7939453125,0
2022-01-03 00:00:00+07:00,3590.92919921875,0
2022-01-04 00:00:00+07:00,3573.74755859375,0
2022-01-05 00:00:00+07:00,3616.701416015625,0
2022-01-06 00:00:00+07:00,3573.74755859375,0
2022-01-07 00:00:00+07:00,3599.519775390625,0
2022-01-10 00:00:00+07:00,3590.92919921875,0
2022-01-11 00:00:00+07:00,3565.156982421875,0
2022-01-12 00:00:00+07:00,3573.74755859375,0
2022-01-13 00:00:00+07:00,3599.519775390625,0
2022-01-14 00:00:00+07:00,3590.92919921875,0
2022-01-17 00:00:00+07:00,3616.701416015625,0
2022-01-18 00:00:00+07:00,3599.519775390625,0
2022-01-19 00:00:00+07:00,3547.975341796875,0
2022-01-20 00:00:00+07:00,3547.975341796875,0
2022-01-21 00:00:00+07:00,3582.338134765625,0
2022-01-24 00:00:00+07:00,3539.384765625,0
2022-01-25 00:00:00+07:00,3496.43115234375,0
2022-01-26 00:00:00+07:00,3513.612548828125,0
2022-01-27 00:00:00+07:00,3556.566162109375,0
2022-01-28 00:00:00+07:00,3556.566162109375,0
2022-01-31 00:00:00+07:00,3496.43115234375,0
2022-02-02 00:00:00+07:00,3496.43115234375,0
2022-02-03 00:00:00+07:00,3547.975341796875,0
2022-02-04 00:00:00+07:00,3616.701416015625,0
2022-02-07 00:00:00+07:00,3779.92529296875,0
2022-02-08 00:00:00+07:00,3814.2880859375,0
2022-02-09 00:00:00+07:00,3822.879150390625,0
2022-02-10 00:00:00+07:00,3840.060546875,0
2022-02-11 00:00:00+07:00,3822.879150390625,0
2022-02-14 00:00:00+07:00,3788.51611328125,0
2022-02-15 00:00:00+07:00,3805.69775390625,0
2022-02-16 00:00:00+07:00,3797.10693359375,0
2022-02-17 00:00:00+07:00,3779.92529296875,0
2022-02-18 00:00:00+07:00,3805.69775390625,0
2022-02-21 00:00:00+07:00,3857.24169921875,0
2022-02-22 00:00:00+07:00,3805.69775390625,0
2022-02-23 00:00:00+07:00,3848.651123046875,0
2022-02-24 00:00:00+07:00,3771.334716796875,0
2022-02-25 00:00:00+07:00,3908.786376953125,0
2022-03-01 00:00:00+07:00,3977.51220703125,0
2022-03-02 00:00:00+07:00,3917.37744140625,0
2022-03-04 00:00:00+07:00,4011.875244140625,0
2022-03-07 00:00:00+07:00,3883.014404296875,0
2022-03-08 00:00:00+07:00,3805.69775390625,0
2022-03-09 00:00:00+07:00,3925.9677734375,0
2022-03-10 00:00:00+07:00,3925.9677734375,0
2022-03-11 00:00:00+07:00,3929.764892578125,0
2022-03-14 00:00:00+07:00,4036.9404296875,0
2022-03-15 00:00:00+07:00,4117.32177734375,0
2022-03-16 00:00:00+07:00,4153.04736328125,0
2022-03-17 00:00:00+07:00,4153.04736328125,0
2022-03-18 00:00:00+07:00,4090.5283203125,0
2022-03-21 00:00:00+07:00,4099.45947265625,0
2022-03-22 00:00:00+07:00,4144.1162109375,0
2022-03-23 00:00:00+07:00,4153.04736328125,0
2022-03-24 00:00:00+07:00,4224.49755859375,0
2022-03-25 00:00:00+07:00,4206.63525390625,0
2022-03-28 00:00:00+07:00,4224.49755859375,0
2022-03-29 00:00:00+07:00,4188.77197265625,0
2022-03-30 00:00:00+07:00,4206.63525390625,0
2022-03-31 00:00:00+07:00,4161.978515625,0
2022-04-01 00:00:00+07:00,4224.49755859375,0
2022-04-04 00:00:00+07:00,4197.70361328125,0
2022-04-05 00:00:00+07:00,4197.70361328125,0
2022-04-06 00:00:00+07:00,4108.390625,0
2022-04-07 00:00:00+07:00,4135.18505859375,0
2022-04-08 00:00:00+07:00,4117.32177734375,0
2022-04-11 00:00:00+07:00,4081.59716796875,0
2022-04-12 00:00:00+07:00,4117.32177734375,0
2022-04-13 00:00:00+07:00,4117.32177734375,0
2022-04-14 00:00:00+07:00,4054.802978515625,0
2022-04-18 00:00:00+07:00,4063.734619140625,0
2022-04-19 00:00:00+07:00,4081.59716796875,0
2022-04-20 00:00:00+07:00,4331.6728515625,1
2022-04-21 00:00:00+07:00,4287.0166015625,0
2022-04-22 00:00:00+07:00,4242.35986328125,0
2022-04-25 00:00:00+07:00,4322.7412109375,0
2022-04-26 00:00:00+07:00,4412.0546875,0
2022-04-27 00:00:00+07:00,4331.6728515625,0
2022-04-28 00:00:00+07:00,4349.53564453125,0
2022-05-09 00:00:00+07:00,4045.871826171875,0
2022-05-10 00:00:00+07:00,4045.871826171875,0
2022-05-11 00:00:00+07:00,4010.14697265625,0
2022-05-12 00:00:00+07:00,3858.31494140625,0
2022-05-13 00:00:00+07:00,3795.796142578125,0
2022-05-17 00:00:00+07:00,3974.421630859375,1
2022-05-18 00:00:00+07:00,3974.421630859375,0
2022-05-19 00:00:00+07:00,3965.490234375,0
2022-05-20 00:00:00+07:00,3956.55908203125,0
2022-05-23 00:00:00+07:00,3867.246337890625,0
2022-05-24 00:00:00+07:00,3983.352783203125,0
2022-05-25 00:00:00+07:00,3885.10888671875,0
2022-05-27 00:00:00+07:00,4054.802978515625,0
2022-05-30 00:00:00+07:00,3956.55908203125,0
2022-05-31 00:00:00+07:00,4135.18505859375,0
2022-06-02 00:00:00+07:00,4001.215576171875,0
2022-06-03 00:00:00+07:00,4036.9404296875,0
2022-06-06 00:00:00+07:00,3956.55908203125,0
2022-06-07 00:00:00+07:00,3929.764892578125,0
2022-06-08 00:00:00+07:00,3992.283935546875,0
2022-06-09 00:00:00+07:00,4010.14697265625,0
2022-06-10 00:00:00+07:00,3929.764892578125,0
2022-06-13 00:00:00+07:00,3876.177490234375,0
2022-06-14 00:00:00+07:00,3894.0400390625,0
2022-06-15 00:00:00+07:00,3974.421630859375,0
2022-06-16 00:00:00+07:00,3956.55908203125,0
2022-06-17 00:00:00+07:00,3902.971435546875,0
2022-06-20 00:00:00+07:00,3929.764892578125,0
2022-06-21 00:00:00+07:00,3911.902587890625,0
2022-06-22 00:00:00+07:00,3858.31494140625,0
2022-06-23 00:00:00+07:00,3849.3837890625,0
2022-06-24 00:00:00+07:00,3876.177490234375,0
2022-06-27 00:00:00+07:00,3822.58984375,0
2022-06-28 00:00:00+07:00,3840.452392578125,0
2022-06-29 00:00:00+07:00,3733.27685546875,0
2022-06-30 00:00:00+07:00,3706.48291015625,0
2022-07-01 00:00:00+07:00,3697.5517578125,0
2022-07-04 00:00:00+07:00,3608.23876953125,0
2022-07-05 00:00:00+07:00,3652.8955078125,0
2022-07-06 00:00:00+07:00,3643.9638671875,0
2022-07-07 00:00:00+07:00,3617.170166015625,0
2022-07-08 00:00:00+07:00,3751.139404296875,0
2022-07-11 00:00:00+07:00,3679.68896484375,0
2022-07-12 00:00:00+07:00,3670.7578125,0
2022-07-13 00:00:00+07:00,3626.1015625,0
2022-07-14 00:00:00+07:00,3635.03271484375,0
2022-07-15 00:00:00+07:00,3670.7578125,0
2022-07-18 00:00:00+07:00,3697.5517578125,0
2022-07-19 00:00:00+07:00,3670.7578125,0
2022-07-20 00:00:00+07:00,3840.452392578125,0
2022-07-21 00:00:00+07:00,3849.3837890625,0
2022-07-22 00:00:00+07:00,3813.658447265625,0
2022-07-25 00:00:00+07:00,3795.796142578125,0
2022-07-26 00:00:00+07:00,3867.246337890625,0
2022-07-27 00:00:00+07:00,3858.31494140625,0
2022-07-28 00:00:00+07:00,3894.0400390625,0
2022-07-29 00:00:00+07:00,3894.0400390625,0
2022-08-01 00:00:00+07:00,3894.0400390625,0
2022-08-02 00:00:00+07:00,3929.764892578125,0
2022-08-03 00:00:00+07:00,3911.902587890625,0
2022-08-04 00:00:00+07:00,3894.0400390625,0
2022-08-05 00:00:00+07:00,3894.0400390625,0
2022-08-08 00:00:00+07:00,3902.971435546875,0
2022-08-09 00:00:00+07:00,3938.69677734375,0
2022-08-10 00:00:00+07:00,3849.3837890625,0
2022-08-11 00:00:00+07:00,3885.10888671875,0
2022-08-12 00:00:00+07:00,3858.31494140625,0
2022-08-15 00:00:00+07:00,3840.452392578125,0
2022-08-16 00:00:00+07:00,3822.58984375,0
2022-08-18 00:00:00+07:00,3867.246337890625,0
2022-08-19 00:00:00+07:00,3840.452392578125,0
2022-08-22 00:00:00+07:00,3813.658447265625,0
2022-08-23 00:00:00+07:00,3840.452392578125,0
2022-08-24 00:00:00+07:00,3831.521240234375,0
2022-08-25 00:00:00+07:00,3813.658447265625,0
2022-08-26 00:00:00+07:00,3813.658447265625,0
2022-08-29 00:00:00+07:00,3795.796142578125,0
2022-08-30 00:00:00+07:00,3804.727294921875,0
2022-08-31 00:00:00+07:00,3876.177490234375,0
2022-09-01 00:00:00+07:00,3920.833740234375,0
2022-09-02 00:00:00+07:00,3974.421630859375,0
2022-09-05 00:00:00+07:00,4099.45947265625,0
2022-09-06 00:00:00+07:00,4072.665771484375,0
2022-09-07 00:00:00+07:00,3983.352783203125,0
2022-09-08 00:00:00+07:00,4108.390625,0
2022-09-09 00:00:00+07:00,4117.32177734375,0
2022-09-12 00:00:00+07:00,4072.665771484375,0
2022-09-13 00:00:00+07:00,4090.5283203125,0
2022-09-14 00:00:00+07:00,4090.5283203125,0
2022-09-15 00:00:00+07:00,4117.32177734375,0
2022-09-16 00:00:00+07:00,4019.078125,0
2022-09-19 00:00:00+07:00,4081.59716796875,0
2022-09-20 00:00:00+07:00,4010.14697265625,0
2022-09-21 00:00:00+07:00,4063.734619140625,0
2022-09-22 00:00:00+07:00,4072.665771484375,0
2022-09-23 00:00:00+07:00,4001.215576171875,0
2022-09-26 00:00:00+07:00,4054.802978515625,0
2022-09-27 00:00:00+07:00,4045.871826171875,0
2022-09-28 00:00:00+07:00,4036.9404296875,0
2022-09-29 00:00:00+07:00,4001.215576171875,0
2022-09-30 00:00:00+07:00,4010.14697265625,0
2022-10-03 00:00:00+07:00,4045.871826171875,0
2022-10-04 00:00:00+07:00,4144.1162109375,0
2022-10-05 00:00:00+07:00,4054.802978515625,0
2022-10-06 00:00:00+07:00,4028.00927734375,0
2022-10-07 00:00:00+07:00,3965.490234375,0
2022-10-10 00:00:00+07:00,3902.971435546875,0
2022-10-11 00:00:00+07:00,3956.55908203125,0
2022-10-12 00:00:00+07:00,3929.764892578125,0
2022-10-13 00:00:00+07:00,3885.10888671875,0
2022-10-14 00:00:00+07:00,3813.658447265625,0
2022-10-17 00:00:00+07:00,3840.452392578125,0
2022-10-18 00:00:00+07:00,3831.521240234375,0
2022-10-19 00:00:00+07:00,3840.452392578125,0
2022-10-20 00:00:00+07:00,3920.833740234375,0
2022-10-21 00:00:00+07:00,3956.55908203125,0
2022-10-24 00:00:00+07:00,4019.078125,0
2022-10-25 00:00:00+07:00,4099.45947265625,0
2022-10-26 00:00:00+07:00,4045.871826171875,0
2022-10-27 00:00:00+07:00,4108.390625,0
2022-10-28 00:00:00+07:00,4135.18505859375,0
2022-10-31 00:00:00+07:00,4153.04736328125,0
2022-11-01 00:00:00+07:00,4161.978515625,0
2022-11-02 00:00:00+07:00,4117.32177734375,0
2022-11-03 00:00:00+07:00,4153.04736328125,0
2022-11-04 00:00:00+07:00,4153.04736328125,0
2022-11-07 00:00:00+07:00,4188.77197265625,0
2022-11-08 00:00:00+07:00,4126.2529296875,0
2022-11-09 00:00:00+07:00,4153.04736328125,0
2022-11-10 00:00:00+07:00,4045.871826171875,0
2022-11-11 00:00:00+07:00,4153.04736328125,0
2022-11-14 00:00:00+07:00,4090.5283203125,0
2022-11-15 00:00:00+07:00,4090.5283203125,0
2022-11-16 00:00:00+07:00,4036.9404296875,0
2022-11-17 00:00:00+07:00,4170.90966796875,0
2022-11-18 00:00:00+07:00,4117.32177734375,0
2022-11-21 00:00:00+07:00,4099.45947265625,0
2022-11-22 00:00:00+07:00,4099.45947265625,0
2022-11-23 00:00:00+07:00,4170.90966796875,0
2022-11-24 00:00:00+07:00,4215.56640625,0
2022-11-25 00:00:00+07:00,4242.35986328125,0
2022-11-28 00:00:00+07:00,4304.87890625,0
2022-11-29 00:00:00+07:00,4331.6728515625,0
2022-11-30 00:00:00+07:00,4447.77978515625,0
2022-12-01 00:00:00+07:00,4412.0546875,0
2022-12-02 00:00:00+07:00,4367.39794921875,0
2022-12-05 00:00:00+07:00,4367.39794921875,0
2022-12-06 00:00:00+07:00,4340.60400390625,0
2022-12-07 00:00:00+07:00,4251.291015625,0
2022-12-08 00:00:00+07:00,4322.7412109375,0
2022-12-09 00:00:00+07:00,4287.0166015625,0
2022-12-12 00:00:00+07:00,4331.6728515625,0
2022-12-13 00:00:00+07:00,4438.8486328125,0
2022-12-14 00:00:00+07:00,4447.77978515625,0
2022-12-15 00:00:00+07:00,4385.26025390625,0
2022-12-16 00:00:00+07:00,4447.77978515625,0
2022-12-19 00:00:00+07:00,4438.8486328125,0
2022-12-20 00:00:00+07:00,4385.26025390625,0
2022-12-21 00:00:00+07:00,4367.39794921875,0
2022-12-22 00:00:00+07:00,4429.91748046875,0
2022-12-23 00:00:00+07:00,4358.466796875,0
2022-12-26 00:00:00+07:00,4403.12353515625,0
2022-12-27 00:00:00+07:00,4349.53564453125,0
2022-12-28 00:00:00+07:00,4304.87890625,0
2022-12-29 00:00:00+07:00,4349.53564453125,0
2022-12-30 00:00:00+07:00,4412.0546875,0
2023-01-02 00:00:00+07:00,4349.53564453125,0
2023-01-03 00:00:00+07:00,4331.6728515625,0
2023-01-04 00:00:00+07:00,4260.22216796875,0
2023-01-05 00:00:00+07:00,4144.1162109375,0
2023-01-06 00:00:00+07:00,4126.2529296875,0
2023-01-09 00:00:00+07:00,4099.45947265625,0
2023-01-10 00:00:00+07:00,4006.310546875,0
2023-01-11 00:00:00+07:00,3961.0927734375,0
2023-01-12 00:00:00+07:00,4069.61572265625,0
2023-01-13 00:00:00+07:00,4051.528564453125,0
2023-01-16 00:00:00+07:00,4087.702880859375,0
2023-01-17 00:00:00+07:00,4123.876953125,0
2023-01-18 00:00:00+07:00,4160.0517578125,0
2023-01-19 00:00:00+07:00,4169.09521484375,0
2023-01-20 00:00:00+07:00,4205.26953125,0
2023-01-24 00:00:00+07:00,4178.13916015625,0
2023-01-25 00:00:00+07:00,4123.876953125,0
2023-01-26 00:00:00+07:00,4151.00830078125,0
2023-01-27 00:00:00+07:00,4196.22607421875,0
2023-01-30 00:00:00+07:00,4169.09521484375,0
2023-01-31 00:00:00+07:00,4141.96484375,0
2023-02-01 00:00:00+07:00,4232.400390625,0
2023-02-02 00:00:00+07:00,4160.0517578125,0
2023-02-03 00:00:00+07:00,4295.70556640625,0
2023-02-06 00:00:00+07:00,4286.662109375,0
2023-02-07 00:00:00+07:00,4295.70556640625,0
2023-02-08 00:00:00+07:00,4331.8798828125,0
2023-02-09 00:00:00+07:00,4349.96728515625,0
2023-02-10 00:00:00+07:00,4395.18505859375,0
2023-02-13 00:00:00+07:00,4340.92333984375,0
2023-02-14 00:00:00+07:00,4404.228515625,0
2023-02-15 00:00:00+07:00,4404.228515625,0
2023-02-16 00:00:00+07:00,4404.228515625,0
2023-02-17 00:00:00+07:00,4413.2724609375,0
2023-02-20 00:00:00+07:00,4413.2724609375,0
2023-02-21 00:00:00+07:00,4359.0107421875,0
2023-02-22 00:00:00+07:00,4304.7490234375,0
2023-02-23 00:00:00+07:00,4340.92333984375,0
2023-02-24 00:00:00+07:00,4304.7490234375,0
2023-02-27 00:00:00+07:00,4349.96728515625,0
2023-02-28 00:00:00+07:00,4223.3564453125,0
2023-03-01 00:00:00+07:00,4268.57470703125,0
2023-03-02 00:00:00+07:00,4322.83642578125,0
2023-03-03 00:00:00+07:00,4304.7490234375,0
2023-03-06 00:00:00+07:00,4331.8798828125,0
2023-03-07 00:00:00+07:00,4377.09814453125,0
2023-03-08 00:00:00+07:00,4377.09814453125,0
2023-03-09 00:00:00+07:00,4349.96728515625,0
2023-03-10 00:00:00+07:00,4359.0107421875,0
2023-03-13 00:00:00+07:00,4368.05419921875,0
2023-03-14 00:00:00+07:00,4259.53125,0
2023-03-15 00:00:00+07:00,4250.48779296875,0
2023-03-16 00:00:00+07:00,4277.61865234375,0
2023-03-17 00:00:00+07:00,4431.359375,0
2023-03-20 00:00:00+07:00,4413.2724609375,0
2023-03-21 00:00:00+07:00,4431.359375,0
2023-03-24 00:00:00+07:00,4527.43359375,0
2023-03-27 00:00:00+07:00,4498.958984375,0
2023-03-28 00:00:00+07:00,4527.43359375,0
2023-03-29 00:00:00+07:00,4565.3994140625,0
2023-03-30 00:00:00+07:00,4508.45068359375,0
2023-03-31 00:00:00+07:00,4489.4677734375,0
2023-04-03 00:00:00+07:00,4555.90771484375,0
2023-04-04 00:00:00+07:00,4574.89111328125,0
2023-04-05 00:00:00+07:00,4584.38232421875,0
2023-04-06 00:00:00+07:00,4593.8740234375,0
2023-04-10 00:00:00+07:00,4612.85693359375,0
2023-04-11 00:00:00+07:00,4631.83984375,0
2023-04-12 00:00:00+07:00,4679.29736328125,0
2023-04-13 00:00:00+07:00,4726.75439453125,0
2023-04-14 00:00:00+07:00,4816.92333984375,0
2023-04-17 00:00:00+07:00,4736.24609375,0
2023-04-18 00:00:00+07:00,4698.2802734375,0
2023-04-26 00:00:00+07:00,4769.46630859375,0
2023-04-27 00:00:00+07:00,4888.109375,0
2023-04-28 00:00:00+07:00,4840.65234375,0
2023-05-02 00:00:00+07:00,4888.109375,0
2023-05-03 00:00:00+07:00,4840.65234375,0
2023-05-04 00:00:00+07:00,4888.109375,0
2023-05-05 00:00:00+07:00,4959.29541015625,0
2023-05-08 00:00:00+07:00,4840.65234375,0
2023-05-09 00:00:00+07:00,4864.380859375,0
2023-05-10 00:00:00+07:00,4888.109375,0
2023-05-11 00:00:00+07:00,4888.109375,0
2023-05-12 00:00:00+07:00,4888.109375,0
2023-05-15 00:00:00+07:00,4888.109375,0
2023-05-16 00:00:00+07:00,4935.56689453125,0
2023-05-17 00:00:00+07:00,4935.56689453125,0
2023-05-19 00:00:00+07:00,5125.396484375,0
2023-05-22 00:00:00+07:00,5149.125,0
2023-05-23 00:00:00+07:00,5220.31103515625,0
2023-05-24 00:00:00+07:00,5315.22607421875,0
2023-05-25 00:00:00+07:00,5196.58251953125,0
2023-05-26 00:00:00+07:00,5315.22607421875,0
2023-05-29 00:00:00+07:00,5267.7685546875,0
2023-05-30 00:00:00+07:00,5220.31103515625,0
2023-05-31 00:00:00+07:00,5291.4970703125,0
2023-06-05 00:00:00+07:00,5149.125,0
2023-06-06 00:00:00+07:00,5172.85400390625,0
2023-06-07 00:00:00+07:00,5125.396484375,0
2023-06-08 00:00:00+07:00,5196.58251953125,0
2023-06-09 00:00:00+07:00,5149.125,0
2023-06-12 00:00:00+07:00,5125.396484375,0
2023-06-13 00:00:00+07:00,5267.7685546875,0
2023-06-14 00:00:00+07:00,5267.7685546875,0
2023-06-15 00:00:00+07:00,5244.0400390625,0
2023-06-16 00:00:00+07:00,5267.7685546875,0
2023-06-19 00:00:00+07:00,5244.0400390625,0
2023-06-20 00:00:00+07:00,5267.7685546875,0
2023-06-21 00:00:00+07:00,5291.4970703125,0
2023-06-22 00:00:00+07:00,5196.58251953125,0
2023-06-23 00:00:00+07:00,5125.396484375,0
2023-06-26 00:00:00+07:00,5172.85400390625,0
2023-06-27 00:00:00+07:00,5149.125,0
2023-07-03 00:00:00+07:00,5196.58251953125,0
2023-07-04 00:00:00+07:00,5172.85400390625,0
2023-07-05 00:00:00+07:00,5172.85400390625,0
2023-07-06 00:00:00+07:00,5149.125,0
2023-07-07 00:00:00+07:00,5101.66796875,0
2023-07-10 00:00:00+07:00,5125.396484375,0
2023-07-11 00:00:00+07:00,5149.125,0
2023-07-12 00:00:00+07:00,5172.85400390625,0
2023-07-13 00:00:00+07:00,5172.85400390625,0
2023-07-14 00:00:00+07:00,5244.0400390625,0
2023-07-17 00:00:00+07:00,5291.4970703125,0
2023-07-18 00:00:00+07:00,5338.95458984375,0
2023-07-20 00:00:00+07:00,5338.95458984375,0
2023-07-21 00:00:00+07:00,5338.95458984375,0
2023-07-24 00:00:00+07:00,5315.22607421875,0
2023-07-25 00:00:00+07:00,5362.68310546875,0
2023-07-26 00:00:00+07:00,5386.412109375,0
2023-07-27 00:00:00+07:00,5362.68310546875,0
2023-07-28 00:00:00+07:00,5410.140625,0
2023-07-31 00:00:00+07:00,5362.68310546875,0
2023-08-01 00:00:00+07:00,5410.140625,0
2023-08-02 00:00:00+07:00,5410.140625,0
2023-08-03 00:00:00+07:00,5410.140625,0
2023-08-04 00:00:00+07:00,5291.4970703125,0
2023-08-07 00:00:00+07:00,5410.140625,0
2023-08-08 00:00:00+07:00,5338.95458984375,0
2023-08-09 00:00:00+07:00,5410.140625,0
2023-08-10 00:00:00+07:00,5410.140625,0
2023-08-11 00:00:00+07:00,5362.68310546875,0
2023-08-14 00:00:00+07:00,5362.68310546875,0
2023-08-15 00:00:00+07:00,5291.4970703125,0
2023-08-16 00:00:00+07:00,5244.0400390625,0
2023-08-18 00:00:00+07:00,5291.4970703125,0
2023-08-21 00:00:00+07:00,5220.31103515625,0
2023-08-22 00:00:00+07:00,5291.4970703125,0
2023-08-23 00:00:00+07:00,5315.22607421875,0
2023-08-24 00:00:00+07:00,5267.7685546875,0
2023-08-25 00:00:00+07:00,5315.22607421875,0
2023-08-28 00:00:00+07:00,5267.7685546875,0
2023-08-29 00:00:00+07:00,5315.22607421875,0
2023-08-30 00:00:00+07:00,5244.0400390625,0
2023-08-31 00:00:00+07:00,5267.7685546875,0
2023-09-01 00:00:00+07:00,5291.4970703125,0
2023-09-04 00:00:00+07:00,5338.95458984375,0
2023-09-05 00:00:00+07:00,5338.95458984375,0
2023-09-06 00:00:00+07:00,5291.4970703125,0
2023-09-07 00:00:00+07:00,5172.85400390625,0
2023-09-08 00:00:00+07:00,5077.93896484375,0
2023-09-11 00:00:00+07:00,5149.125,0
2023-09-12 00:00:00+07:00,5101.66796875,0
2023-09-13 00:00:00+07:00,5125.396484375,0
2023-09-14 00:00:00+07:00,5149.125,0
2023-09-15 00:00:00+07:00,5101.66796875,0
2023-09-18 00:00:00+07:00,5054.21044921875,0
2023-09-19 00:00:00+07:00,5101.66796875,0
2023-09-20 00:00:00+07:00,5101.66796875,0
2023-09-21 00:00:00+07:00,5077.93896484375,0
2023-09-22 00:00:00+07:00,5077.93896484375,0
2023-09-25 00:00:00+07:00,5030.48193359375,0
2023-09-26 00:00:00+07:00,4935.56689453125,0
2023-09-27 00:00:00+07:00,4959.29541015625,0
2023-09-29 00:00:00+07:00,4959.29541015625,0
2023-10-02 00:00:00+07:00,4983.0244140625,0
2023-10-03 00:00:00+07:00,5006.7529296875,0
2023-10-04 00:00:00+07:00,4983.0244140625,0
2023-10-05 00:00:00+07:00,4911.83837890625,0
2023-10-06 00:00:00+07:00,4911.83837890625,0
2023-10-09 00:00:00+07:00,4864.380859375,0
2023-10-10 00:00:00+07:00,4911.83837890625,0
2023-10-11 00:00:00+07:00,4983.0244140625,0
2023-10-12 00:00:00+07:00,5030.48193359375,0
2023-10-13 00:00:00+07:00,5006.7529296875,0
2023-10-16 00:00:00+07:00,4983.0244140625,0
2023-10-17 00:00:00+07:00,4888.109375,0
2023-10-18 00:00:00+07:00,4888.109375,0
2023-10-19 00:00:00+07:00,4745.7373046875,0
2023-10-20 00:00:00+07:00,4793.19482421875,0
2023-10-23 00:00:00+07:00,4745.7373046875,0
2023-10-24 00:00:00+07:00,4840.65234375,0
2023-10-25 00:00:00+07:00,4911.83837890625,0
2023-10-26 00:00:00+07:00,4669.8056640625,0
2023-10-27 00:00:00+07:00,4745.7373046875,0
2023-10-30 00:00:00+07:00,4745.7373046875,0
2023-10-31 00:00:00+07:00,4707.771484375,0
2023-11-01 00:00:00+07:00,4584.38232421875,0
2023-11-02 00:00:00+07:00,4745.7373046875,0
2023-11-03 00:00:00+07:00,4840.65234375,0
2023-11-06 00:00:00+07:00,4935.56689453125,0
2023-11-07 00:00:00+07:00,4983.0244140625,0
2023-11-08 00:00:00+07:00,4959.29541015625,0
2023-11-09 00:00:00+07:00,4935.56689453125,0
2023-11-10 00:00:00+07:00,4816.92333984375,0
2023-11-13 00:00:00+07:00,4769.46630859375,0
2023-11-14 00:00:00+07:00,4816.92333984375,0
2023-11-15 00:00:00+07:00,4983.0244140625,0
2023-11-16 00:00:00+07:00,4983.0244140625,0
2023-11-17 00:00:00+07:00,4959.29541015625,0
2023-11-20 00:00:00+07:00,4983.0244140625,0
2023-11-21 00:00:00+07:00,4935.56689453125,0
2023-11-22 00:00:00+07:00,5006.7529296875,0
2023-11-23 00:00:00+07:00,5077.93896484375,0
2023-11-24 00:00:00+07:00,5125.396484375,0
2023-11-27 00:00:00+07:00,5077.93896484375,0
2023-11-28 00:00:00+07:00,5077.93896484375,0
2023-11-29 00:00:00+07:00,5030.48193359375,0
2023-11-30 00:00:00+07:00,5006.7529296875,0
2023-12-01 00:00:00+07:00,5077.93896484375,0
2023-12-04 00:00:00+07:00,5220.31103515625,0
2023-12-05 00:00:00+07:00,5172.85400390625,0
2023-12-06 00:00:00+07:00,5149.125,0
2023-12-07 00:00:00+07:00,5196.58251953125,0
2023-12-08 00:00:00+07:00,5101.66796875,0
2023-12-11 00:00:00+07:00,5030.48193359375,0
2023-12-12 00:00:00+07:00,5054.21044921875,0
2023-12-13 00:00:00+07:00,5030.48193359375,0
2023-12-14 00:00:00+07:00,5267.7685546875,0
2023-12-15 00:00:00+07:00,5267.7685546875,0
2023-12-18 00:00:00+07:00,5220.31103515625,0
2023-12-19 00:00:00+07:00,5267.7685546875,0
2023-12-20 00:00:00+07:00,5267.7685546875,0
2023-12-21 00:00:00+07:00,5291.4970703125,0
2023-12-22 00:00:00+07:00,5386.412109375,0
2023-12-27 00:00:00+07:00,5338.95458984375,0
2023-12-28 00:00:00+07:00,5433.869140625,0
2023-12-29 00:00:00+07:00,5433.869140625,0
2024-01-02 00:00:00+07:00,5466.62109375,0
2024-01-03 00:00:00+07:00,5394.375,0
2024-01-04 00:00:00+07:00,5490.703125,0
2024-01-05 00:00:00+07:00,5538.8671875,0
2024-01-08 00:00:00+07:00,5418.45703125,0
2024-01-09 00:00:00+07:00,5490.703125,0
2024-01-10 00:00:00+07:00,5490.703125,0
2024-01-11 00:00:00+07:00,5538.8671875,0
2024-01-12 00:00:00+07:00,5635.1953125,0
2024-01-15 00:00:00+07:00,5611.11328125,0
2024-01-16 00:00:00+07:00,5611.11328125,0
2024-01-17 00:00:00+07:00,5562.94921875,0
2024-01-18 00:00:00+07:00,5538.8671875,0
2024-01-19 00:00:00+07:00,5587.03125,0
2024-01-22 00:00:00+07:00,5562.94921875,0
2024-01-23 00:00:00+07:00,5490.703125,0
2024-01-24 00:00:00+07:00,5442.5390625,0
2024-01-25 00:00:00+07:00,5322.12890625,0
2024-01-26 00:00:00+07:00,5225.80078125,0
2024-01-29 00:00:00+07:00,5370.29296875,0
2024-01-30 00:00:00+07:00,5418.45703125,0
2024-01-31 00:00:00+07:00,5490.703125,0
2024-02-01 00:00:00+07:00,5538.8671875,0
2024-02-02 00:00:00+07:00,5635.1953125,0
2024-02-05 00:00:00+07:00,5562.94921875,0
2024-02-06 00:00:00+07:00,5611.11328125,0
2024-02-07 00:00:00+07:00,5635.1953125,0
2024-02-12 00:00:00+07:00,5803.76953125,0
2024-02-13 00:00:00+07:00,5779.6875,0
2024-02-15 00:00:00+07:00,5900.09765625,0
2024-02-16 00:00:00+07:00,5924.1796875,0
2024-02-19 00:00:00+07:00,5876.015625,0
2024-02-20 00:00:00+07:00,6068.671875,0
2024-02-21 00:00:00+07:00,6068.671875,0
2024-02-22 00:00:00+07:00,6020.5078125,0
2024-02-23 00:00:00+07:00,5900.09765625,0
2024-02-26 00:00:00+07:00,5948.26171875,0
2024-02-27 00:00:00+07:00,5900.09765625,0
2024-02-28 00:00:00+07:00,5996.42578125,0
2024-02-29 00:00:00+07:00,5900.09765625,0
2024-03-01 00:00:00+07:00,5900.09765625,0
2024-03-04 00:00:00+07:00,5827.8515625,0
2024-03-05 00:00:00+07:00,5900.09765625,0
2024-03-06 00:00:00+07:00,5972.34375,0
2024-03-07 00:00:00+07:00,5996.42578125,0
2024-03-08 00:00:00+07:00,6116.8359375,0
2024-03-13 00:00:00+07:00,6165.0,0
2024-03-14 00:00:00+07:00,6150.0,0
2024-03-15 00:00:00+07:00,5975.0,0
2024-03-18 00:00:00+07:00,6000.0,0
2024-03-19 00:00:00+07:00,6000.0,0
2024-03-20 00:00:00+07:00,6100.0,0
2024-03-21 00:00:00+07:00,6100.0,0
2024-03-22 00:00:00+07:00,6125.0,0
2024-03-25 00:00:00+07:00,6250.0,0
2024-03-26 00:00:00+07:00,6300.0,0
2024-03-27 00:00:00+07:00,6250.0,0
2024-03-28 00:00:00+07:00,6050.0,0
2024-04-01 00:00:00+07:00,5925.0,0
2024-04-02 00:00:00+07:00,5675.0,1
2024-04-03 00:00:00+07:00,5625.0,0
2024-04-04 00:00:00+07:00,5700.0,0
2024-04-05 00:00:00+07:00,5650.0,0
2024-04-16 00:00:00+07:00,5350.0,0
2024-04-17 00:00:00+07:00,5300.0,0
2024-04-18 00:00:00+07:00,5475.0,0
2024-04-19 00:00:00+07:00,5275.0,0
2024-04-22 00:00:00+07:00,5300.0,0
2024-04-23 00:00:00+07:00,5300.0,0
2024-04-24 00:00:00+07:00,5225.0,0
2024-04-25 00:00:00+07:00,5150.0,0
2024-04-26 00:00:00+07:00,4830.0,1
2024-04-29 00:00:00+07:00,4770.0,1
2024-04-30 00:00:00+07:00,4940.0,0
2024-05-02 00:00:00+07:00,4760.0,0
2024-05-03 00:00:00+07:00,4750.0,0
2024-05-06 00:00:00+07:00,4790.0,0
2024-05-07 00:00:00+07:00,4670.0,0
2024-05-08 00:00:00+07:00,4680.0,0
2024-05-13 00:00:00+07:00,4680.0,0
2024-05-14 00:00:00+07:00,4730.0,0
2024-05-15 00:00:00+07:00,4820.0,0
2024-05-16 00:00:00+07:00,4840.0,0
2024-05-17 00:00:00+07:00,4920.0,0
2024-05-20 00:00:00+07:00,4820.0,0
2024-05-21 00:00:00+07:00,4680.0,0
2024-05-22 00:00:00+07:00,4720.0,0
2024-05-27 00:00:00+07:00,4550.0,0
2024-05-28 00:00:00+07:00,4530.0,0
2024-05-29 00:00:00+07:00,4410.0,0
2024-05-30 00:00:00+07:00,4380.0,0
2024-05-31 00:00:00+07:00,4340.0,0
2024-06-03 00:00:00+07:00,4530.0,0
2024-06-04 00:00:00+07:00,4450.0,0
2024-06-05 00:00:00+07:00,4400.0,0
2024-06-06 00:00:00+07:00,4500.0,0
2024-06-07 00:00:00+07:00,4350.0,0
2024-06-10 00:00:00+07:00,4400.0,0
2024-06-11 00:00:00+07:00,4340.0,0
2024-06-12 00:00:00+07:00,4350.0,0
2024-06-13 00:00:00+07:00,4310.0,0
2024-06-14 00:00:00+07:00,4180.0,0
2024-06-19 00:00:00+07:00,4100.0,0
2024-06-20 00:00:00+07:00,4270.0,0
2024-06-21 00:00:00+07:00,4440.0,0
2024-06-24 00:00:00+07:00,4400.0,0
2024-06-25 00:00:00+07:00,4380.0,0
2024-06-26 00:00:00+07:00,4370.0,0
2024-06-27 00:00:00+07:00,4460.0,0
2024-06-28 00:00:00+07:00,4600.0,0
2024-07-01 00:00:00+07:00,4630.0,0
2024-07-02 00:00:00+07:00,4570.0,0
2024-07-03 00:00:00+07:00,4600.0,0
2024-07-04 00:00:00+07:00,4790.0,1
2024-07-05 00:00:00+07:00,4800.0,0
2024-07-08 00:00:00+07:00,4750.0,0
2024-07-09 00:00:00+07:00,4870.0,0
2024-07-10 00:00:00+07:00,4850.0,0
2024-07-11 00:00:00+07:00,4840.0,0
2024-07-12 00:00:00+07:00,4900.0,0
2024-07-15 00:00:00+07:00,4820.0,0
2024-07-16 00:00:00+07:00,4730.0,0
2024-07-17 00:00:00+07:00,4760.0,0
2024-07-18 00:00:00+07:00,4890.0,0
2024-07-19 00:00:00+07:00,4900.0,0
2024-07-22 00:00:00+07:00,4910.0,0
2024-07-23 00:00:00+07:00,4790.0,0
2024-07-24 00:00:00+07:00,4780.0,0
2024-07-25 00:00:00+07:00,4700.0,0
2024-07-26 00:00:00+07:00,4760.0,0
2024-07-29 00:00:00+07:00,4780.0,0
2024-07-30 00:00:00+07:00,4670.0,0
2024-07-31 00:00:00+07:00,4670.0,0
2024-08-01 00:00:00+07:00,4750.0,0
2024-08-02 00:00:00+07:00,4710.0,0
2024-08-05 00:00:00+07:00,4530.0,0
2024-08-06 00:00:00+07:00,4600.0,0
2024-08-07 00:00:00+07:00,4620.0,0
2024-08-08 00:00:00+07:00,4660.0,0
2024-08-09 00:00:00+07:00,4670.0,0
2024-08-12 00:00:00+07:00,4680.0,0
