title,link,date_accessed,date_published,content
RUPST BRI: Susunan Direksi Tetap dan Hanya Satu ...,https://infobanknews.com/rupst-bri-susunan-direksi-tetap-dan-hanya-satu-komisaris-yang-diganti/,2024-08-15,2024-03-01,"Jakarta – PT Bank Rakyat Indonesia (Persero) Tbk (BBRI) pada hari ini (1/3) telah melangsungkan rapat umum pemegang saham tahunan (RUPST) 2023. Salah satu agendanya adalah perubahan direksi dan komisaris perusahaan. Dalam RUPST tersebut, para pemegang saham memutuskan untuk memberhentikan dengan hormat dan mengangkat kembali Wakil Direktur Utama, Catur Budi Harto, Direktur Bisnis Wholesale dan Kelembagaan, Agus Noorsanto, serta Direktur Manajemen Risiko, Agus Sudiarto. Tidak hanya itu, para pemegang saham juga memberhentikan dengan hormat Hendrikus Ivo sebagai Komisaris Independen dan mengangkat Haryo Baskoro Wicaksono sebagai Komisaris Independen. “Anggota dewan komisaris yang diangkat itu baru dapat melaksanakan tugas dan fungsi dalam jabatannya setelah mendapatkan persetujuan dari OJK atas penilaian kemampuan dan kepatutan fit and proper test dan memenuhi ketentuan peraturan perundang-undangan yang berlaku,” ucap Direktur Utama BBRI, Sunarso dalam Konferensi Pers Virtual di Jakarta, 1 Maret 2024. Selain itu, BBRI juga melakukan perubahan nomenklatur jabatan untuk Direktur Bisnis Kecil dan Menengah menjadi Direktur Commercial, Small, and Medium Business. Lalu, Direktur Jaringan dan Layanan menjadi Direktur Retail Funding and Distribution. Sehingga berdasarkan perubahan tersebut, susunan direksi dan komisaris BBRI menjadi sebagai berikut: Itulah jajaran komisaris dan direksi terbaru hasil RUSPT BRI 2023. (*) ... ... ... Connect with us Copyright @ 2023 Infobanknews.comAll right reserved News UpdatePerbankanMoneter & FiskalKeuanganPasar Modal Ekonomi & BisnisShariah InsightInfo BPRMarket Update EntertainmentOtomotifPoliticFood & Travel RedaksiPedoman Media SiberKarirIklanMedia PartnerPrivacy PolicyDisclaimer InfobanknewsInfobankstoreInfobankdataInfobankeventInfobanktvUmkm Go Digital"
BRI tidak rombak jajaran direksi dalam RUPST 2024,https://www.antaranews.com/berita/3991251/bri-tidak-rombak-jajaran-direksi-dalam-rupst-2024,2024-08-15,2024-03-01,"Pewarta: Bayu SaputraEditor: Faisal Yunianto								Copyright © ANTARA 2024 

 

Kirim
Komentar menjadi tanggung-jawab Anda sesuai UU ITE.
"
"BRI (BBRI) Rombak Pengurus, Ini Susunan Komisaris dan ...",https://finansial.bisnis.com/read/20240301/90/1745660/bri-bbri-rombak-pengurus-ini-susunan-komisaris-dan-direksi-terbaru,2024-08-15,2024-03-01,"Nyaman tanpa iklan. Langganan BisnisPro Nyaman tanpa iklan. Langganan BisnisPro Nyaman tanpa iklan. Langganan BisnisPro Bisnis.com, JAKARTA – Rapat umum pemegang saham tahunan (RUPST) PT Bank Rakyat Indonesia (Persero) Tbk. (BBRI) telah memutuskan untuk mengubah jajaran kepengurusan di BRI. Adapun, RUPST BRI yang digelar pada Jumat (1/3/2024) itu memutuskan untuk memberhentikan dengan hormat Hendrikus Ivo dari jabatannya sebagai Komisaris Independen BRI. Kemudian, RUPST mengangkat Haryo Baskoro Wicaksono sebagai Komisaris Independen baru di BRI. ""Haryo Baskoro Wicaksono baru menjalankan tugasnya sebagai Komisaris Independen BRI setelah mendapatkan persetujuan OJK [Otoritas Jasa Keuangan] dan berdasarkan fit and proper test,"" ujar Direktur Utama BRI Sunarso dalam konferensi pers RUPST BRI pada Jumat (1/3/2024). Selain itu, RUPST juga mengubah nomenklatur jabatan atau direktorat di BRI. Direktorat Bisnis Kecil dan Menengah diubah menjadi Direktorat Commercial Small and Medium Business. Lalu, Direktorat Jaringan dan Layanan diubah menjadi Direktorat Retail Funding and Distribution.  ""RUPST pun kemudian mengalihkan penugasan nama-nama berikut direktur di direktorat tersebut,"" kata Sunarso. Amam Sukriyanto menjadi Direktur Commercial, Small, and Medium Business BRI. Lalu, Andrijanto menjadi Direktur Retail Funding and Distribution BRI.  Baca Juga Ke depannya, dengan perubahan struktur pengurus serta nomenklatur direktorat, BRI pun akan terus berupaya melaju. ""Perseroan berkomitmen fokus ke bisnis retail banking dan meningkatkan kontribusi perusahaan anak,"" tutur Sunarso.  Dewan Komisaris Komisaris Utama: Kartika Wirjoatmodjo Wakil Komisaris Utama/Independen: Rofikoh Rokhim Komisaris: Awan Nurmawan Nuh Komisaris: Rabin Indrajad Hattari Komisaris Independen: Dwi Ria Latifa  Komisaris Independen: Heri Sunaryadi  Komisaris Independen: Paripurna Poerwoko Sugarda Komisaris Independen: Agus Riswanto Komisaris Independen: Nurmaria Rosa Komisaris Independen: Haryo Baskoro Wicaksono* Dewan Direksi Direktur Utama: Sunarso Wakil Direktur Utama: Catur Budi Harto Direktur Keuangan: Viviana Dyah Ayu Retno K Direktur Bisnis Wholesale dan Kelembagaan: Agus Noorsanto Direktur Bisnis Mikro: Supari Direktur Digital dan Teknologi Informasi: Arga M. Nugraha Direktur Commercial, Small, and Medium Business: Amam Sukriyanto Direktur Retail Funding and Distribution: Andrijanto Direktur Human Capital: Agus Winardono Direktur Manajemen Risiko: Agus Sudiarto Direktur Bisnis Konsumer: Handayani Direktur Kepatuhan: A. Solichin Lutfiyanto Cek Berita dan Artikel yang lain di Google
            News dan WA Channel Nyaman tanpa iklan. Langganan BisnisPro Nyaman tanpa iklan. Langganan BisnisPro Nyaman tanpa iklan. Langganan BisnisPro Nyaman tanpa iklan. Langganan BisnisPro Nyaman tanpa iklan. Langganan BisnisPro"
BRI Umumkan Susunan Direksi Baru di RUPST 2024,https://biz.kompas.com/read/2024/03/02/090916328/bri-umumkan-susunan-direksi-baru-di-rupst-2024,2024-08-15,2024-03-02,"BRI Umumkan Susunan Direksi Baru di RUPST 2024 JAKARTA, KOMPAS.com - PT Bank Rakyat Indonesia (Persero) Tbk atau BRI mengumumkan susunan direksi baru di Rapat Umum Pemegang Saham Tahunan (RUPST) 2024 di Jakarta, Jumat (1/3/2024). RUPST tersebut memberhentikan dengan hormat dan mengangkat kembali Catur Budi Harto sebagai Wakil Direktur Utama BRI, Agus Noorsanto sebagai Direktur Bisnis Wholesale dan Kelembagaan, dan Agus Sudiarto sebagai Direktur Manajemen Risiko. Kemudian, RUPST memberhentikan Komisaris Independen Hendrikus Ivo sebagai Komisaris Independen. Pada kesempatan itu, Direktur Utama BRI Sunarso mengucapkan terima kasih kepada Hendrikus Ivo atas dedikasinya sebagai komisaris independen. Sebagai pengganti, Haryo Baskoro Wicaksono diangkat menjadi komisaris independen. Haryo baru bisa melaksanakan tugas dan fungsi dalam jabatannya setelah mendapat persetujuan dari Otoritas Jasa Keuangan (OJK). RUPST juga memutuskan nomenklatur jabatan atau nama direktorat di BRI. Pertama, Direktur Bisnis Kecil dan Menengah berubah jadi Direktur Commercial, Small, and Medium Business. Kedua, Direktur Jaringan dan Layanan menjadi Direktur Retail Funding and Distribution. RUPST juga mengalihkan penugasan Amam Sukriyanto dari Direktur Bisnis Kecil dan Menengah menjadi Direktur Commercial, Small, and Medium Business. Selanjutnya, Andrijanto dari Direktur Jaringan dan Layanan menjadi Direktur Retail Funding and Distribution. Berikut adalah susunan baru dewan komisaris dan direksi BRI. Dewan Komisaris Dewan Direksi Bagikan dividen Rp 48,1 triliun Dalam RUPST, BRI menyetujui pembagian dividen sebesar 80 persen dari laba bersih Rp 60,43 triliun. Jumlah ini setara dengan Rp 48,10 triliun atau Rp 319 per lembar saham. Sunarso mengatakan, jumlah tersebut sudah termasuk dengan dividen interim yang dibagikan BRI sebesar Rp 12,66 triliun atau Rp 84 per lembar saham pada 18 Januari 2024. Jika dirinci, pemerintah selaku pemilik 53 persen saham BRI mendapatkan dividen interim Rp 6,77 triliun, sedangkan publik mendapatkan Rp 5,89 triliun. Selanjutnya, terdapat sisa dividen tunai Rp 35,43 triliun atau Rp 235 per saham. Dari jumlah tersebut, pemerintah mendapatkan Rp 18,94 triliun. Sisanya Rp 16,49 triliun diberikan untuk publik. “Atas sisa laba sebesar 20 persen atau Rp 11,99 triliun, BRI akan menggunakannya sebagai saldo sisa laba ditahan,” kata Sunarso. YOGARTA AWAWA PRABANING ARKA/KOMPAS.COM Direktur Utama BRI Sunarso.  Sunarso memaparkan, capaian positif BRI tersebut ditopang penyaluran kredit BRI sebesar Rp 1.266,4 triliun atau tumbuh 11,18 persen secara tahunan. Segmen usaha mikro kecil dan menengah (UMKM) masih menjadi mayoritas penyaluran kredit BRI, yakni Rp 1.068 triliun atau berkontribusi sebesar 84,4 persen. Sunarso optimistis, BRI dapat membagikan dividen jumbo secara konsisten hingga lima tahun ke depan. Pasalnya, BRI memiliki rasio kecukupan modal atau capital adequacy ratio (CAR) sebesar 27,3 persen. Angka tersebut tergolong aman karena berdasarkan ketentuan untuk menanggung segala potensi risiko membutuhkan CAR sebesar 17,5 persen. Dengan demikian, BRI memiliki kelonggaran CAR sebesar 10 persen. Dengan asumsi pertumbuhan bisnis mengonsumsi CAR sebesar 2 persen per tahun, BRI belum membutuhkan tambahan modal hingga 5 tahun ke depan. ""Hal tersebut membuat BRI memiliki kelonggaran untuk membagikan dividen dengan porsi cukup besar dari laba yang dihasilkan,” tuturnya. Copyright 2008 - 2024 PT. Kompas Cyber Media (Kompas Gramedia Digital Group). All Rights Reserved."
"Gelar RUPST, Sunarso Kembali Ditunjuk Jadi Dirut BRI",https://ekonomi.republika.co.id/berita/rrgb3o423/gelar-rupst-sunarso-kembali-ditunjuk-jadi-dirut-bri,2024-08-15,2023-03-13,"RUPST sepakat mengangkat kembali direksi yang masa jabatannya telah habis  REPUBLIKA.CO.ID, JAKARTA -- PT Bank Rakyat Indonesia (Persero) Tbk atau BRI telah mendapat restu dari pemegang saham untuk mengubah struktur kepengurusan Perseroan. Melalui Rapat Umum Pemegang Saham Tahunan (RUPST), Sunarso kembali ditunjuk sebagai direktur utama Perseroan.  


   Selain Sunarso, kursi direksi lainnya juga masih dipercayai kepada direktur terdahulu di periode sebelumnya. RUPST sepakat mengangkat kembali direksi yang masa jabatannya telah habis, antara lain Supari sebagai Direktur Bisnis, dan Ahmad Solichin sebagai Direktur Kepatuhan.
Baca Juga
 

Harga Murah, Bos BRI: Momentum Tepat Buyback Saham
 
BRI Bagikan Dividen Rp 43,5 Triliun
 
Ikuti Kursus Gratis Road to IELTS dari British Council

    Direktur Utama BRI, Sunarso, mengatakan RUPST juga menyetujui perubahan pada susunan komisaris. ""RUPST BRI menyetujui untuk memberhentikan dengan hormat Hadiyanto sebagai komisaris karena habis masa tugasnya,"" kata Sunarso saat konferensi pers RUPST Tahun Buku 2022, Senin (13/3/2023).     RUPST juga menyepakati Awan Nurmawan Nuh sebagai Komisaris BRI. Awan sebelumnya menjabat sebagai Irjen Kementerian Keuangan. Komisaris, dan anggota dewan komisaris baru dapat menjalankan tugas setelah fit and proper test. 








   Dengan demikian, susunan Komisaris dan Direksi BRI hasil RUPST hari ini adalah sebagai berikut: Dewan Komisaris   Komisaris Utama: Kartika Wirjoatmodjo   Wakil Komisaris Utama/Independen: Rofikoh Rokhim   Komisaris: Rabin Indrajad Hattari   Komisaris: Awan Nurmawan Nuh   Komisaris Independen: Hendrikus Ivo   Komisaris Independen: Dwi Ria Latifa   Komisaris Independen: Heri Sunaryadi   Komisaris Independen: Paripurna Poerwoko Sugarda   Komisaris Independen: Agus Riswanto   Komisaris Independen: Nurmaria Rosa Dewan Direksi   Direktur Utama: Sunarso   Wakil Direktur Utama: Catur Budi Harto   Direktur Bisnis Mikro: Supari   Direktur Bisnis Kecil dan Menengah: Amam Sukriyanto   Direktur Bisnis Konsumer: Handayani   Direktur Human Capital: Agus Winardono   Direktur Keuangan: Viviana Dyah Ayu Retno K   Direktur Digital dan Teknologi Informasi: Arga M. Nugraha   Direktur Manajemen Risiko: Agus Sudiarto   Direktur Bisnis Wholesale dan Kelembagaan: Agus Noorsanto   Direktur Jaringan dan Layanan: Andrijanto   Direktur Kepatuhan: A. Solichin Lutfiyanto.





			Ikuti Whatsapp Channel Republika 

 REPUBLIKA.CO.ID, JAKARTA -- PT Bank Rakyat Indonesia (Persero) Tbk atau BRI telah mendapat restu dari pemegang saham untuk mengubah struktur kepengurusan Perseroan. Melalui Rapat Umum Pemegang Saham Tahunan (RUPST), Sunarso kembali ditunjuk sebagai direktur utama Perseroan.     Selain Sunarso, kursi direksi lainnya juga masih dipercayai kepada direktur terdahulu di periode sebelumnya. RUPST sepakat mengangkat kembali direksi yang masa jabatannya telah habis, antara lain Supari sebagai Direktur Bisnis, dan Ahmad Solichin sebagai Direktur Kepatuhan.    Direktur Utama BRI, Sunarso, mengatakan RUPST juga menyetujui perubahan pada susunan komisaris. ""RUPST BRI menyetujui untuk memberhentikan dengan hormat Hadiyanto sebagai komisaris karena habis masa tugasnya,"" kata Sunarso saat konferensi pers RUPST Tahun Buku 2022, Senin (13/3/2023).      RUPST juga menyepakati Awan Nurmawan Nuh sebagai Komisaris BRI. Awan sebelumnya menjabat sebagai Irjen Kementerian Keuangan. Komisaris, dan anggota dewan komisaris baru dapat menjalankan tugas setelah fit and proper test.    Dengan demikian, susunan Komisaris dan Direksi BRI hasil RUPST hari ini adalah sebagai berikut:  Dewan Komisaris    Komisaris Utama: Kartika Wirjoatmodjo    Wakil Komisaris Utama/Independen: Rofikoh Rokhim    Komisaris: Rabin Indrajad Hattari    Komisaris: Awan Nurmawan Nuh    Komisaris Independen: Hendrikus Ivo    Komisaris Independen: Dwi Ria Latifa    Komisaris Independen: Heri Sunaryadi    Komisaris Independen: Paripurna Poerwoko Sugarda    Komisaris Independen: Agus Riswanto    Komisaris Independen: Nurmaria Rosa  Dewan Direksi    Direktur Utama: Sunarso    Wakil Direktur Utama: Catur Budi Harto    Direktur Bisnis Mikro: Supari    Direktur Bisnis Kecil dan Menengah: Amam Sukriyanto    Direktur Bisnis Konsumer: Handayani    Direktur Human Capital: Agus Winardono    Direktur Keuangan: Viviana Dyah Ayu Retno K    Direktur Digital dan Teknologi Informasi: Arga M. Nugraha    Direktur Manajemen Risiko: Agus Sudiarto    Direktur Bisnis Wholesale dan Kelembagaan: Agus Noorsanto    Direktur Jaringan dan Layanan: Andrijanto    Direktur Kepatuhan: A. Solichin Lutfiyanto. (QS. Al-Mulk ayat 14) Jl. Warung Buncit Raya No 37 Jakarta Selatan 12510  Phone: 021 780 3747  Email:
[email protected] (Redaksi)
[email protected] ( Marketing ) 
[email protected] ( Kerjasama ) 
[email protected] ( Customer Care )
           Copyright © 2023. Republika.co.id. All rights reserved."
"Gelar RUPST, BRI Angkat Kembali Tiga Direksi ... - Keuangan",https://keuangan.kontan.co.id/news/gelar-rupst-bri-angkat-kembali-tiga-direksi-dan-mengganti-satu-komisaris,2024-08-15,2024-03-01,"Reporter: Adrianus Octaviano | Editor: Herlina Kartika Dewi KONTAN.CO.ID - JAKARTA. PT Bank Rakyat Indonesia Tbk (BBRI) melaksanakan Rapat Umum Pemegang Saham Tahunan (RUPST) 2023 pada Jumat, 1 Maret 2023. Salah satu agenda dalam RUPST tersebut adalah perubahan jajaran pengurus.  Direktur Utama BRI Sunarso mengungkapkan, dalam RUPST tersebut telah disepakati pengangkatan kembali direksi yang masa jabatannya habis. Beberapa di antaranya adalah Wakil Direktur Utama Catur Budi Harto, Direktur Bisnis Wholesale dan Kelembagaan Agus Noorsanto, dan Direktur Manajemen Risiko Agus Sudiarto.  Sementara itu, RUPST juga memberhentikan dengan hormat Komisaris Independen Hendrikus Ivo yang telah menduduki posisi jabatan tersebut sejak tahun 2019.  Sebagai penggantinya, Haryo Baskoro Wicaksono diangkat menjadi komisaris independen dari bank yang fokus pada kredit wong cilik ini. Sunarso pun mengungkapkan terima kasih pada Hendrikus Ivo atas dedikasinya sebagai komisaris independen.  Baca Juga: Sah! BRI Bakal Membagikan Dividen Senilai Rp 48,1 Triliun dari Laba 2023   “Haryo Bagus Wicaksono baru bisa melaksanakan tugas dan fungsi dalam jabatannya setelah mendapat persetujuan dari Otoritas Jasa Keuangan (OJK),” ujarnya dalam konferensi pers, Jumat (1/3).  Sementara itu, RUPST juga memutuskan adanya perubahan nomenklatur jabatan atau nama direktorat di BRI. Pertama, Direktur Bisnis Kecil dan Menengah berubah jadi Direktur Commercial, Small, and Medium Bussines. Kedua, Direktur Jaringan dan Layanan menjadi Direktur Retail Funding and Distribution.  Dengan demikian, Aman Sukriyanto yang semula Direktur Bisnis Kecil dan Menengah berubah berubah menjadi Direktur Commercial, Small, and Medium Bussines. Sementara, Andrijanto  yang semula Direktur Jaringan dan Layanan menjadi Direktur Retail Funding and Distribution.  Berikut susunan dewan komisaris dan direksi BRI:  Dewan Komisaris  Komisaris Utama: Kartika Wirjoatmodjo Wakil Komisaris Utama/Independen: Rofikoh Rokhim Komisaris: Rabin Indrajad Hattari Komisaris: Awan Nurmawan Komisaris Independen: Haryo Baskoro Wicaksono* Komisaris Independen: Dwi Ria Latifa Komisaris Independen: Heri Sunaryadi Komisaris Independen: Paripurna Poerwoko Sugarda Komisaris Independen: Agus Riswanto Komisaris Independen: Nurmaria Rosa   Dewan Direksi  Direktur Utama: Sunarso Wakil Direktur Utama: Catur Budi Harto Direktur Bisnis Mikro: Supari Direktur Commercial, Small, and Medium Bussines: Amam Sukriyanto Direktur Bisnis Konsumer: Handayani Direktur Human Capital: Agus Winardono Direktur Keuangan: Viviana Dyah Ayu Retno K Direktur Digital dan Teknologi Informasi: Arga M. Nugraha Direktur Manajemen Risiko: Agus Sudiarto Direktur Bisnis Wholesale dan Kelembagaan: Agus Noorsanto Direktur Retail Funding and Distribution: Andrijanto Direktur Kepatuhan: A. Solichin Lutfiyanto   *menunggu persetujuan dari OJK  Cek Berita dan Artikel yang lain di Google News"
Aman! Tiga Direktur BRI Diangkat Kembali jadi Dewan ...,https://infobanknews.com/aman-tiga-direksi-bri-diangkat-kembali-jadi-dewan-direksi/,2024-08-15,2023-03-13,"Jakarta – PT Bank Rakyat Indonesia (BRI) menggelar Rapat Umum Pemegang Saham Tahunan (RUPST) 2023 pada hari ini, Senin (13/3/2023). Berdasarkan sumber Infobanknews menyebutkan, tidak ada perombakan direksi dalam RUPST 2023. Dengan demikian sususan direksi Bank BRI masih sama. “Direksi BRI tetap semuanya,” ujar sumber Infobanknews, Senin, 13 Maret 2023. Hasil RUPST ini seperti diperkirakan Infobanknews sebelumnya yang juga menyatakan tidak ada perubahan di dewan direksi dan hanya perubahan komisaris. Dalam RUPST BRI 2023 diputuskan bahwa, Direktur Utama Sunarso, Direktur Bisnis Mikro Supari dan Direktur Kepatuhan A. Solichin Lutfiyanto diangkat kembali. Selain pengangkatan kembali tiga nama direksi, pemegang saham juga menunjuk Awan Nurmawan sebagai Komisaris menggantikan Hadiyanto. Seperti diketahui, sepanjang tahun 2022 BRI mencatatkan laba bersih Rp51,4 triliun sepanjang 2022, atau melesat 67% secara yoy, dibandingkan dengan pencapaian di tahun 2021. Laba ini merupakan tertinggi dalam sejarah perbankan Indonesia. Dengan total kredit dan pembiayaan BRI Group mencapai Rp1.139,08 triliun. Selain itu, DPK BRI juga mencatatkan pertumbuhan sebesar Rp1.307,88 triliun, tumbuh 14,85%. Dengan demikian berikut susunan dewan komisaris dan direksi BRI: Dewan Komisaris  Dewan Direksi  Editor: Rezkiana Nisaputra ... ... ... Connect with us Copyright @ 2023 Infobanknews.comAll right reserved News UpdatePerbankanMoneter & FiskalKeuanganPasar Modal Ekonomi & BisnisShariah InsightInfo BPRMarket Update EntertainmentOtomotifPoliticFood & Travel RedaksiPedoman Media SiberKarirIklanMedia PartnerPrivacy PolicyDisclaimer InfobanknewsInfobankstoreInfobankdataInfobankeventInfobanktvUmkm Go Digital"
BRI-MI Tunjuk Tina Meilina Sebagai Direktur Utama yang Baru,https://keuangan.kontan.co.id/news/bri-mi-tunjuk-tina-meilina-sebagai-direktur-utama-yang-baru,2024-08-15,2024-06-19,"Reporter: Yudho Winarto | Editor: Yudho Winarto KONTAN.CO.ID - JAKARTA. Tina Meilina resmi ditunjuk sebagai Direktur Utama PT BRI Manajemen Investasi (BRI-MI) yang efektif per tanggal 11 Juni 2024. Tina dipercaya mampu membawa BRI-MI tumbuh lebih kuat berkat pengalamannya pada industri jasa keuangan.  Komisaris Utama BRI-MI Tri Hartono menyambut baik penunjukan Tina Meilina sebagai Direktur Utama BRI-MI.  Menurutnya, dengan rekam jejak yang kuat, Tina dapat membawa BRI-MI tumbuh kuat dan mampu menjawab tantangan pasar dan kebutuhan investor.  ""Kami antusias menyambut Tina Meilina sebagai Direktur Utama. Kami meyakini pengalaman dan keahlian yang dimilikinya dapat menjadi aset sangat yang berharga bagi perusahaan dalam mencapai tujuan strategis, yakni senantiasa bertumbuh dan semakin kuat dalam menghadapi tantangan ke depan,"" ujarnya melalui siaran pers, Rabu (19/6).  Baca Juga: Dana Kelolaan Reksadana BRI-MI Tumbuh 7%, Kian Kokoh di Posisi Top 3 Industri   Sebagai informasi, Tina Meilina bergabung dengan BRI-MI sejak Desember 2023 dan menjabat sebagai SEVP Product & Alternative Investment.  Sebelum bergabung dengan BRI-MI, peraih gelar Sarjana Agribisnis dari Institut Pertanian Bogor (IPB) ini berkarier di PT Bank Rakyat Indonesia (Persero) Tbk sejak 2009.  Posisi terakhir Tina di Bank BRI ialah sebagai Executive Vice President Kepala Divisi Wealth Management BRI.  Selama menjabat pada posisi tersebut, wanita kelahiran Bandung ini berhasil mengkoordinasikan berbagai kegiatan strategis dan operasional yang meliputi pengembangan produk, penyusunan strategi bisnis, serta kemitraan dengan berbagai pihak internal dan eksternal.  Tina aktif meningkatkan kemampuan dan keahlian melalui berbagai pelatihan dan sertifikasi profesional. Beberapa di antaranya ialah sebagai pemegang Izin Wakil Manajer Investasi (WMI) pada 2023, Wakil Agen Penjual Efek Reksa Dana (WAPERD) pada 2022, dan Wakil Perantara Pedagang Efek Pemasaran (WPPE-P) pada 2021.  Selain itu, ada juga Certified Wealth Manager (CWM) pada tahun 2019 & Certified Financial Planner (CFP) pada tahun 2014. Sertifikasi itu menegaskan kompetensi dan kapasitasnya pada industri pasar modal.  Terkait posisi barunya sebagai Direktur Utama BRI-MI, Tina Meilina mengaku berterima kasih atas kepercayaan para pemegang saham. Bersama para pemangku kepentingan dan investor, BRI-MI bakal terus memperkuat posisinya sebagai salah manajer investasi terbesar dan tepercaya di Tanah Air.  Baca Juga: Dana Kelolaan Reksadana BRI Manajemen Investasi Tumbuh 17% Per Maret 2024   ""Saya juga berterima kasih kepada seluruh pemangku kepentingan atas kepercayaan untuk senantiasa memperkuat BRI-MI sebagai salah satu manajer investasi terbesar dan terpercaya di Indonesia” ujar Tina.  Dengan bergabungnya Ibu Tina Meilina sebagai Direktur Utama BR-MI, maka susunan Dewan Komisaris dan Direksi BRI-MI terkini adalah sebagai berikut:  Komisaris Utama:  Tri Hartono  Komisaris Independen:  Kahlil Rowter    Direktur Utama: Tina Meilina  Direktur Sales & Marketing: Upik Susiyawati  Direktur Finance & Operasi: Ira Irmalia Sjam  Cek Berita dan Artikel yang lain di Google News"
Dirut BRI Sunarso Raih The Most Committed CEO ...,https://finansial.bisnis.com/read/20231130/90/1719721/dirut-bri-sunarso-raih-the-most-committed-ceo-bisnis-indonesia-top-bumn-awards-2023,2024-08-15,2023-11-30,"Nyaman tanpa iklan. Langganan BisnisPro Nyaman tanpa iklan. Langganan BisnisPro Nyaman tanpa iklan. Langganan BisnisPro Bisnis.com, JAKARTA — Direktur Utama PT Bank Rakyat Indonesia (Persero) Tbk. (BBRI) Sunarso meraih penghargaan di Bisnis Indonesia TOP BUMN Awards 2023 yakni special award sebagai The Most Committed Chief Executive Officer State-Owned Enterprises In Driving Technological Change. TOP BUMN Awards 2023 merupakan acara yang digelar Bisnis Indonesia Group sebagai bentuk apresiasi kepada Badan Usaha Milik Negara (BUMN). Pada tahun ini, gelaran TOP BUMN Awards mengambil tajuk Competitiveness, Innovation, and Prosperity. Para penerima penghargaan dinilai berdasarkan kinerja, gagasan, inovasi, serta transformasi bisnis perusahaan, di tengah situasi ekonomi global dan domestik yang dinamis. Sunarso berkiprah di BRI sejak ditunjuk dalam rapat umum pemegang saham luar biasa (RUPSLB) BRI pada 2019. Sebelum menjabat sebagai Direktur Utama BRI, Sunarso sudah cukup lama malang-melintang di dunia perbankan, terutama pelat merah. Pada Mei 2010, dia ditunjuk sebagai Direktur Commercial & Business Banking PT Bank Mandiri (Persero) Tbk. Jabatan tersebut dia pegang hingga Maret 2015. Setelah itu, Sunarso menjabat sebagai Wakil Direktur BRI hingga Oktober 2017. Lalu, dia ditunjuk untuk menduduki kursi Direktur Utama PT Pegadaian (Persero) hingga Oktober 2017. Baca Juga Sunarso kemudian kembali ke jajaran direksi BBRI setelah dipilih menjadi Wakil Direktur Utama bank pelat merah tersebut untuk kedua kalinya pada Januari 2019. Pria kelahiran Pasuruan 7 November 1963 merupakan lulusan Sarjana Agronomi Institut Pertanian Bogor (IPB). Setelah itu, Sunarso melanjutkan studinya ke jenjang S2 dengan gelar Magister Administrasi Bisnis di Universitas Indonesia. Seiring dengan kepemimpinan Sunarso, BRI telah mencatatkan kinerja moncer. Hingga kuartal III/2023, BRI telah meraih laba bersih konsolidasi Rp44,21 triliun pada kuartal III/2023. Capaian laba ini melonjak 12,47% secara tahunan (year on year/yoy) dari periode yang sama tahun sebelumnya sebesar Rp38,31 triliun.   Dari sisi intermediasi, BRI telah menyalurkan kredit sebesar Rp1.184,68 triliun pada kuartal III/2023, naik 12,32% yoy dari yang sebelumnya Rp1.054,72. Aset bank milik pemerintah ini pun naik 9,93% persen yoy menjadi Rp1.851,96 triliun dibanding sebelumnya Rp1.684,60 triliun. Sementara itu, dari sisi pendanaan, BRI tercatat mendapatkan dana pihak ketiga (DPK) Rp1.290,29 triliun pada kuartal III/2023, naik 13,21% yoy. Dana murah atau current account savings account (CASA) BRI naik 10,11% persen menjadi Rp821,14 triliun pada kuartal III/2023 dibanding periode yang sama tahun lalu yaitu Rp745,73 triliun pada kuartal III/2022. Cek Berita dan Artikel yang lain di Google
            News dan WA Channel Nyaman tanpa iklan. Langganan BisnisPro Nyaman tanpa iklan. Langganan BisnisPro Nyaman tanpa iklan. Langganan BisnisPro Nyaman tanpa iklan. Langganan BisnisPro Nyaman tanpa iklan. Langganan BisnisPro"
Profil Dirut BRI Sunarso yang Putuskan BRI Kembali Jadi ...,https://bisnis.tempo.co/read/1742916/profil-dirut-bri-sunarso-yang-putuskan-bri-kembali-jadi-sponsor-liga-1-musim-20232024,2024-08-15,2023-06-30,"Lupa Kata Sandi? Klik di Sini atau Masuk melalui Belum Memiliki Akun Daftar di Sini atau Daftar melalui Sudah Memiliki Akun Masuk di Sini Konfirmasi Email Kami telah mengirimkan link aktivasi melalui email ke rudihamdani@gmail.com. Klik link aktivasi dan dapatkan akses membaca 2 artikel gratis non Laput di koran dan Majalah Tempo Jika Anda tidak menerima email,
Kirimkan Lagi Sekarang Pencarian Terpopuler Reporter Andika Dwi Editor Martha Warta Silaban Jumat, 30 Juni 2023 11:19 WIB 

                      Bagikan
                    
 TEMPO.CO, Jakarta - Direktur Utama Bank Rakyat Indonesia (BRI), Sunarso, menyatakan BRI akan kembali menjadi sponsor utama Liga 1. Hal ini merupakan ketiga kalinya bagi BRI menjadi sponsor dengan berbagai pertimbangan. Keputusan orang nomor satu di BRI ini didasarkan atas economic value atau nilai ekonomi dari perhelatan akbar tersebut. Lantas, bagaimana kiprah dan profil Sunarso? Sunarso bukanlah nama baru di jajaran dewan direksi BRI. Sunarso pernah menjabat Wakil Direktur sejak 2015. Kemudian, ia ditetapkan sebagai Dirut menggantikan Suprajarto melalui Rapat Umum Pemegang Saham Luar Biasa (RUPSLB) di Jakarta, pada Senin, 2 September 2019.  Baca juga: BRI Danareksa Optimistis IHSG Bisa Tembus 8.000 hingga Akhir Tahun Dilansir dari Antara, pria kelahiran Pasuruan pada 7 November 1963 itu sempat menduduki kursi Direktur Utama PT Pegadaian (Persero) pada Oktober 2017 sampai Januari 2019. Namun, ia kembali ditunjuk menjadi salah pimpinan tertinggi bank plat merah tersebut.  Sunarso mengawali pendidikan di perguruan tinggi dengan meraih gelar Sarjana Pertanian dari Institut Pertanian Bogor (IPB) pada 1988. Bos BRI itu juga melanjutkan pascasarjana hingga memperoleh gelar Master of Business Administration dari Universitas Indonesia (UI) pada 2002.  Pria yang menerbitkan buku berjudul Strategi Pembangunan Pertanian yang Visioner dan Integratif itu tercatat mengikuti berbagai program pelatihan di London Business School, Melbourne University, University of Chicago, University of New South Wales, dan Northwestern University.  Berita Selanjutnya Jokowi Serahkan Bonus Peraih Medali Olimpiade, Lebih Tinggi dari Atlet AS 27 menit lalu Tempo Channel Dapatkan kabar pilihan editor dan breaking news di Tempo.co WhatsApp Channel. Artikel Terkait BRI Danareksa Optimistis IHSG Bisa Tembus 8.000 hingga Akhir Tahun Jadwal Live dan Preview PSS Sleman vs Persik Kediri di Pekan Kedua Liga 1 2024-2025 Jordy Wehrmann Mengaku Pernah Terima Tawaran Naturalisasi untuk Timnas Indonesia, tapi... 10 Perusahaan dengan Pendapatan Terbesar Versi Fortune Indonesia, Didominasi Sektor Energi  Bursa Transfer Ditutup, Ini Daftar Pemain Asing 18 Klub Liga 1 2024-2025 Jadwal Siaran Langsung Liga 1 2024-2025 Pekan Kedua, Klasemen, dan Top Skornya Rekomendasi Artikel Video Pilihan BRI Danareksa Optimistis IHSG Bisa Tembus 8.000 hingga Akhir Tahun 1 jam lalu Direktur Utama BRI Danareksa Sekuritas Laksono Widodo yakin IHSG dapat menguat hingga level 8.000 hingga akhir tahun. Jadwal Live dan Preview PSS Sleman vs Persik Kediri di Pekan Kedua Liga 1 2024-2025 15 jam lalu Pertandingan PSS Sleman vs Persik Kediri akan hadir pada pekan kedua Liga 1 2024-2024 di Stadion Manahan, Minggu, 19 Agustus 2024.  Jordy Wehrmann Mengaku Pernah Terima Tawaran Naturalisasi untuk Timnas Indonesia, tapi... 19 jam lalu Gelandang klub Liga 1 Indonesia Jordy Wehrmann mengaku pernah mendapatkan tawaran naturalisasi untuk membela Timnas Indonesia.  10 Perusahaan dengan Pendapatan Terbesar Versi Fortune Indonesia, Didominasi Sektor Energi  19 jam lalu Daftar top 10 perusahaan terbesar di Indonesia berdasarkan pendapatannya menurut Fortune Indonesia Bursa Transfer Ditutup, Ini Daftar Pemain Asing 18 Klub Liga 1 2024-2025 20 jam lalu Bursa transfer putaran pertama Liga 1 Indonesia 2024-2025 berakhir pada Selasa, 13 Agustus 2024. Sebanyak 12 klub menggunakan kvota maksimal. Jadwal Siaran Langsung Liga 1 2024-2025 Pekan Kedua, Klasemen, dan Top Skornya 20 jam lalu Jadwal Liga 1 2024-2025 akan memasuki pekan kedua. Rangkaian pertandingannya akan berlangsung Jumat hingga Senin, 16-19 Agustus 2024.  Persija Jakarta Lepas Kiper Cahya Supriadi Tak Lama setelah Kedatangan Carlos Eduardo 1 hari lalu Cahya Supriadi bergabung dengan Persija Jakarta sejak level junior. Tak Sadar Diri saat Pertandingan Liga 1, Begini Kabar Terkini Pemain Arema FC Julian Guevara 1 hari lalu Pemain Arema FC Julian Guevara tak sadarkan diri usai berbenturan dengan rekan setimnya saat pertandingan Liga 1 menghadapi Dewa United pada Senin. Kebijakan Baru BRI Bagi Pemilik Rekening Dormant 1 hari lalu BRI memberlakukan kebijakan baru terkait perubahan batas waktu Kebijakan Baru BRI Bagi Pemilik Rekening Dormant 1 hari lalu BRI memberlakukan kebijakan baru terkait perubahan batas waktu Terpopuler di Bisnis Daftar Pemda yang Sudah Umumkan Jumlah Formasi CPNS dan PPPK 2024  22 jam lalu Jokowi Sebut Prabowo Sudah Tidak Sabar untuk Berkantor di IKN 23 jam lalu Viral karena Hampir Pingsan di IKN, Segini Kisaran Gaji Paskibraka  18 jam lalu Daftar Formasi CPNS dan PPPK Kemenkumham 2024 untuk Lulusan SMA-S2  16 jam lalu Menteri PANRB Sebut Buka 60 Ribu Formasi CPNS ke IKN, Berikut Dokumen yang Harus Disiapkan 17 jam lalu  17 jam lalu Liburan Impian Semakin Sempurna dengan Maskapai Penerbangan yang Tepat 22 jam lalu Warga Rempang Berunjuk Rasa di Depan Kantor Airlangga Hartarto, Tolak Proyek Rempang Eco-City  21 jam lalu PT KAI Sediakan Tempat Pengisian Air Minum Gratis di Setiap Stasiun LRT Jabodebek 18 jam lalu Panas Kursi Golkar, Ini Perbandingan Kekayaan Bahlil vs Airlangga Hartarto 23 jam lalu 
    Terkini di Bisnis   Jokowi Serahkan Bonus Peraih Medali Olimpiade, Lebih Tinggi dari Atlet AS 27 menit lalu BI: Utang Luar Negeri Kuartal II 2024 Naik 2,7 Persen Jadi 408,6 Miliar Dolar AS 38 menit lalu Tempo Buka Lowongan Kerja Penulis Artikel Cek Fakta 51 menit lalu Celios: Kenaikan UKT Kian Menggerus Daya Beli Kelas Menengah  1 jam lalu BRI Danareksa Optimistis IHSG Bisa Tembus 8.000 hingga Akhir Tahun 1 jam lalu Promo Kemerdekaan, Diskon 70 dan 50 Persen untuk KA Sribilah Utama Tujuan Medan-Rantauprapat 1 jam lalu Promo Kemerdekaan, Jumlah Pengunjung Taman Impian Jaya Ancol Tembus 50 Ribu di Akhir Pekan Pertama Agustus 2 jam lalu Ekonom Soroti Beban Utang Rp1.200 T Tahun Depan, Singgung Biaya Upacara 17 Agustus di IKN 2 jam lalu Turun Rp 5.000, Harga Emas Antam Hari Ini Rp 1.414.000 per Gram 2 jam lalu Profil Rengkuh Banyu Mahandaru, Inisiator Plepah Kenalkan Produk Kemasan dari Pelepah Pinang 2 jam lalu Simak berita harian lebih mendalam di Majalah Tempo Digital. LAPORAN UTAMA LAPORAN NASIONAL Informasi Trustworthy News Jaringan Media Media Sosial Unduh Aplikasi Tempo"
"Sunarso dirut baru Bank BRI, ini profilnya",https://www.antaranews.com/berita/1041466/sunarso-dirut-baru-bank-bri-ini-profilnya,2024-08-15,2019-09-02,"Pewarta: Royke SinagaEditor: Ahmad Wijaya								Copyright © ANTARA 2019 

 

Kirim
Komentar menjadi tanggung-jawab Anda sesuai UU ITE.
"
Direktur Utama BRI Dinobatkan Sebagai Pemimpin ... - Ekonomi,https://ekonomi.republika.co.id/berita/rwhfx6463/direktur-utama-bri-dinobatkan-sebagai-pemimpin-terpopuler-media-pemberitaan-online-2023,2024-08-15,2023-06-19,"BRI juga mendapatkan penghargaan Lembaga Humas Terbaik, Sub-Kategori BUMN.  REPUBLIKA.CO.ID, JAKARTA -- Penerapan praktik komunikasi terbaik terus dilakukan oleh berbagai pihak. Apresiasi terhadap mereka salah satunya diberikan dalam ajang The 1st INDONESIA GPR AWARDS (IGA) 2023 yang memberikan penghargaan kepada insan kehumasan atas berbagai program komunikasi yang unggul.  



Ajang tersebut menjadi kompetisi sekaligus apresiasi bagi praktisi kehumasan (government public relations) pemerintah di lingkungan Kementerian, Lembaga, Pemerintah Daerah, Perguruan Tinggi Negeri, BUMN, Anak Usaha BUMN, dan BUMD se-Indonesia.
Baca Juga
 

Sebanyak 20 ribu Tiket FIFA Matchday Indonesia Vs Argentina Ludes Dibeli Nasabah BRI
 
BRI Dukung Implementasi UU PPSK untuk Kemajuan Teknologi Jasa Keuangan
 
BRI Bogor Lengkapi Perangkat Digital Permudah Nasabah

 
Pada malam penganugerahan acara yang bertema 'Komunikasi Publik untuk Peradaban Bangsa, belum lama ini di Makassar, Direktur Utama BRI Sunarso dinobatkan sebagai Pemimpin Terpopuler di Media Pemberitaan Online tahun 2023. Kategori terpopuler tersebut ditentukan melalui proses media monitoring secara kualitatif dan kuantitatif dengan menggandeng NoLimit, sebuah perusahaan media monitoring terkemuka. 
Selain itu, PT Bank Rakyat Indonesia (Persero) Tbk atau BRI juga berhasil mendapatkan penghargaan sebagai Lembaga Humas Pemerintah Terbaik, Sub-Kategori BUMN. Hal ini menunjukkan keberhasilan BRI dalam mengomunikasikan isu kepada publik. 









Atas penghargaan tersebut, Direktur Utama BRI Sunarso mendedikasikan penghargaan tersebut untuk insan Brilian (pekerja BRI) dan nasabah BRI. Menurutnya, hal ini akan menjadi pelecut semangat perseroan dalam berkomitmen mendukung keterbukaan dalam komunikasi publilk.
Sunarso mengungkapkan bahwa ke depan, BRI akan terus mengedepankan transparansi dalam berkomunikasi demi meningkatkan reputasi dan mengomunikasikan kinerja perseroan. Sunarso melanjutkan, membangun komunikasi yang berani dan terukur adalah poin penting yang selama ini dijaga. Terlebih di era digital, tak dapat dimungkiri memunculkan tantangan dan nilai-nilai baru dalam setiap aspek, termasuk di bidang kehumasan.
BRI sendiri senantiasa aktif mengkampanyekan informasi publik kepada khalayak luas di berbagai kanal media. Hal ini diimbangi dengan mengedepankan transparansi, akuntabilitas, serta dengan tetap mewujudkan tata kelola perusahaan yang baik.
Sebagai informasi, proses penjurian IGA 2023 dilakukan oleh dewan juri yang terdiri dari pakar lima orang juri. Mereka adalah Asmono Wikan (Founder dan CEO PR INDONESIA Group), Emilia Bassar (CEO Center for Public Relations, Outreach and Communication), Jojo Suharjo Nugroho (Ketua umum Asosiasi Perusahaan Public Relations (APPRI)), Maria Wongsonagoro (PR Consultant), dan Janette Maria Pinariya (Wakil Rektor 1 LSPR).





			Ikuti Whatsapp Channel Republika 

 REPUBLIKA.CO.ID, JAKARTA -- Penerapan praktik komunikasi terbaik terus dilakukan oleh berbagai pihak. Apresiasi terhadap mereka salah satunya diberikan dalam ajang The 1st INDONESIA GPR AWARDS (IGA) 2023 yang memberikan penghargaan kepada insan kehumasan atas berbagai program komunikasi yang unggul.  
Ajang tersebut menjadi kompetisi sekaligus apresiasi bagi praktisi kehumasan (government public relations) pemerintah di lingkungan Kementerian, Lembaga, Pemerintah Daerah, Perguruan Tinggi Negeri, BUMN, Anak Usaha BUMN, dan BUMD se-Indonesia.
Baca Juga
 

Sebanyak 20 ribu Tiket FIFA Matchday Indonesia Vs Argentina Ludes Dibeli Nasabah BRI
 
BRI Dukung Implementasi UU PPSK untuk Kemajuan Teknologi Jasa Keuangan
 
BRI Bogor Lengkapi Perangkat Digital Permudah Nasabah

 
Pada malam penganugerahan acara yang bertema 'Komunikasi Publik untuk Peradaban Bangsa, belum lama ini di Makassar, Direktur Utama BRI Sunarso dinobatkan sebagai Pemimpin Terpopuler di Media Pemberitaan Online tahun 2023. Kategori terpopuler tersebut ditentukan melalui proses media monitoring secara kualitatif dan kuantitatif dengan menggandeng NoLimit, sebuah perusahaan media monitoring terkemuka. 
Selain itu, PT Bank Rakyat Indonesia (Persero) Tbk atau BRI juga berhasil mendapatkan penghargaan sebagai Lembaga Humas Pemerintah Terbaik, Sub-Kategori BUMN. Hal ini menunjukkan keberhasilan BRI dalam mengomunikasikan isu kepada publik. 









Atas penghargaan tersebut, Direktur Utama BRI Sunarso mendedikasikan penghargaan tersebut untuk insan Brilian (pekerja BRI) dan nasabah BRI. Menurutnya, hal ini akan menjadi pelecut semangat perseroan dalam berkomitmen mendukung keterbukaan dalam komunikasi publilk.
Sunarso mengungkapkan bahwa ke depan, BRI akan terus mengedepankan transparansi dalam berkomunikasi demi meningkatkan reputasi dan mengomunikasikan kinerja perseroan. Sunarso melanjutkan, membangun komunikasi yang berani dan terukur adalah poin penting yang selama ini dijaga. Terlebih di era digital, tak dapat dimungkiri memunculkan tantangan dan nilai-nilai baru dalam setiap aspek, termasuk di bidang kehumasan.
BRI sendiri senantiasa aktif mengkampanyekan informasi publik kepada khalayak luas di berbagai kanal media. Hal ini diimbangi dengan mengedepankan transparansi, akuntabilitas, serta dengan tetap mewujudkan tata kelola perusahaan yang baik.
Sebagai informasi, proses penjurian IGA 2023 dilakukan oleh dewan juri yang terdiri dari pakar lima orang juri. Mereka adalah Asmono Wikan (Founder dan CEO PR INDONESIA Group), Emilia Bassar (CEO Center for Public Relations, Outreach and Communication), Jojo Suharjo Nugroho (Ketua umum Asosiasi Perusahaan Public Relations (APPRI)), Maria Wongsonagoro (PR Consultant), dan Janette Maria Pinariya (Wakil Rektor 1 LSPR).





			Ikuti Whatsapp Channel Republika 

 Ajang tersebut menjadi kompetisi sekaligus apresiasi bagi praktisi kehumasan (government public relations) pemerintah di lingkungan Kementerian, Lembaga, Pemerintah Daerah, Perguruan Tinggi Negeri, BUMN, Anak Usaha BUMN, dan BUMD se-Indonesia. 
Pada malam penganugerahan acara yang bertema 'Komunikasi Publik untuk Peradaban Bangsa, belum lama ini di Makassar, Direktur Utama BRI Sunarso dinobatkan sebagai Pemimpin Terpopuler di Media Pemberitaan Online tahun 2023. Kategori terpopuler tersebut ditentukan melalui proses media monitoring secara kualitatif dan kuantitatif dengan menggandeng NoLimit, sebuah perusahaan media monitoring terkemuka. 
Selain itu, PT Bank Rakyat Indonesia (Persero) Tbk atau BRI juga berhasil mendapatkan penghargaan sebagai Lembaga Humas Pemerintah Terbaik, Sub-Kategori BUMN. Hal ini menunjukkan keberhasilan BRI dalam mengomunikasikan isu kepada publik. 









Atas penghargaan tersebut, Direktur Utama BRI Sunarso mendedikasikan penghargaan tersebut untuk insan Brilian (pekerja BRI) dan nasabah BRI. Menurutnya, hal ini akan menjadi pelecut semangat perseroan dalam berkomitmen mendukung keterbukaan dalam komunikasi publilk.
Sunarso mengungkapkan bahwa ke depan, BRI akan terus mengedepankan transparansi dalam berkomunikasi demi meningkatkan reputasi dan mengomunikasikan kinerja perseroan. Sunarso melanjutkan, membangun komunikasi yang berani dan terukur adalah poin penting yang selama ini dijaga. Terlebih di era digital, tak dapat dimungkiri memunculkan tantangan dan nilai-nilai baru dalam setiap aspek, termasuk di bidang kehumasan.
BRI sendiri senantiasa aktif mengkampanyekan informasi publik kepada khalayak luas di berbagai kanal media. Hal ini diimbangi dengan mengedepankan transparansi, akuntabilitas, serta dengan tetap mewujudkan tata kelola perusahaan yang baik.
Sebagai informasi, proses penjurian IGA 2023 dilakukan oleh dewan juri yang terdiri dari pakar lima orang juri. Mereka adalah Asmono Wikan (Founder dan CEO PR INDONESIA Group), Emilia Bassar (CEO Center for Public Relations, Outreach and Communication), Jojo Suharjo Nugroho (Ketua umum Asosiasi Perusahaan Public Relations (APPRI)), Maria Wongsonagoro (PR Consultant), dan Janette Maria Pinariya (Wakil Rektor 1 LSPR).





			Ikuti Whatsapp Channel Republika 

 Pada malam penganugerahan acara yang bertema 'Komunikasi Publik untuk Peradaban Bangsa, belum lama ini di Makassar, Direktur Utama BRI Sunarso dinobatkan sebagai Pemimpin Terpopuler di Media Pemberitaan Online tahun 2023. Kategori terpopuler tersebut ditentukan melalui proses media monitoring secara kualitatif dan kuantitatif dengan menggandeng NoLimit, sebuah perusahaan media monitoring terkemuka.  
Selain itu, PT Bank Rakyat Indonesia (Persero) Tbk atau BRI juga berhasil mendapatkan penghargaan sebagai Lembaga Humas Pemerintah Terbaik, Sub-Kategori BUMN. Hal ini menunjukkan keberhasilan BRI dalam mengomunikasikan isu kepada publik. 









Atas penghargaan tersebut, Direktur Utama BRI Sunarso mendedikasikan penghargaan tersebut untuk insan Brilian (pekerja BRI) dan nasabah BRI. Menurutnya, hal ini akan menjadi pelecut semangat perseroan dalam berkomitmen mendukung keterbukaan dalam komunikasi publilk.
Sunarso mengungkapkan bahwa ke depan, BRI akan terus mengedepankan transparansi dalam berkomunikasi demi meningkatkan reputasi dan mengomunikasikan kinerja perseroan. Sunarso melanjutkan, membangun komunikasi yang berani dan terukur adalah poin penting yang selama ini dijaga. Terlebih di era digital, tak dapat dimungkiri memunculkan tantangan dan nilai-nilai baru dalam setiap aspek, termasuk di bidang kehumasan.
BRI sendiri senantiasa aktif mengkampanyekan informasi publik kepada khalayak luas di berbagai kanal media. Hal ini diimbangi dengan mengedepankan transparansi, akuntabilitas, serta dengan tetap mewujudkan tata kelola perusahaan yang baik.
Sebagai informasi, proses penjurian IGA 2023 dilakukan oleh dewan juri yang terdiri dari pakar lima orang juri. Mereka adalah Asmono Wikan (Founder dan CEO PR INDONESIA Group), Emilia Bassar (CEO Center for Public Relations, Outreach and Communication), Jojo Suharjo Nugroho (Ketua umum Asosiasi Perusahaan Public Relations (APPRI)), Maria Wongsonagoro (PR Consultant), dan Janette Maria Pinariya (Wakil Rektor 1 LSPR).





			Ikuti Whatsapp Channel Republika 

 Selain itu, PT Bank Rakyat Indonesia (Persero) Tbk atau BRI juga berhasil mendapatkan penghargaan sebagai Lembaga Humas Pemerintah Terbaik, Sub-Kategori BUMN. Hal ini menunjukkan keberhasilan BRI dalam mengomunikasikan isu kepada publik. 
Atas penghargaan tersebut, Direktur Utama BRI Sunarso mendedikasikan penghargaan tersebut untuk insan Brilian (pekerja BRI) dan nasabah BRI. Menurutnya, hal ini akan menjadi pelecut semangat perseroan dalam berkomitmen mendukung keterbukaan dalam komunikasi publilk.
Sunarso mengungkapkan bahwa ke depan, BRI akan terus mengedepankan transparansi dalam berkomunikasi demi meningkatkan reputasi dan mengomunikasikan kinerja perseroan. Sunarso melanjutkan, membangun komunikasi yang berani dan terukur adalah poin penting yang selama ini dijaga. Terlebih di era digital, tak dapat dimungkiri memunculkan tantangan dan nilai-nilai baru dalam setiap aspek, termasuk di bidang kehumasan.
BRI sendiri senantiasa aktif mengkampanyekan informasi publik kepada khalayak luas di berbagai kanal media. Hal ini diimbangi dengan mengedepankan transparansi, akuntabilitas, serta dengan tetap mewujudkan tata kelola perusahaan yang baik.
Sebagai informasi, proses penjurian IGA 2023 dilakukan oleh dewan juri yang terdiri dari pakar lima orang juri. Mereka adalah Asmono Wikan (Founder dan CEO PR INDONESIA Group), Emilia Bassar (CEO Center for Public Relations, Outreach and Communication), Jojo Suharjo Nugroho (Ketua umum Asosiasi Perusahaan Public Relations (APPRI)), Maria Wongsonagoro (PR Consultant), dan Janette Maria Pinariya (Wakil Rektor 1 LSPR).





			Ikuti Whatsapp Channel Republika 

 Atas penghargaan tersebut, Direktur Utama BRI Sunarso mendedikasikan penghargaan tersebut untuk insan Brilian (pekerja BRI) dan nasabah BRI. Menurutnya, hal ini akan menjadi pelecut semangat perseroan dalam berkomitmen mendukung keterbukaan dalam komunikasi publilk. 
Sunarso mengungkapkan bahwa ke depan, BRI akan terus mengedepankan transparansi dalam berkomunikasi demi meningkatkan reputasi dan mengomunikasikan kinerja perseroan. Sunarso melanjutkan, membangun komunikasi yang berani dan terukur adalah poin penting yang selama ini dijaga. Terlebih di era digital, tak dapat dimungkiri memunculkan tantangan dan nilai-nilai baru dalam setiap aspek, termasuk di bidang kehumasan.
BRI sendiri senantiasa aktif mengkampanyekan informasi publik kepada khalayak luas di berbagai kanal media. Hal ini diimbangi dengan mengedepankan transparansi, akuntabilitas, serta dengan tetap mewujudkan tata kelola perusahaan yang baik.
Sebagai informasi, proses penjurian IGA 2023 dilakukan oleh dewan juri yang terdiri dari pakar lima orang juri. Mereka adalah Asmono Wikan (Founder dan CEO PR INDONESIA Group), Emilia Bassar (CEO Center for Public Relations, Outreach and Communication), Jojo Suharjo Nugroho (Ketua umum Asosiasi Perusahaan Public Relations (APPRI)), Maria Wongsonagoro (PR Consultant), dan Janette Maria Pinariya (Wakil Rektor 1 LSPR).





			Ikuti Whatsapp Channel Republika 

 Sunarso mengungkapkan bahwa ke depan, BRI akan terus mengedepankan transparansi dalam berkomunikasi demi meningkatkan reputasi dan mengomunikasikan kinerja perseroan. Sunarso melanjutkan, membangun komunikasi yang berani dan terukur adalah poin penting yang selama ini dijaga. Terlebih di era digital, tak dapat dimungkiri memunculkan tantangan dan nilai-nilai baru dalam setiap aspek, termasuk di bidang kehumasan. 
BRI sendiri senantiasa aktif mengkampanyekan informasi publik kepada khalayak luas di berbagai kanal media. Hal ini diimbangi dengan mengedepankan transparansi, akuntabilitas, serta dengan tetap mewujudkan tata kelola perusahaan yang baik.
Sebagai informasi, proses penjurian IGA 2023 dilakukan oleh dewan juri yang terdiri dari pakar lima orang juri. Mereka adalah Asmono Wikan (Founder dan CEO PR INDONESIA Group), Emilia Bassar (CEO Center for Public Relations, Outreach and Communication), Jojo Suharjo Nugroho (Ketua umum Asosiasi Perusahaan Public Relations (APPRI)), Maria Wongsonagoro (PR Consultant), dan Janette Maria Pinariya (Wakil Rektor 1 LSPR).





			Ikuti Whatsapp Channel Republika 

 BRI sendiri senantiasa aktif mengkampanyekan informasi publik kepada khalayak luas di berbagai kanal media. Hal ini diimbangi dengan mengedepankan transparansi, akuntabilitas, serta dengan tetap mewujudkan tata kelola perusahaan yang baik. 
Sebagai informasi, proses penjurian IGA 2023 dilakukan oleh dewan juri yang terdiri dari pakar lima orang juri. Mereka adalah Asmono Wikan (Founder dan CEO PR INDONESIA Group), Emilia Bassar (CEO Center for Public Relations, Outreach and Communication), Jojo Suharjo Nugroho (Ketua umum Asosiasi Perusahaan Public Relations (APPRI)), Maria Wongsonagoro (PR Consultant), dan Janette Maria Pinariya (Wakil Rektor 1 LSPR).





			Ikuti Whatsapp Channel Republika 

 Sebagai informasi, proses penjurian IGA 2023 dilakukan oleh dewan juri yang terdiri dari pakar lima orang juri. Mereka adalah Asmono Wikan (Founder dan CEO PR INDONESIA Group), Emilia Bassar (CEO Center for Public Relations, Outreach and Communication), Jojo Suharjo Nugroho (Ketua umum Asosiasi Perusahaan Public Relations (APPRI)), Maria Wongsonagoro (PR Consultant), dan Janette Maria Pinariya (Wakil Rektor 1 LSPR). (QS. Al-Mulk ayat 14) Jl. Warung Buncit Raya No 37 Jakarta Selatan 12510  Phone: 021 780 3747  Email:
[email protected] (Redaksi)
[email protected] ( Marketing ) 
[email protected] ( Kerjasama ) 
[email protected] ( Customer Care )
           Copyright © 2023. Republika.co.id. All rights reserved."
"BRI Rombak Komisaris dan Direksi, Ini Susunannya",https://money.kompas.com/read/2022/03/01/182124226/bri-rombak-komisaris-dan-direksi-ini-susunannya,2024-08-15,2022-03-01,"BRI Rombak Komisaris dan Direksi, Ini Susunannya Tim Redaksi JAKARTA, KOMPAS.com - PT Bank Rakyat Indonesia (Persero) Tbk mengubah susunan pengurus perseroan lewat Rapat Umum Pemegang Saham Tahunan (RUPST) 2022 yang digelar pada hari ini, Selasa (1/3/2022).  Direktur Utama BRI Sunarso mengatakan, perombakan dilakukan seiring dengan habisnya masa jabatan direksi dan komisaris perseroan.  ""Jadi di perseroan memang ada 2 direksi yang memang sudah habis masa jabatannya untuk satu periode,"" kata dia dalam konferensi pers RUPST 2022, Selasa.  Baca juga: Apa Kabar Revisi Aturan JHT? Ini Jawaban Kemenaker Lebih lanjut Ia bilang, direksi pertama yang habis masa jabatannya ialah Indra Utoyo yang menjabat sebagai Direktur Digital dan Teknologi Informasi BRI.  ""Pemegang saham sepakat mengakhiri sesuai dengan akhir masa jabatan satu periode,"" ujar Sunarso.  Direksi lain yang masa jabatannya habis ialah Handayani yang menjabat sebagai Direktur Konsumer BRI. Namun, pemegang saham sepakat untuk mengangkat kembali Handayani sebagai Direktur Konsumer perseroan.  Selain itu, pemegang saham sepakat untuk mengangkat Andrijanto sebagai Direktur Jaringan dan Layanan, menggantikan Arga M Nugraha yang dipindahtugaskan menjadi Direktur Digital dan Teknologi Informasi.  Baca juga: Dua Petinggi KSP Indosurya Ditangkap, Satu Buron Di jajaran dewan komisaris, BRI memberhentikan dengan hormat R. Widyo Pramono dan Zulnahar Usman sebagai Komisaris Independen serta Nicolaus Teguh Budi Harjanto sebagai Komisaris.  Sebagai gantinya, BRI mengangkat Paripurna Poerwoko Sugarda, Agus Riswanto, serta Nurmaria Sarosa sebagai Komisaris Independen perseroan.  Dengan adanya perubahan tersebut, berikut susunan terbaru dewan komisaris dan direksi BRI:  Dewan Komisaris  Baca juga: Lelang 7 Seri SUN, Pemerintah Kantongi Rp 19 Triliun Anggota Direksi :  Baca juga: Mobil Listrik Bebas Bea Masuk, Harganya Bisa Lebih Murah               Copyright 2008 - 2024 PT. Kompas Cyber Media (Kompas Gramedia Digital Group). All Rights Reserved."
"Jajaran Komisaris dan Direksi BRI Insurance Terbaru, Ini ...",https://www.liputan6.com/bisnis/read/5589426/jajaran-komisaris-dan-direksi-bri-insurance-terbaru-ini-daftarnya,2024-08-15,2024-05-06," liputan6 Berikut susunan Kepengurusan PT BRI Asuransi Indonesia atau BRI Insurance yang baru Diperbarui 07 Mei 2024, 19:57 WIBDiterbitkan 06 Mei 2024, 13:30 WIB Liputan6.com, Jakarta Rapat Umum Pemegang Saham Tahunan 2024 (RUPST) PT. BRI Asuransi Indonesia atau BRI Insurance telah digelar pada hari Senin, tanggal 29 April 2024 lalu. Salah satu agenda utama dalam kegiatan RUPST adalah Persetujuan Laporan Tahunan dan Pengesahan Laporan Keuangan Perseroan tahun 2023. ""Dalam laporan kinerja keuangan Perseroan tahun 2023 dimaksud antara lain disampaikan bahwa secara umum kinerja keuangan Perseroan tahun 2023 mengalami banyak peningkatan yang signifikan dibandingkan kinerja kauangan tahun sebelumnya,"" kata Direktur Utama R. Budi Legowo dikutip Senin (6/5/2024). Baca Juga Angka-angka rasio kesehatan kinerja keuangan Perusahaan juga mengalami peningkatan kualitas yang signifikan dibanding tahun sebelumnya, yang antara lain tercermin dalam angka-angka Loss Ratio, Profit Margin, Combined Ratio, Underwriting Yield, RBC dan BOPO. Advertisement Di samping itu, pertumbuhan kinerja Perseroan tahun 2023 yang signifikan juga tercatat pada premi bruto yang tumbuh 26,6%, laba bersih tumbuh 29,25% dan aset tumbuh 31,81%. RUPST tahun 2024 mencatat Laba Bersih Perseroan Hasil Konsolidasi tahun buku 2023 sebesar Rp 483 miliar. Angka tersebut terdiri dari Laba Konvensional sebesar Rp 474 miliar dan Syariah Rp 9 miliar. Dari Laba Bersih Konvensional disetujui 25% atau sebesar Rp 118 miliar sebagai Dividen Tunai. Sementara 75% atau sebesar Rp 355 miliar sebagai Saldo Laba (retained earnings). Dalam RUPST tahun 2024 tersebut, selain menyampaikan laporan kinerja Perseroan, juga menyampaikan beberapa hal penting terkait dengan kemajuan Perusahaan dan beberapa tantangan Perusahaan serta ruang perbaikan yang masih harus dibenahi untuk kemajuan Perusahaan. Sementara itu, Komisaris Utama BRI Asuransi Indonesia, Kris Hananto, selaku pimpinan rapat menyampaikan apresiasi kepada Manajemen Perusahaan atas hasil kinerja Perusahaan tahun 2023.  Dalam agenda kegiatan RUPST memutuskan susunan Kepengurusan PT BRI Asuransi Indonesia yang baru adalah sebagai berikut Untuk Recky Plangiten dan Benny Imam Syafii, jabatan kepengurusan Perseroan efektif setelah mendapat persetujuan dari OJK.    * Follow Official WhatsApp Channel Liputan6.com untuk mendapatkan berita-berita terkini dengan mengklik tautan ini. PT Asuransi BRI Life melakukan perombakan pengurus. Hal ini tertuang dalam hasilRapat Umum Pemegang Saham Tahunan (RUPST) yang berlangsung di akhir April 2024. Dalam perombakan ini terjadi pergantian direktur utama dan juga komisaris. Head Of Corporate Secretary BRI Life Ade Nasution menjelaskan, BRI Life resmi mengangkat Aris Hartanto sebagai Direktur Utama menggantikan Iwan Pasila. Pergantian ini karena Iwan Pasila kini telah menjabat sebagai Deputi Komisioner Bidang Pengawasan Perasuransian, Penjaminan, dan Dana Pensiun OJK. Sedangkan Aris Hartanto sebelumnya menjabat sebagai Regional CEO Wilayah Medan PT Bank Rakyat Indonesia (Persero) Tbk. Selain itu, BRI Life menunjuk Lau Soon Liang sebagai Komisaris dalam RUPST BRI Life. Saat ini, dia juga menjabat sebagai Emerging Market Chief Growth Officer, FWD Group. ""Keduanya akan efektif berperan mengawal laju bisnis BRI Life, setelah penilaian kemampuan dan kepatutan disetujui oleh OJK,"" tutur Ade Nasution di Jakarta, Senin (6/5/2024). BRI Life mencatatkan laba bersih sebesar Rp 463,3 miliar sampai akhir tahun 2023. Perolehan laba bersih meningkat 55,4 persen dibandingkan tahun sebelumnya yakni sebesar Rp 344,3 miliar. Selanjutnya, pertumbuhan nilai premi baru ekuivalen yang disetahunkan atau Annualized Premium Equivalent (APE) BRI Life tercatat Rp3,1 triliun dengan komposisi 91 persen adalah produk tradisional dan 9 persen unit link di sepanjang 2023. Sementara Risk-Based Capital (RBC) Perseroan mencapai 524 persen. Angka ini jauh diatas batas minimum yang dipersyaratkan OJK yakni sebesar 120 persen, dimana hal tersebut menunjukan kondisi perusahaan yang sehat. ""Memperhatikan tren pertumbuhan kinerja keuangan BRI Life yang meningkat sepanjang tahun 2023, dan pertumbuhan bisnis asuransi jiwa nasional yang diyakini tetap tumbuh di tahun 2024, Direksi menyampaikan keyakinannya bahwa BRI Life optimis dapat memberikan kontribusi sebesar Rp1,5 triliun kepada BRI Group,"" ucap Ade.   Advertisement Berikut susunan terbaru Anggota Dewan Komisaris, Anggota Direksi dan Dewan Pengawas Syariah BRI Life: Dewan Komisaris: Komisaris Utama : Muhammad Syafri Rozi Komisaris Independen : Eko Wahyudi Komisaris Independen : Hari Siaga Amijarso Komisaris : Lau Soon Liang Komisaris Independen : Ubaidillah Nugraha; Direksi: Direktur Utama : Aris Hartanto Direktur Kepatuhan dan Legal : I Dewa Gede Agung Direktur Keuangan : Lim Chet Ming Direktur Operasional : Yosie William Iroth Direktur Pemasaran : Sutadi Dewan Pengawas Syariah   Ketua Dewan : Mohamad Hidayat Anggota Dewan : Agus Haryadi Anggota Dewan : Siti Haniatunnisa. Reporter: Sulaeman   Sumber: Merdeka.com * Fakta atau Hoaks? Untuk mengetahui kebenaran informasi yang beredar, silakan WhatsApp ke nomor Cek Fakta Liputan6.com 0811 9787 670 hanya dengan ketik kata kunci yang diinginkan. Advertisement Advertisement Advertisement Advertisement"
"Jajaran Komisaris dan Direksi BRI Insurance Terbaru, Ini ...",https://www.liputan6.com/bisnis/read/5589426/jajaran-komisaris-dan-direksi-bri-insurance-terbaru-ini-daftarnya,2024-08-15,2024-05-06," liputan6 Berikut susunan Kepengurusan PT BRI Asuransi Indonesia atau BRI Insurance yang baru Diperbarui 07 Mei 2024, 19:57 WIBDiterbitkan 06 Mei 2024, 13:30 WIB Liputan6.com, Jakarta Rapat Umum Pemegang Saham Tahunan 2024 (RUPST) PT. BRI Asuransi Indonesia atau BRI Insurance telah digelar pada hari Senin, tanggal 29 April 2024 lalu. Salah satu agenda utama dalam kegiatan RUPST adalah Persetujuan Laporan Tahunan dan Pengesahan Laporan Keuangan Perseroan tahun 2023. ""Dalam laporan kinerja keuangan Perseroan tahun 2023 dimaksud antara lain disampaikan bahwa secara umum kinerja keuangan Perseroan tahun 2023 mengalami banyak peningkatan yang signifikan dibandingkan kinerja kauangan tahun sebelumnya,"" kata Direktur Utama R. Budi Legowo dikutip Senin (6/5/2024). Baca Juga Angka-angka rasio kesehatan kinerja keuangan Perusahaan juga mengalami peningkatan kualitas yang signifikan dibanding tahun sebelumnya, yang antara lain tercermin dalam angka-angka Loss Ratio, Profit Margin, Combined Ratio, Underwriting Yield, RBC dan BOPO. Advertisement Di samping itu, pertumbuhan kinerja Perseroan tahun 2023 yang signifikan juga tercatat pada premi bruto yang tumbuh 26,6%, laba bersih tumbuh 29,25% dan aset tumbuh 31,81%. RUPST tahun 2024 mencatat Laba Bersih Perseroan Hasil Konsolidasi tahun buku 2023 sebesar Rp 483 miliar. Angka tersebut terdiri dari Laba Konvensional sebesar Rp 474 miliar dan Syariah Rp 9 miliar. Dari Laba Bersih Konvensional disetujui 25% atau sebesar Rp 118 miliar sebagai Dividen Tunai. Sementara 75% atau sebesar Rp 355 miliar sebagai Saldo Laba (retained earnings). Dalam RUPST tahun 2024 tersebut, selain menyampaikan laporan kinerja Perseroan, juga menyampaikan beberapa hal penting terkait dengan kemajuan Perusahaan dan beberapa tantangan Perusahaan serta ruang perbaikan yang masih harus dibenahi untuk kemajuan Perusahaan. Sementara itu, Komisaris Utama BRI Asuransi Indonesia, Kris Hananto, selaku pimpinan rapat menyampaikan apresiasi kepada Manajemen Perusahaan atas hasil kinerja Perusahaan tahun 2023.  Dalam agenda kegiatan RUPST memutuskan susunan Kepengurusan PT BRI Asuransi Indonesia yang baru adalah sebagai berikut Untuk Recky Plangiten dan Benny Imam Syafii, jabatan kepengurusan Perseroan efektif setelah mendapat persetujuan dari OJK.    * Follow Official WhatsApp Channel Liputan6.com untuk mendapatkan berita-berita terkini dengan mengklik tautan ini. PT Asuransi BRI Life melakukan perombakan pengurus. Hal ini tertuang dalam hasilRapat Umum Pemegang Saham Tahunan (RUPST) yang berlangsung di akhir April 2024. Dalam perombakan ini terjadi pergantian direktur utama dan juga komisaris. Head Of Corporate Secretary BRI Life Ade Nasution menjelaskan, BRI Life resmi mengangkat Aris Hartanto sebagai Direktur Utama menggantikan Iwan Pasila. Pergantian ini karena Iwan Pasila kini telah menjabat sebagai Deputi Komisioner Bidang Pengawasan Perasuransian, Penjaminan, dan Dana Pensiun OJK. Sedangkan Aris Hartanto sebelumnya menjabat sebagai Regional CEO Wilayah Medan PT Bank Rakyat Indonesia (Persero) Tbk. Selain itu, BRI Life menunjuk Lau Soon Liang sebagai Komisaris dalam RUPST BRI Life. Saat ini, dia juga menjabat sebagai Emerging Market Chief Growth Officer, FWD Group. ""Keduanya akan efektif berperan mengawal laju bisnis BRI Life, setelah penilaian kemampuan dan kepatutan disetujui oleh OJK,"" tutur Ade Nasution di Jakarta, Senin (6/5/2024). BRI Life mencatatkan laba bersih sebesar Rp 463,3 miliar sampai akhir tahun 2023. Perolehan laba bersih meningkat 55,4 persen dibandingkan tahun sebelumnya yakni sebesar Rp 344,3 miliar. Selanjutnya, pertumbuhan nilai premi baru ekuivalen yang disetahunkan atau Annualized Premium Equivalent (APE) BRI Life tercatat Rp3,1 triliun dengan komposisi 91 persen adalah produk tradisional dan 9 persen unit link di sepanjang 2023. Sementara Risk-Based Capital (RBC) Perseroan mencapai 524 persen. Angka ini jauh diatas batas minimum yang dipersyaratkan OJK yakni sebesar 120 persen, dimana hal tersebut menunjukan kondisi perusahaan yang sehat. ""Memperhatikan tren pertumbuhan kinerja keuangan BRI Life yang meningkat sepanjang tahun 2023, dan pertumbuhan bisnis asuransi jiwa nasional yang diyakini tetap tumbuh di tahun 2024, Direksi menyampaikan keyakinannya bahwa BRI Life optimis dapat memberikan kontribusi sebesar Rp1,5 triliun kepada BRI Group,"" ucap Ade.   Advertisement Berikut susunan terbaru Anggota Dewan Komisaris, Anggota Direksi dan Dewan Pengawas Syariah BRI Life: Dewan Komisaris: Komisaris Utama : Muhammad Syafri Rozi Komisaris Independen : Eko Wahyudi Komisaris Independen : Hari Siaga Amijarso Komisaris : Lau Soon Liang Komisaris Independen : Ubaidillah Nugraha; Direksi: Direktur Utama : Aris Hartanto Direktur Kepatuhan dan Legal : I Dewa Gede Agung Direktur Keuangan : Lim Chet Ming Direktur Operasional : Yosie William Iroth Direktur Pemasaran : Sutadi Dewan Pengawas Syariah   Ketua Dewan : Mohamad Hidayat Anggota Dewan : Agus Haryadi Anggota Dewan : Siti Haniatunnisa. Reporter: Sulaeman   Sumber: Merdeka.com * Fakta atau Hoaks? Untuk mengetahui kebenaran informasi yang beredar, silakan WhatsApp ke nomor Cek Fakta Liputan6.com 0811 9787 670 hanya dengan ketik kata kunci yang diinginkan. Advertisement Advertisement Advertisement Advertisement"
"Jajaran Komisaris dan Direksi BRI Insurance Terbaru, Ini ...",https://www.liputan6.com/bisnis/read/5589426/jajaran-komisaris-dan-direksi-bri-insurance-terbaru-ini-daftarnya,2024-08-15,2024-05-06," liputan6 Berikut susunan Kepengurusan PT BRI Asuransi Indonesia atau BRI Insurance yang baru Diperbarui 07 Mei 2024, 19:57 WIBDiterbitkan 06 Mei 2024, 13:30 WIB Liputan6.com, Jakarta Rapat Umum Pemegang Saham Tahunan 2024 (RUPST) PT. BRI Asuransi Indonesia atau BRI Insurance telah digelar pada hari Senin, tanggal 29 April 2024 lalu. Salah satu agenda utama dalam kegiatan RUPST adalah Persetujuan Laporan Tahunan dan Pengesahan Laporan Keuangan Perseroan tahun 2023. ""Dalam laporan kinerja keuangan Perseroan tahun 2023 dimaksud antara lain disampaikan bahwa secara umum kinerja keuangan Perseroan tahun 2023 mengalami banyak peningkatan yang signifikan dibandingkan kinerja kauangan tahun sebelumnya,"" kata Direktur Utama R. Budi Legowo dikutip Senin (6/5/2024). Baca Juga Angka-angka rasio kesehatan kinerja keuangan Perusahaan juga mengalami peningkatan kualitas yang signifikan dibanding tahun sebelumnya, yang antara lain tercermin dalam angka-angka Loss Ratio, Profit Margin, Combined Ratio, Underwriting Yield, RBC dan BOPO. Advertisement Di samping itu, pertumbuhan kinerja Perseroan tahun 2023 yang signifikan juga tercatat pada premi bruto yang tumbuh 26,6%, laba bersih tumbuh 29,25% dan aset tumbuh 31,81%. RUPST tahun 2024 mencatat Laba Bersih Perseroan Hasil Konsolidasi tahun buku 2023 sebesar Rp 483 miliar. Angka tersebut terdiri dari Laba Konvensional sebesar Rp 474 miliar dan Syariah Rp 9 miliar. Dari Laba Bersih Konvensional disetujui 25% atau sebesar Rp 118 miliar sebagai Dividen Tunai. Sementara 75% atau sebesar Rp 355 miliar sebagai Saldo Laba (retained earnings). Dalam RUPST tahun 2024 tersebut, selain menyampaikan laporan kinerja Perseroan, juga menyampaikan beberapa hal penting terkait dengan kemajuan Perusahaan dan beberapa tantangan Perusahaan serta ruang perbaikan yang masih harus dibenahi untuk kemajuan Perusahaan. Sementara itu, Komisaris Utama BRI Asuransi Indonesia, Kris Hananto, selaku pimpinan rapat menyampaikan apresiasi kepada Manajemen Perusahaan atas hasil kinerja Perusahaan tahun 2023.  Dalam agenda kegiatan RUPST memutuskan susunan Kepengurusan PT BRI Asuransi Indonesia yang baru adalah sebagai berikut Untuk Recky Plangiten dan Benny Imam Syafii, jabatan kepengurusan Perseroan efektif setelah mendapat persetujuan dari OJK.    * Follow Official WhatsApp Channel Liputan6.com untuk mendapatkan berita-berita terkini dengan mengklik tautan ini. PT Asuransi BRI Life melakukan perombakan pengurus. Hal ini tertuang dalam hasilRapat Umum Pemegang Saham Tahunan (RUPST) yang berlangsung di akhir April 2024. Dalam perombakan ini terjadi pergantian direktur utama dan juga komisaris. Head Of Corporate Secretary BRI Life Ade Nasution menjelaskan, BRI Life resmi mengangkat Aris Hartanto sebagai Direktur Utama menggantikan Iwan Pasila. Pergantian ini karena Iwan Pasila kini telah menjabat sebagai Deputi Komisioner Bidang Pengawasan Perasuransian, Penjaminan, dan Dana Pensiun OJK. Sedangkan Aris Hartanto sebelumnya menjabat sebagai Regional CEO Wilayah Medan PT Bank Rakyat Indonesia (Persero) Tbk. Selain itu, BRI Life menunjuk Lau Soon Liang sebagai Komisaris dalam RUPST BRI Life. Saat ini, dia juga menjabat sebagai Emerging Market Chief Growth Officer, FWD Group. ""Keduanya akan efektif berperan mengawal laju bisnis BRI Life, setelah penilaian kemampuan dan kepatutan disetujui oleh OJK,"" tutur Ade Nasution di Jakarta, Senin (6/5/2024). BRI Life mencatatkan laba bersih sebesar Rp 463,3 miliar sampai akhir tahun 2023. Perolehan laba bersih meningkat 55,4 persen dibandingkan tahun sebelumnya yakni sebesar Rp 344,3 miliar. Selanjutnya, pertumbuhan nilai premi baru ekuivalen yang disetahunkan atau Annualized Premium Equivalent (APE) BRI Life tercatat Rp3,1 triliun dengan komposisi 91 persen adalah produk tradisional dan 9 persen unit link di sepanjang 2023. Sementara Risk-Based Capital (RBC) Perseroan mencapai 524 persen. Angka ini jauh diatas batas minimum yang dipersyaratkan OJK yakni sebesar 120 persen, dimana hal tersebut menunjukan kondisi perusahaan yang sehat. ""Memperhatikan tren pertumbuhan kinerja keuangan BRI Life yang meningkat sepanjang tahun 2023, dan pertumbuhan bisnis asuransi jiwa nasional yang diyakini tetap tumbuh di tahun 2024, Direksi menyampaikan keyakinannya bahwa BRI Life optimis dapat memberikan kontribusi sebesar Rp1,5 triliun kepada BRI Group,"" ucap Ade.   Advertisement Berikut susunan terbaru Anggota Dewan Komisaris, Anggota Direksi dan Dewan Pengawas Syariah BRI Life: Dewan Komisaris: Komisaris Utama : Muhammad Syafri Rozi Komisaris Independen : Eko Wahyudi Komisaris Independen : Hari Siaga Amijarso Komisaris : Lau Soon Liang Komisaris Independen : Ubaidillah Nugraha; Direksi: Direktur Utama : Aris Hartanto Direktur Kepatuhan dan Legal : I Dewa Gede Agung Direktur Keuangan : Lim Chet Ming Direktur Operasional : Yosie William Iroth Direktur Pemasaran : Sutadi Dewan Pengawas Syariah   Ketua Dewan : Mohamad Hidayat Anggota Dewan : Agus Haryadi Anggota Dewan : Siti Haniatunnisa. Reporter: Sulaeman   Sumber: Merdeka.com * Fakta atau Hoaks? Untuk mengetahui kebenaran informasi yang beredar, silakan WhatsApp ke nomor Cek Fakta Liputan6.com 0811 9787 670 hanya dengan ketik kata kunci yang diinginkan. Advertisement Advertisement Advertisement Advertisement"
"Erick Thohir Rombak Komisaris BRI, Ini Susunan Terbarunya",https://economy.okezone.com/read/2024/03/01/278/2977770/erick-thohir-rombak-komisaris-bri-ini-susunan-terbarunya,2024-08-15,2024-03-01,"
JAKARTA – PT Bank Rakyat Indonesia Tbk (BRI) merombak jajaran manajemen dalam Rapat Umum Pemegang Saham Tahunan (RUPST) 2024, Jumat (1/3/2024). Dari hasil RUPST, pemegang saham memberhentikan dengan hormat dan mengangkat kembali Catur Budi Harto sebagai Wakil Direktur Utama BRI, Agus Noorsanto Sebagai Direktur Bisnis Wholesale dan Kelembagaan, Agus Sudiarto Sebagai Direktur Manajemen Risiko.  
Memberhentikan dengan hormat Hendrikus Ivo sebagai Komisaris Independen. Dan mengangkat Haryo Baskoro Wicaksono sebagai Komisaris Independen.

BACA JUGA:
BRI Sepakati Tebar Dividen Jumbo Rp48,1 Triliun

“Dan sudah barang tentu RUPST menyampaikan ucapan terima kasih kepada saudara Hendrikus Ivo atas sumbangsi tenaga dan pikiran yang diberikan selama menjabat sebagai Komisaris Independen,” ujar Sunarso saat konferensi pers.

BACA JUGA:
Bangun International Microfinance Center di IKN, Jokowi Apresiasi BRI Ambil Peran Besar Majukan UMKM Indonesia

Adapun susunan Dewan Komisaris dan Direksi BRI terbaru:
Dewan Komisaris:
Kartika Wirjoatmodjo: Komisaris Utama
Rofikoh Rokhim: Wakil Komisaris Utama/Komisaris Independen
Awan Nurmawan Nuh: Komisaris
Rabin Indrajat Hattari: Komisaris
Dwi Ria Latifa: Komisaris Independen
Hery Sunaryadi: Komisaris Independen
Paripurna Poerwoko Sugarda: Komisaris Independen
Agus Saroso: Komisaris Independen
Haryo Baskoro Wicaksono: Komisaris Independen






Follow Berita Okezone di Google News


Dapatkan berita up to date dengan semua berita terkini dari Okezone hanya dengan satu akun di
ORION, daftar sekarang dengan
klik disini
dan nantikan kejutan menarik lainnya


Dewan Direksi:
Sunarso: Direktur Utama
Catur Budi Harto: Wakil Direktur Utama
Viviana Dyah Ayu R. K: Direktur Keuangan
Agus Noorsanto: Direktur Bisnis Wholesale dan Kelembagaan
Supari: Direktur Bisnis Mikro
Arga Mahanana Nugraha: Direktur Digital dan Teknologi Informasi
Aman Sukriyanto: Direktur Commercial, Small, and Medium Business
Andrijanto: Direktur Retail Funding and Distribution
Agus Winardono: Direktur Human Capital
Agus Sudiarto: Direktur Manajemen Risiko
Handayani: Direktur Bisnis Konsumer
Achmad Solichin Lutfiyanto: Direktur Kepatuhan


 Sebelumnya

1
2

Selanjutnya





Follow WhatsApp Channel Okezone untuk update berita terbaru setiap hari

Follow



#BRI
#saham
#Saham BBRI
#RUPS BRI
#PT Bank Rakyat Indonesia Tbk (BBRI) 





















 JAKARTA – PT Bank Rakyat Indonesia Tbk (BRI) merombak jajaran manajemen dalam Rapat Umum Pemegang Saham Tahunan (RUPST) 2024, Jumat (1/3/2024). Dari hasil RUPST, pemegang saham memberhentikan dengan hormat dan mengangkat kembali Catur Budi Harto sebagai Wakil Direktur Utama BRI, Agus Noorsanto Sebagai Direktur Bisnis Wholesale dan Kelembagaan, Agus Sudiarto Sebagai Direktur Manajemen Risiko.  
Memberhentikan dengan hormat Hendrikus Ivo sebagai Komisaris Independen. Dan mengangkat Haryo Baskoro Wicaksono sebagai Komisaris Independen.

BACA JUGA:
BRI Sepakati Tebar Dividen Jumbo Rp48,1 Triliun

“Dan sudah barang tentu RUPST menyampaikan ucapan terima kasih kepada saudara Hendrikus Ivo atas sumbangsi tenaga dan pikiran yang diberikan selama menjabat sebagai Komisaris Independen,” ujar Sunarso saat konferensi pers.

BACA JUGA:
Bangun International Microfinance Center di IKN, Jokowi Apresiasi BRI Ambil Peran Besar Majukan UMKM Indonesia

Adapun susunan Dewan Komisaris dan Direksi BRI terbaru:
Dewan Komisaris:
Kartika Wirjoatmodjo: Komisaris Utama
Rofikoh Rokhim: Wakil Komisaris Utama/Komisaris Independen
Awan Nurmawan Nuh: Komisaris
Rabin Indrajat Hattari: Komisaris
Dwi Ria Latifa: Komisaris Independen
Hery Sunaryadi: Komisaris Independen
Paripurna Poerwoko Sugarda: Komisaris Independen
Agus Saroso: Komisaris Independen
Haryo Baskoro Wicaksono: Komisaris Independen






Follow Berita Okezone di Google News


Dapatkan berita up to date dengan semua berita terkini dari Okezone hanya dengan satu akun di
ORION, daftar sekarang dengan
klik disini
dan nantikan kejutan menarik lainnya


Dewan Direksi:
Sunarso: Direktur Utama
Catur Budi Harto: Wakil Direktur Utama
Viviana Dyah Ayu R. K: Direktur Keuangan
Agus Noorsanto: Direktur Bisnis Wholesale dan Kelembagaan
Supari: Direktur Bisnis Mikro
Arga Mahanana Nugraha: Direktur Digital dan Teknologi Informasi
Aman Sukriyanto: Direktur Commercial, Small, and Medium Business
Andrijanto: Direktur Retail Funding and Distribution
Agus Winardono: Direktur Human Capital
Agus Sudiarto: Direktur Manajemen Risiko
Handayani: Direktur Bisnis Konsumer
Achmad Solichin Lutfiyanto: Direktur Kepatuhan


 Sebelumnya

1
2

Selanjutnya





Follow WhatsApp Channel Okezone untuk update berita terbaru setiap hari

Follow



#BRI
#saham
#Saham BBRI
#RUPS BRI
#PT Bank Rakyat Indonesia Tbk (BBRI) 





















 Memberhentikan dengan hormat Hendrikus Ivo sebagai Komisaris Independen. Dan mengangkat Haryo Baskoro Wicaksono sebagai Komisaris Independen.

BACA JUGA:
BRI Sepakati Tebar Dividen Jumbo Rp48,1 Triliun

“Dan sudah barang tentu RUPST menyampaikan ucapan terima kasih kepada saudara Hendrikus Ivo atas sumbangsi tenaga dan pikiran yang diberikan selama menjabat sebagai Komisaris Independen,” ujar Sunarso saat konferensi pers.

BACA JUGA:
Bangun International Microfinance Center di IKN, Jokowi Apresiasi BRI Ambil Peran Besar Majukan UMKM Indonesia

Adapun susunan Dewan Komisaris dan Direksi BRI terbaru:
Dewan Komisaris:
Kartika Wirjoatmodjo: Komisaris Utama
Rofikoh Rokhim: Wakil Komisaris Utama/Komisaris Independen
Awan Nurmawan Nuh: Komisaris
Rabin Indrajat Hattari: Komisaris
Dwi Ria Latifa: Komisaris Independen
Hery Sunaryadi: Komisaris Independen
Paripurna Poerwoko Sugarda: Komisaris Independen
Agus Saroso: Komisaris Independen
Haryo Baskoro Wicaksono: Komisaris Independen






Follow Berita Okezone di Google News


Dapatkan berita up to date dengan semua berita terkini dari Okezone hanya dengan satu akun di
ORION, daftar sekarang dengan
klik disini
dan nantikan kejutan menarik lainnya


Dewan Direksi:
Sunarso: Direktur Utama
Catur Budi Harto: Wakil Direktur Utama
Viviana Dyah Ayu R. K: Direktur Keuangan
Agus Noorsanto: Direktur Bisnis Wholesale dan Kelembagaan
Supari: Direktur Bisnis Mikro
Arga Mahanana Nugraha: Direktur Digital dan Teknologi Informasi
Aman Sukriyanto: Direktur Commercial, Small, and Medium Business
Andrijanto: Direktur Retail Funding and Distribution
Agus Winardono: Direktur Human Capital
Agus Sudiarto: Direktur Manajemen Risiko
Handayani: Direktur Bisnis Konsumer
Achmad Solichin Lutfiyanto: Direktur Kepatuhan


 Sebelumnya

1
2

Selanjutnya





Follow WhatsApp Channel Okezone untuk update berita terbaru setiap hari

Follow



#BRI
#saham
#Saham BBRI
#RUPS BRI
#PT Bank Rakyat Indonesia Tbk (BBRI) 





















 “Dan sudah barang tentu RUPST menyampaikan ucapan terima kasih kepada saudara Hendrikus Ivo atas sumbangsi tenaga dan pikiran yang diberikan selama menjabat sebagai Komisaris Independen,” ujar Sunarso saat konferensi pers.

BACA JUGA:
Bangun International Microfinance Center di IKN, Jokowi Apresiasi BRI Ambil Peran Besar Majukan UMKM Indonesia

Adapun susunan Dewan Komisaris dan Direksi BRI terbaru:
Dewan Komisaris:
Kartika Wirjoatmodjo: Komisaris Utama
Rofikoh Rokhim: Wakil Komisaris Utama/Komisaris Independen
Awan Nurmawan Nuh: Komisaris
Rabin Indrajat Hattari: Komisaris
Dwi Ria Latifa: Komisaris Independen
Hery Sunaryadi: Komisaris Independen
Paripurna Poerwoko Sugarda: Komisaris Independen
Agus Saroso: Komisaris Independen
Haryo Baskoro Wicaksono: Komisaris Independen






Follow Berita Okezone di Google News


Dapatkan berita up to date dengan semua berita terkini dari Okezone hanya dengan satu akun di
ORION, daftar sekarang dengan
klik disini
dan nantikan kejutan menarik lainnya


Dewan Direksi:
Sunarso: Direktur Utama
Catur Budi Harto: Wakil Direktur Utama
Viviana Dyah Ayu R. K: Direktur Keuangan
Agus Noorsanto: Direktur Bisnis Wholesale dan Kelembagaan
Supari: Direktur Bisnis Mikro
Arga Mahanana Nugraha: Direktur Digital dan Teknologi Informasi
Aman Sukriyanto: Direktur Commercial, Small, and Medium Business
Andrijanto: Direktur Retail Funding and Distribution
Agus Winardono: Direktur Human Capital
Agus Sudiarto: Direktur Manajemen Risiko
Handayani: Direktur Bisnis Konsumer
Achmad Solichin Lutfiyanto: Direktur Kepatuhan


 Sebelumnya

1
2

Selanjutnya





Follow WhatsApp Channel Okezone untuk update berita terbaru setiap hari

Follow



#BRI
#saham
#Saham BBRI
#RUPS BRI
#PT Bank Rakyat Indonesia Tbk (BBRI) 





















 Adapun susunan Dewan Komisaris dan Direksi BRI terbaru:
Dewan Komisaris:
Kartika Wirjoatmodjo: Komisaris Utama
Rofikoh Rokhim: Wakil Komisaris Utama/Komisaris Independen
Awan Nurmawan Nuh: Komisaris
Rabin Indrajat Hattari: Komisaris
Dwi Ria Latifa: Komisaris Independen
Hery Sunaryadi: Komisaris Independen
Paripurna Poerwoko Sugarda: Komisaris Independen
Agus Saroso: Komisaris Independen
Haryo Baskoro Wicaksono: Komisaris Independen






Follow Berita Okezone di Google News


Dapatkan berita up to date dengan semua berita terkini dari Okezone hanya dengan satu akun di
ORION, daftar sekarang dengan
klik disini
dan nantikan kejutan menarik lainnya


Dewan Direksi:
Sunarso: Direktur Utama
Catur Budi Harto: Wakil Direktur Utama
Viviana Dyah Ayu R. K: Direktur Keuangan
Agus Noorsanto: Direktur Bisnis Wholesale dan Kelembagaan
Supari: Direktur Bisnis Mikro
Arga Mahanana Nugraha: Direktur Digital dan Teknologi Informasi
Aman Sukriyanto: Direktur Commercial, Small, and Medium Business
Andrijanto: Direktur Retail Funding and Distribution
Agus Winardono: Direktur Human Capital
Agus Sudiarto: Direktur Manajemen Risiko
Handayani: Direktur Bisnis Konsumer
Achmad Solichin Lutfiyanto: Direktur Kepatuhan


 Sebelumnya

1
2

Selanjutnya





Follow WhatsApp Channel Okezone untuk update berita terbaru setiap hari

Follow



#BRI
#saham
#Saham BBRI
#RUPS BRI
#PT Bank Rakyat Indonesia Tbk (BBRI) 





















 Dewan Komisaris:
Kartika Wirjoatmodjo: Komisaris Utama
Rofikoh Rokhim: Wakil Komisaris Utama/Komisaris Independen
Awan Nurmawan Nuh: Komisaris
Rabin Indrajat Hattari: Komisaris
Dwi Ria Latifa: Komisaris Independen
Hery Sunaryadi: Komisaris Independen
Paripurna Poerwoko Sugarda: Komisaris Independen
Agus Saroso: Komisaris Independen
Haryo Baskoro Wicaksono: Komisaris Independen






Follow Berita Okezone di Google News


Dapatkan berita up to date dengan semua berita terkini dari Okezone hanya dengan satu akun di
ORION, daftar sekarang dengan
klik disini
dan nantikan kejutan menarik lainnya


Dewan Direksi:
Sunarso: Direktur Utama
Catur Budi Harto: Wakil Direktur Utama
Viviana Dyah Ayu R. K: Direktur Keuangan
Agus Noorsanto: Direktur Bisnis Wholesale dan Kelembagaan
Supari: Direktur Bisnis Mikro
Arga Mahanana Nugraha: Direktur Digital dan Teknologi Informasi
Aman Sukriyanto: Direktur Commercial, Small, and Medium Business
Andrijanto: Direktur Retail Funding and Distribution
Agus Winardono: Direktur Human Capital
Agus Sudiarto: Direktur Manajemen Risiko
Handayani: Direktur Bisnis Konsumer
Achmad Solichin Lutfiyanto: Direktur Kepatuhan


 Sebelumnya

1
2

Selanjutnya





Follow WhatsApp Channel Okezone untuk update berita terbaru setiap hari

Follow



#BRI
#saham
#Saham BBRI
#RUPS BRI
#PT Bank Rakyat Indonesia Tbk (BBRI) 





















 Kartika Wirjoatmodjo: Komisaris Utama
Rofikoh Rokhim: Wakil Komisaris Utama/Komisaris Independen
Awan Nurmawan Nuh: Komisaris
Rabin Indrajat Hattari: Komisaris
Dwi Ria Latifa: Komisaris Independen
Hery Sunaryadi: Komisaris Independen
Paripurna Poerwoko Sugarda: Komisaris Independen
Agus Saroso: Komisaris Independen
Haryo Baskoro Wicaksono: Komisaris Independen






Follow Berita Okezone di Google News


Dapatkan berita up to date dengan semua berita terkini dari Okezone hanya dengan satu akun di
ORION, daftar sekarang dengan
klik disini
dan nantikan kejutan menarik lainnya


Dewan Direksi:
Sunarso: Direktur Utama
Catur Budi Harto: Wakil Direktur Utama
Viviana Dyah Ayu R. K: Direktur Keuangan
Agus Noorsanto: Direktur Bisnis Wholesale dan Kelembagaan
Supari: Direktur Bisnis Mikro
Arga Mahanana Nugraha: Direktur Digital dan Teknologi Informasi
Aman Sukriyanto: Direktur Commercial, Small, and Medium Business
Andrijanto: Direktur Retail Funding and Distribution
Agus Winardono: Direktur Human Capital
Agus Sudiarto: Direktur Manajemen Risiko
Handayani: Direktur Bisnis Konsumer
Achmad Solichin Lutfiyanto: Direktur Kepatuhan


 Sebelumnya

1
2

Selanjutnya





Follow WhatsApp Channel Okezone untuk update berita terbaru setiap hari

Follow



#BRI
#saham
#Saham BBRI
#RUPS BRI
#PT Bank Rakyat Indonesia Tbk (BBRI) 





















 Rofikoh Rokhim: Wakil Komisaris Utama/Komisaris Independen
Awan Nurmawan Nuh: Komisaris
Rabin Indrajat Hattari: Komisaris
Dwi Ria Latifa: Komisaris Independen
Hery Sunaryadi: Komisaris Independen
Paripurna Poerwoko Sugarda: Komisaris Independen
Agus Saroso: Komisaris Independen
Haryo Baskoro Wicaksono: Komisaris Independen






Follow Berita Okezone di Google News


Dapatkan berita up to date dengan semua berita terkini dari Okezone hanya dengan satu akun di
ORION, daftar sekarang dengan
klik disini
dan nantikan kejutan menarik lainnya


Dewan Direksi:
Sunarso: Direktur Utama
Catur Budi Harto: Wakil Direktur Utama
Viviana Dyah Ayu R. K: Direktur Keuangan
Agus Noorsanto: Direktur Bisnis Wholesale dan Kelembagaan
Supari: Direktur Bisnis Mikro
Arga Mahanana Nugraha: Direktur Digital dan Teknologi Informasi
Aman Sukriyanto: Direktur Commercial, Small, and Medium Business
Andrijanto: Direktur Retail Funding and Distribution
Agus Winardono: Direktur Human Capital
Agus Sudiarto: Direktur Manajemen Risiko
Handayani: Direktur Bisnis Konsumer
Achmad Solichin Lutfiyanto: Direktur Kepatuhan


 Sebelumnya

1
2

Selanjutnya





Follow WhatsApp Channel Okezone untuk update berita terbaru setiap hari

Follow



#BRI
#saham
#Saham BBRI
#RUPS BRI
#PT Bank Rakyat Indonesia Tbk (BBRI) 





















 Awan Nurmawan Nuh: Komisaris
Rabin Indrajat Hattari: Komisaris
Dwi Ria Latifa: Komisaris Independen
Hery Sunaryadi: Komisaris Independen
Paripurna Poerwoko Sugarda: Komisaris Independen
Agus Saroso: Komisaris Independen
Haryo Baskoro Wicaksono: Komisaris Independen






Follow Berita Okezone di Google News


Dapatkan berita up to date dengan semua berita terkini dari Okezone hanya dengan satu akun di
ORION, daftar sekarang dengan
klik disini
dan nantikan kejutan menarik lainnya


Dewan Direksi:
Sunarso: Direktur Utama
Catur Budi Harto: Wakil Direktur Utama
Viviana Dyah Ayu R. K: Direktur Keuangan
Agus Noorsanto: Direktur Bisnis Wholesale dan Kelembagaan
Supari: Direktur Bisnis Mikro
Arga Mahanana Nugraha: Direktur Digital dan Teknologi Informasi
Aman Sukriyanto: Direktur Commercial, Small, and Medium Business
Andrijanto: Direktur Retail Funding and Distribution
Agus Winardono: Direktur Human Capital
Agus Sudiarto: Direktur Manajemen Risiko
Handayani: Direktur Bisnis Konsumer
Achmad Solichin Lutfiyanto: Direktur Kepatuhan


 Sebelumnya

1
2

Selanjutnya





Follow WhatsApp Channel Okezone untuk update berita terbaru setiap hari

Follow



#BRI
#saham
#Saham BBRI
#RUPS BRI
#PT Bank Rakyat Indonesia Tbk (BBRI) 





















 Rabin Indrajat Hattari: Komisaris
Dwi Ria Latifa: Komisaris Independen
Hery Sunaryadi: Komisaris Independen
Paripurna Poerwoko Sugarda: Komisaris Independen
Agus Saroso: Komisaris Independen
Haryo Baskoro Wicaksono: Komisaris Independen






Follow Berita Okezone di Google News


Dapatkan berita up to date dengan semua berita terkini dari Okezone hanya dengan satu akun di
ORION, daftar sekarang dengan
klik disini
dan nantikan kejutan menarik lainnya


Dewan Direksi:
Sunarso: Direktur Utama
Catur Budi Harto: Wakil Direktur Utama
Viviana Dyah Ayu R. K: Direktur Keuangan
Agus Noorsanto: Direktur Bisnis Wholesale dan Kelembagaan
Supari: Direktur Bisnis Mikro
Arga Mahanana Nugraha: Direktur Digital dan Teknologi Informasi
Aman Sukriyanto: Direktur Commercial, Small, and Medium Business
Andrijanto: Direktur Retail Funding and Distribution
Agus Winardono: Direktur Human Capital
Agus Sudiarto: Direktur Manajemen Risiko
Handayani: Direktur Bisnis Konsumer
Achmad Solichin Lutfiyanto: Direktur Kepatuhan


 Sebelumnya

1
2

Selanjutnya





Follow WhatsApp Channel Okezone untuk update berita terbaru setiap hari

Follow



#BRI
#saham
#Saham BBRI
#RUPS BRI
#PT Bank Rakyat Indonesia Tbk (BBRI) 





















 Dwi Ria Latifa: Komisaris Independen
Hery Sunaryadi: Komisaris Independen
Paripurna Poerwoko Sugarda: Komisaris Independen
Agus Saroso: Komisaris Independen
Haryo Baskoro Wicaksono: Komisaris Independen






Follow Berita Okezone di Google News


Dapatkan berita up to date dengan semua berita terkini dari Okezone hanya dengan satu akun di
ORION, daftar sekarang dengan
klik disini
dan nantikan kejutan menarik lainnya


Dewan Direksi:
Sunarso: Direktur Utama
Catur Budi Harto: Wakil Direktur Utama
Viviana Dyah Ayu R. K: Direktur Keuangan
Agus Noorsanto: Direktur Bisnis Wholesale dan Kelembagaan
Supari: Direktur Bisnis Mikro
Arga Mahanana Nugraha: Direktur Digital dan Teknologi Informasi
Aman Sukriyanto: Direktur Commercial, Small, and Medium Business
Andrijanto: Direktur Retail Funding and Distribution
Agus Winardono: Direktur Human Capital
Agus Sudiarto: Direktur Manajemen Risiko
Handayani: Direktur Bisnis Konsumer
Achmad Solichin Lutfiyanto: Direktur Kepatuhan


 Sebelumnya

1
2

Selanjutnya





Follow WhatsApp Channel Okezone untuk update berita terbaru setiap hari

Follow



#BRI
#saham
#Saham BBRI
#RUPS BRI
#PT Bank Rakyat Indonesia Tbk (BBRI) 





















 Hery Sunaryadi: Komisaris Independen
Paripurna Poerwoko Sugarda: Komisaris Independen
Agus Saroso: Komisaris Independen
Haryo Baskoro Wicaksono: Komisaris Independen






Follow Berita Okezone di Google News


Dapatkan berita up to date dengan semua berita terkini dari Okezone hanya dengan satu akun di
ORION, daftar sekarang dengan
klik disini
dan nantikan kejutan menarik lainnya


Dewan Direksi:
Sunarso: Direktur Utama
Catur Budi Harto: Wakil Direktur Utama
Viviana Dyah Ayu R. K: Direktur Keuangan
Agus Noorsanto: Direktur Bisnis Wholesale dan Kelembagaan
Supari: Direktur Bisnis Mikro
Arga Mahanana Nugraha: Direktur Digital dan Teknologi Informasi
Aman Sukriyanto: Direktur Commercial, Small, and Medium Business
Andrijanto: Direktur Retail Funding and Distribution
Agus Winardono: Direktur Human Capital
Agus Sudiarto: Direktur Manajemen Risiko
Handayani: Direktur Bisnis Konsumer
Achmad Solichin Lutfiyanto: Direktur Kepatuhan


 Sebelumnya

1
2

Selanjutnya





Follow WhatsApp Channel Okezone untuk update berita terbaru setiap hari

Follow



#BRI
#saham
#Saham BBRI
#RUPS BRI
#PT Bank Rakyat Indonesia Tbk (BBRI) 





















 Paripurna Poerwoko Sugarda: Komisaris Independen
Agus Saroso: Komisaris Independen
Haryo Baskoro Wicaksono: Komisaris Independen






Follow Berita Okezone di Google News


Dapatkan berita up to date dengan semua berita terkini dari Okezone hanya dengan satu akun di
ORION, daftar sekarang dengan
klik disini
dan nantikan kejutan menarik lainnya


Dewan Direksi:
Sunarso: Direktur Utama
Catur Budi Harto: Wakil Direktur Utama
Viviana Dyah Ayu R. K: Direktur Keuangan
Agus Noorsanto: Direktur Bisnis Wholesale dan Kelembagaan
Supari: Direktur Bisnis Mikro
Arga Mahanana Nugraha: Direktur Digital dan Teknologi Informasi
Aman Sukriyanto: Direktur Commercial, Small, and Medium Business
Andrijanto: Direktur Retail Funding and Distribution
Agus Winardono: Direktur Human Capital
Agus Sudiarto: Direktur Manajemen Risiko
Handayani: Direktur Bisnis Konsumer
Achmad Solichin Lutfiyanto: Direktur Kepatuhan


 Sebelumnya

1
2

Selanjutnya





Follow WhatsApp Channel Okezone untuk update berita terbaru setiap hari

Follow



#BRI
#saham
#Saham BBRI
#RUPS BRI
#PT Bank Rakyat Indonesia Tbk (BBRI) 





















 Agus Saroso: Komisaris Independen
Haryo Baskoro Wicaksono: Komisaris Independen






Follow Berita Okezone di Google News


Dapatkan berita up to date dengan semua berita terkini dari Okezone hanya dengan satu akun di
ORION, daftar sekarang dengan
klik disini
dan nantikan kejutan menarik lainnya


Dewan Direksi:
Sunarso: Direktur Utama
Catur Budi Harto: Wakil Direktur Utama
Viviana Dyah Ayu R. K: Direktur Keuangan
Agus Noorsanto: Direktur Bisnis Wholesale dan Kelembagaan
Supari: Direktur Bisnis Mikro
Arga Mahanana Nugraha: Direktur Digital dan Teknologi Informasi
Aman Sukriyanto: Direktur Commercial, Small, and Medium Business
Andrijanto: Direktur Retail Funding and Distribution
Agus Winardono: Direktur Human Capital
Agus Sudiarto: Direktur Manajemen Risiko
Handayani: Direktur Bisnis Konsumer
Achmad Solichin Lutfiyanto: Direktur Kepatuhan


 Sebelumnya

1
2

Selanjutnya





Follow WhatsApp Channel Okezone untuk update berita terbaru setiap hari

Follow



#BRI
#saham
#Saham BBRI
#RUPS BRI
#PT Bank Rakyat Indonesia Tbk (BBRI) 





















 Haryo Baskoro Wicaksono: Komisaris Independen






Follow Berita Okezone di Google News


Dapatkan berita up to date dengan semua berita terkini dari Okezone hanya dengan satu akun di
ORION, daftar sekarang dengan
klik disini
dan nantikan kejutan menarik lainnya


Dewan Direksi:
Sunarso: Direktur Utama
Catur Budi Harto: Wakil Direktur Utama
Viviana Dyah Ayu R. K: Direktur Keuangan
Agus Noorsanto: Direktur Bisnis Wholesale dan Kelembagaan
Supari: Direktur Bisnis Mikro
Arga Mahanana Nugraha: Direktur Digital dan Teknologi Informasi
Aman Sukriyanto: Direktur Commercial, Small, and Medium Business
Andrijanto: Direktur Retail Funding and Distribution
Agus Winardono: Direktur Human Capital
Agus Sudiarto: Direktur Manajemen Risiko
Handayani: Direktur Bisnis Konsumer
Achmad Solichin Lutfiyanto: Direktur Kepatuhan


 Sebelumnya

1
2

Selanjutnya





Follow WhatsApp Channel Okezone untuk update berita terbaru setiap hari

Follow



#BRI
#saham
#Saham BBRI
#RUPS BRI
#PT Bank Rakyat Indonesia Tbk (BBRI) 





















  
Follow Berita Okezone di Google News
 
Dapatkan berita up to date dengan semua berita terkini dari Okezone hanya dengan satu akun di
ORION, daftar sekarang dengan
klik disini
dan nantikan kejutan menarik lainnya
 Dewan Direksi: Sunarso: Direktur Utama Catur Budi Harto: Wakil Direktur Utama Viviana Dyah Ayu R. K: Direktur Keuangan Agus Noorsanto: Direktur Bisnis Wholesale dan Kelembagaan Supari: Direktur Bisnis Mikro Arga Mahanana Nugraha: Direktur Digital dan Teknologi Informasi Aman Sukriyanto: Direktur Commercial, Small, and Medium Business Andrijanto: Direktur Retail Funding and Distribution Agus Winardono: Direktur Human Capital Agus Sudiarto: Direktur Manajemen Risiko Handayani: Direktur Bisnis Konsumer Achmad Solichin Lutfiyanto: Direktur Kepatuhan Berita Terkait  Bagikan Artikel Ini   Berita Lainnya © 2007 - 2024 Okezone.com, All Rights Reserved"
"Iwan Pasila ke OJK, I Dewa Gede Agung Jadi Plt Dirut BRI ...",https://www.theiconomics.com/change-management/iwan-pasela-ke-ojk-i-dewa-gede-agung-jadi-plt-dirut-bri-life/,2024-08-15,2023-10-10,"© Copyright ICONOMICS. All Rights Reserved. Iwan Pasila/Dok. Iconomics I Dewa Gede Agung diangkat menjadi Pelaksana Tugas (Plt) Direktur Utama merangkap Direktur Kepatuhan BRI Life. Pengangkatan ini dilakukan karena Iwan Pasila yang semula menjabat sebagai Direktur Utama BRI Life diangkat menjadi Deputi Komisioner Otoritas Jasa Keuangan (OJK), yakni Deputi Komisioner Bidang Pengawasan Perasuransian, Penjaminan, dan Dana Pensiun OJK. Iwan adalah salah satu nama pernah mengikuti seleksi Anggota Dewan Komisioner OJK periode 2022-2027. Kala itu, Namanya juga sudah disetor ke Presiden Joko Widodo oleh Panitia Seleksi (Pansel) ADK OJK 2022-2027. Pansel menyerahkan 21 nama hasil seleksi tahap keempat kapada Presiden Joko Widodo untuk dipilih Presiden menjadi 14 calon yang akan diberikan kepada Dewan Perwakilan Rakyat (DPR). Iwan adalah sosok yang sudah panjang kiprahnya di industri perasuransian di Indonesia. Terakhir menjabat sebagai Direktur Utama PT Asuransi BRI Life (BRI Life). Ia pernah menjabat sebagai Kepala Seksi Analisis Laporan Penyelenggaraan Usaha di Direktorat Asuransi Departmen Keuangan Republik Indonesia (1993–2003); Chief Actuary di PT AIG Life (2003–2008); Direktur Keuangan di PT AXA Mandiri Financial Services (2008–2013); Direktur Keuangan di PT CIMB Sunlife, Sun Life Indonesia (2013–2014); Direktur Teknik dan Operasional di PT Asuransi Jiwa Inhealth Indonesia (2014–2015); Direktur Utama Mandiri Inhealth (2015). Pria kelahiran Kendari, Sulawesi Tenggara ini jebolan Sarjana bidang Matematika di ITB. Ia juga meraih gelar Master of Science dari City University London pada 1996.      Save my name, email, and website in this browser for the next time I comment.  

  Δ"
"Rombak Direksi, BRI Angkat Kembali Sunarso Jadi Wakil ...",https://www.jamkridasulsel.co.id/info/tinggalkan-diesel-pltmg-flores-akan-gunakan-gas-mulai-april-2019/,2024-08-15,2019-01-04,"  JAKARTA, KOMPAS.com –  Dalam agenda tersebut, BRI merombak susunan direksi dan komisaris. Direktur Konsumer Bank BRI Handayani mengatakan RUPSLB kali ini menambah nomenklatur perseoran pada posisi Wakil Direktur Utama. Posisi ini diisi oleh Sunarso yang sebelumnya juga menduduki posisi Wakil Direktur Utama BRI mulai 2015 hingga 2017 lalu sebelum akhirnya menjabat posisi Direktur Utama PT Pegadian (Persero). “Hasil RUPSLB menambah nomenlaktur Wakil Direktur Utama dan mengangkat Sunarso sebagai Wakil Direktur Utama Perseroan. Pengangkatan berlaku aktif setelah fit and proper test oleh OJK (Otoritas Jasa Keuangan),” ujar Handayani. Selain itu, RUPSLB juga memutuskan memberhentikan Jeffry Wurangian sebagai Komisaris dan Kuswiyoto sebagai Direktur di BRI. Seperti diketahui Jeffry memang tengah mencalonkan diri sebagai Calon Legislatif (Caleg) DPR-RI Daerah Pemilihan Sulawesi Utara. Posisi Komisaris yang ditinggalkan Jeffry Wurangian pun dibiarkan kosong. Baca juga: BRI Genjot Layanan Digital untuk Para Nasabahnya “RUPSLB menghentikan Jeffry Wurangian dari posisi komisaris perseroan juga Kuswiyoto dari posisi direktur perseroan,” jelas Handayani. Direktur Utama BRI Suprajarto mengaku tidak tahu menahu mengenai alasan pengangkatan kembali Sunarso sebagai Wakil Direktur Utama Perseroan. Suprajarto mengatakan, pihaknya baru mengetahui pengangkatan Sunarso di hari pelaksanaan RUPSLB. “Alasan penunjukan mungkin lebih tepat ke kementerian (BUMN) karena yang nunjuk di sana jadi kita tahu baru tadi,” ujar Suprajarto ketika konferensi pers hasil RUPSLB. Dengan keputusan tersebut, berikut Jajaran Direksi dan Komisaris BRI: Direktur Utama: Suprajarto Wakil Direktur Utama: Sunarso Direktur Ritel dan Menengah: Supari Direktur Mikro dan Kecil: Priyastomo Direktur Konsumer: Handayani Direktur Jaringan dan Layanan: Osbal Saragi Rumahorbo Direktur Keuangan: Haru Koesmahargyo Direktur IT: Indra Utoyo Direktur Hubungan Kelembagaan: Sis Apik Wijayanto Direktur Human Capital: R Sophia Alizsa Direktur Managemen Resiko: Mohammad Irfan Direktur Kepatuhan: Achmad Solichin Lutfiyanto. Adapun pada jajaran Komisaris: Komisaris Utama: Andrinof A Chaniago Wakil Komisaris Utama: Gatot Trihargo Komisaris Independen: A. Fuad Rahmany Komisaris Independen: A. Sonny Keraf Komisaris Independen: Rofikoh Rokhim Komisaris Independen: Mahmud Komisaris: Nicolaus Teguh Budi Harjanto Komisaris: Hadiyanto SUMBER : Kompas.com Catatan:  PT. Jamkrida Sulsel melayani Penerbitan Sertifikat Penjaminan kredit, Surety Bond ( Jaminan Penawaran, Jaminan Pelaksanaan, Jaminan uang muka, Jaminan Pemeliharaan) dan Kontra Bank Garansi di Sulawesi Selatan. Your email address will not be published. Required fields are marked * Comment *  Name *  Email *  Website   Save my name, email, and website in this browser for the next time I comment.  

  Δ  
Submit 


 Δ"
Aris Hartanto Jabat Direktur Utama BRI Life,https://mediaasuransinews.co.id/asuransi/aris-hartanto-jabat-direktur-utama-bri-life/,2024-08-15,2024-05-10,"Media Asuransi, JAKARTA – Hasil Rapat Umum Pemegang Saham Tahunan (RUPST) PT Asuransi BRI Life memutuskan untuk melakukan perubahan dan pengesahan susunan jajaran komisaris dan direksi perseroan. RUPST memutuskan mengangkat Aris Hartanto, yang sebelumnya menjabat sebagai Regional CEO Wilayah Medan PT Bank Rakyat Indonesia (Persero) Tbk, sebagai direktur utama dan Lau Soon Liang yang saat ini sebagai Emerging Market Chief Growth Officer FWD Group sebagai komisaris. |Baca juga: Kementerian BUMN & IFG Angkat Dwi Pujiastuti Handayani sebagai Komisaris Jasindo “BRI Life menyampaikan apresiasi yang setinggi-tingginya atas disahkannya Aris Hartanto sebagai Direktur Utama BRI Life, dan Lau Soon Liang  sebagai Komisaris dalam RUPST BRI Life. Keduanya akan efektif berperan mengawal laju bisnis BRI Life, setelah penilaian kemampuan dan kepatutan disetujui oleh OJK,” tutur Head Of Corporate Secretary BRI Life, Ade Nasution, dalam keterangan resmi, Jumat, 10 Mei 2024. |Baca juga: Kinerja 2023 Positif, Laba BRI Life Meningkat 55,5% Ade menambahkan, hingga akhir 2023, annual premium equivalent (APE) BRI Life tercatat Rp3,1 triliun dengan komposisi 91 persen adalah produk tradisional dan sembilan persen unitlink. Sementara Risk-Based Capital (RBC) perseroan mencapai 524 persen, atau di atas batas minimum yang dipersyaratkan OJK yakni sebesar 120 persen. |Baca juga: Allianz Bersinergi dengan GIFT dan doctorSHARE untuk Pelayanan Kesehatan di Pulau-Pulau Terpencil “Memperhatikan tren pertumbuhan kinerja keuangan BRI Life yang meningkat sepanjang 2023 dan pertumbuhan bisnis asuransi jiwa nasional yang diyakini tetap tumbuh di 2024, serta didukung Bank BRI selaku induk perusahaan, direksi menyampaikan keyakinannya BRI Life dapat memberikan kontribusi sebesar Rp1,5 triliun kepada BRI Group,” pungkas Ade. |Baca juga: Industri Asuransi Umum Siap Terapkan PSAK 117 Berdasarkan RUPS ini, maka susunan Anggota Dewan Komisaris, Anggota Direksi dan Dewan Pengawas Syariah PT Asuransi BRI Life sebagai berikut: Komisaris Utama: Muhammad Syafri Rozi.
Komisaris Independen: Eko Wahyudi.
Komisaris Independen: Hari Siaga Amijarso.
Komisaris: Lau Soon Liang.*
Komisaris Independen : Ubaidillah Nugraha. *) Efektif setelah penilaian kemampuan dan kepatutan  disetujui OJK.i Direktur Utama: Aris Hartanto.*
Direktur Kepatuhan dan Legal: I Dewa Gede Agung.
Direktur Keuangan : Lim Chet Ming.
Direktur Operasional : Yosie William Iroth.
Direktur Pemasaran: Sutadi. *) Efektif setelah penilaian kemampuan dan kepatuhan disetujui OJK. Ketua Dewan: Mohamad Hidayat.
Anggota Dewan: Agus Haryadi.
Anggota Dewan: Siti Haniatunnisa. Editor: S. Edi Santosa | Cek Berita dan Artikel yang lain di Google News Oleh: Budi Sartono Soetiardjo Oleh: Budi Sartono Soetiardjo Oleh: Ersa Tri Wahyuni, PhD
  Oleh: Ersa Tri Wahyuni, PhD
  Oleh Budi Sartono Soetiardjo Oleh Budi Sartono Soetiardjo Oleh: Budi Sartono Soetiardjo Oleh: Budi Sartono Soetiardjo Oleh: Eko Sulistyo dan Wahyudin Rahman Oleh: Eko Sulistyo dan Wahyudin Rahman Jl. KH Wahid Hasyim 12 G, Lantai 3,
Jakarta Pusat 10340. 
Telepon: 021-3910197,
Fax: 021 3910 297."
Bos BRI Danareksa Sekuritas Pede IHSG Tembus 8.000! Ini ...,https://stockwatch.id/bos-bri-danareksa-sekuritas-pede-ihsg-tembus-8-000-ini-alasannya/,2024-08-15,2024-08-14,"Minta Restu Pemegang Saham, MNC Digital Siap Stok Split Jadi Rp10 Utang Luar Negeri Indonesia Triwulan II 2024 Tumbuh 2,7% Komisaris Pelindo Solusi Logistik Cek Tol Cibitung-Cilincing, Akses Baru ke Terminal Kalibaru di Depan Mata IKN Bawa Rezeki, Swiss-Belhotel Balikpapan Diserbu Tamu! Okupansi Tembus 90%” Dulu Rugi, Sekarang Untung! Bank Pembangunan Daerah Banten Cetak Laba Segini STOCKWATCH.ID (JAKARTA) – BRI Danareksa Sekuritas (BRIDS) memprediksi Indeks Harga Saham Gabungan (IHSG) bisa mencapai angka 8.000 pada akhir tahun 2024. Prediksi ini didasarkan pada skenario jika suku bunga Amerika Serikat (AS) benar-benar turun dan rupiah terus stabil di bawah Rp16.000 per dolar AS. Direktur Utama BRI Danareksa Sekuritas, Laksono Widito Widodo, menjelaskan bahwa faktor-faktor seperti penurunan suku bunga, stabilitas rupiah, dan terbentuknya kabinet baru menjadi kunci utama yang akan mendorong IHSG menuju angka tersebut. “Kalau semua berjalan sesuai skenario, IHSG bisa mencapai 8.000 pada akhir tahun ini,” ujar Laksono.  Untuk semester kedua tahun 2024, Laksono mengungkapkan bahwa sektor perbankan dan properti menjadi yang paling menarik bagi para investor. Kedua sektor ini dinilai sangat dipengaruhi oleh suku bunga. Jika suku bunga turun, maka sektor perbankan dan properti berpotensi mengalami pertumbuhan yang signifikan. “Secara logika, sektor yang terpengaruh oleh interest rate, seperti perbankan dan properti, akan menjadi pilihan utama jika suku bunga benar-benar turun,” tambah Laksono. Bank sentral AS diperkirakan bakal menurunkan suku bunga pada September 2024. Langkah ini diproyeksikan bakal diikuti oleh Bank Indonesia. 

Simpan nama, email, dan situs web saya di browser ini untuk lain kali saya berkomentar.  
 Anda tidak dapat copy content di situs ini"
BRI Kembali Jadi Sponsor Utama Liga 1 2024-2025,https://masakini.co/2024/08/06/bri-kembali-jadi-sponsor-utama-liga-1-2024-2025/,2024-08-15,2024-08-06,"MASAKINI.CO – PT. Bank Rakyat Indonesia (Persero) Tbk kembali menjadi sponsor utama untuk empat musim berturut-turut dalam perhelatan kompetisi sepakbola teratas di Indonesia, BRI Liga 1 musim 2024 – 2025. Hal ini disampaikan pada press conference yang dihadiri oleh Ketua Umum PSSI Erick Thohir, Wakil Direktur Utama BRI Catur Budi Harto, Direktur Utama PT LIB (Liga Indonesia Baru) Ferry Paulus, dan Direktur Surya Citra Media (SCM) Harsiwi Achmad, di BRILian Center, Jakarta (06/08). Dalam sambutannya, Ketua Umum PSSI Erick Thohir mengapresiasi komitmen BRI yang menjadi sponsor BRI Liga 1 untuk tahun ke empat secara berturut-turut. ”Karena pertama kali BRI menjadi sponsor Liga pada saat COVID, dimana liga sepak bola di seluruh dunia berhenti tapi BRI berani mengambil posisi bahwa sepak bola di Indonesia tidak boleh mati,” imbuh Erick Thohir. Erick Thohir juga mengharapkan musim BRI Liga 1 2024/2025 makin mengangkat sepakbola Indonesia secara keseluruhan yang sudah menjadi perbincangan di level Asia. Menurutnya, sejumlah aturan baru Liga yang siap diterapkan di musim baru harus mampu meningkatkan kualitas liga dan mutu klub-klub peserta sehingga bisa lebih bersaing di kompetisi liga Asia. “Target utamanya menaikkan mutu Liga kita agar levelnya naik di Asia dan ASEAN. Tak hanya itu, kompetisi yang aman dan nyaman bagi penonton tetap menjadi prioritas di setiap musim baru liga. Setelah setahun lebih membenahi tim nasional kini saatnya PSSI membenahi liga” Ungkap Erick Thohir. Sementara itu pada sambutannya, Wakil Direktur Utama BRI Catur mengungkapkan bahwa alasan utama BRI kembali menjadi sponsor untuk empat tahun berturut turut tak lepas dari komitmen perseroan untuk terus meng-create economic value dan men-deliver social value di tengah masyarakat. Pertama, sepak bola masih menjadi olahraga rakyat yang paling digemari di Indonesia bahkan Dunia, dan hal ini sesuai dengan profil BRI yang memiliki keinginan untuk melayani masyarakat luas dari berbagai segmen yang tersebar di seluruh Indonesia. “Oleh karena itu, kami menilai kompetisi BRI Liga 1 menjadi sarana yang efektif dan efisien untuk meningkatkan eksposure layanan dan produk BRI, terutama super apps digital banking yang menjadi andalan BRI yakni BRImo,” ujar Catur. Partisipasi BRI sebagai sponsor utama Liga 1 dalam 3 tahun ke belakang telah berdampak positif terhadap peningkatan awareness masyarakat terhadap brand korporat BRI dan juga brand produk BRI khususnya BRImo. Menurut riset yang diselenggarakan oleh BRI Research Institute, terdapat peningkatan awareness dari tahun ke tahun, di mana tahun 2021 hanya terdapat 79% penonton yang tahu BRI menjadi sponsor utama, namun pada tahun 2022 meningkat menjadi 98,6%, dan pada tahun 2023 lalu awareness masyarakat terhadap BRI Liga 1 telah mencapai 100%. Catur juga menambahkan alasan BRI mendukung perhelatan BRI Liga 1 2024 – 2025 tak lepas dari faktor ekonomi yang diciptakan dengan bergulirnya kompetisi. Menurut survei dari LPEM Universitas Indonesia tahun 2020, perputaran ekonomi dari kompetisi Liga 1 diproyeksikan dapat menciptakan perputaran uang antara Rp 2,7 hingga Rp 3 triliun dalam satu tahun. Namun, berdasarkan dari hasil riset terbaru yang dilakukan oleh BRI Research Institute yang dirilis pada Juli 2024, penyelenggaraan BRI Liga 1 berpotensi menciptakan perputaran uang (output ekonomi) yang jauh lebih besar bagi perekonomian Indonesia, yakni mencapai sekitar Rp10,42 Triliun dan dari perputaran uang tersebut, dapat tercipta nilai tambah ekonomi (PDB) sebesar Rp5,93 triliun. Selain itu terdapat tambahan pendapatan rumah tangga pekerja sebesar Rp2,27 triliun, potensi pendapatan pajak tidak langsung bagi pemerintah sebesar Rp866 miliar serta penciptaan kesempatan kerja sekitar 45 ribu orang. “Berdasarkan hasil riset tersebut, kompetisi BRI Liga 1 musim 2024-2025 kami proyeksikan juga akan memberikan dampak positif secara ekonomi bagi stakeholder utamanya untuk menghidupkan mata rantai ekonomi kerakyatan dan meningkatkan pendapatan pelaku UMKM,” jelas Catur. “BRI tentu berharap berjalannya kompetisi BRI Liga 1 ini dapat memberi dampak positif terhadap iklim kompetisi sepak bola nasional, sehingga liga ini dapat mencetak talenta-talenta muda berbakat yang akan mendorong prestasi sepak bola Indonesia di panggung global,” imbuh Catur. Catur menambahkan BRI berharap agar perhelatan kompetisi tahun ini dapat berjalan dengan lancar, serta dapat terus meningkat kualitasnya. “Seperti yang kita rasakan bersama, terus meningkatnya prestasi timnas sepak bola Indonesia yang saat ini dicapai tidak lepas dari bergulirnya kompetisi BRI Liga 1 yang juga semakin baik,” tambahnya. Pada kesempatan yang sama, Direktur Utama PT Liga Indonesia Baru Ferry Paulus menyampaikan bahwa LIB bangga dapat bermitra dengan BRI. “Kita merasakan bagaimana manfaat exposure dan efek kepada para pengusaha di daerah yang merasakan kerja sama antara LIB dan BRI. Ke depan, kita akan meningkatkan kerja sama melalui ticketing dan semua klub sudah setuju bahwa ticketing akan melalui BRI,” imbuh Ferry. Sementara itu Direktur Surya Citra Media (SCM) Harsiwi Achmad menyampaikan bahwa rating dan share kepemirsaan BRI Liga 1 pada musim 2023 – 2024 merupakan yang tertinggi dalam 5 musim terakhir. BRI pun optimistis dengan bergulirnya BRI Liga 1 2024-2025 dapat meneruskan momentum positif kebangkitan sepak bola Indonesia. “Menyongsong BRI Liga 1 2024 – 2025, BRI berharap bergulirnya kompetisi dapat menjadi momentum untuk melanjutkan pengembangan ekosistem sepak bola nasional, serta mendorong keberhasilan blue print Transformasi Sepak Bola Indonesia 2023-2045 yang telah dicanangkan oleh PSSI. Oleh karena itu, BRI berkomitmen untuk mendukung sepak bola Indonesia semakin bersinar di pentas global,” pungkas Catur.[] 

 
- Select Visibility -PublicPrivate "
"Ciptakan Perputaran Ekonomi Rp10,42 triliun, BRI Kembali ...",https://radarbekasi.id/2024/08/06/ciptakan-perputaran-ekonomi-rp1042-triliun-bri-kembali-jadi-sponsor-utama-liga-1-2024-2025/,2024-08-15,2024-08-06,"RADARBEKASI.ID, BEKASI –  PT Bank Rakyat Indonesia (Persero) Tbk kembali menjadi sponsor utama untuk empat musim berturut-turut dalam perhelatan kompetisi sepakbola teratas di Indonesia, BRI Liga 1 musim 2024 – 2025.
Hal ini disampaikan pada press conference yang dihadiri oleh Ketua Umum PSSI Erick Thohir, Wakil Direktur Utama BRI Catur Budi Harto, Direktur Utama PT LIB (Liga Indonesia Baru) Ferry Paulus, dan Direktur Surya Citra Media (SCM) Harsiwi Achmad, di BRILian Center, Jakarta, Selasa (6/8).
Dalam sambutannya, Ketua Umum PSSI Erick Thohir mengapresiasi komitmen BRI yang menjadi sponsor BRI Liga 1 untuk tahun ke empat secara berturut turut. ”Karena pertama kali BRI menjadi sponsor Liga pada saat COVID, dimana liga sepak bola di seluruh dunia berhenti tapi BRI berani mengambil posisi bahwa sepak bola di Indonesia tidak boleh mati,” imbuh Erick Thohir.
Erick Thohir juga mengharapkan musim BRI Liga 1 2024/2025 makin mengangkat sepakbola Indonesia secara keseluruhan yang sudah menjadi perbincangan di level Asia. Menurutnya, sejumlah aturan baru Liga yang siap diterapkan di musim baru harus mampu meningkatkan kualitas liga dan mutu klub-klub peserta sehingga bisa lebih bersaing di kompetisi liga Asia.
“Target utamanya menaikkan mutu Liga kita agar levelnya naik di Asia dan ASEAN. Tak hanya itu, kompetisi yang aman dan nyaman bagi penonton tetap menjadi prioritas di setiap musim baru liga. Setelah setahun lebih membenahi tim nasional kini saatnya PSSI membenahi liga” Ungkap Erick Thohir.
Sementara itu pada sambutannya, Wakil Direktur Utama BRI Catur mengungkapkan bahwa alasan utama BRI kembali menjadi sponsor untuk empat tahun berturut turut tak lepas dari komitmen perseroan untuk terus meng-create economic value dan men-deliver social value di tengah masyarakat.
BACA JUGA: Jadi Perusahaan Pembayar Pajak Terbesar, BRI Diapresiasi Oleh Negara  
Pertama, sepak bola masih menjadi olahraga rakyat yang paling digemari di Indonesia bahkan Dunia, dan hal ini sesuai dengan profil BRI yang memiliki keinginan untuk melayani masyarakat luas dari berbagai segmen yang tersebar di seluruh Indonesia.
“Oleh karena itu, kami menilai kompetisi BRI Liga 1 menjadi sarana yang efektif dan efisien untuk meningkatkan eksposure layanan dan produk BRI, terutama super apps digital banking yang menjadi andalan BRI yakni BRImo,” ujar Catur.
Partisipasi BRI sebagai sponsor utama Liga 1 dalam 3 tahun ke belakang telah berdampak positif terhadap peningkatan awareness masyarakat terhadap brand korporat BRI dan juga brand produk BRI khususnya BRImo.
Menurut riset yang diselenggarakan oleh BRI Research Institute, terdapat peningkatan awareness dari tahun ke tahun, di mana tahun 2021 hanya terdapat 79% penonton yang tahu BRI menjadi sponsor utama, namun pada tahun 2022 meningkat menjadi 98,6%, dan pada tahun 2023 lalu awareness masyarakat terhadap BRI Liga 1 telah mencapai 100%.
Catur juga menambahkan alasan BRI mendukung perhelatan BRI Liga 1 2024 – 2025 tak lepas dari faktor ekonomi yang diciptakan dengan bergulirnya kompetisi. Menurut survei dari LPEM Universitas Indonesia tahun 2020, perputaran ekonomi dari kompetisi Liga 1 diproyeksikan dapat menciptakan perputaran uang antara Rp 2,7 hingga Rp 3 triliun dalam satu tahun.
BACA JUGA: BRI Borong Empat Kategori Penghargaan di Malam Apresiasi Emiten 2024  
Namun, berdasarkan dari hasil riset terbaru yang dilakukan oleh BRI Research Institute yang dirilis pada Juli 2024, penyelenggaraan BRI Liga 1 berpotensi menciptakan perputaran uang (output ekonomi) yang jauh lebih besar bagi perekonomian Indonesia, yakni mencapai sekitar Rp10,42 triliun dan dari perputaran uang tersebut, dapat tercipta nilai tambah ekonomi (PDB) sebesar Rp5,93 triliun.
Selain itu terdapat tambahan pendapatan rumah tangga pekerja sebesar Rp2,27 triliun, potensi pendapatan pajak tidak langsung bagi pemerintah sebesar Rp866 miliar serta penciptaan kesempatan kerja sekitar 45 ribu orang.
“Berdasarkan hasil riset tersebut, kompetisi BRI Liga 1 musim 2024-2025 kami proyeksikan juga akan memberikan dampak positif secara ekonomi bagi stakeholder utamanya untuk menghidupkan mata rantai ekonomi kerakyatan dan meningkatkan pendapatan pelaku UMKM,” jelas Catur.
“BRI tentu berharap berjalannya kompetisi BRI Liga 1 ini dapat memberi dampak positif terhadap iklim kompetisi sepak bola nasional, sehingga liga ini dapat mencetak talenta-talenta muda berbakat yang akan mendorong prestasi sepak bola Indonesia di panggung global,” imbuh Catur.
Catur menambahkan BRI berharap agar perhelatan kompetisi tahun ini dapat berjalan dengan lancar, serta dapat terus meningkat kualitasnya. “Seperti yang kita rasakan bersama, terus meningkatnya prestasi timnas sepak bola Indonesia yang saat ini dicapai tidak lepas dari bergulirnya kompetisi BRI Liga 1 yang juga semakin baik,” tambahnya.
Pada kesempatan yang sama, Direktur Utama PT Liga Indonesia Baru Ferry Paulus menyampaikan bahwa LIB bangga dapat bermitra dengan BRI. “Kita merasakan bagaimana manfaat exposure dan efek kepada para pengusaha di daerah yang merasakan kerja sama antara LIB dan BRI. Ke depan, kita akan meningkatkan kerja sama melalui ticketing dan semua klub sudah setuju bahwa ticketing akan melalui BRI,” imbuh Ferry.
Sementara itu Direktur Surya Citra Media (SCM) Harsiwi Achmad menyampaikan bahwa rating dan share kepemirsaan BRI Liga 1 pada musim 2023 – 2024 merupakan yang tertinggi dalam 5 musim terakhir.
BRI pun optimistis dengan bergulirnya BRI Liga 1 2024-2025 dapat meneruskan momentum positif kebangkitan sepak bola Indonesia. “Menyongsong BRI Liga 1 2024 – 2025, BRI berharap bergulirnya kompetisi dapat menjadi momentum untuk melanjutkan pengembangan ekosistem sepak bola nasional, serta mendorong keberhasilan blue print Transformasi Sepak Bola Indonesia 2023-2045 yang telah dicanangkan oleh PSSI. Oleh karena itu, BRI berkomitmen untuk mendukung sepak bola Indonesia semakin bersinar di pentas global,” pungkas Catur. (oke/*)
 
 

Berita Terkait

Beri Keistimewaan, BRI Hadirkan Program Spesial MDR 0 Persen bagi Merchant  
Torehkan Kinerja Impresif Sepanjang 2023, BSI Raih Penghargaan Prominent Award 2024
BSI Ajak Usaha Kecil Naik Kelas Melalui Festival UMKM di Hari Kemerdekaaan
Jaga Kestabilan Perekonomian, APBN Jawa Barat Semester I Terjaga Optimal
KPPN Bekasi Gelar Forum Konsultasi Publik   
Untuk “Nusantara Baru, Indonesia Maju”, JEC Eye Hospitals & Clinics Terus Berkomitmen untuk Meningkatkan Kualitas Hidup Masyarakat Indonesia  




BBRI BRI BRI Liga 1 BRIMO LIB PSSI Sepak Bola  
 Hal ini disampaikan pada press conference yang dihadiri oleh Ketua Umum PSSI Erick Thohir, Wakil Direktur Utama BRI Catur Budi Harto, Direktur Utama PT LIB (Liga Indonesia Baru) Ferry Paulus, dan Direktur Surya Citra Media (SCM) Harsiwi Achmad, di BRILian Center, Jakarta, Selasa (6/8). Dalam sambutannya, Ketua Umum PSSI Erick Thohir mengapresiasi komitmen BRI yang menjadi sponsor BRI Liga 1 untuk tahun ke empat secara berturut turut. ”Karena pertama kali BRI menjadi sponsor Liga pada saat COVID, dimana liga sepak bola di seluruh dunia berhenti tapi BRI berani mengambil posisi bahwa sepak bola di Indonesia tidak boleh mati,” imbuh Erick Thohir.
Erick Thohir juga mengharapkan musim BRI Liga 1 2024/2025 makin mengangkat sepakbola Indonesia secara keseluruhan yang sudah menjadi perbincangan di level Asia. Menurutnya, sejumlah aturan baru Liga yang siap diterapkan di musim baru harus mampu meningkatkan kualitas liga dan mutu klub-klub peserta sehingga bisa lebih bersaing di kompetisi liga Asia.
“Target utamanya menaikkan mutu Liga kita agar levelnya naik di Asia dan ASEAN. Tak hanya itu, kompetisi yang aman dan nyaman bagi penonton tetap menjadi prioritas di setiap musim baru liga. Setelah setahun lebih membenahi tim nasional kini saatnya PSSI membenahi liga” Ungkap Erick Thohir.
Sementara itu pada sambutannya, Wakil Direktur Utama BRI Catur mengungkapkan bahwa alasan utama BRI kembali menjadi sponsor untuk empat tahun berturut turut tak lepas dari komitmen perseroan untuk terus meng-create economic value dan men-deliver social value di tengah masyarakat.
BACA JUGA: Jadi Perusahaan Pembayar Pajak Terbesar, BRI Diapresiasi Oleh Negara  
Pertama, sepak bola masih menjadi olahraga rakyat yang paling digemari di Indonesia bahkan Dunia, dan hal ini sesuai dengan profil BRI yang memiliki keinginan untuk melayani masyarakat luas dari berbagai segmen yang tersebar di seluruh Indonesia.
“Oleh karena itu, kami menilai kompetisi BRI Liga 1 menjadi sarana yang efektif dan efisien untuk meningkatkan eksposure layanan dan produk BRI, terutama super apps digital banking yang menjadi andalan BRI yakni BRImo,” ujar Catur.
Partisipasi BRI sebagai sponsor utama Liga 1 dalam 3 tahun ke belakang telah berdampak positif terhadap peningkatan awareness masyarakat terhadap brand korporat BRI dan juga brand produk BRI khususnya BRImo.
Menurut riset yang diselenggarakan oleh BRI Research Institute, terdapat peningkatan awareness dari tahun ke tahun, di mana tahun 2021 hanya terdapat 79% penonton yang tahu BRI menjadi sponsor utama, namun pada tahun 2022 meningkat menjadi 98,6%, dan pada tahun 2023 lalu awareness masyarakat terhadap BRI Liga 1 telah mencapai 100%.
Catur juga menambahkan alasan BRI mendukung perhelatan BRI Liga 1 2024 – 2025 tak lepas dari faktor ekonomi yang diciptakan dengan bergulirnya kompetisi. Menurut survei dari LPEM Universitas Indonesia tahun 2020, perputaran ekonomi dari kompetisi Liga 1 diproyeksikan dapat menciptakan perputaran uang antara Rp 2,7 hingga Rp 3 triliun dalam satu tahun.
BACA JUGA: BRI Borong Empat Kategori Penghargaan di Malam Apresiasi Emiten 2024  
Namun, berdasarkan dari hasil riset terbaru yang dilakukan oleh BRI Research Institute yang dirilis pada Juli 2024, penyelenggaraan BRI Liga 1 berpotensi menciptakan perputaran uang (output ekonomi) yang jauh lebih besar bagi perekonomian Indonesia, yakni mencapai sekitar Rp10,42 triliun dan dari perputaran uang tersebut, dapat tercipta nilai tambah ekonomi (PDB) sebesar Rp5,93 triliun.
Selain itu terdapat tambahan pendapatan rumah tangga pekerja sebesar Rp2,27 triliun, potensi pendapatan pajak tidak langsung bagi pemerintah sebesar Rp866 miliar serta penciptaan kesempatan kerja sekitar 45 ribu orang.
“Berdasarkan hasil riset tersebut, kompetisi BRI Liga 1 musim 2024-2025 kami proyeksikan juga akan memberikan dampak positif secara ekonomi bagi stakeholder utamanya untuk menghidupkan mata rantai ekonomi kerakyatan dan meningkatkan pendapatan pelaku UMKM,” jelas Catur.
“BRI tentu berharap berjalannya kompetisi BRI Liga 1 ini dapat memberi dampak positif terhadap iklim kompetisi sepak bola nasional, sehingga liga ini dapat mencetak talenta-talenta muda berbakat yang akan mendorong prestasi sepak bola Indonesia di panggung global,” imbuh Catur.
Catur menambahkan BRI berharap agar perhelatan kompetisi tahun ini dapat berjalan dengan lancar, serta dapat terus meningkat kualitasnya. “Seperti yang kita rasakan bersama, terus meningkatnya prestasi timnas sepak bola Indonesia yang saat ini dicapai tidak lepas dari bergulirnya kompetisi BRI Liga 1 yang juga semakin baik,” tambahnya.
Pada kesempatan yang sama, Direktur Utama PT Liga Indonesia Baru Ferry Paulus menyampaikan bahwa LIB bangga dapat bermitra dengan BRI. “Kita merasakan bagaimana manfaat exposure dan efek kepada para pengusaha di daerah yang merasakan kerja sama antara LIB dan BRI. Ke depan, kita akan meningkatkan kerja sama melalui ticketing dan semua klub sudah setuju bahwa ticketing akan melalui BRI,” imbuh Ferry.
Sementara itu Direktur Surya Citra Media (SCM) Harsiwi Achmad menyampaikan bahwa rating dan share kepemirsaan BRI Liga 1 pada musim 2023 – 2024 merupakan yang tertinggi dalam 5 musim terakhir.
BRI pun optimistis dengan bergulirnya BRI Liga 1 2024-2025 dapat meneruskan momentum positif kebangkitan sepak bola Indonesia. “Menyongsong BRI Liga 1 2024 – 2025, BRI berharap bergulirnya kompetisi dapat menjadi momentum untuk melanjutkan pengembangan ekosistem sepak bola nasional, serta mendorong keberhasilan blue print Transformasi Sepak Bola Indonesia 2023-2045 yang telah dicanangkan oleh PSSI. Oleh karena itu, BRI berkomitmen untuk mendukung sepak bola Indonesia semakin bersinar di pentas global,” pungkas Catur. (oke/*)
 
 

Berita Terkait

Beri Keistimewaan, BRI Hadirkan Program Spesial MDR 0 Persen bagi Merchant  
Torehkan Kinerja Impresif Sepanjang 2023, BSI Raih Penghargaan Prominent Award 2024
BSI Ajak Usaha Kecil Naik Kelas Melalui Festival UMKM di Hari Kemerdekaaan
Jaga Kestabilan Perekonomian, APBN Jawa Barat Semester I Terjaga Optimal
KPPN Bekasi Gelar Forum Konsultasi Publik   
Untuk “Nusantara Baru, Indonesia Maju”, JEC Eye Hospitals & Clinics Terus Berkomitmen untuk Meningkatkan Kualitas Hidup Masyarakat Indonesia  




BBRI BRI BRI Liga 1 BRIMO LIB PSSI Sepak Bola  
 Erick Thohir juga mengharapkan musim BRI Liga 1 2024/2025 makin mengangkat sepakbola Indonesia secara keseluruhan yang sudah menjadi perbincangan di level Asia. Menurutnya, sejumlah aturan baru Liga yang siap diterapkan di musim baru harus mampu meningkatkan kualitas liga dan mutu klub-klub peserta sehingga bisa lebih bersaing di kompetisi liga Asia.
“Target utamanya menaikkan mutu Liga kita agar levelnya naik di Asia dan ASEAN. Tak hanya itu, kompetisi yang aman dan nyaman bagi penonton tetap menjadi prioritas di setiap musim baru liga. Setelah setahun lebih membenahi tim nasional kini saatnya PSSI membenahi liga” Ungkap Erick Thohir.
Sementara itu pada sambutannya, Wakil Direktur Utama BRI Catur mengungkapkan bahwa alasan utama BRI kembali menjadi sponsor untuk empat tahun berturut turut tak lepas dari komitmen perseroan untuk terus meng-create economic value dan men-deliver social value di tengah masyarakat.
BACA JUGA: Jadi Perusahaan Pembayar Pajak Terbesar, BRI Diapresiasi Oleh Negara  
Pertama, sepak bola masih menjadi olahraga rakyat yang paling digemari di Indonesia bahkan Dunia, dan hal ini sesuai dengan profil BRI yang memiliki keinginan untuk melayani masyarakat luas dari berbagai segmen yang tersebar di seluruh Indonesia.
“Oleh karena itu, kami menilai kompetisi BRI Liga 1 menjadi sarana yang efektif dan efisien untuk meningkatkan eksposure layanan dan produk BRI, terutama super apps digital banking yang menjadi andalan BRI yakni BRImo,” ujar Catur.
Partisipasi BRI sebagai sponsor utama Liga 1 dalam 3 tahun ke belakang telah berdampak positif terhadap peningkatan awareness masyarakat terhadap brand korporat BRI dan juga brand produk BRI khususnya BRImo.
Menurut riset yang diselenggarakan oleh BRI Research Institute, terdapat peningkatan awareness dari tahun ke tahun, di mana tahun 2021 hanya terdapat 79% penonton yang tahu BRI menjadi sponsor utama, namun pada tahun 2022 meningkat menjadi 98,6%, dan pada tahun 2023 lalu awareness masyarakat terhadap BRI Liga 1 telah mencapai 100%.
Catur juga menambahkan alasan BRI mendukung perhelatan BRI Liga 1 2024 – 2025 tak lepas dari faktor ekonomi yang diciptakan dengan bergulirnya kompetisi. Menurut survei dari LPEM Universitas Indonesia tahun 2020, perputaran ekonomi dari kompetisi Liga 1 diproyeksikan dapat menciptakan perputaran uang antara Rp 2,7 hingga Rp 3 triliun dalam satu tahun.
BACA JUGA: BRI Borong Empat Kategori Penghargaan di Malam Apresiasi Emiten 2024  
Namun, berdasarkan dari hasil riset terbaru yang dilakukan oleh BRI Research Institute yang dirilis pada Juli 2024, penyelenggaraan BRI Liga 1 berpotensi menciptakan perputaran uang (output ekonomi) yang jauh lebih besar bagi perekonomian Indonesia, yakni mencapai sekitar Rp10,42 triliun dan dari perputaran uang tersebut, dapat tercipta nilai tambah ekonomi (PDB) sebesar Rp5,93 triliun.
Selain itu terdapat tambahan pendapatan rumah tangga pekerja sebesar Rp2,27 triliun, potensi pendapatan pajak tidak langsung bagi pemerintah sebesar Rp866 miliar serta penciptaan kesempatan kerja sekitar 45 ribu orang.
“Berdasarkan hasil riset tersebut, kompetisi BRI Liga 1 musim 2024-2025 kami proyeksikan juga akan memberikan dampak positif secara ekonomi bagi stakeholder utamanya untuk menghidupkan mata rantai ekonomi kerakyatan dan meningkatkan pendapatan pelaku UMKM,” jelas Catur.
“BRI tentu berharap berjalannya kompetisi BRI Liga 1 ini dapat memberi dampak positif terhadap iklim kompetisi sepak bola nasional, sehingga liga ini dapat mencetak talenta-talenta muda berbakat yang akan mendorong prestasi sepak bola Indonesia di panggung global,” imbuh Catur.
Catur menambahkan BRI berharap agar perhelatan kompetisi tahun ini dapat berjalan dengan lancar, serta dapat terus meningkat kualitasnya. “Seperti yang kita rasakan bersama, terus meningkatnya prestasi timnas sepak bola Indonesia yang saat ini dicapai tidak lepas dari bergulirnya kompetisi BRI Liga 1 yang juga semakin baik,” tambahnya.
Pada kesempatan yang sama, Direktur Utama PT Liga Indonesia Baru Ferry Paulus menyampaikan bahwa LIB bangga dapat bermitra dengan BRI. “Kita merasakan bagaimana manfaat exposure dan efek kepada para pengusaha di daerah yang merasakan kerja sama antara LIB dan BRI. Ke depan, kita akan meningkatkan kerja sama melalui ticketing dan semua klub sudah setuju bahwa ticketing akan melalui BRI,” imbuh Ferry.
Sementara itu Direktur Surya Citra Media (SCM) Harsiwi Achmad menyampaikan bahwa rating dan share kepemirsaan BRI Liga 1 pada musim 2023 – 2024 merupakan yang tertinggi dalam 5 musim terakhir.
BRI pun optimistis dengan bergulirnya BRI Liga 1 2024-2025 dapat meneruskan momentum positif kebangkitan sepak bola Indonesia. “Menyongsong BRI Liga 1 2024 – 2025, BRI berharap bergulirnya kompetisi dapat menjadi momentum untuk melanjutkan pengembangan ekosistem sepak bola nasional, serta mendorong keberhasilan blue print Transformasi Sepak Bola Indonesia 2023-2045 yang telah dicanangkan oleh PSSI. Oleh karena itu, BRI berkomitmen untuk mendukung sepak bola Indonesia semakin bersinar di pentas global,” pungkas Catur. (oke/*)
 
 

Berita Terkait

Beri Keistimewaan, BRI Hadirkan Program Spesial MDR 0 Persen bagi Merchant  
Torehkan Kinerja Impresif Sepanjang 2023, BSI Raih Penghargaan Prominent Award 2024
BSI Ajak Usaha Kecil Naik Kelas Melalui Festival UMKM di Hari Kemerdekaaan
Jaga Kestabilan Perekonomian, APBN Jawa Barat Semester I Terjaga Optimal
KPPN Bekasi Gelar Forum Konsultasi Publik   
Untuk “Nusantara Baru, Indonesia Maju”, JEC Eye Hospitals & Clinics Terus Berkomitmen untuk Meningkatkan Kualitas Hidup Masyarakat Indonesia  




BBRI BRI BRI Liga 1 BRIMO LIB PSSI Sepak Bola  
 “Target utamanya menaikkan mutu Liga kita agar levelnya naik di Asia dan ASEAN. Tak hanya itu, kompetisi yang aman dan nyaman bagi penonton tetap menjadi prioritas di setiap musim baru liga. Setelah setahun lebih membenahi tim nasional kini saatnya PSSI membenahi liga” Ungkap Erick Thohir.
Sementara itu pada sambutannya, Wakil Direktur Utama BRI Catur mengungkapkan bahwa alasan utama BRI kembali menjadi sponsor untuk empat tahun berturut turut tak lepas dari komitmen perseroan untuk terus meng-create economic value dan men-deliver social value di tengah masyarakat.
BACA JUGA: Jadi Perusahaan Pembayar Pajak Terbesar, BRI Diapresiasi Oleh Negara  
Pertama, sepak bola masih menjadi olahraga rakyat yang paling digemari di Indonesia bahkan Dunia, dan hal ini sesuai dengan profil BRI yang memiliki keinginan untuk melayani masyarakat luas dari berbagai segmen yang tersebar di seluruh Indonesia.
“Oleh karena itu, kami menilai kompetisi BRI Liga 1 menjadi sarana yang efektif dan efisien untuk meningkatkan eksposure layanan dan produk BRI, terutama super apps digital banking yang menjadi andalan BRI yakni BRImo,” ujar Catur.
Partisipasi BRI sebagai sponsor utama Liga 1 dalam 3 tahun ke belakang telah berdampak positif terhadap peningkatan awareness masyarakat terhadap brand korporat BRI dan juga brand produk BRI khususnya BRImo.
Menurut riset yang diselenggarakan oleh BRI Research Institute, terdapat peningkatan awareness dari tahun ke tahun, di mana tahun 2021 hanya terdapat 79% penonton yang tahu BRI menjadi sponsor utama, namun pada tahun 2022 meningkat menjadi 98,6%, dan pada tahun 2023 lalu awareness masyarakat terhadap BRI Liga 1 telah mencapai 100%.
Catur juga menambahkan alasan BRI mendukung perhelatan BRI Liga 1 2024 – 2025 tak lepas dari faktor ekonomi yang diciptakan dengan bergulirnya kompetisi. Menurut survei dari LPEM Universitas Indonesia tahun 2020, perputaran ekonomi dari kompetisi Liga 1 diproyeksikan dapat menciptakan perputaran uang antara Rp 2,7 hingga Rp 3 triliun dalam satu tahun.
BACA JUGA: BRI Borong Empat Kategori Penghargaan di Malam Apresiasi Emiten 2024  
Namun, berdasarkan dari hasil riset terbaru yang dilakukan oleh BRI Research Institute yang dirilis pada Juli 2024, penyelenggaraan BRI Liga 1 berpotensi menciptakan perputaran uang (output ekonomi) yang jauh lebih besar bagi perekonomian Indonesia, yakni mencapai sekitar Rp10,42 triliun dan dari perputaran uang tersebut, dapat tercipta nilai tambah ekonomi (PDB) sebesar Rp5,93 triliun.
Selain itu terdapat tambahan pendapatan rumah tangga pekerja sebesar Rp2,27 triliun, potensi pendapatan pajak tidak langsung bagi pemerintah sebesar Rp866 miliar serta penciptaan kesempatan kerja sekitar 45 ribu orang.
“Berdasarkan hasil riset tersebut, kompetisi BRI Liga 1 musim 2024-2025 kami proyeksikan juga akan memberikan dampak positif secara ekonomi bagi stakeholder utamanya untuk menghidupkan mata rantai ekonomi kerakyatan dan meningkatkan pendapatan pelaku UMKM,” jelas Catur.
“BRI tentu berharap berjalannya kompetisi BRI Liga 1 ini dapat memberi dampak positif terhadap iklim kompetisi sepak bola nasional, sehingga liga ini dapat mencetak talenta-talenta muda berbakat yang akan mendorong prestasi sepak bola Indonesia di panggung global,” imbuh Catur.
Catur menambahkan BRI berharap agar perhelatan kompetisi tahun ini dapat berjalan dengan lancar, serta dapat terus meningkat kualitasnya. “Seperti yang kita rasakan bersama, terus meningkatnya prestasi timnas sepak bola Indonesia yang saat ini dicapai tidak lepas dari bergulirnya kompetisi BRI Liga 1 yang juga semakin baik,” tambahnya.
Pada kesempatan yang sama, Direktur Utama PT Liga Indonesia Baru Ferry Paulus menyampaikan bahwa LIB bangga dapat bermitra dengan BRI. “Kita merasakan bagaimana manfaat exposure dan efek kepada para pengusaha di daerah yang merasakan kerja sama antara LIB dan BRI. Ke depan, kita akan meningkatkan kerja sama melalui ticketing dan semua klub sudah setuju bahwa ticketing akan melalui BRI,” imbuh Ferry.
Sementara itu Direktur Surya Citra Media (SCM) Harsiwi Achmad menyampaikan bahwa rating dan share kepemirsaan BRI Liga 1 pada musim 2023 – 2024 merupakan yang tertinggi dalam 5 musim terakhir.
BRI pun optimistis dengan bergulirnya BRI Liga 1 2024-2025 dapat meneruskan momentum positif kebangkitan sepak bola Indonesia. “Menyongsong BRI Liga 1 2024 – 2025, BRI berharap bergulirnya kompetisi dapat menjadi momentum untuk melanjutkan pengembangan ekosistem sepak bola nasional, serta mendorong keberhasilan blue print Transformasi Sepak Bola Indonesia 2023-2045 yang telah dicanangkan oleh PSSI. Oleh karena itu, BRI berkomitmen untuk mendukung sepak bola Indonesia semakin bersinar di pentas global,” pungkas Catur. (oke/*)
 
 

Berita Terkait

Beri Keistimewaan, BRI Hadirkan Program Spesial MDR 0 Persen bagi Merchant  
Torehkan Kinerja Impresif Sepanjang 2023, BSI Raih Penghargaan Prominent Award 2024
BSI Ajak Usaha Kecil Naik Kelas Melalui Festival UMKM di Hari Kemerdekaaan
Jaga Kestabilan Perekonomian, APBN Jawa Barat Semester I Terjaga Optimal
KPPN Bekasi Gelar Forum Konsultasi Publik   
Untuk “Nusantara Baru, Indonesia Maju”, JEC Eye Hospitals & Clinics Terus Berkomitmen untuk Meningkatkan Kualitas Hidup Masyarakat Indonesia  




BBRI BRI BRI Liga 1 BRIMO LIB PSSI Sepak Bola  
 Sementara itu pada sambutannya, Wakil Direktur Utama BRI Catur mengungkapkan bahwa alasan utama BRI kembali menjadi sponsor untuk empat tahun berturut turut tak lepas dari komitmen perseroan untuk terus meng-create economic value dan men-deliver social value di tengah masyarakat.
BACA JUGA: Jadi Perusahaan Pembayar Pajak Terbesar, BRI Diapresiasi Oleh Negara  
Pertama, sepak bola masih menjadi olahraga rakyat yang paling digemari di Indonesia bahkan Dunia, dan hal ini sesuai dengan profil BRI yang memiliki keinginan untuk melayani masyarakat luas dari berbagai segmen yang tersebar di seluruh Indonesia.
“Oleh karena itu, kami menilai kompetisi BRI Liga 1 menjadi sarana yang efektif dan efisien untuk meningkatkan eksposure layanan dan produk BRI, terutama super apps digital banking yang menjadi andalan BRI yakni BRImo,” ujar Catur.
Partisipasi BRI sebagai sponsor utama Liga 1 dalam 3 tahun ke belakang telah berdampak positif terhadap peningkatan awareness masyarakat terhadap brand korporat BRI dan juga brand produk BRI khususnya BRImo.
Menurut riset yang diselenggarakan oleh BRI Research Institute, terdapat peningkatan awareness dari tahun ke tahun, di mana tahun 2021 hanya terdapat 79% penonton yang tahu BRI menjadi sponsor utama, namun pada tahun 2022 meningkat menjadi 98,6%, dan pada tahun 2023 lalu awareness masyarakat terhadap BRI Liga 1 telah mencapai 100%.
Catur juga menambahkan alasan BRI mendukung perhelatan BRI Liga 1 2024 – 2025 tak lepas dari faktor ekonomi yang diciptakan dengan bergulirnya kompetisi. Menurut survei dari LPEM Universitas Indonesia tahun 2020, perputaran ekonomi dari kompetisi Liga 1 diproyeksikan dapat menciptakan perputaran uang antara Rp 2,7 hingga Rp 3 triliun dalam satu tahun.
BACA JUGA: BRI Borong Empat Kategori Penghargaan di Malam Apresiasi Emiten 2024  
Namun, berdasarkan dari hasil riset terbaru yang dilakukan oleh BRI Research Institute yang dirilis pada Juli 2024, penyelenggaraan BRI Liga 1 berpotensi menciptakan perputaran uang (output ekonomi) yang jauh lebih besar bagi perekonomian Indonesia, yakni mencapai sekitar Rp10,42 triliun dan dari perputaran uang tersebut, dapat tercipta nilai tambah ekonomi (PDB) sebesar Rp5,93 triliun.
Selain itu terdapat tambahan pendapatan rumah tangga pekerja sebesar Rp2,27 triliun, potensi pendapatan pajak tidak langsung bagi pemerintah sebesar Rp866 miliar serta penciptaan kesempatan kerja sekitar 45 ribu orang.
“Berdasarkan hasil riset tersebut, kompetisi BRI Liga 1 musim 2024-2025 kami proyeksikan juga akan memberikan dampak positif secara ekonomi bagi stakeholder utamanya untuk menghidupkan mata rantai ekonomi kerakyatan dan meningkatkan pendapatan pelaku UMKM,” jelas Catur.
“BRI tentu berharap berjalannya kompetisi BRI Liga 1 ini dapat memberi dampak positif terhadap iklim kompetisi sepak bola nasional, sehingga liga ini dapat mencetak talenta-talenta muda berbakat yang akan mendorong prestasi sepak bola Indonesia di panggung global,” imbuh Catur.
Catur menambahkan BRI berharap agar perhelatan kompetisi tahun ini dapat berjalan dengan lancar, serta dapat terus meningkat kualitasnya. “Seperti yang kita rasakan bersama, terus meningkatnya prestasi timnas sepak bola Indonesia yang saat ini dicapai tidak lepas dari bergulirnya kompetisi BRI Liga 1 yang juga semakin baik,” tambahnya.
Pada kesempatan yang sama, Direktur Utama PT Liga Indonesia Baru Ferry Paulus menyampaikan bahwa LIB bangga dapat bermitra dengan BRI. “Kita merasakan bagaimana manfaat exposure dan efek kepada para pengusaha di daerah yang merasakan kerja sama antara LIB dan BRI. Ke depan, kita akan meningkatkan kerja sama melalui ticketing dan semua klub sudah setuju bahwa ticketing akan melalui BRI,” imbuh Ferry.
Sementara itu Direktur Surya Citra Media (SCM) Harsiwi Achmad menyampaikan bahwa rating dan share kepemirsaan BRI Liga 1 pada musim 2023 – 2024 merupakan yang tertinggi dalam 5 musim terakhir.
BRI pun optimistis dengan bergulirnya BRI Liga 1 2024-2025 dapat meneruskan momentum positif kebangkitan sepak bola Indonesia. “Menyongsong BRI Liga 1 2024 – 2025, BRI berharap bergulirnya kompetisi dapat menjadi momentum untuk melanjutkan pengembangan ekosistem sepak bola nasional, serta mendorong keberhasilan blue print Transformasi Sepak Bola Indonesia 2023-2045 yang telah dicanangkan oleh PSSI. Oleh karena itu, BRI berkomitmen untuk mendukung sepak bola Indonesia semakin bersinar di pentas global,” pungkas Catur. (oke/*)
 
 

Berita Terkait

Beri Keistimewaan, BRI Hadirkan Program Spesial MDR 0 Persen bagi Merchant  
Torehkan Kinerja Impresif Sepanjang 2023, BSI Raih Penghargaan Prominent Award 2024
BSI Ajak Usaha Kecil Naik Kelas Melalui Festival UMKM di Hari Kemerdekaaan
Jaga Kestabilan Perekonomian, APBN Jawa Barat Semester I Terjaga Optimal
KPPN Bekasi Gelar Forum Konsultasi Publik   
Untuk “Nusantara Baru, Indonesia Maju”, JEC Eye Hospitals & Clinics Terus Berkomitmen untuk Meningkatkan Kualitas Hidup Masyarakat Indonesia  




BBRI BRI BRI Liga 1 BRIMO LIB PSSI Sepak Bola  
 BACA JUGA: Jadi Perusahaan Pembayar Pajak Terbesar, BRI Diapresiasi Oleh Negara  
Pertama, sepak bola masih menjadi olahraga rakyat yang paling digemari di Indonesia bahkan Dunia, dan hal ini sesuai dengan profil BRI yang memiliki keinginan untuk melayani masyarakat luas dari berbagai segmen yang tersebar di seluruh Indonesia.
“Oleh karena itu, kami menilai kompetisi BRI Liga 1 menjadi sarana yang efektif dan efisien untuk meningkatkan eksposure layanan dan produk BRI, terutama super apps digital banking yang menjadi andalan BRI yakni BRImo,” ujar Catur.
Partisipasi BRI sebagai sponsor utama Liga 1 dalam 3 tahun ke belakang telah berdampak positif terhadap peningkatan awareness masyarakat terhadap brand korporat BRI dan juga brand produk BRI khususnya BRImo.
Menurut riset yang diselenggarakan oleh BRI Research Institute, terdapat peningkatan awareness dari tahun ke tahun, di mana tahun 2021 hanya terdapat 79% penonton yang tahu BRI menjadi sponsor utama, namun pada tahun 2022 meningkat menjadi 98,6%, dan pada tahun 2023 lalu awareness masyarakat terhadap BRI Liga 1 telah mencapai 100%.
Catur juga menambahkan alasan BRI mendukung perhelatan BRI Liga 1 2024 – 2025 tak lepas dari faktor ekonomi yang diciptakan dengan bergulirnya kompetisi. Menurut survei dari LPEM Universitas Indonesia tahun 2020, perputaran ekonomi dari kompetisi Liga 1 diproyeksikan dapat menciptakan perputaran uang antara Rp 2,7 hingga Rp 3 triliun dalam satu tahun.
BACA JUGA: BRI Borong Empat Kategori Penghargaan di Malam Apresiasi Emiten 2024  
Namun, berdasarkan dari hasil riset terbaru yang dilakukan oleh BRI Research Institute yang dirilis pada Juli 2024, penyelenggaraan BRI Liga 1 berpotensi menciptakan perputaran uang (output ekonomi) yang jauh lebih besar bagi perekonomian Indonesia, yakni mencapai sekitar Rp10,42 triliun dan dari perputaran uang tersebut, dapat tercipta nilai tambah ekonomi (PDB) sebesar Rp5,93 triliun.
Selain itu terdapat tambahan pendapatan rumah tangga pekerja sebesar Rp2,27 triliun, potensi pendapatan pajak tidak langsung bagi pemerintah sebesar Rp866 miliar serta penciptaan kesempatan kerja sekitar 45 ribu orang.
“Berdasarkan hasil riset tersebut, kompetisi BRI Liga 1 musim 2024-2025 kami proyeksikan juga akan memberikan dampak positif secara ekonomi bagi stakeholder utamanya untuk menghidupkan mata rantai ekonomi kerakyatan dan meningkatkan pendapatan pelaku UMKM,” jelas Catur.
“BRI tentu berharap berjalannya kompetisi BRI Liga 1 ini dapat memberi dampak positif terhadap iklim kompetisi sepak bola nasional, sehingga liga ini dapat mencetak talenta-talenta muda berbakat yang akan mendorong prestasi sepak bola Indonesia di panggung global,” imbuh Catur.
Catur menambahkan BRI berharap agar perhelatan kompetisi tahun ini dapat berjalan dengan lancar, serta dapat terus meningkat kualitasnya. “Seperti yang kita rasakan bersama, terus meningkatnya prestasi timnas sepak bola Indonesia yang saat ini dicapai tidak lepas dari bergulirnya kompetisi BRI Liga 1 yang juga semakin baik,” tambahnya.
Pada kesempatan yang sama, Direktur Utama PT Liga Indonesia Baru Ferry Paulus menyampaikan bahwa LIB bangga dapat bermitra dengan BRI. “Kita merasakan bagaimana manfaat exposure dan efek kepada para pengusaha di daerah yang merasakan kerja sama antara LIB dan BRI. Ke depan, kita akan meningkatkan kerja sama melalui ticketing dan semua klub sudah setuju bahwa ticketing akan melalui BRI,” imbuh Ferry.
Sementara itu Direktur Surya Citra Media (SCM) Harsiwi Achmad menyampaikan bahwa rating dan share kepemirsaan BRI Liga 1 pada musim 2023 – 2024 merupakan yang tertinggi dalam 5 musim terakhir.
BRI pun optimistis dengan bergulirnya BRI Liga 1 2024-2025 dapat meneruskan momentum positif kebangkitan sepak bola Indonesia. “Menyongsong BRI Liga 1 2024 – 2025, BRI berharap bergulirnya kompetisi dapat menjadi momentum untuk melanjutkan pengembangan ekosistem sepak bola nasional, serta mendorong keberhasilan blue print Transformasi Sepak Bola Indonesia 2023-2045 yang telah dicanangkan oleh PSSI. Oleh karena itu, BRI berkomitmen untuk mendukung sepak bola Indonesia semakin bersinar di pentas global,” pungkas Catur. (oke/*)
 
 

Berita Terkait

Beri Keistimewaan, BRI Hadirkan Program Spesial MDR 0 Persen bagi Merchant  
Torehkan Kinerja Impresif Sepanjang 2023, BSI Raih Penghargaan Prominent Award 2024
BSI Ajak Usaha Kecil Naik Kelas Melalui Festival UMKM di Hari Kemerdekaaan
Jaga Kestabilan Perekonomian, APBN Jawa Barat Semester I Terjaga Optimal
KPPN Bekasi Gelar Forum Konsultasi Publik   
Untuk “Nusantara Baru, Indonesia Maju”, JEC Eye Hospitals & Clinics Terus Berkomitmen untuk Meningkatkan Kualitas Hidup Masyarakat Indonesia  




BBRI BRI BRI Liga 1 BRIMO LIB PSSI Sepak Bola  
 Pertama, sepak bola masih menjadi olahraga rakyat yang paling digemari di Indonesia bahkan Dunia, dan hal ini sesuai dengan profil BRI yang memiliki keinginan untuk melayani masyarakat luas dari berbagai segmen yang tersebar di seluruh Indonesia.
“Oleh karena itu, kami menilai kompetisi BRI Liga 1 menjadi sarana yang efektif dan efisien untuk meningkatkan eksposure layanan dan produk BRI, terutama super apps digital banking yang menjadi andalan BRI yakni BRImo,” ujar Catur.
Partisipasi BRI sebagai sponsor utama Liga 1 dalam 3 tahun ke belakang telah berdampak positif terhadap peningkatan awareness masyarakat terhadap brand korporat BRI dan juga brand produk BRI khususnya BRImo.
Menurut riset yang diselenggarakan oleh BRI Research Institute, terdapat peningkatan awareness dari tahun ke tahun, di mana tahun 2021 hanya terdapat 79% penonton yang tahu BRI menjadi sponsor utama, namun pada tahun 2022 meningkat menjadi 98,6%, dan pada tahun 2023 lalu awareness masyarakat terhadap BRI Liga 1 telah mencapai 100%.
Catur juga menambahkan alasan BRI mendukung perhelatan BRI Liga 1 2024 – 2025 tak lepas dari faktor ekonomi yang diciptakan dengan bergulirnya kompetisi. Menurut survei dari LPEM Universitas Indonesia tahun 2020, perputaran ekonomi dari kompetisi Liga 1 diproyeksikan dapat menciptakan perputaran uang antara Rp 2,7 hingga Rp 3 triliun dalam satu tahun.
BACA JUGA: BRI Borong Empat Kategori Penghargaan di Malam Apresiasi Emiten 2024  
Namun, berdasarkan dari hasil riset terbaru yang dilakukan oleh BRI Research Institute yang dirilis pada Juli 2024, penyelenggaraan BRI Liga 1 berpotensi menciptakan perputaran uang (output ekonomi) yang jauh lebih besar bagi perekonomian Indonesia, yakni mencapai sekitar Rp10,42 triliun dan dari perputaran uang tersebut, dapat tercipta nilai tambah ekonomi (PDB) sebesar Rp5,93 triliun.
Selain itu terdapat tambahan pendapatan rumah tangga pekerja sebesar Rp2,27 triliun, potensi pendapatan pajak tidak langsung bagi pemerintah sebesar Rp866 miliar serta penciptaan kesempatan kerja sekitar 45 ribu orang.
“Berdasarkan hasil riset tersebut, kompetisi BRI Liga 1 musim 2024-2025 kami proyeksikan juga akan memberikan dampak positif secara ekonomi bagi stakeholder utamanya untuk menghidupkan mata rantai ekonomi kerakyatan dan meningkatkan pendapatan pelaku UMKM,” jelas Catur.
“BRI tentu berharap berjalannya kompetisi BRI Liga 1 ini dapat memberi dampak positif terhadap iklim kompetisi sepak bola nasional, sehingga liga ini dapat mencetak talenta-talenta muda berbakat yang akan mendorong prestasi sepak bola Indonesia di panggung global,” imbuh Catur.
Catur menambahkan BRI berharap agar perhelatan kompetisi tahun ini dapat berjalan dengan lancar, serta dapat terus meningkat kualitasnya. “Seperti yang kita rasakan bersama, terus meningkatnya prestasi timnas sepak bola Indonesia yang saat ini dicapai tidak lepas dari bergulirnya kompetisi BRI Liga 1 yang juga semakin baik,” tambahnya.
Pada kesempatan yang sama, Direktur Utama PT Liga Indonesia Baru Ferry Paulus menyampaikan bahwa LIB bangga dapat bermitra dengan BRI. “Kita merasakan bagaimana manfaat exposure dan efek kepada para pengusaha di daerah yang merasakan kerja sama antara LIB dan BRI. Ke depan, kita akan meningkatkan kerja sama melalui ticketing dan semua klub sudah setuju bahwa ticketing akan melalui BRI,” imbuh Ferry.
Sementara itu Direktur Surya Citra Media (SCM) Harsiwi Achmad menyampaikan bahwa rating dan share kepemirsaan BRI Liga 1 pada musim 2023 – 2024 merupakan yang tertinggi dalam 5 musim terakhir.
BRI pun optimistis dengan bergulirnya BRI Liga 1 2024-2025 dapat meneruskan momentum positif kebangkitan sepak bola Indonesia. “Menyongsong BRI Liga 1 2024 – 2025, BRI berharap bergulirnya kompetisi dapat menjadi momentum untuk melanjutkan pengembangan ekosistem sepak bola nasional, serta mendorong keberhasilan blue print Transformasi Sepak Bola Indonesia 2023-2045 yang telah dicanangkan oleh PSSI. Oleh karena itu, BRI berkomitmen untuk mendukung sepak bola Indonesia semakin bersinar di pentas global,” pungkas Catur. (oke/*)
 
 

Berita Terkait

Beri Keistimewaan, BRI Hadirkan Program Spesial MDR 0 Persen bagi Merchant  
Torehkan Kinerja Impresif Sepanjang 2023, BSI Raih Penghargaan Prominent Award 2024
BSI Ajak Usaha Kecil Naik Kelas Melalui Festival UMKM di Hari Kemerdekaaan
Jaga Kestabilan Perekonomian, APBN Jawa Barat Semester I Terjaga Optimal
KPPN Bekasi Gelar Forum Konsultasi Publik   
Untuk “Nusantara Baru, Indonesia Maju”, JEC Eye Hospitals & Clinics Terus Berkomitmen untuk Meningkatkan Kualitas Hidup Masyarakat Indonesia  




BBRI BRI BRI Liga 1 BRIMO LIB PSSI Sepak Bola  
 “Oleh karena itu, kami menilai kompetisi BRI Liga 1 menjadi sarana yang efektif dan efisien untuk meningkatkan eksposure layanan dan produk BRI, terutama super apps digital banking yang menjadi andalan BRI yakni BRImo,” ujar Catur.
Partisipasi BRI sebagai sponsor utama Liga 1 dalam 3 tahun ke belakang telah berdampak positif terhadap peningkatan awareness masyarakat terhadap brand korporat BRI dan juga brand produk BRI khususnya BRImo.
Menurut riset yang diselenggarakan oleh BRI Research Institute, terdapat peningkatan awareness dari tahun ke tahun, di mana tahun 2021 hanya terdapat 79% penonton yang tahu BRI menjadi sponsor utama, namun pada tahun 2022 meningkat menjadi 98,6%, dan pada tahun 2023 lalu awareness masyarakat terhadap BRI Liga 1 telah mencapai 100%.
Catur juga menambahkan alasan BRI mendukung perhelatan BRI Liga 1 2024 – 2025 tak lepas dari faktor ekonomi yang diciptakan dengan bergulirnya kompetisi. Menurut survei dari LPEM Universitas Indonesia tahun 2020, perputaran ekonomi dari kompetisi Liga 1 diproyeksikan dapat menciptakan perputaran uang antara Rp 2,7 hingga Rp 3 triliun dalam satu tahun.
BACA JUGA: BRI Borong Empat Kategori Penghargaan di Malam Apresiasi Emiten 2024  
Namun, berdasarkan dari hasil riset terbaru yang dilakukan oleh BRI Research Institute yang dirilis pada Juli 2024, penyelenggaraan BRI Liga 1 berpotensi menciptakan perputaran uang (output ekonomi) yang jauh lebih besar bagi perekonomian Indonesia, yakni mencapai sekitar Rp10,42 triliun dan dari perputaran uang tersebut, dapat tercipta nilai tambah ekonomi (PDB) sebesar Rp5,93 triliun.
Selain itu terdapat tambahan pendapatan rumah tangga pekerja sebesar Rp2,27 triliun, potensi pendapatan pajak tidak langsung bagi pemerintah sebesar Rp866 miliar serta penciptaan kesempatan kerja sekitar 45 ribu orang.
“Berdasarkan hasil riset tersebut, kompetisi BRI Liga 1 musim 2024-2025 kami proyeksikan juga akan memberikan dampak positif secara ekonomi bagi stakeholder utamanya untuk menghidupkan mata rantai ekonomi kerakyatan dan meningkatkan pendapatan pelaku UMKM,” jelas Catur.
“BRI tentu berharap berjalannya kompetisi BRI Liga 1 ini dapat memberi dampak positif terhadap iklim kompetisi sepak bola nasional, sehingga liga ini dapat mencetak talenta-talenta muda berbakat yang akan mendorong prestasi sepak bola Indonesia di panggung global,” imbuh Catur.
Catur menambahkan BRI berharap agar perhelatan kompetisi tahun ini dapat berjalan dengan lancar, serta dapat terus meningkat kualitasnya. “Seperti yang kita rasakan bersama, terus meningkatnya prestasi timnas sepak bola Indonesia yang saat ini dicapai tidak lepas dari bergulirnya kompetisi BRI Liga 1 yang juga semakin baik,” tambahnya.
Pada kesempatan yang sama, Direktur Utama PT Liga Indonesia Baru Ferry Paulus menyampaikan bahwa LIB bangga dapat bermitra dengan BRI. “Kita merasakan bagaimana manfaat exposure dan efek kepada para pengusaha di daerah yang merasakan kerja sama antara LIB dan BRI. Ke depan, kita akan meningkatkan kerja sama melalui ticketing dan semua klub sudah setuju bahwa ticketing akan melalui BRI,” imbuh Ferry.
Sementara itu Direktur Surya Citra Media (SCM) Harsiwi Achmad menyampaikan bahwa rating dan share kepemirsaan BRI Liga 1 pada musim 2023 – 2024 merupakan yang tertinggi dalam 5 musim terakhir.
BRI pun optimistis dengan bergulirnya BRI Liga 1 2024-2025 dapat meneruskan momentum positif kebangkitan sepak bola Indonesia. “Menyongsong BRI Liga 1 2024 – 2025, BRI berharap bergulirnya kompetisi dapat menjadi momentum untuk melanjutkan pengembangan ekosistem sepak bola nasional, serta mendorong keberhasilan blue print Transformasi Sepak Bola Indonesia 2023-2045 yang telah dicanangkan oleh PSSI. Oleh karena itu, BRI berkomitmen untuk mendukung sepak bola Indonesia semakin bersinar di pentas global,” pungkas Catur. (oke/*)
 
 

Berita Terkait

Beri Keistimewaan, BRI Hadirkan Program Spesial MDR 0 Persen bagi Merchant  
Torehkan Kinerja Impresif Sepanjang 2023, BSI Raih Penghargaan Prominent Award 2024
BSI Ajak Usaha Kecil Naik Kelas Melalui Festival UMKM di Hari Kemerdekaaan
Jaga Kestabilan Perekonomian, APBN Jawa Barat Semester I Terjaga Optimal
KPPN Bekasi Gelar Forum Konsultasi Publik   
Untuk “Nusantara Baru, Indonesia Maju”, JEC Eye Hospitals & Clinics Terus Berkomitmen untuk Meningkatkan Kualitas Hidup Masyarakat Indonesia  




BBRI BRI BRI Liga 1 BRIMO LIB PSSI Sepak Bola  
 Partisipasi BRI sebagai sponsor utama Liga 1 dalam 3 tahun ke belakang telah berdampak positif terhadap peningkatan awareness masyarakat terhadap brand korporat BRI dan juga brand produk BRI khususnya BRImo.
Menurut riset yang diselenggarakan oleh BRI Research Institute, terdapat peningkatan awareness dari tahun ke tahun, di mana tahun 2021 hanya terdapat 79% penonton yang tahu BRI menjadi sponsor utama, namun pada tahun 2022 meningkat menjadi 98,6%, dan pada tahun 2023 lalu awareness masyarakat terhadap BRI Liga 1 telah mencapai 100%.
Catur juga menambahkan alasan BRI mendukung perhelatan BRI Liga 1 2024 – 2025 tak lepas dari faktor ekonomi yang diciptakan dengan bergulirnya kompetisi. Menurut survei dari LPEM Universitas Indonesia tahun 2020, perputaran ekonomi dari kompetisi Liga 1 diproyeksikan dapat menciptakan perputaran uang antara Rp 2,7 hingga Rp 3 triliun dalam satu tahun.
BACA JUGA: BRI Borong Empat Kategori Penghargaan di Malam Apresiasi Emiten 2024  
Namun, berdasarkan dari hasil riset terbaru yang dilakukan oleh BRI Research Institute yang dirilis pada Juli 2024, penyelenggaraan BRI Liga 1 berpotensi menciptakan perputaran uang (output ekonomi) yang jauh lebih besar bagi perekonomian Indonesia, yakni mencapai sekitar Rp10,42 triliun dan dari perputaran uang tersebut, dapat tercipta nilai tambah ekonomi (PDB) sebesar Rp5,93 triliun.
Selain itu terdapat tambahan pendapatan rumah tangga pekerja sebesar Rp2,27 triliun, potensi pendapatan pajak tidak langsung bagi pemerintah sebesar Rp866 miliar serta penciptaan kesempatan kerja sekitar 45 ribu orang.
“Berdasarkan hasil riset tersebut, kompetisi BRI Liga 1 musim 2024-2025 kami proyeksikan juga akan memberikan dampak positif secara ekonomi bagi stakeholder utamanya untuk menghidupkan mata rantai ekonomi kerakyatan dan meningkatkan pendapatan pelaku UMKM,” jelas Catur.
“BRI tentu berharap berjalannya kompetisi BRI Liga 1 ini dapat memberi dampak positif terhadap iklim kompetisi sepak bola nasional, sehingga liga ini dapat mencetak talenta-talenta muda berbakat yang akan mendorong prestasi sepak bola Indonesia di panggung global,” imbuh Catur.
Catur menambahkan BRI berharap agar perhelatan kompetisi tahun ini dapat berjalan dengan lancar, serta dapat terus meningkat kualitasnya. “Seperti yang kita rasakan bersama, terus meningkatnya prestasi timnas sepak bola Indonesia yang saat ini dicapai tidak lepas dari bergulirnya kompetisi BRI Liga 1 yang juga semakin baik,” tambahnya.
Pada kesempatan yang sama, Direktur Utama PT Liga Indonesia Baru Ferry Paulus menyampaikan bahwa LIB bangga dapat bermitra dengan BRI. “Kita merasakan bagaimana manfaat exposure dan efek kepada para pengusaha di daerah yang merasakan kerja sama antara LIB dan BRI. Ke depan, kita akan meningkatkan kerja sama melalui ticketing dan semua klub sudah setuju bahwa ticketing akan melalui BRI,” imbuh Ferry.
Sementara itu Direktur Surya Citra Media (SCM) Harsiwi Achmad menyampaikan bahwa rating dan share kepemirsaan BRI Liga 1 pada musim 2023 – 2024 merupakan yang tertinggi dalam 5 musim terakhir.
BRI pun optimistis dengan bergulirnya BRI Liga 1 2024-2025 dapat meneruskan momentum positif kebangkitan sepak bola Indonesia. “Menyongsong BRI Liga 1 2024 – 2025, BRI berharap bergulirnya kompetisi dapat menjadi momentum untuk melanjutkan pengembangan ekosistem sepak bola nasional, serta mendorong keberhasilan blue print Transformasi Sepak Bola Indonesia 2023-2045 yang telah dicanangkan oleh PSSI. Oleh karena itu, BRI berkomitmen untuk mendukung sepak bola Indonesia semakin bersinar di pentas global,” pungkas Catur. (oke/*)
 
 

Berita Terkait

Beri Keistimewaan, BRI Hadirkan Program Spesial MDR 0 Persen bagi Merchant  
Torehkan Kinerja Impresif Sepanjang 2023, BSI Raih Penghargaan Prominent Award 2024
BSI Ajak Usaha Kecil Naik Kelas Melalui Festival UMKM di Hari Kemerdekaaan
Jaga Kestabilan Perekonomian, APBN Jawa Barat Semester I Terjaga Optimal
KPPN Bekasi Gelar Forum Konsultasi Publik   
Untuk “Nusantara Baru, Indonesia Maju”, JEC Eye Hospitals & Clinics Terus Berkomitmen untuk Meningkatkan Kualitas Hidup Masyarakat Indonesia  




BBRI BRI BRI Liga 1 BRIMO LIB PSSI Sepak Bola  
 Menurut riset yang diselenggarakan oleh BRI Research Institute, terdapat peningkatan awareness dari tahun ke tahun, di mana tahun 2021 hanya terdapat 79% penonton yang tahu BRI menjadi sponsor utama, namun pada tahun 2022 meningkat menjadi 98,6%, dan pada tahun 2023 lalu awareness masyarakat terhadap BRI Liga 1 telah mencapai 100%.
Catur juga menambahkan alasan BRI mendukung perhelatan BRI Liga 1 2024 – 2025 tak lepas dari faktor ekonomi yang diciptakan dengan bergulirnya kompetisi. Menurut survei dari LPEM Universitas Indonesia tahun 2020, perputaran ekonomi dari kompetisi Liga 1 diproyeksikan dapat menciptakan perputaran uang antara Rp 2,7 hingga Rp 3 triliun dalam satu tahun.
BACA JUGA: BRI Borong Empat Kategori Penghargaan di Malam Apresiasi Emiten 2024  
Namun, berdasarkan dari hasil riset terbaru yang dilakukan oleh BRI Research Institute yang dirilis pada Juli 2024, penyelenggaraan BRI Liga 1 berpotensi menciptakan perputaran uang (output ekonomi) yang jauh lebih besar bagi perekonomian Indonesia, yakni mencapai sekitar Rp10,42 triliun dan dari perputaran uang tersebut, dapat tercipta nilai tambah ekonomi (PDB) sebesar Rp5,93 triliun.
Selain itu terdapat tambahan pendapatan rumah tangga pekerja sebesar Rp2,27 triliun, potensi pendapatan pajak tidak langsung bagi pemerintah sebesar Rp866 miliar serta penciptaan kesempatan kerja sekitar 45 ribu orang.
“Berdasarkan hasil riset tersebut, kompetisi BRI Liga 1 musim 2024-2025 kami proyeksikan juga akan memberikan dampak positif secara ekonomi bagi stakeholder utamanya untuk menghidupkan mata rantai ekonomi kerakyatan dan meningkatkan pendapatan pelaku UMKM,” jelas Catur.
“BRI tentu berharap berjalannya kompetisi BRI Liga 1 ini dapat memberi dampak positif terhadap iklim kompetisi sepak bola nasional, sehingga liga ini dapat mencetak talenta-talenta muda berbakat yang akan mendorong prestasi sepak bola Indonesia di panggung global,” imbuh Catur.
Catur menambahkan BRI berharap agar perhelatan kompetisi tahun ini dapat berjalan dengan lancar, serta dapat terus meningkat kualitasnya. “Seperti yang kita rasakan bersama, terus meningkatnya prestasi timnas sepak bola Indonesia yang saat ini dicapai tidak lepas dari bergulirnya kompetisi BRI Liga 1 yang juga semakin baik,” tambahnya.
Pada kesempatan yang sama, Direktur Utama PT Liga Indonesia Baru Ferry Paulus menyampaikan bahwa LIB bangga dapat bermitra dengan BRI. “Kita merasakan bagaimana manfaat exposure dan efek kepada para pengusaha di daerah yang merasakan kerja sama antara LIB dan BRI. Ke depan, kita akan meningkatkan kerja sama melalui ticketing dan semua klub sudah setuju bahwa ticketing akan melalui BRI,” imbuh Ferry.
Sementara itu Direktur Surya Citra Media (SCM) Harsiwi Achmad menyampaikan bahwa rating dan share kepemirsaan BRI Liga 1 pada musim 2023 – 2024 merupakan yang tertinggi dalam 5 musim terakhir.
BRI pun optimistis dengan bergulirnya BRI Liga 1 2024-2025 dapat meneruskan momentum positif kebangkitan sepak bola Indonesia. “Menyongsong BRI Liga 1 2024 – 2025, BRI berharap bergulirnya kompetisi dapat menjadi momentum untuk melanjutkan pengembangan ekosistem sepak bola nasional, serta mendorong keberhasilan blue print Transformasi Sepak Bola Indonesia 2023-2045 yang telah dicanangkan oleh PSSI. Oleh karena itu, BRI berkomitmen untuk mendukung sepak bola Indonesia semakin bersinar di pentas global,” pungkas Catur. (oke/*)
 
 

Berita Terkait

Beri Keistimewaan, BRI Hadirkan Program Spesial MDR 0 Persen bagi Merchant  
Torehkan Kinerja Impresif Sepanjang 2023, BSI Raih Penghargaan Prominent Award 2024
BSI Ajak Usaha Kecil Naik Kelas Melalui Festival UMKM di Hari Kemerdekaaan
Jaga Kestabilan Perekonomian, APBN Jawa Barat Semester I Terjaga Optimal
KPPN Bekasi Gelar Forum Konsultasi Publik   
Untuk “Nusantara Baru, Indonesia Maju”, JEC Eye Hospitals & Clinics Terus Berkomitmen untuk Meningkatkan Kualitas Hidup Masyarakat Indonesia  




BBRI BRI BRI Liga 1 BRIMO LIB PSSI Sepak Bola  
 Catur juga menambahkan alasan BRI mendukung perhelatan BRI Liga 1 2024 – 2025 tak lepas dari faktor ekonomi yang diciptakan dengan bergulirnya kompetisi. Menurut survei dari LPEM Universitas Indonesia tahun 2020, perputaran ekonomi dari kompetisi Liga 1 diproyeksikan dapat menciptakan perputaran uang antara Rp 2,7 hingga Rp 3 triliun dalam satu tahun.
BACA JUGA: BRI Borong Empat Kategori Penghargaan di Malam Apresiasi Emiten 2024  
Namun, berdasarkan dari hasil riset terbaru yang dilakukan oleh BRI Research Institute yang dirilis pada Juli 2024, penyelenggaraan BRI Liga 1 berpotensi menciptakan perputaran uang (output ekonomi) yang jauh lebih besar bagi perekonomian Indonesia, yakni mencapai sekitar Rp10,42 triliun dan dari perputaran uang tersebut, dapat tercipta nilai tambah ekonomi (PDB) sebesar Rp5,93 triliun.
Selain itu terdapat tambahan pendapatan rumah tangga pekerja sebesar Rp2,27 triliun, potensi pendapatan pajak tidak langsung bagi pemerintah sebesar Rp866 miliar serta penciptaan kesempatan kerja sekitar 45 ribu orang.
“Berdasarkan hasil riset tersebut, kompetisi BRI Liga 1 musim 2024-2025 kami proyeksikan juga akan memberikan dampak positif secara ekonomi bagi stakeholder utamanya untuk menghidupkan mata rantai ekonomi kerakyatan dan meningkatkan pendapatan pelaku UMKM,” jelas Catur.
“BRI tentu berharap berjalannya kompetisi BRI Liga 1 ini dapat memberi dampak positif terhadap iklim kompetisi sepak bola nasional, sehingga liga ini dapat mencetak talenta-talenta muda berbakat yang akan mendorong prestasi sepak bola Indonesia di panggung global,” imbuh Catur.
Catur menambahkan BRI berharap agar perhelatan kompetisi tahun ini dapat berjalan dengan lancar, serta dapat terus meningkat kualitasnya. “Seperti yang kita rasakan bersama, terus meningkatnya prestasi timnas sepak bola Indonesia yang saat ini dicapai tidak lepas dari bergulirnya kompetisi BRI Liga 1 yang juga semakin baik,” tambahnya.
Pada kesempatan yang sama, Direktur Utama PT Liga Indonesia Baru Ferry Paulus menyampaikan bahwa LIB bangga dapat bermitra dengan BRI. “Kita merasakan bagaimana manfaat exposure dan efek kepada para pengusaha di daerah yang merasakan kerja sama antara LIB dan BRI. Ke depan, kita akan meningkatkan kerja sama melalui ticketing dan semua klub sudah setuju bahwa ticketing akan melalui BRI,” imbuh Ferry.
Sementara itu Direktur Surya Citra Media (SCM) Harsiwi Achmad menyampaikan bahwa rating dan share kepemirsaan BRI Liga 1 pada musim 2023 – 2024 merupakan yang tertinggi dalam 5 musim terakhir.
BRI pun optimistis dengan bergulirnya BRI Liga 1 2024-2025 dapat meneruskan momentum positif kebangkitan sepak bola Indonesia. “Menyongsong BRI Liga 1 2024 – 2025, BRI berharap bergulirnya kompetisi dapat menjadi momentum untuk melanjutkan pengembangan ekosistem sepak bola nasional, serta mendorong keberhasilan blue print Transformasi Sepak Bola Indonesia 2023-2045 yang telah dicanangkan oleh PSSI. Oleh karena itu, BRI berkomitmen untuk mendukung sepak bola Indonesia semakin bersinar di pentas global,” pungkas Catur. (oke/*)
 
 

Berita Terkait

Beri Keistimewaan, BRI Hadirkan Program Spesial MDR 0 Persen bagi Merchant  
Torehkan Kinerja Impresif Sepanjang 2023, BSI Raih Penghargaan Prominent Award 2024
BSI Ajak Usaha Kecil Naik Kelas Melalui Festival UMKM di Hari Kemerdekaaan
Jaga Kestabilan Perekonomian, APBN Jawa Barat Semester I Terjaga Optimal
KPPN Bekasi Gelar Forum Konsultasi Publik   
Untuk “Nusantara Baru, Indonesia Maju”, JEC Eye Hospitals & Clinics Terus Berkomitmen untuk Meningkatkan Kualitas Hidup Masyarakat Indonesia  




BBRI BRI BRI Liga 1 BRIMO LIB PSSI Sepak Bola  
 BACA JUGA: BRI Borong Empat Kategori Penghargaan di Malam Apresiasi Emiten 2024  
Namun, berdasarkan dari hasil riset terbaru yang dilakukan oleh BRI Research Institute yang dirilis pada Juli 2024, penyelenggaraan BRI Liga 1 berpotensi menciptakan perputaran uang (output ekonomi) yang jauh lebih besar bagi perekonomian Indonesia, yakni mencapai sekitar Rp10,42 triliun dan dari perputaran uang tersebut, dapat tercipta nilai tambah ekonomi (PDB) sebesar Rp5,93 triliun.
Selain itu terdapat tambahan pendapatan rumah tangga pekerja sebesar Rp2,27 triliun, potensi pendapatan pajak tidak langsung bagi pemerintah sebesar Rp866 miliar serta penciptaan kesempatan kerja sekitar 45 ribu orang.
“Berdasarkan hasil riset tersebut, kompetisi BRI Liga 1 musim 2024-2025 kami proyeksikan juga akan memberikan dampak positif secara ekonomi bagi stakeholder utamanya untuk menghidupkan mata rantai ekonomi kerakyatan dan meningkatkan pendapatan pelaku UMKM,” jelas Catur.
“BRI tentu berharap berjalannya kompetisi BRI Liga 1 ini dapat memberi dampak positif terhadap iklim kompetisi sepak bola nasional, sehingga liga ini dapat mencetak talenta-talenta muda berbakat yang akan mendorong prestasi sepak bola Indonesia di panggung global,” imbuh Catur.
Catur menambahkan BRI berharap agar perhelatan kompetisi tahun ini dapat berjalan dengan lancar, serta dapat terus meningkat kualitasnya. “Seperti yang kita rasakan bersama, terus meningkatnya prestasi timnas sepak bola Indonesia yang saat ini dicapai tidak lepas dari bergulirnya kompetisi BRI Liga 1 yang juga semakin baik,” tambahnya.
Pada kesempatan yang sama, Direktur Utama PT Liga Indonesia Baru Ferry Paulus menyampaikan bahwa LIB bangga dapat bermitra dengan BRI. “Kita merasakan bagaimana manfaat exposure dan efek kepada para pengusaha di daerah yang merasakan kerja sama antara LIB dan BRI. Ke depan, kita akan meningkatkan kerja sama melalui ticketing dan semua klub sudah setuju bahwa ticketing akan melalui BRI,” imbuh Ferry.
Sementara itu Direktur Surya Citra Media (SCM) Harsiwi Achmad menyampaikan bahwa rating dan share kepemirsaan BRI Liga 1 pada musim 2023 – 2024 merupakan yang tertinggi dalam 5 musim terakhir.
BRI pun optimistis dengan bergulirnya BRI Liga 1 2024-2025 dapat meneruskan momentum positif kebangkitan sepak bola Indonesia. “Menyongsong BRI Liga 1 2024 – 2025, BRI berharap bergulirnya kompetisi dapat menjadi momentum untuk melanjutkan pengembangan ekosistem sepak bola nasional, serta mendorong keberhasilan blue print Transformasi Sepak Bola Indonesia 2023-2045 yang telah dicanangkan oleh PSSI. Oleh karena itu, BRI berkomitmen untuk mendukung sepak bola Indonesia semakin bersinar di pentas global,” pungkas Catur. (oke/*)
 
 

Berita Terkait

Beri Keistimewaan, BRI Hadirkan Program Spesial MDR 0 Persen bagi Merchant  
Torehkan Kinerja Impresif Sepanjang 2023, BSI Raih Penghargaan Prominent Award 2024
BSI Ajak Usaha Kecil Naik Kelas Melalui Festival UMKM di Hari Kemerdekaaan
Jaga Kestabilan Perekonomian, APBN Jawa Barat Semester I Terjaga Optimal
KPPN Bekasi Gelar Forum Konsultasi Publik   
Untuk “Nusantara Baru, Indonesia Maju”, JEC Eye Hospitals & Clinics Terus Berkomitmen untuk Meningkatkan Kualitas Hidup Masyarakat Indonesia  




BBRI BRI BRI Liga 1 BRIMO LIB PSSI Sepak Bola  
 Namun, berdasarkan dari hasil riset terbaru yang dilakukan oleh BRI Research Institute yang dirilis pada Juli 2024, penyelenggaraan BRI Liga 1 berpotensi menciptakan perputaran uang (output ekonomi) yang jauh lebih besar bagi perekonomian Indonesia, yakni mencapai sekitar Rp10,42 triliun dan dari perputaran uang tersebut, dapat tercipta nilai tambah ekonomi (PDB) sebesar Rp5,93 triliun.
Selain itu terdapat tambahan pendapatan rumah tangga pekerja sebesar Rp2,27 triliun, potensi pendapatan pajak tidak langsung bagi pemerintah sebesar Rp866 miliar serta penciptaan kesempatan kerja sekitar 45 ribu orang.
“Berdasarkan hasil riset tersebut, kompetisi BRI Liga 1 musim 2024-2025 kami proyeksikan juga akan memberikan dampak positif secara ekonomi bagi stakeholder utamanya untuk menghidupkan mata rantai ekonomi kerakyatan dan meningkatkan pendapatan pelaku UMKM,” jelas Catur.
“BRI tentu berharap berjalannya kompetisi BRI Liga 1 ini dapat memberi dampak positif terhadap iklim kompetisi sepak bola nasional, sehingga liga ini dapat mencetak talenta-talenta muda berbakat yang akan mendorong prestasi sepak bola Indonesia di panggung global,” imbuh Catur.
Catur menambahkan BRI berharap agar perhelatan kompetisi tahun ini dapat berjalan dengan lancar, serta dapat terus meningkat kualitasnya. “Seperti yang kita rasakan bersama, terus meningkatnya prestasi timnas sepak bola Indonesia yang saat ini dicapai tidak lepas dari bergulirnya kompetisi BRI Liga 1 yang juga semakin baik,” tambahnya.
Pada kesempatan yang sama, Direktur Utama PT Liga Indonesia Baru Ferry Paulus menyampaikan bahwa LIB bangga dapat bermitra dengan BRI. “Kita merasakan bagaimana manfaat exposure dan efek kepada para pengusaha di daerah yang merasakan kerja sama antara LIB dan BRI. Ke depan, kita akan meningkatkan kerja sama melalui ticketing dan semua klub sudah setuju bahwa ticketing akan melalui BRI,” imbuh Ferry.
Sementara itu Direktur Surya Citra Media (SCM) Harsiwi Achmad menyampaikan bahwa rating dan share kepemirsaan BRI Liga 1 pada musim 2023 – 2024 merupakan yang tertinggi dalam 5 musim terakhir.
BRI pun optimistis dengan bergulirnya BRI Liga 1 2024-2025 dapat meneruskan momentum positif kebangkitan sepak bola Indonesia. “Menyongsong BRI Liga 1 2024 – 2025, BRI berharap bergulirnya kompetisi dapat menjadi momentum untuk melanjutkan pengembangan ekosistem sepak bola nasional, serta mendorong keberhasilan blue print Transformasi Sepak Bola Indonesia 2023-2045 yang telah dicanangkan oleh PSSI. Oleh karena itu, BRI berkomitmen untuk mendukung sepak bola Indonesia semakin bersinar di pentas global,” pungkas Catur. (oke/*)
 
 

Berita Terkait

Beri Keistimewaan, BRI Hadirkan Program Spesial MDR 0 Persen bagi Merchant  
Torehkan Kinerja Impresif Sepanjang 2023, BSI Raih Penghargaan Prominent Award 2024
BSI Ajak Usaha Kecil Naik Kelas Melalui Festival UMKM di Hari Kemerdekaaan
Jaga Kestabilan Perekonomian, APBN Jawa Barat Semester I Terjaga Optimal
KPPN Bekasi Gelar Forum Konsultasi Publik   
Untuk “Nusantara Baru, Indonesia Maju”, JEC Eye Hospitals & Clinics Terus Berkomitmen untuk Meningkatkan Kualitas Hidup Masyarakat Indonesia  




BBRI BRI BRI Liga 1 BRIMO LIB PSSI Sepak Bola  
 Selain itu terdapat tambahan pendapatan rumah tangga pekerja sebesar Rp2,27 triliun, potensi pendapatan pajak tidak langsung bagi pemerintah sebesar Rp866 miliar serta penciptaan kesempatan kerja sekitar 45 ribu orang.
“Berdasarkan hasil riset tersebut, kompetisi BRI Liga 1 musim 2024-2025 kami proyeksikan juga akan memberikan dampak positif secara ekonomi bagi stakeholder utamanya untuk menghidupkan mata rantai ekonomi kerakyatan dan meningkatkan pendapatan pelaku UMKM,” jelas Catur.
“BRI tentu berharap berjalannya kompetisi BRI Liga 1 ini dapat memberi dampak positif terhadap iklim kompetisi sepak bola nasional, sehingga liga ini dapat mencetak talenta-talenta muda berbakat yang akan mendorong prestasi sepak bola Indonesia di panggung global,” imbuh Catur.
Catur menambahkan BRI berharap agar perhelatan kompetisi tahun ini dapat berjalan dengan lancar, serta dapat terus meningkat kualitasnya. “Seperti yang kita rasakan bersama, terus meningkatnya prestasi timnas sepak bola Indonesia yang saat ini dicapai tidak lepas dari bergulirnya kompetisi BRI Liga 1 yang juga semakin baik,” tambahnya.
Pada kesempatan yang sama, Direktur Utama PT Liga Indonesia Baru Ferry Paulus menyampaikan bahwa LIB bangga dapat bermitra dengan BRI. “Kita merasakan bagaimana manfaat exposure dan efek kepada para pengusaha di daerah yang merasakan kerja sama antara LIB dan BRI. Ke depan, kita akan meningkatkan kerja sama melalui ticketing dan semua klub sudah setuju bahwa ticketing akan melalui BRI,” imbuh Ferry.
Sementara itu Direktur Surya Citra Media (SCM) Harsiwi Achmad menyampaikan bahwa rating dan share kepemirsaan BRI Liga 1 pada musim 2023 – 2024 merupakan yang tertinggi dalam 5 musim terakhir.
BRI pun optimistis dengan bergulirnya BRI Liga 1 2024-2025 dapat meneruskan momentum positif kebangkitan sepak bola Indonesia. “Menyongsong BRI Liga 1 2024 – 2025, BRI berharap bergulirnya kompetisi dapat menjadi momentum untuk melanjutkan pengembangan ekosistem sepak bola nasional, serta mendorong keberhasilan blue print Transformasi Sepak Bola Indonesia 2023-2045 yang telah dicanangkan oleh PSSI. Oleh karena itu, BRI berkomitmen untuk mendukung sepak bola Indonesia semakin bersinar di pentas global,” pungkas Catur. (oke/*)
 
 

Berita Terkait

Beri Keistimewaan, BRI Hadirkan Program Spesial MDR 0 Persen bagi Merchant  
Torehkan Kinerja Impresif Sepanjang 2023, BSI Raih Penghargaan Prominent Award 2024
BSI Ajak Usaha Kecil Naik Kelas Melalui Festival UMKM di Hari Kemerdekaaan
Jaga Kestabilan Perekonomian, APBN Jawa Barat Semester I Terjaga Optimal
KPPN Bekasi Gelar Forum Konsultasi Publik   
Untuk “Nusantara Baru, Indonesia Maju”, JEC Eye Hospitals & Clinics Terus Berkomitmen untuk Meningkatkan Kualitas Hidup Masyarakat Indonesia  




BBRI BRI BRI Liga 1 BRIMO LIB PSSI Sepak Bola  
 “Berdasarkan hasil riset tersebut, kompetisi BRI Liga 1 musim 2024-2025 kami proyeksikan juga akan memberikan dampak positif secara ekonomi bagi stakeholder utamanya untuk menghidupkan mata rantai ekonomi kerakyatan dan meningkatkan pendapatan pelaku UMKM,” jelas Catur.
“BRI tentu berharap berjalannya kompetisi BRI Liga 1 ini dapat memberi dampak positif terhadap iklim kompetisi sepak bola nasional, sehingga liga ini dapat mencetak talenta-talenta muda berbakat yang akan mendorong prestasi sepak bola Indonesia di panggung global,” imbuh Catur.
Catur menambahkan BRI berharap agar perhelatan kompetisi tahun ini dapat berjalan dengan lancar, serta dapat terus meningkat kualitasnya. “Seperti yang kita rasakan bersama, terus meningkatnya prestasi timnas sepak bola Indonesia yang saat ini dicapai tidak lepas dari bergulirnya kompetisi BRI Liga 1 yang juga semakin baik,” tambahnya.
Pada kesempatan yang sama, Direktur Utama PT Liga Indonesia Baru Ferry Paulus menyampaikan bahwa LIB bangga dapat bermitra dengan BRI. “Kita merasakan bagaimana manfaat exposure dan efek kepada para pengusaha di daerah yang merasakan kerja sama antara LIB dan BRI. Ke depan, kita akan meningkatkan kerja sama melalui ticketing dan semua klub sudah setuju bahwa ticketing akan melalui BRI,” imbuh Ferry.
Sementara itu Direktur Surya Citra Media (SCM) Harsiwi Achmad menyampaikan bahwa rating dan share kepemirsaan BRI Liga 1 pada musim 2023 – 2024 merupakan yang tertinggi dalam 5 musim terakhir.
BRI pun optimistis dengan bergulirnya BRI Liga 1 2024-2025 dapat meneruskan momentum positif kebangkitan sepak bola Indonesia. “Menyongsong BRI Liga 1 2024 – 2025, BRI berharap bergulirnya kompetisi dapat menjadi momentum untuk melanjutkan pengembangan ekosistem sepak bola nasional, serta mendorong keberhasilan blue print Transformasi Sepak Bola Indonesia 2023-2045 yang telah dicanangkan oleh PSSI. Oleh karena itu, BRI berkomitmen untuk mendukung sepak bola Indonesia semakin bersinar di pentas global,” pungkas Catur. (oke/*)
 
 

Berita Terkait

Beri Keistimewaan, BRI Hadirkan Program Spesial MDR 0 Persen bagi Merchant  
Torehkan Kinerja Impresif Sepanjang 2023, BSI Raih Penghargaan Prominent Award 2024
BSI Ajak Usaha Kecil Naik Kelas Melalui Festival UMKM di Hari Kemerdekaaan
Jaga Kestabilan Perekonomian, APBN Jawa Barat Semester I Terjaga Optimal
KPPN Bekasi Gelar Forum Konsultasi Publik   
Untuk “Nusantara Baru, Indonesia Maju”, JEC Eye Hospitals & Clinics Terus Berkomitmen untuk Meningkatkan Kualitas Hidup Masyarakat Indonesia  




BBRI BRI BRI Liga 1 BRIMO LIB PSSI Sepak Bola  
 “BRI tentu berharap berjalannya kompetisi BRI Liga 1 ini dapat memberi dampak positif terhadap iklim kompetisi sepak bola nasional, sehingga liga ini dapat mencetak talenta-talenta muda berbakat yang akan mendorong prestasi sepak bola Indonesia di panggung global,” imbuh Catur.
Catur menambahkan BRI berharap agar perhelatan kompetisi tahun ini dapat berjalan dengan lancar, serta dapat terus meningkat kualitasnya. “Seperti yang kita rasakan bersama, terus meningkatnya prestasi timnas sepak bola Indonesia yang saat ini dicapai tidak lepas dari bergulirnya kompetisi BRI Liga 1 yang juga semakin baik,” tambahnya.
Pada kesempatan yang sama, Direktur Utama PT Liga Indonesia Baru Ferry Paulus menyampaikan bahwa LIB bangga dapat bermitra dengan BRI. “Kita merasakan bagaimana manfaat exposure dan efek kepada para pengusaha di daerah yang merasakan kerja sama antara LIB dan BRI. Ke depan, kita akan meningkatkan kerja sama melalui ticketing dan semua klub sudah setuju bahwa ticketing akan melalui BRI,” imbuh Ferry.
Sementara itu Direktur Surya Citra Media (SCM) Harsiwi Achmad menyampaikan bahwa rating dan share kepemirsaan BRI Liga 1 pada musim 2023 – 2024 merupakan yang tertinggi dalam 5 musim terakhir.
BRI pun optimistis dengan bergulirnya BRI Liga 1 2024-2025 dapat meneruskan momentum positif kebangkitan sepak bola Indonesia. “Menyongsong BRI Liga 1 2024 – 2025, BRI berharap bergulirnya kompetisi dapat menjadi momentum untuk melanjutkan pengembangan ekosistem sepak bola nasional, serta mendorong keberhasilan blue print Transformasi Sepak Bola Indonesia 2023-2045 yang telah dicanangkan oleh PSSI. Oleh karena itu, BRI berkomitmen untuk mendukung sepak bola Indonesia semakin bersinar di pentas global,” pungkas Catur. (oke/*)
 
 

Berita Terkait

Beri Keistimewaan, BRI Hadirkan Program Spesial MDR 0 Persen bagi Merchant  
Torehkan Kinerja Impresif Sepanjang 2023, BSI Raih Penghargaan Prominent Award 2024
BSI Ajak Usaha Kecil Naik Kelas Melalui Festival UMKM di Hari Kemerdekaaan
Jaga Kestabilan Perekonomian, APBN Jawa Barat Semester I Terjaga Optimal
KPPN Bekasi Gelar Forum Konsultasi Publik   
Untuk “Nusantara Baru, Indonesia Maju”, JEC Eye Hospitals & Clinics Terus Berkomitmen untuk Meningkatkan Kualitas Hidup Masyarakat Indonesia  




BBRI BRI BRI Liga 1 BRIMO LIB PSSI Sepak Bola  
 Catur menambahkan BRI berharap agar perhelatan kompetisi tahun ini dapat berjalan dengan lancar, serta dapat terus meningkat kualitasnya. “Seperti yang kita rasakan bersama, terus meningkatnya prestasi timnas sepak bola Indonesia yang saat ini dicapai tidak lepas dari bergulirnya kompetisi BRI Liga 1 yang juga semakin baik,” tambahnya.
Pada kesempatan yang sama, Direktur Utama PT Liga Indonesia Baru Ferry Paulus menyampaikan bahwa LIB bangga dapat bermitra dengan BRI. “Kita merasakan bagaimana manfaat exposure dan efek kepada para pengusaha di daerah yang merasakan kerja sama antara LIB dan BRI. Ke depan, kita akan meningkatkan kerja sama melalui ticketing dan semua klub sudah setuju bahwa ticketing akan melalui BRI,” imbuh Ferry.
Sementara itu Direktur Surya Citra Media (SCM) Harsiwi Achmad menyampaikan bahwa rating dan share kepemirsaan BRI Liga 1 pada musim 2023 – 2024 merupakan yang tertinggi dalam 5 musim terakhir.
BRI pun optimistis dengan bergulirnya BRI Liga 1 2024-2025 dapat meneruskan momentum positif kebangkitan sepak bola Indonesia. “Menyongsong BRI Liga 1 2024 – 2025, BRI berharap bergulirnya kompetisi dapat menjadi momentum untuk melanjutkan pengembangan ekosistem sepak bola nasional, serta mendorong keberhasilan blue print Transformasi Sepak Bola Indonesia 2023-2045 yang telah dicanangkan oleh PSSI. Oleh karena itu, BRI berkomitmen untuk mendukung sepak bola Indonesia semakin bersinar di pentas global,” pungkas Catur. (oke/*)
 
 

Berita Terkait

Beri Keistimewaan, BRI Hadirkan Program Spesial MDR 0 Persen bagi Merchant  
Torehkan Kinerja Impresif Sepanjang 2023, BSI Raih Penghargaan Prominent Award 2024
BSI Ajak Usaha Kecil Naik Kelas Melalui Festival UMKM di Hari Kemerdekaaan
Jaga Kestabilan Perekonomian, APBN Jawa Barat Semester I Terjaga Optimal
KPPN Bekasi Gelar Forum Konsultasi Publik   
Untuk “Nusantara Baru, Indonesia Maju”, JEC Eye Hospitals & Clinics Terus Berkomitmen untuk Meningkatkan Kualitas Hidup Masyarakat Indonesia  




BBRI BRI BRI Liga 1 BRIMO LIB PSSI Sepak Bola  
 Pada kesempatan yang sama, Direktur Utama PT Liga Indonesia Baru Ferry Paulus menyampaikan bahwa LIB bangga dapat bermitra dengan BRI. “Kita merasakan bagaimana manfaat exposure dan efek kepada para pengusaha di daerah yang merasakan kerja sama antara LIB dan BRI. Ke depan, kita akan meningkatkan kerja sama melalui ticketing dan semua klub sudah setuju bahwa ticketing akan melalui BRI,” imbuh Ferry.
Sementara itu Direktur Surya Citra Media (SCM) Harsiwi Achmad menyampaikan bahwa rating dan share kepemirsaan BRI Liga 1 pada musim 2023 – 2024 merupakan yang tertinggi dalam 5 musim terakhir.
BRI pun optimistis dengan bergulirnya BRI Liga 1 2024-2025 dapat meneruskan momentum positif kebangkitan sepak bola Indonesia. “Menyongsong BRI Liga 1 2024 – 2025, BRI berharap bergulirnya kompetisi dapat menjadi momentum untuk melanjutkan pengembangan ekosistem sepak bola nasional, serta mendorong keberhasilan blue print Transformasi Sepak Bola Indonesia 2023-2045 yang telah dicanangkan oleh PSSI. Oleh karena itu, BRI berkomitmen untuk mendukung sepak bola Indonesia semakin bersinar di pentas global,” pungkas Catur. (oke/*)
 
 

Berita Terkait

Beri Keistimewaan, BRI Hadirkan Program Spesial MDR 0 Persen bagi Merchant  
Torehkan Kinerja Impresif Sepanjang 2023, BSI Raih Penghargaan Prominent Award 2024
BSI Ajak Usaha Kecil Naik Kelas Melalui Festival UMKM di Hari Kemerdekaaan
Jaga Kestabilan Perekonomian, APBN Jawa Barat Semester I Terjaga Optimal
KPPN Bekasi Gelar Forum Konsultasi Publik   
Untuk “Nusantara Baru, Indonesia Maju”, JEC Eye Hospitals & Clinics Terus Berkomitmen untuk Meningkatkan Kualitas Hidup Masyarakat Indonesia  




BBRI BRI BRI Liga 1 BRIMO LIB PSSI Sepak Bola  
 Sementara itu Direktur Surya Citra Media (SCM) Harsiwi Achmad menyampaikan bahwa rating dan share kepemirsaan BRI Liga 1 pada musim 2023 – 2024 merupakan yang tertinggi dalam 5 musim terakhir.
BRI pun optimistis dengan bergulirnya BRI Liga 1 2024-2025 dapat meneruskan momentum positif kebangkitan sepak bola Indonesia. “Menyongsong BRI Liga 1 2024 – 2025, BRI berharap bergulirnya kompetisi dapat menjadi momentum untuk melanjutkan pengembangan ekosistem sepak bola nasional, serta mendorong keberhasilan blue print Transformasi Sepak Bola Indonesia 2023-2045 yang telah dicanangkan oleh PSSI. Oleh karena itu, BRI berkomitmen untuk mendukung sepak bola Indonesia semakin bersinar di pentas global,” pungkas Catur. (oke/*)
 
 

Berita Terkait

Beri Keistimewaan, BRI Hadirkan Program Spesial MDR 0 Persen bagi Merchant  
Torehkan Kinerja Impresif Sepanjang 2023, BSI Raih Penghargaan Prominent Award 2024
BSI Ajak Usaha Kecil Naik Kelas Melalui Festival UMKM di Hari Kemerdekaaan
Jaga Kestabilan Perekonomian, APBN Jawa Barat Semester I Terjaga Optimal
KPPN Bekasi Gelar Forum Konsultasi Publik   
Untuk “Nusantara Baru, Indonesia Maju”, JEC Eye Hospitals & Clinics Terus Berkomitmen untuk Meningkatkan Kualitas Hidup Masyarakat Indonesia  




BBRI BRI BRI Liga 1 BRIMO LIB PSSI Sepak Bola  
 BRI pun optimistis dengan bergulirnya BRI Liga 1 2024-2025 dapat meneruskan momentum positif kebangkitan sepak bola Indonesia. “Menyongsong BRI Liga 1 2024 – 2025, BRI berharap bergulirnya kompetisi dapat menjadi momentum untuk melanjutkan pengembangan ekosistem sepak bola nasional, serta mendorong keberhasilan blue print Transformasi Sepak Bola Indonesia 2023-2045 yang telah dicanangkan oleh PSSI. Oleh karena itu, BRI berkomitmen untuk mendukung sepak bola Indonesia semakin bersinar di pentas global,” pungkas Catur. (oke/*)
 
 

Berita Terkait

Beri Keistimewaan, BRI Hadirkan Program Spesial MDR 0 Persen bagi Merchant  
Torehkan Kinerja Impresif Sepanjang 2023, BSI Raih Penghargaan Prominent Award 2024
BSI Ajak Usaha Kecil Naik Kelas Melalui Festival UMKM di Hari Kemerdekaaan
Jaga Kestabilan Perekonomian, APBN Jawa Barat Semester I Terjaga Optimal
KPPN Bekasi Gelar Forum Konsultasi Publik   
Untuk “Nusantara Baru, Indonesia Maju”, JEC Eye Hospitals & Clinics Terus Berkomitmen untuk Meningkatkan Kualitas Hidup Masyarakat Indonesia  




BBRI BRI BRI Liga 1 BRIMO LIB PSSI Sepak Bola  
  
 

Berita Terkait

Beri Keistimewaan, BRI Hadirkan Program Spesial MDR 0 Persen bagi Merchant  
Torehkan Kinerja Impresif Sepanjang 2023, BSI Raih Penghargaan Prominent Award 2024
BSI Ajak Usaha Kecil Naik Kelas Melalui Festival UMKM di Hari Kemerdekaaan
Jaga Kestabilan Perekonomian, APBN Jawa Barat Semester I Terjaga Optimal
KPPN Bekasi Gelar Forum Konsultasi Publik   
Untuk “Nusantara Baru, Indonesia Maju”, JEC Eye Hospitals & Clinics Terus Berkomitmen untuk Meningkatkan Kualitas Hidup Masyarakat Indonesia  




BBRI BRI BRI Liga 1 BRIMO LIB PSSI Sepak Bola  
  

Berita Terkait

Beri Keistimewaan, BRI Hadirkan Program Spesial MDR 0 Persen bagi Merchant  
Torehkan Kinerja Impresif Sepanjang 2023, BSI Raih Penghargaan Prominent Award 2024
BSI Ajak Usaha Kecil Naik Kelas Melalui Festival UMKM di Hari Kemerdekaaan
Jaga Kestabilan Perekonomian, APBN Jawa Barat Semester I Terjaga Optimal
KPPN Bekasi Gelar Forum Konsultasi Publik   
Untuk “Nusantara Baru, Indonesia Maju”, JEC Eye Hospitals & Clinics Terus Berkomitmen untuk Meningkatkan Kualitas Hidup Masyarakat Indonesia  




BBRI BRI BRI Liga 1 BRIMO LIB PSSI Sepak Bola  
 RADARBEKASI.ID, BEKASI – PT Bank Rakyat Indonesia (Persero) Tbk terus melakukan inovasi dan terobosan untuk… RADARBEKASI.ID, BEKASI – Tingginya preferensi masyarakat untuk menggunakan bank syariah yang dibarengi dengan layanan bank… RADARBEKASI.ID, BEKASI – PT Bank Syariah Indonesia Tbk (BSI) mengajak pelaku usaha mikro kecil dan… RADARBEKASI.ID, BEKASI – Anggaran Pendapatan dan Belanja Negara (APBN) Jawa Barat pada semester I terjaga… RADARBEKASI.ID, BEKASI – Kantor Pelayanan Perbendaharaan Negara (KPPN) Bekasi menggelar acara Forum Konsultasi Publik untuk… RADARBEKASI.ID, BEKASI – JEC Eye Hospitals and Clinics sudah lebih dari 40 tahun telah menjangkau…"
Strategi Aksi Keuangan Berkelanjutan BRI Life lewat Rumah ...,https://koranindopos.com/strategi-aksi-keuangan-berkelanjutan-bri-life-lewat-rumah-pemasaran-umkm-eceng-gondok/,2024-08-15,2024-08-13,"koranindopos.com – Jakarta. Asuransi BRI Life berkolaborasi dengan perusahaan induk (BBRI) serta BRI Research Intitute, berpartisipasi aktif dalam memberdayakan UMKM di daerah, salah satunya dengan meresmikan Rumah Pemasaran UMKM Eceng Gondok, Waduk Rawa Pening Kecamatan Tuntang, Kabupaten Semarang.   Kegiatan ini diharapkan akan mampu meningkatkan penjualan para perajin eceng gondok disana. Sebelum peresmian dilakukan, telah dilaksanakan berbagai kegiatan pendukung bagi anggota UMKM, antara lain; pelatihan legalitas usaha, digitalisasi keuangan dan marketing, serta pendampingan dan pembentukan pojok digital (sentra penjualan digital). BRI Life juga memberikan bantuan berupa peralatan dan perangkat digital guna penunjang penjualan, sosialisasi asuransi serta pemberian produk asuransi mikro Pijar secara cuma-cuma kepada para peserta. Waduk Rawa Pening dipilih sebagai salah satu tempat pemberdayaan usaha, karena perajin di sekitar waduk telah memanfaatkan eceng gondok yang tumbuh subur dan mengancam ekosistem waduk selama kurun waktu 20 tahun. Melalui perajin UMKM di sini, eceng gondok dapat disulap menjadi produk bernilai, namun para perajin ini masih terkendala dalam memasarkan produk-produknya. Hadir dalam kegiatan ini antara lain Direktur Utama BRI Life Aris Hartanto, Komisaris Utama BRI Life M. Syafri Rozi dan Komisaris Independen BRI Life Eko Wahyudi serta Direktur Utama BRIRINS Anton Hendranata. Direktur Utama BRI Life Aris Hartanto dalam sambutannya berharap, kegiatan ini mampu meningkatkan penjualan UMKM Eceng Gondok di Waduk Rawa Pening. “BRI Life secara konsisten mendukung program OJK, untuk meningkatkan literasi keuangan bagi masyarakat. Melalui kegiatan ini, BRI Life juga turut berupaya dalam meningkatkan pendapatan, khususnya bagi anggota UMKM Pengrajin Eceng Gondok Waduk Rawa Pening Semarang” paparnya. Aris menambahkan, “Melalui pendampingan yang diberikan, perajin diberikan edukasi bagaimana cara untuk menambahkan value suatu produk, dengan menambahkan background story mulai dari proses pembuatan produk, sehingga akan didapat keunikan yang lebih inovatif dan kompetitif dari setiap produk yang akan dijual nantinya”. UMKM Bengok Craft Binaan BRI Group ini memiliki sedikitnya 30 perajin dan telah menghasilkan berbagai produk yang berbahan dasar eceng gondok seperti tikar, tas, keranjang, figura, sandal, gantungan kunci, media tanam dan lain sebagainya. Di tangan-tangan kreatif pelaku UMKM, mereka menyulap eceng gondok menjadi produk bermanfaat dan memiliki nilai jual ekonomi tinggi, sementara pada umumnya masyarakat menganggap eceng gondok merupakan tanaman tidak berguna, atau menjadi gulma karena dapat merusak ekosistem perairan. Firman Setiyaji, selaku Koordinator UMKM Eceng Gondok Rawa Pening menjelaskan bahwa, produk yang dihasilkan UMKM Bengok Craft, menawarkan produk yang berbeda, yakni  unik, clasik dan etnik dan berfokus di fashion and craft, dimana produk eceng gondok yang dihasilkan tetap fungsional dan dapat dipakai sehari-hari. Dia menuturkan, “Kita ingin membawa produk lokal eceng gondok ini dapat  masuk ke pasar global.   Untuk itu kami terus berusaha menghasilkan produk yang dapat bersaing di pasaran. Kami mengajak semua anggota perajin untuk dapat “melek” terkait kewirausahawan. Dengan mengikuti pelatihan yang diberikan BRI Life ini, harapan kami tentunya agar para perajin disini akan lebih paham, terkait managemen keuangan, pemasaran dan bagaimana bisa mengembangkan usaha untuk lebih baik ke depannya”, tutupnya. (ris) 
 Alamat email Anda tidak akan dipublikasikan. Ruas yang wajib ditandai * Komentar *  Nama *  Email *  Situs Web   Simpan nama, email, dan situs web saya pada peramban ini untuk komentar saya berikutnya.  Beritahu saya akan tindak lanjut komentar melalui surel.  Beritahu saya akan tulisan baru melalui surel.  

 Mari berlangganan untuk dapatkan update berita terbaru dari koranindopos.com KLIK Koran indopos adalah koran digital yang menyajikan berita aktual dan terperacya.  © 2023 KORANINDOPOS .  Login to your account below 

 

 

Remember Me
 



 Please enter your username or email address to reset your password. 

 



 © 2023 KORANINDOPOS . "
Millennial dan Gen Z Kuasai Investasi! BRI Danareksa ...,https://stockwatch.id/millennial-dan-gen-z-kuasai-investasi-bri-danareksa-luncurkan-brights-easy-versi-desktop/,2024-08-15,2024-08-14,"Minta Restu Pemegang Saham, MNC Digital Siap Stok Split Jadi Rp10 Utang Luar Negeri Indonesia Triwulan II 2024 Tumbuh 2,7% Komisaris Pelindo Solusi Logistik Cek Tol Cibitung-Cilincing, Akses Baru ke Terminal Kalibaru di Depan Mata IKN Bawa Rezeki, Swiss-Belhotel Balikpapan Diserbu Tamu! Okupansi Tembus 90%” Dulu Rugi, Sekarang Untung! Bank Pembangunan Daerah Banten Cetak Laba Segini STOCKWATCH.ID (JAKARTA) – Generasi Millennial dan Gen Z semakin mendominasi dunia investasi. BRI Danareksa Sekuritas (BRIDS) mencatat, sekitar 70% dari total investor ritel Perseroan berasal dari kelompok usia ini. Fenomena tersebut semakin memperkuat tren bahwa generasi muda kini lebih sadar akan pentingnya investasi untuk masa depan. Fifi Virgantria, Direktur IT dan Retail BRI Danareksa Sekuritas, mengungkapkan bahwa saat ini Perseroan telah memiliki 300 ribu investor ritel. Dari jumlah tersebut, 65 ribu merupakan nasabah baru yang bergabung hanya dalam tahun ini. “Target kami sebenarnya 60 ribu, tapi melihat antusiasme yang tinggi, kami optimis bisa mencapai 100 ribu nasabah baru tahun ini,” ujar Fifi. Investasi ritel ternyata menjadi pilar utama bagi BRI Danareksa. Sekitar 75% dari total transaksi di perusahaan ini berasal dari investor ritel, sementara 25% sisanya berasal dari institusi. Saat ini, rata-rata frekuensi transaksi investor ritel mencapai 35 ribu per hari. Nilai transaksinya juga cukup besar, sekitar Rp170 miliar per hari. Angka-angka ini menunjukkan betapa aktifnya investor ritel, khususnya dari generasi muda. Untuk menjawab kebutuhan para trader muda, BRI Danareksa meluncurkan platform terbaru mereka, BRIGHTS Easy versi Desktop. Platform ini didesain khusus agar lebih simpel dan mudah digunakan, sehingga cocok bagi investor pemula maupun yang sudah berpengalaman. “Kami tidak hanya menyediakan transaksi saham, tapi juga reksa dana, obligasi, dan berbagai instrumen lainnya. Semua produk ini aman karena berada di bawah pengawasan OJK,” jelas Fifi. Laksono Widodo, Direktur Utama BRI Danareksa Sekuritas, menambahkan bahwa peluncuran BRIGHTS Easy versi Desktop ini diharapkan bisa meningkatkan fleksibilitas dan akses bagi para trader. “Kami juga menargetkan adanya peningkatan jumlah transaksi harian hingga 20% dengan adanya platform baru ini,” katanya. Untuk mendukung peluncuran ini, BRI Danareksa juga menyiapkan berbagai program promosi menarik. Mulai dari kompetisi trading hingga kampanye besar-besaran di media sosial. Langkah ini diambil untuk semakin memperkuat posisi BRIGHTS Easy versi Desktop di kalangan trader dan mendorong pertumbuhan pasar modal di Indonesia. 

Simpan nama, email, dan situs web saya di browser ini untuk lain kali saya berkomentar.  
 Anda tidak dapat copy content di situs ini"
"Dikontrak 4 Musim, BRI Kembali Jadi Sponsor Utama ...",https://inilahkuningan.com/dikontrak-4-musim-bri-kembali-jadi-sponsor-utama-sepakbola-liga-i-2024-2025/,2024-08-15,2024-08-09,"Inilah Kuningan Portal Berita Kuningan INILAHKUNINGAN- Jakarta — PT. Bank Rakyat Indonesia (Persero) Tbk kembali menjadi sponsor utama untuk empat musim berturut-turut dalam perhelatan kompetisi sepakbola teratas di Indonesia, BRI Liga 1 musim 2024 – 2025. Hal ini disampaikan pada press conference yang dihadiri oleh Ketua Umum PSSI Erick Thohir, Wakil Direktur Utama BRI Catur Budi Harto, Direktur Utama PT LIB (Liga Indonesia Baru) Ferry Paulus, dan Direktur Surya Citra Media (SCM) Harsiwi Achmad, di BRILian Center, Jakarta (06/08). Dalam sambutannya, Ketua Umum PSSI Erick Thohir mengapresiasi komitmen BRI yang menjadi sponsor BRI Liga 1 untuk tahun ke empat secara berturut turut. ”Karena pertama kali BRI menjadi sponsor Liga pada saat COVID, dimana liga sepak bola di seluruh dunia berhenti tapi BRI berani mengambil posisi bahwa sepak bola di Indonesia tidak boleh mati,” imbuh Erick Thohir. Erick Thohir juga mengharapkan musim BRI Liga 1 2024/2025 makin mengangkat sepakbola Indonesia secara keseluruhan yang sudah menjadi perbincangan di level Asia. Menurutnya, sejumlah aturan baru Liga yang siap diterapkan di musim baru harus mampu meningkatkan kualitas liga dan mutu klub-klub peserta sehingga bisa lebih bersaing di kompetisi liga Asia. “Target utamanya menaikkan mutu Liga kita agar levelnya naik di Asia dan ASEAN. Tak hanya itu, kompetisi yang aman dan nyaman bagi penonton tetap menjadi prioritas di setiap musim baru liga. Setelah setahun lebih membenahi tim nasional kini saatnya PSSI membenahi liga” Ungkap Erick Thohir. Sementara itu pada sambutannya, Wakil Direktur Utama BRI Catur mengungkapkan bahwa alasan utama BRI kembali menjadi sponsor untuk empat tahun berturut turut tak lepas dari komitmen perseroan untuk terus meng-create economic value dan men-deliver social value di tengah masyarakat. Pertama, sepak bola masih menjadi olahraga rakyat yang paling digemari di Indonesia bahkan Dunia, dan hal ini sesuai dengan profil BRI yang memiliki keinginan untuk melayani masyarakat luas dari berbagai segmen yang tersebar di seluruh Indonesia. “Oleh karena itu, kami menilai kompetisi BRI Liga 1 menjadi sarana yang efektif dan efisien untuk meningkatkan eksposure layanan dan produk BRI, terutama super apps digital banking yang menjadi andalan BRI yakni BRImo,” ujar Catur. Partisipasi BRI sebagai sponsor utama Liga 1 dalam 3 tahun ke belakang telah berdampak positif terhadap peningkatan awareness masyarakat terhadap brand korporat BRI dan juga brand produk BRI khususnya BRImo. Menurut riset yang diselenggarakan oleh BRI Research Institute, terdapat peningkatan awareness dari tahun ke tahun, di mana tahun 2021 hanya terdapat 79% penonton yang tahu BRI menjadi sponsor utama, namun pada tahun 2022 meningkat menjadi 98,6%, dan pada tahun 2023 lalu awareness masyarakat terhadap BRI Liga 1 telah mencapai 100%. Catur juga menambahkan alasan BRI mendukung perhelatan BRI Liga 1 2024 – 2025 tak lepas dari faktor ekonomi yang diciptakan dengan bergulirnya kompetisi. Menurut survei dari LPEM Universitas Indonesia tahun 2020, perputaran ekonomi dari kompetisi Liga 1 diproyeksikan dapat menciptakan perputaran uang antara Rp 2,7 hingga Rp 3 triliun dalam satu tahun. Namun, berdasarkan dari hasil riset terbaru yang dilakukan oleh BRI Research Institute yang dirilis pada Juli 2024, penyelenggaraan BRI Liga 1 berpotensi menciptakan perputaran uang (output ekonomi) yang jauh lebih besar bagi perekonomian Indonesia, yakni mencapai sekitar Rp10,42 Triliun dan dari perputaran uang tersebut, dapat tercipta nilai tambah ekonomi (PDB) sebesar Rp5,93 triliun. Selain itu terdapat tambahan pendapatan rumah tangga pekerja sebesar Rp2,27 triliun, potensi pendapatan pajak tidak langsung bagi pemerintah sebesar Rp866 miliar serta penciptaan kesempatan kerja sekitar 45 ribu orang. “Berdasarkan hasil riset tersebut, kompetisi BRI Liga 1 musim 2024-2025 kami proyeksikan juga akan memberikan dampak positif secara ekonomi bagi stakeholder utamanya untuk menghidupkan mata rantai ekonomi kerakyatan dan meningkatkan pendapatan pelaku UMKM,” jelas Catur. “BRI tentu berharap berjalannya kompetisi BRI Liga 1 ini dapat memberi dampak positif terhadap iklim kompetisi sepak bola nasional, sehingga liga ini dapat mencetak talenta-talenta muda berbakat yang akan mendorong prestasi sepak bola Indonesia di panggung global,” imbuh Catur. Catur menambahkan BRI berharap agar perhelatan kompetisi tahun ini dapat berjalan dengan lancar, serta dapat terus meningkat kualitasnya. “Seperti yang kita rasakan bersama, terus meningkatnya prestasi timnas sepak bola Indonesia yang saat ini dicapai tidak lepas dari bergulirnya kompetisi BRI Liga 1 yang juga semakin baik,” tambahnya. Pada kesempatan yang sama, Direktur Utama PT Liga Indonesia Baru Ferry Paulus menyampaikan bahwa LIB bangga dapat bermitra dengan BRI. “Kita merasakan bagaimana manfaat exposure dan efek kepada para pengusaha di daerah yang merasakan kerja sama antara LIB dan BRI. Ke depan, kita akan meningkatkan kerja sama melalui ticketing dan semua klub sudah setuju bahwa ticketing akan melalui BRI,” imbuh Ferry. Sementara itu Direktur Surya Citra Media (SCM) Harsiwi Achmad menyampaikan bahwa rating dan share kepemirsaan BRI Liga 1 pada musim 2023 – 2024 merupakan yang tertinggi dalam 5 musim terakhir. BRI pun optimistis dengan bergulirnya BRI Liga 1 2024-2025 dapat meneruskan momentum positif kebangkitan sepak bola Indonesia. “Menyongsong BRI Liga 1 2024 – 2025, BRI berharap bergulirnya kompetisi dapat menjadi momentum untuk melanjutkan pengembangan ekosistem sepak bola nasional, serta mendorong keberhasilan blue print Transformasi Sepak Bola Indonesia 2023-2045 yang telah dicanangkan oleh PSSI. Oleh karena itu, BRI berkomitmen untuk mendukung sepak bola Indonesia semakin bersinar di pentas global,” pungkas Catur./Adv Anda harus masuk untuk berkomentar. InilahKuningan.com ©2023 |
All Right Reserved"
BRI Cab Langkat Teken MoU dengan PDAM Tirta Wampu,https://telisik.net/bri-cab-langkat-teken-mou-dengan-pdam-tirta-wampu/,2024-08-15,2024-08-14,"Home - Ekonomi - BRI Cab Langkat Teken MoU dengan PDAM Tirta Wampu TELISIK.NET – LANGKAT Dari hari kehari pelayanan Perusahaan Air Minum Daerah ( PDAM) Tirta Wampu terus ditingkatkan. Dibawah komando Herman Sukendar Harahap selaku Direktur Utama, perusahaan bidang air bersih inipun terus berinovasi. Tak hanya melakukan perbaikan diberbagai unit dan sambungan pelanggan semata, Badan Usaha Milik Daerah ( BUMD) satu satunya milik Pemerintah Kabupaten Langkat inipun melakukan serangkai terobosan lainya. Dibulan Oktober 2023 lalu misalnya, PDAM Tirta Wampu menjalin MoU dengan PT Bank Sumut kerjasama tentang penyediaan dan penggunaan jasa perbankan dalam layanan pembayaran rekening air. Selain itu,PDAM Tirta Wampu juga telah membuat MoU bersama Bank Mandiri. Kerjasama dengan Bank Mandiri juga terkait layanan pembayaran rekening air,dimana masyarakat penguna PDAM tidak perlu bersusah payah lagi datang keloket PDAM tuk membayar tagihan. Salah satu kemudahan tersebut yakni dapat melakukan pembayaran melalui sistem pembayaran Pos Indonesia, Pos Pay, Fast Pay, Speed Cash, SB Pays, serta Indomaret. Nah, kali ini PDAM Tirta Wampu kembali menjalin Kerjasama. Yakni antara perusahaan air minum daerah (PDAM) Tirta Wampu dengan Bank BRI Cab Langkat melalui Memorandum of Understanding (MoU) Kerjasama yang disepakati bisa memberikan berbagai manfaat bagi kedua belah pihak, terutama dalam hal meningkatkan pelayanan kepada masyarakat. Manfaat dari MoU ini adalah, Kemudahan Pembayaran. Pelanggan PDAM bisa lebih mudah melakukan pembayaran tagihan air melalui berbagai saluran yang disediakan oleh Bank BRI, seperti mobile banking, internet banking, ATM, atau melalui agen BRILink. Ini akan mengurangi antrean di kantor PDAM dan memberikan kenyamanan bagi pelanggan. ” Ujar Direktur Utama PDAM Tirta Wampu Herman Sukendar Harahap, Rabu (14/8) disela sela penandatanganan MoU dengan PT BRI Cab Langkat di Uncle B Kaffe. Dengan sistem pembayaran yang lebih efisien, PDAM dapat mengelola arus kasnya dengan lebih baik. Penerimaan pembayaran yang cepat dan akurat memungkinkan PDAM untuk mengalokasikan sumber daya secara lebih efektif.” Ujarnya. MoU seperti ini merupakan langkah strategis untuk memperkuat kolaborasi antara PDAM dan Bank BRI dalam memberikan pelayanan yang lebih baik kepada masyarakat. ” Ketusnya Sementara itu Kepala Cabang ( Kacab) Bank BRI Cab Langkat, Ramlan mengatakan, apa yang dilakukan PDAM dengan menjalin kerjasama dengan BRI sebuah langkah maju. ” Ini sebuah langkah maju, langkah besar. Jadi saya sangat mendukung MoU hari ini. Semoga perusahaan PDAM semakin maju dan besar,” Katanya disambut amin tamu yang hadir. ” BRI itu ada dimana mana,dipelosok desa, kepulauan, ada BRI,jadi gampanglah, kalau masyarakat mau bayar tagihan bisa dimana saja,bisa pakai Brimo dan lainya.” Ujar Kacab BRI Langkat ini Tampak hadir pada MoU antara Bank BRI dan PADAM Tirta Wampu, anggota Dewan Pengawas yang juga Ketua PWI Lagkat,Darwis Sinulingga, para kabag di lingkungan PDAM.(yong)  © 2022 TELISIK.NET © 2022 TELISIK.NET Login to your account below       Remember Me     Please enter your username or email address to reset your password.          - Select Visibility -PublicPrivate"
Strategi Aksi Keuangan Berkelanjutan BRI Life Melalui ...,https://ipol.id/2024/08/strategi-aksi-keuangan-berkelanjutan-bri-life-melalui-peresmian-rumah-pemasaran-umkm-eceng-gondok/,2024-08-15,2024-08-12,"IPOL.ID – Asuransi BRI Life berkolaborasi dengan perusahaan induk (BBRI) serta BRI Research Intitute, berpartisipasi aktif dalam memberdayakan UMKM di daerah, salah satunya dengan meresmikan Rumah Pemasaran UMKM Eceng Gondok, Waduk Rawa Pening Kecamatan Tuntang, Kabupaten Semarang.  Kegiatan ini diharapkan akan mampu meningkatkan penjualan para perajin eceng gondok disana. Sebelum peresmian dilakukan, telah dilaksanakan berbagai kegiatan pendukung bagi anggota UMKM, antara lain; pelatihan legalitas usaha, digitalisasi keuangan dan marketing, serta pendampingan dan pembentukan pojok digital (sentra penjualan digital).  BRI Life juga memberikan bantuan berupa peralatan dan perangkat digital guna penunjang penjualan, sosialisasi asuransi serta pemberian produk asuransi mikro Pijar secara cuma-cuma kepada para peserta. Waduk Rawa Pening dipilih sebagai salah satu tempat pemberdayaan usaha, karena perajin di sekitar waduk telah memanfaatkan eceng gondok yang tumbuh subur dan mengancam ekosistem waduk selama kurun waktu 20 tahun. Melalui perajin UMKM di sini, eceng gondok dapat disulap menjadi produk bernilai, namun para perajin ini masih terkendala dalam memasarkan produk-produknya. Hadir dalam kegiatan ini antara lain Direktur Utama BRI Life Aris Hartanto, Komisaris Utama BRI Life M. Syafri Rozi dan Komisaris Independen BRI Life Eko Wahyudi serta Direktur Utama BRIRINS Anton Hendranata. Direktur Utama BRI Life Aris Hartanto dalam sambutannya berharap, kegiatan ini mampu meningkatkan penjualan UMKM Eceng Gondok di Waduk Rawa Pening. “BRI Life secara konsisten mendukung program OJK, untuk meningkatkan literasi keuangan bagi masyarakat.  Melalui kegiatan ini, BRI Life juga turut berupaya dalam meningkatkan pendapatan, khususnya bagi anggota UMKM Pengrajin Eceng Gondok Waduk Rawa Pening Semarang” paparnya. Aris menambahkan, “Melalui pendampingan yang diberikan, perajin diberikan edukasi bagaimana cara untuk menambahkan value suatu produk, dengan menambahkan background story mulai dari proses pembuatan produk, sehingga akan didapat keunikan yang lebih inovatif dan kompetitif dari setiap produk yang akan dijual nantinya”. UMKM Bengok Craft Binaan BRI Group ini memiliki sedikitnya 30 perajin dan telah menghasilkan berbagai produk yang berbahan dasar eceng gondok seperti tikar, tas, keranjang, figura, sandal, gantungan kunci, media tanam dan lain sebagainya. Di tangan-tangan kreatif pelaku UMKM, mereka menyulap eceng gondok menjadi produk bermanfaat dan memiliki nilai jual ekonomi tinggi, sementara pada umumnya masyarakat menganggap eceng gondok merupakan tanaman tidak berguna, atau menjadi gulma karena dapat merusak ekosistem perairan.  Firman Setiyaji, selaku Koordinator UMKM Eceng Gondok Rawa Pening menjelaskan bahwa, produk yang dihasilkan UMKM Bengok Craft, menawarkan produk yang berbeda, yakni unik, clasik dan etnik dan berfokus di fashion and craft, dimana produk eceng gondok yang dihasilkan tetap fungsional dan dapat dipakai sehari-hari. Dia menuturkan, “Kita ingin membawa produk lokal eceng gondok ini dapat masuk ke pasar global. Untuk itu kami terus berusaha menghasilkan produk yang dapat bersaing di pasaran.  Kami mengajak semua anggota perajin untuk dapat “melek” terkait kewirausahawan. Dengan mengikuti pelatihan yang diberikan BRI Life ini, harapan kami tentunya agar para perajin disini akan lebih paham, terkait managemen keuangan, pemasaran dan bagaimana bisa mengembangkan usaha untuk lebih baik ke depannya”, tutupnya.  PT Asuransi BRI Life (BRI Life) merupakan perusahaan asuransi jiwa yang berizin dan diawasi oleh Otoritas Jasa Keuangan (OJK), dengan mayoritas kepemilikan saham oleh PT. Bank Rakyat Indonesia. BRI Life menghadirkan beragam perlindungan asuransi jiwa untuk memenuhi kabutuhan masyarakat Indonesia, baik nasabah perorangan dan nasabah kumpulan. Produk unggulan perlindungan jiwa yang dimiliki BRI Life antara lain produk asuransi; PIJAR, AURORA, Kirana Plus, Asuransi Jiwa Kredit dan Asuransi Mikro KKM serta Dana Siswa Syariah yang dipasarkan melalui jalur pemasaran bancassurance, keagenan, telemarketing, hingga digital marketing, di mana nasabah dapat memanfaatkan aplikasi BRI Life My Access untuk dapat mengakses seputar Informasi dan Layanan Polis secara Digital dengan fitur yang inovatif dan terintegrasi, atau dapat juga melalui Telepon 1500087, Whatsapp 0811 9350 087 (text only) dan Email di [email protected] (lumi) IPOL.ID telah diverifikasi oleh Dewan Pers
Sertifikat Nomor 1084/DP-Verifikasi/K/IV/2023
https://dewanpers.or.id/data/perusahaanpers Copyright © IPOL.ID. All Rights Reserved. Sign in to your account 
Username or Email Address

 
Password

  Remember Me 


"
"Dikontrak 4 Musim, BRI Kembali Jadi Sponsor Utama ...",https://inilahkuningan.com/dikontrak-4-musim-bri-kembali-jadi-sponsor-utama-sepakbola-liga-i-2024-2025/,2024-08-15,2024-08-09,"Inilah Kuningan Portal Berita Kuningan INILAHKUNINGAN- Jakarta — PT. Bank Rakyat Indonesia (Persero) Tbk kembali menjadi sponsor utama untuk empat musim berturut-turut dalam perhelatan kompetisi sepakbola teratas di Indonesia, BRI Liga 1 musim 2024 – 2025. Hal ini disampaikan pada press conference yang dihadiri oleh Ketua Umum PSSI Erick Thohir, Wakil Direktur Utama BRI Catur Budi Harto, Direktur Utama PT LIB (Liga Indonesia Baru) Ferry Paulus, dan Direktur Surya Citra Media (SCM) Harsiwi Achmad, di BRILian Center, Jakarta (06/08). Dalam sambutannya, Ketua Umum PSSI Erick Thohir mengapresiasi komitmen BRI yang menjadi sponsor BRI Liga 1 untuk tahun ke empat secara berturut turut. ”Karena pertama kali BRI menjadi sponsor Liga pada saat COVID, dimana liga sepak bola di seluruh dunia berhenti tapi BRI berani mengambil posisi bahwa sepak bola di Indonesia tidak boleh mati,” imbuh Erick Thohir. Erick Thohir juga mengharapkan musim BRI Liga 1 2024/2025 makin mengangkat sepakbola Indonesia secara keseluruhan yang sudah menjadi perbincangan di level Asia. Menurutnya, sejumlah aturan baru Liga yang siap diterapkan di musim baru harus mampu meningkatkan kualitas liga dan mutu klub-klub peserta sehingga bisa lebih bersaing di kompetisi liga Asia. “Target utamanya menaikkan mutu Liga kita agar levelnya naik di Asia dan ASEAN. Tak hanya itu, kompetisi yang aman dan nyaman bagi penonton tetap menjadi prioritas di setiap musim baru liga. Setelah setahun lebih membenahi tim nasional kini saatnya PSSI membenahi liga” Ungkap Erick Thohir. Sementara itu pada sambutannya, Wakil Direktur Utama BRI Catur mengungkapkan bahwa alasan utama BRI kembali menjadi sponsor untuk empat tahun berturut turut tak lepas dari komitmen perseroan untuk terus meng-create economic value dan men-deliver social value di tengah masyarakat. Pertama, sepak bola masih menjadi olahraga rakyat yang paling digemari di Indonesia bahkan Dunia, dan hal ini sesuai dengan profil BRI yang memiliki keinginan untuk melayani masyarakat luas dari berbagai segmen yang tersebar di seluruh Indonesia. “Oleh karena itu, kami menilai kompetisi BRI Liga 1 menjadi sarana yang efektif dan efisien untuk meningkatkan eksposure layanan dan produk BRI, terutama super apps digital banking yang menjadi andalan BRI yakni BRImo,” ujar Catur. Partisipasi BRI sebagai sponsor utama Liga 1 dalam 3 tahun ke belakang telah berdampak positif terhadap peningkatan awareness masyarakat terhadap brand korporat BRI dan juga brand produk BRI khususnya BRImo. Menurut riset yang diselenggarakan oleh BRI Research Institute, terdapat peningkatan awareness dari tahun ke tahun, di mana tahun 2021 hanya terdapat 79% penonton yang tahu BRI menjadi sponsor utama, namun pada tahun 2022 meningkat menjadi 98,6%, dan pada tahun 2023 lalu awareness masyarakat terhadap BRI Liga 1 telah mencapai 100%. Catur juga menambahkan alasan BRI mendukung perhelatan BRI Liga 1 2024 – 2025 tak lepas dari faktor ekonomi yang diciptakan dengan bergulirnya kompetisi. Menurut survei dari LPEM Universitas Indonesia tahun 2020, perputaran ekonomi dari kompetisi Liga 1 diproyeksikan dapat menciptakan perputaran uang antara Rp 2,7 hingga Rp 3 triliun dalam satu tahun. Namun, berdasarkan dari hasil riset terbaru yang dilakukan oleh BRI Research Institute yang dirilis pada Juli 2024, penyelenggaraan BRI Liga 1 berpotensi menciptakan perputaran uang (output ekonomi) yang jauh lebih besar bagi perekonomian Indonesia, yakni mencapai sekitar Rp10,42 Triliun dan dari perputaran uang tersebut, dapat tercipta nilai tambah ekonomi (PDB) sebesar Rp5,93 triliun. Selain itu terdapat tambahan pendapatan rumah tangga pekerja sebesar Rp2,27 triliun, potensi pendapatan pajak tidak langsung bagi pemerintah sebesar Rp866 miliar serta penciptaan kesempatan kerja sekitar 45 ribu orang. “Berdasarkan hasil riset tersebut, kompetisi BRI Liga 1 musim 2024-2025 kami proyeksikan juga akan memberikan dampak positif secara ekonomi bagi stakeholder utamanya untuk menghidupkan mata rantai ekonomi kerakyatan dan meningkatkan pendapatan pelaku UMKM,” jelas Catur. “BRI tentu berharap berjalannya kompetisi BRI Liga 1 ini dapat memberi dampak positif terhadap iklim kompetisi sepak bola nasional, sehingga liga ini dapat mencetak talenta-talenta muda berbakat yang akan mendorong prestasi sepak bola Indonesia di panggung global,” imbuh Catur. Catur menambahkan BRI berharap agar perhelatan kompetisi tahun ini dapat berjalan dengan lancar, serta dapat terus meningkat kualitasnya. “Seperti yang kita rasakan bersama, terus meningkatnya prestasi timnas sepak bola Indonesia yang saat ini dicapai tidak lepas dari bergulirnya kompetisi BRI Liga 1 yang juga semakin baik,” tambahnya. Pada kesempatan yang sama, Direktur Utama PT Liga Indonesia Baru Ferry Paulus menyampaikan bahwa LIB bangga dapat bermitra dengan BRI. “Kita merasakan bagaimana manfaat exposure dan efek kepada para pengusaha di daerah yang merasakan kerja sama antara LIB dan BRI. Ke depan, kita akan meningkatkan kerja sama melalui ticketing dan semua klub sudah setuju bahwa ticketing akan melalui BRI,” imbuh Ferry. Sementara itu Direktur Surya Citra Media (SCM) Harsiwi Achmad menyampaikan bahwa rating dan share kepemirsaan BRI Liga 1 pada musim 2023 – 2024 merupakan yang tertinggi dalam 5 musim terakhir. BRI pun optimistis dengan bergulirnya BRI Liga 1 2024-2025 dapat meneruskan momentum positif kebangkitan sepak bola Indonesia. “Menyongsong BRI Liga 1 2024 – 2025, BRI berharap bergulirnya kompetisi dapat menjadi momentum untuk melanjutkan pengembangan ekosistem sepak bola nasional, serta mendorong keberhasilan blue print Transformasi Sepak Bola Indonesia 2023-2045 yang telah dicanangkan oleh PSSI. Oleh karena itu, BRI berkomitmen untuk mendukung sepak bola Indonesia semakin bersinar di pentas global,” pungkas Catur./Adv Anda harus masuk untuk berkomentar. InilahKuningan.com ©2023 |
All Right Reserved"
"Luar Biasa! Jokowi Sanjung Sunarso, Katanya Dirut BRI Itu ...",https://infobanknews.com/luar-biasa-jokowi-sanjung-sunarso-katanya-dirut-bri-itu-layak-dapat-nobel/,2024-08-15,2024-03-08,"Jakarta – Hati Dirut BRI Sunarso saat ini sepertinya sedang berbunga-bunga. Pasalnya, dia habis dipuji oleh Presiden Jokowi. Tak tangung-tanggung. Jokowi memujinya setinggi langit. Menurut Jokowi, kinerja BRI di bawah kepemimpinan Sunarso sangat ciamik. Khususnya dalam memimpin holding ultra mikro atau UMi. Holding ini mampu meningkatkan aksebilitas pelaku usaha ultra mikro dan mikro ke layanan keuangan resmi. Jokowi mengaku senang dengan pertumbuhan jumlah nasabah ultra mikro dengan kehadiran UMi. Ia menyebutkan, saat ini jumlah nasabah UMi telah mencapai 8,2 juta orang. Selain itu, anggota holding UMi, PNM, melalui PNM Mekaar telah memiliki 15,2 juta nasabah. Angka itu jauh lebih tinggi dari posisi 2015, di mana pada tahun itu jumlah nasabah PNM Mekaar baru mencapai kisaran 400.000. “Sekarang sudah sampai 15,2 juta nasabah (PNM Mekaar),” ujar Jokowi, dalam gelaran BRI Microfinance Outlook 2024, di Jakarta, Kamis, 7 Maret 2024. Saking senangnya, Jokowi sampai berseloroh jika Sunarso sebagai komandan tertinggi di BRI layak menerima Penghargaan Nobel. Penghargaan tertinggi yang diberikan kepada individu yang dinilai telah berkontribusi besar ke masyarakat. Jokowi membandingkan dengan Muhammad Yunus, bankir asal Bangladesh, yang mendapatkan Penghargaan Nobel atas jasanya mengembangkan konsep pembiayaan bagi pelaku usaha ultra mikro tahun 2006. Kala itu, melalui Grameen Bank, Yunus memberikan pembiayaan ultra mikro kepada sekitar 6,5 juta nasabah. “Bapak Muhammad Yunus dapat Nobel karena Grameen Bank memiliki 6,5 juta, ini harusnya Pak Dirut, Pak Sunarso, sudah diberikan Nobel seharusnya. Yang 6,5 juta dapat (Nobel), masa yang tadi PNM Mekaar 15,2 juta kemudian UMi bisa 8,2 juta, KUR-nya 16 juta, angka yang tidak kecil,” tutur Jokowi. Menurut Jokowi, mengelola pembiayaan untuk pelaku usaha ultra mikro bukan hal yang mudah. Sebelumnya, segmen tersebut digarap oleh pelaku keuangan tidak resmi seperti rentenir. “Sekarang diambil oleh BRI, ini juga yang kita apresiasi,” ujar Jokowi. Berdasarkan data Biro Riset Infobank yang diolah dari holding UMi, pencapaian holding UMi hingga Desember 2023 memang spektakuler. Tercatat, jumlah debitur mikro dan ultra mikro lebih dari 37 juta, debitur PNM yang naik kelas lebih dari 1,2 juta, rekening simpanan mikro lebih dari 173 juta, outlet co-location Senyum 1.018 outlet, dan agen BRIlink lebih dari 741 agen. Sejatinya tak hanya kinerja ultra mikro. Berdasarkan data Biro Riset Infobank, secara keseluruhan, kinerja BRI memang ciamik. Tahun 2023, BRI berhasil membukukan laba bersih tahun berjalan secara konsolidasian sebesar Rp60,4 triliun. Perolehan laba bank pelat merah tersebut naik 17,5 persen secara year on year (yoy) dari periode sama tahun sebelumnya sebesar Rp51,40 triliun. Pencapaian kinerja top tersebut ditopang oleh penyaluran kredit BRI sebesar Rp1.266,4 triliun, tumbuh 11,2 persen yoy pada periode Desember 2023. Kinerja moncer BRI berimbas positif bagi para pemegang saham. Sebab, di tahun 2024 ini, BRI akan membagikan dividen jumbo sebesar Rp48,1 triliun atau sebesar 80% dari laba tahun buku 2023. Dengan demikian, nilai dividen per saham dari BRI mencapai Rp319 per saham mengacu jumlah saham yang beredar sebanyak 151,55 miliar lembar. Jumlah tersebut termasuk dividen interim yang telah dibagikan kepada pemegang saham pada 18 Januari 2024 sejumlah Rp12,66 triliun atau sebesar Rp84 per saham. “Dengan demikian, sisa jumlah dividen tunai yang akan dibayarkan kepada pemegang saham sekurang-kurangnya sebesar Rp35,43 triliun atau sebesar Rp235 per saham,” tulis Manajemen BRI di keterbukaan informasi. (DW) ... ... ... Connect with us Copyright @ 2023 Infobanknews.comAll right reserved News UpdatePerbankanMoneter & FiskalKeuanganPasar Modal Ekonomi & BisnisShariah InsightInfo BPRMarket Update EntertainmentOtomotifPoliticFood & Travel RedaksiPedoman Media SiberKarirIklanMedia PartnerPrivacy PolicyDisclaimer InfobanknewsInfobankstoreInfobankdataInfobankeventInfobanktvUmkm Go Digital"
Profil Dirut BRI Sunarso yang Putuskan BRI Kembali Jadi ...,https://bisnis.tempo.co/read/1742916/profil-dirut-bri-sunarso-yang-putuskan-bri-kembali-jadi-sponsor-liga-1-musim-20232024,2024-08-15,2023-06-30,"Lupa Kata Sandi? Klik di Sini atau Masuk melalui Belum Memiliki Akun Daftar di Sini atau Daftar melalui Sudah Memiliki Akun Masuk di Sini Konfirmasi Email Kami telah mengirimkan link aktivasi melalui email ke rudihamdani@gmail.com. Klik link aktivasi dan dapatkan akses membaca 2 artikel gratis non Laput di koran dan Majalah Tempo Jika Anda tidak menerima email,
Kirimkan Lagi Sekarang Pencarian Terpopuler Reporter Andika Dwi Editor Martha Warta Silaban Jumat, 30 Juni 2023 11:19 WIB 

                      Bagikan
                    
 TEMPO.CO, Jakarta - Direktur Utama Bank Rakyat Indonesia (BRI), Sunarso, menyatakan BRI akan kembali menjadi sponsor utama Liga 1. Hal ini merupakan ketiga kalinya bagi BRI menjadi sponsor dengan berbagai pertimbangan. Keputusan orang nomor satu di BRI ini didasarkan atas economic value atau nilai ekonomi dari perhelatan akbar tersebut. Lantas, bagaimana kiprah dan profil Sunarso? Sunarso bukanlah nama baru di jajaran dewan direksi BRI. Sunarso pernah menjabat Wakil Direktur sejak 2015. Kemudian, ia ditetapkan sebagai Dirut menggantikan Suprajarto melalui Rapat Umum Pemegang Saham Luar Biasa (RUPSLB) di Jakarta, pada Senin, 2 September 2019.  Baca juga: BRI Danareksa Optimistis IHSG Bisa Tembus 8.000 hingga Akhir Tahun Dilansir dari Antara, pria kelahiran Pasuruan pada 7 November 1963 itu sempat menduduki kursi Direktur Utama PT Pegadaian (Persero) pada Oktober 2017 sampai Januari 2019. Namun, ia kembali ditunjuk menjadi salah pimpinan tertinggi bank plat merah tersebut.  Sunarso mengawali pendidikan di perguruan tinggi dengan meraih gelar Sarjana Pertanian dari Institut Pertanian Bogor (IPB) pada 1988. Bos BRI itu juga melanjutkan pascasarjana hingga memperoleh gelar Master of Business Administration dari Universitas Indonesia (UI) pada 2002.  Pria yang menerbitkan buku berjudul Strategi Pembangunan Pertanian yang Visioner dan Integratif itu tercatat mengikuti berbagai program pelatihan di London Business School, Melbourne University, University of Chicago, University of New South Wales, dan Northwestern University.  Berita Selanjutnya Jokowi Serahkan Bonus Peraih Medali Olimpiade, Lebih Tinggi dari Atlet AS 30 menit lalu Tempo Channel Dapatkan kabar pilihan editor dan breaking news di Tempo.co WhatsApp Channel. Artikel Terkait BRI Danareksa Optimistis IHSG Bisa Tembus 8.000 hingga Akhir Tahun Jadwal Live dan Preview PSS Sleman vs Persik Kediri di Pekan Kedua Liga 1 2024-2025 Jordy Wehrmann Mengaku Pernah Terima Tawaran Naturalisasi untuk Timnas Indonesia, tapi... 10 Perusahaan dengan Pendapatan Terbesar Versi Fortune Indonesia, Didominasi Sektor Energi  Bursa Transfer Ditutup, Ini Daftar Pemain Asing 18 Klub Liga 1 2024-2025 Jadwal Siaran Langsung Liga 1 2024-2025 Pekan Kedua, Klasemen, dan Top Skornya Rekomendasi Artikel Video Pilihan BRI Danareksa Optimistis IHSG Bisa Tembus 8.000 hingga Akhir Tahun 1 jam lalu Direktur Utama BRI Danareksa Sekuritas Laksono Widodo yakin IHSG dapat menguat hingga level 8.000 hingga akhir tahun. Jadwal Live dan Preview PSS Sleman vs Persik Kediri di Pekan Kedua Liga 1 2024-2025 15 jam lalu Pertandingan PSS Sleman vs Persik Kediri akan hadir pada pekan kedua Liga 1 2024-2024 di Stadion Manahan, Minggu, 19 Agustus 2024.  Jordy Wehrmann Mengaku Pernah Terima Tawaran Naturalisasi untuk Timnas Indonesia, tapi... 19 jam lalu Gelandang klub Liga 1 Indonesia Jordy Wehrmann mengaku pernah mendapatkan tawaran naturalisasi untuk membela Timnas Indonesia.  10 Perusahaan dengan Pendapatan Terbesar Versi Fortune Indonesia, Didominasi Sektor Energi  19 jam lalu Daftar top 10 perusahaan terbesar di Indonesia berdasarkan pendapatannya menurut Fortune Indonesia Bursa Transfer Ditutup, Ini Daftar Pemain Asing 18 Klub Liga 1 2024-2025 20 jam lalu Bursa transfer putaran pertama Liga 1 Indonesia 2024-2025 berakhir pada Selasa, 13 Agustus 2024. Sebanyak 12 klub menggunakan kvota maksimal. Jadwal Siaran Langsung Liga 1 2024-2025 Pekan Kedua, Klasemen, dan Top Skornya 20 jam lalu Jadwal Liga 1 2024-2025 akan memasuki pekan kedua. Rangkaian pertandingannya akan berlangsung Jumat hingga Senin, 16-19 Agustus 2024.  Persija Jakarta Lepas Kiper Cahya Supriadi Tak Lama setelah Kedatangan Carlos Eduardo 1 hari lalu Cahya Supriadi bergabung dengan Persija Jakarta sejak level junior. Tak Sadar Diri saat Pertandingan Liga 1, Begini Kabar Terkini Pemain Arema FC Julian Guevara 1 hari lalu Pemain Arema FC Julian Guevara tak sadarkan diri usai berbenturan dengan rekan setimnya saat pertandingan Liga 1 menghadapi Dewa United pada Senin. Kebijakan Baru BRI Bagi Pemilik Rekening Dormant 1 hari lalu BRI memberlakukan kebijakan baru terkait perubahan batas waktu Kebijakan Baru BRI Bagi Pemilik Rekening Dormant 1 hari lalu BRI memberlakukan kebijakan baru terkait perubahan batas waktu Terpopuler di Bisnis Daftar Pemda yang Sudah Umumkan Jumlah Formasi CPNS dan PPPK 2024  23 jam lalu Jokowi Sebut Prabowo Sudah Tidak Sabar untuk Berkantor di IKN 23 jam lalu Viral karena Hampir Pingsan di IKN, Segini Kisaran Gaji Paskibraka  18 jam lalu Daftar Formasi CPNS dan PPPK Kemenkumham 2024 untuk Lulusan SMA-S2  16 jam lalu Menteri PANRB Sebut Buka 60 Ribu Formasi CPNS ke IKN, Berikut Dokumen yang Harus Disiapkan 17 jam lalu  17 jam lalu Liburan Impian Semakin Sempurna dengan Maskapai Penerbangan yang Tepat 22 jam lalu Warga Rempang Berunjuk Rasa di Depan Kantor Airlangga Hartarto, Tolak Proyek Rempang Eco-City  21 jam lalu PT KAI Sediakan Tempat Pengisian Air Minum Gratis di Setiap Stasiun LRT Jabodebek 18 jam lalu Andrinof Chaniago Kritik Langkah  Jokowi Obral HGU di IKN hingga Hampir 2 Abad: Kebablasan 20 jam lalu 
    Terkini di Bisnis   Jokowi Serahkan Bonus Peraih Medali Olimpiade, Lebih Tinggi dari Atlet AS 30 menit lalu BI: Utang Luar Negeri Kuartal II 2024 Naik 2,7 Persen Jadi 408,6 Miliar Dolar AS 40 menit lalu Tempo Buka Lowongan Kerja Penulis Artikel Cek Fakta 54 menit lalu Celios: Kenaikan UKT Kian Menggerus Daya Beli Kelas Menengah  1 jam lalu BRI Danareksa Optimistis IHSG Bisa Tembus 8.000 hingga Akhir Tahun 1 jam lalu Promo Kemerdekaan, Diskon 70 dan 50 Persen untuk KA Sribilah Utama Tujuan Medan-Rantauprapat 1 jam lalu Promo Kemerdekaan, Jumlah Pengunjung Taman Impian Jaya Ancol Tembus 50 Ribu di Akhir Pekan Pertama Agustus 2 jam lalu Ekonom Soroti Beban Utang Rp1.200 T Tahun Depan, Singgung Biaya Upacara 17 Agustus di IKN 2 jam lalu Turun Rp 5.000, Harga Emas Antam Hari Ini Rp 1.414.000 per Gram 2 jam lalu Profil Rengkuh Banyu Mahandaru, Inisiator Plepah Kenalkan Produk Kemasan dari Pelepah Pinang 2 jam lalu Simak berita harian lebih mendalam di Majalah Tempo Digital. LAPORAN UTAMA LAPORAN NASIONAL Informasi Trustworthy News Jaringan Media Media Sosial Unduh Aplikasi Tempo"
"Jokowi: Harusnya Pak Dirut BRI, Pak Sunarso Sudah ...",https://nasional.kompas.com/read/2024/03/07/12424451/jokowi-harusnya-pak-dirut-bri-pak-sunarso-sudah-diberi-nobel,2024-08-15,2024-03-07,"Jokowi: Harusnya Pak Dirut BRI, Pak Sunarso Sudah Diberi Nobel Tim Redaksi JAKARTA, KOMPAS.com - Presiden Joko Widodo mengatakan, Direktur Utama Bank Rakyat Indonesia (BRI) Sunarso seharusnya mendapat penghargaan nobel perdamaian. Sebab, BRI sudah mengembangkan berbagai produk kredit untuk membantu masyarakat miskin, misalnya Kredit Usaha Rakyat (KUR), Permodalan Nasional Madani Membina Ekonomi Keluarga Sejahtera (PNM Mekaar), dan tabungan UMi. Presiden lantas membandingkan produk-produk BRI tersebut sudah seperti grameen bank yang pernah dikembangkan oleh Muhammad Yunus dari India. Baca juga: Jokowi Puji Dirut BRI: Harusnya Sudah Diberi Nobel.. Muhammad Yunus pernah diberi anugerah nobel perdamaian pada 2006 karena grameen bank yang memberikan bantuan kredit untuk masyarakat miskin.   ""Saya ingat PNM Mekaar di tahun 2015 itu nasabahnya baru 400.000 kurang lebih, sekarang sudah sampai 15,2 juta. Grameen Bank, Bapak Muhammad Yunus itu dapat Nobel karena Grameen Bank memiliki nasabah 6,5 juta,"" ujar Jokowi saat memberi sambutan di acara BRI Microfinance Outlook 2024 di kawasan Gatot Subroto, Jakarta, Kamis (7/3/2024).  ""Ini harusnya Pak Dirut, Pak Sunarso sudah diberi nobel, harusnya. (Yang nasabahnya) 6,5 juta dapat, masa yang tadi PNM Mekaar 15,2 juta, kemudian UMI (nasabahnya) bisa 8,2 juta, KUR-nya saya enggak tahu. KURnya berapa? 16 juta. Angka yang tidak kecil,"" kata dia.  Kepala Negara lantas berseloroh bahwa Dirut BRI belum mendapat hadiah nobel karena tidak ada pihak yang mengusulkan. Baca juga: Dirut BRI: Holding Ultra Mikro Dorong Pertumbuhan Ekonomi Inklusif Ia pun menyarankan agar bisa diurus lebih lanjut usulan untuk menerima nobel.   ""Enggak tahu, mungkin belum dapat karena enggak ada yang mengusulkan. Mungkin bisa diurus yang urusan-urusan nobel,"" tutur Jokowi.  ""Karena yang saya tahu, saya berikan contoh PNM Mekaar dari 400.000 melompat menjadi sekarang 15,2 juta, kemudian kredit yang diberikan sudah Rp 244 triliun, dari yang sebelumnya 2015, saya ingat 2015 kurang lebih Rp 800 miliar, kemudian masuk ke Rp 244 triliun, itu angka lompatan yang besar sekali. Mestinya hal-hal seperti ini diberikan apresiasi,"" kata dia.               Copyright 2008 - 2024 PT. Kompas Cyber Media (Kompas Gramedia Digital Group). All Rights Reserved."
Dirut BRI Sunarso Raih The Most Committed CEO ...,https://finansial.bisnis.com/read/20231130/90/1719721/dirut-bri-sunarso-raih-the-most-committed-ceo-bisnis-indonesia-top-bumn-awards-2023,2024-08-15,2023-11-30,"Nyaman tanpa iklan. Langganan BisnisPro Nyaman tanpa iklan. Langganan BisnisPro Nyaman tanpa iklan. Langganan BisnisPro Bisnis.com, JAKARTA — Direktur Utama PT Bank Rakyat Indonesia (Persero) Tbk. (BBRI) Sunarso meraih penghargaan di Bisnis Indonesia TOP BUMN Awards 2023 yakni special award sebagai The Most Committed Chief Executive Officer State-Owned Enterprises In Driving Technological Change. TOP BUMN Awards 2023 merupakan acara yang digelar Bisnis Indonesia Group sebagai bentuk apresiasi kepada Badan Usaha Milik Negara (BUMN). Pada tahun ini, gelaran TOP BUMN Awards mengambil tajuk Competitiveness, Innovation, and Prosperity. Para penerima penghargaan dinilai berdasarkan kinerja, gagasan, inovasi, serta transformasi bisnis perusahaan, di tengah situasi ekonomi global dan domestik yang dinamis. Sunarso berkiprah di BRI sejak ditunjuk dalam rapat umum pemegang saham luar biasa (RUPSLB) BRI pada 2019. Sebelum menjabat sebagai Direktur Utama BRI, Sunarso sudah cukup lama malang-melintang di dunia perbankan, terutama pelat merah. Pada Mei 2010, dia ditunjuk sebagai Direktur Commercial & Business Banking PT Bank Mandiri (Persero) Tbk. Jabatan tersebut dia pegang hingga Maret 2015. Setelah itu, Sunarso menjabat sebagai Wakil Direktur BRI hingga Oktober 2017. Lalu, dia ditunjuk untuk menduduki kursi Direktur Utama PT Pegadaian (Persero) hingga Oktober 2017. Baca Juga Sunarso kemudian kembali ke jajaran direksi BBRI setelah dipilih menjadi Wakil Direktur Utama bank pelat merah tersebut untuk kedua kalinya pada Januari 2019. Pria kelahiran Pasuruan 7 November 1963 merupakan lulusan Sarjana Agronomi Institut Pertanian Bogor (IPB). Setelah itu, Sunarso melanjutkan studinya ke jenjang S2 dengan gelar Magister Administrasi Bisnis di Universitas Indonesia. Seiring dengan kepemimpinan Sunarso, BRI telah mencatatkan kinerja moncer. Hingga kuartal III/2023, BRI telah meraih laba bersih konsolidasi Rp44,21 triliun pada kuartal III/2023. Capaian laba ini melonjak 12,47% secara tahunan (year on year/yoy) dari periode yang sama tahun sebelumnya sebesar Rp38,31 triliun.   Dari sisi intermediasi, BRI telah menyalurkan kredit sebesar Rp1.184,68 triliun pada kuartal III/2023, naik 12,32% yoy dari yang sebelumnya Rp1.054,72. Aset bank milik pemerintah ini pun naik 9,93% persen yoy menjadi Rp1.851,96 triliun dibanding sebelumnya Rp1.684,60 triliun. Sementara itu, dari sisi pendanaan, BRI tercatat mendapatkan dana pihak ketiga (DPK) Rp1.290,29 triliun pada kuartal III/2023, naik 13,21% yoy. Dana murah atau current account savings account (CASA) BRI naik 10,11% persen menjadi Rp821,14 triliun pada kuartal III/2023 dibanding periode yang sama tahun lalu yaitu Rp745,73 triliun pada kuartal III/2022. Cek Berita dan Artikel yang lain di Google
            News dan WA Channel Nyaman tanpa iklan. Langganan BisnisPro Nyaman tanpa iklan. Langganan BisnisPro Nyaman tanpa iklan. Langganan BisnisPro Nyaman tanpa iklan. Langganan BisnisPro Nyaman tanpa iklan. Langganan BisnisPro"
"Sunarso dirut baru Bank BRI, ini profilnya",https://www.antaranews.com/berita/1041466/sunarso-dirut-baru-bank-bri-ini-profilnya,2024-08-15,2019-09-02,"Pewarta: Royke SinagaEditor: Ahmad Wijaya								Copyright © ANTARA 2019 

 

Kirim
Komentar menjadi tanggung-jawab Anda sesuai UU ITE.
"
"Gelar RUPST, Sunarso Kembali Ditunjuk Jadi Dirut BRI",https://ekonomi.republika.co.id/berita/rrgb3o423/gelar-rupst-sunarso-kembali-ditunjuk-jadi-dirut-bri,2024-08-15,2023-03-13,"RUPST sepakat mengangkat kembali direksi yang masa jabatannya telah habis  REPUBLIKA.CO.ID, JAKARTA -- PT Bank Rakyat Indonesia (Persero) Tbk atau BRI telah mendapat restu dari pemegang saham untuk mengubah struktur kepengurusan Perseroan. Melalui Rapat Umum Pemegang Saham Tahunan (RUPST), Sunarso kembali ditunjuk sebagai direktur utama Perseroan.  


   Selain Sunarso, kursi direksi lainnya juga masih dipercayai kepada direktur terdahulu di periode sebelumnya. RUPST sepakat mengangkat kembali direksi yang masa jabatannya telah habis, antara lain Supari sebagai Direktur Bisnis, dan Ahmad Solichin sebagai Direktur Kepatuhan.
Baca Juga
 

Harga Murah, Bos BRI: Momentum Tepat Buyback Saham
 
BRI Bagikan Dividen Rp 43,5 Triliun
 
Ikuti Kursus Gratis Road to IELTS dari British Council

    Direktur Utama BRI, Sunarso, mengatakan RUPST juga menyetujui perubahan pada susunan komisaris. ""RUPST BRI menyetujui untuk memberhentikan dengan hormat Hadiyanto sebagai komisaris karena habis masa tugasnya,"" kata Sunarso saat konferensi pers RUPST Tahun Buku 2022, Senin (13/3/2023).     RUPST juga menyepakati Awan Nurmawan Nuh sebagai Komisaris BRI. Awan sebelumnya menjabat sebagai Irjen Kementerian Keuangan. Komisaris, dan anggota dewan komisaris baru dapat menjalankan tugas setelah fit and proper test. 








   Dengan demikian, susunan Komisaris dan Direksi BRI hasil RUPST hari ini adalah sebagai berikut: Dewan Komisaris   Komisaris Utama: Kartika Wirjoatmodjo   Wakil Komisaris Utama/Independen: Rofikoh Rokhim   Komisaris: Rabin Indrajad Hattari   Komisaris: Awan Nurmawan Nuh   Komisaris Independen: Hendrikus Ivo   Komisaris Independen: Dwi Ria Latifa   Komisaris Independen: Heri Sunaryadi   Komisaris Independen: Paripurna Poerwoko Sugarda   Komisaris Independen: Agus Riswanto   Komisaris Independen: Nurmaria Rosa Dewan Direksi   Direktur Utama: Sunarso   Wakil Direktur Utama: Catur Budi Harto   Direktur Bisnis Mikro: Supari   Direktur Bisnis Kecil dan Menengah: Amam Sukriyanto   Direktur Bisnis Konsumer: Handayani   Direktur Human Capital: Agus Winardono   Direktur Keuangan: Viviana Dyah Ayu Retno K   Direktur Digital dan Teknologi Informasi: Arga M. Nugraha   Direktur Manajemen Risiko: Agus Sudiarto   Direktur Bisnis Wholesale dan Kelembagaan: Agus Noorsanto   Direktur Jaringan dan Layanan: Andrijanto   Direktur Kepatuhan: A. Solichin Lutfiyanto.





			Ikuti Whatsapp Channel Republika 

 REPUBLIKA.CO.ID, JAKARTA -- PT Bank Rakyat Indonesia (Persero) Tbk atau BRI telah mendapat restu dari pemegang saham untuk mengubah struktur kepengurusan Perseroan. Melalui Rapat Umum Pemegang Saham Tahunan (RUPST), Sunarso kembali ditunjuk sebagai direktur utama Perseroan.     Selain Sunarso, kursi direksi lainnya juga masih dipercayai kepada direktur terdahulu di periode sebelumnya. RUPST sepakat mengangkat kembali direksi yang masa jabatannya telah habis, antara lain Supari sebagai Direktur Bisnis, dan Ahmad Solichin sebagai Direktur Kepatuhan.    Direktur Utama BRI, Sunarso, mengatakan RUPST juga menyetujui perubahan pada susunan komisaris. ""RUPST BRI menyetujui untuk memberhentikan dengan hormat Hadiyanto sebagai komisaris karena habis masa tugasnya,"" kata Sunarso saat konferensi pers RUPST Tahun Buku 2022, Senin (13/3/2023).      RUPST juga menyepakati Awan Nurmawan Nuh sebagai Komisaris BRI. Awan sebelumnya menjabat sebagai Irjen Kementerian Keuangan. Komisaris, dan anggota dewan komisaris baru dapat menjalankan tugas setelah fit and proper test.    Dengan demikian, susunan Komisaris dan Direksi BRI hasil RUPST hari ini adalah sebagai berikut:  Dewan Komisaris    Komisaris Utama: Kartika Wirjoatmodjo    Wakil Komisaris Utama/Independen: Rofikoh Rokhim    Komisaris: Rabin Indrajad Hattari    Komisaris: Awan Nurmawan Nuh    Komisaris Independen: Hendrikus Ivo    Komisaris Independen: Dwi Ria Latifa    Komisaris Independen: Heri Sunaryadi    Komisaris Independen: Paripurna Poerwoko Sugarda    Komisaris Independen: Agus Riswanto    Komisaris Independen: Nurmaria Rosa  Dewan Direksi    Direktur Utama: Sunarso    Wakil Direktur Utama: Catur Budi Harto    Direktur Bisnis Mikro: Supari    Direktur Bisnis Kecil dan Menengah: Amam Sukriyanto    Direktur Bisnis Konsumer: Handayani    Direktur Human Capital: Agus Winardono    Direktur Keuangan: Viviana Dyah Ayu Retno K    Direktur Digital dan Teknologi Informasi: Arga M. Nugraha    Direktur Manajemen Risiko: Agus Sudiarto    Direktur Bisnis Wholesale dan Kelembagaan: Agus Noorsanto    Direktur Jaringan dan Layanan: Andrijanto    Direktur Kepatuhan: A. Solichin Lutfiyanto. (QS. Al-Mulk ayat 14) Jl. Warung Buncit Raya No 37 Jakarta Selatan 12510  Phone: 021 780 3747  Email:
[email protected] (Redaksi)
[email protected] ( Marketing ) 
[email protected] ( Kerjasama ) 
[email protected] ( Customer Care )
           Copyright © 2023. Republika.co.id. All rights reserved."
RUPST BRI: Susunan Direksi Tetap dan Hanya Satu ...,https://infobanknews.com/rupst-bri-susunan-direksi-tetap-dan-hanya-satu-komisaris-yang-diganti/,2024-08-15,2024-03-01,"Jakarta – PT Bank Rakyat Indonesia (Persero) Tbk (BBRI) pada hari ini (1/3) telah melangsungkan rapat umum pemegang saham tahunan (RUPST) 2023. Salah satu agendanya adalah perubahan direksi dan komisaris perusahaan. Dalam RUPST tersebut, para pemegang saham memutuskan untuk memberhentikan dengan hormat dan mengangkat kembali Wakil Direktur Utama, Catur Budi Harto, Direktur Bisnis Wholesale dan Kelembagaan, Agus Noorsanto, serta Direktur Manajemen Risiko, Agus Sudiarto. Tidak hanya itu, para pemegang saham juga memberhentikan dengan hormat Hendrikus Ivo sebagai Komisaris Independen dan mengangkat Haryo Baskoro Wicaksono sebagai Komisaris Independen. “Anggota dewan komisaris yang diangkat itu baru dapat melaksanakan tugas dan fungsi dalam jabatannya setelah mendapatkan persetujuan dari OJK atas penilaian kemampuan dan kepatutan fit and proper test dan memenuhi ketentuan peraturan perundang-undangan yang berlaku,” ucap Direktur Utama BBRI, Sunarso dalam Konferensi Pers Virtual di Jakarta, 1 Maret 2024. Selain itu, BBRI juga melakukan perubahan nomenklatur jabatan untuk Direktur Bisnis Kecil dan Menengah menjadi Direktur Commercial, Small, and Medium Business. Lalu, Direktur Jaringan dan Layanan menjadi Direktur Retail Funding and Distribution. Sehingga berdasarkan perubahan tersebut, susunan direksi dan komisaris BBRI menjadi sebagai berikut: Itulah jajaran komisaris dan direksi terbaru hasil RUSPT BRI 2023. (*) ... ... ... Connect with us Copyright @ 2023 Infobanknews.comAll right reserved News UpdatePerbankanMoneter & FiskalKeuanganPasar Modal Ekonomi & BisnisShariah InsightInfo BPRMarket Update EntertainmentOtomotifPoliticFood & Travel RedaksiPedoman Media SiberKarirIklanMedia PartnerPrivacy PolicyDisclaimer InfobanknewsInfobankstoreInfobankdataInfobankeventInfobanktvUmkm Go Digital"
Anggota Komisi VI DPR Sebut Dirut BRI dan Bank Mandiri ...,https://finansial.bisnis.com/read/20240320/90/1751117/anggota-komisi-vi-dpr-sebut-dirut-bri-dan-bank-mandiri-potensial-jadi-menteri,2024-08-15,2024-03-20,"Nyaman tanpa iklan. Langganan BisnisPro Nyaman tanpa iklan. Langganan BisnisPro Nyaman tanpa iklan. Langganan BisnisPro Bisnis.com, JAKARTA -- Direktur Utama PT Bank Mandiri (Persero) Tbk. (BMRI) dan PT Bank Rakyat Indonesia (Persero) Tbk. (BBRI) disebut memiliki kapabilitas dalam mengisi jabatan kursi menteri ketika menghadiri Rapat Dengar Pendapat (RDP) dengan Komisi VI DPR RI.  Hal ini disampaikan oleh Anggota Komisi VI DPR dari Fraksi PDIP Mufti Anam usai menyoroti banyaknya calon menteri yang diusulkan dalam periode pemerintahan selanjutnya. “Kalau Presiden ditetapkan, cari [Menteri) stoknya di sini banyak, yang ahli keuangan ada pak Sunarso,” ujarnya dalam agenda Evaluasi Kinerja Korporasi Tahun 2023 di DPR, Rabu (20/3/2024) Dirinya menilai Direktur Utama BRI Sunarso cocok sebagai calon Menteri Keuangan RI dan Direktur Bank Mandiri Darmawan Junaidi dirasa mampu memimpin Kementerian BUMN. “Kemudian kalau nyari menteri BUMN sangat mudah sekali di sini ada Pak Darmawan. Beliau ini tahu mencari teamwork yang hebat-hebat,” pungkasnya. Pada kesempatan yang sama, Anggota Komisi VI DPR dari Fraksi PDIP Darmadi Durianto juga mengapresiasi kinerja Sunarso dan menyebut Dirut BRI itu bisa menjadi Menteri Keuangan pemerintahan berikutnya. Baca Juga “Disampaikan Pak Mufti juga masuk akal, bahwa Pak Sunarso ini calon Menteri Keuangan karena menguasai fiskal dan moneter. Kalau lewat dari bank, sudah kuasai semuanya,” imbuhnya. Adapun, kedua Direktur yang berada dalam lokasi yang sama saat itu memilih tidak berkomentar.  Sebagaimana diketahui, berdasarkan informasi dari narasumber yang enggan disebutkan namanya oleh Bloomberg, rencana pembentukan kabinet ini masih berada pada tahap awal, dan baru akan diperdalam ketika Prabowo-Gibran resmi dinyatakan sebagai pemenang oleh KPU pada 20 Maret 2024 mendatang.   Prabowo diketahui membidik para mantan bankir untuk dijadikan sebagai menteri keuangan. Dirinya dikabarkan mencari para teknokrat yang dapat mengamankan pendanaan untuk janji-janji kampanyenya sembari menjunjung tinggi kehati-hatian fiskal. Di mana, nama yang beredar adalah Menkes Budi Gunadi Sadikin, Wakil Menteri BUMN Kartika Wirjoatmodjo, dan Dirut PT Bank Negara Indonesia (Persero) Tbk. Royke Tumilaar.  Cek Berita dan Artikel yang lain di Google
            News dan WA Channel Nyaman tanpa iklan. Langganan BisnisPro Nyaman tanpa iklan. Langganan BisnisPro Nyaman tanpa iklan. Langganan BisnisPro Nyaman tanpa iklan. Langganan BisnisPro Nyaman tanpa iklan. Langganan BisnisPro"
Mantan Dirut BRI Suprajarto Meninggal Dunia di Singapura,https://ekonomi.republika.co.id/berita/s5wht2370/mantan-dirut-bri-suprajarto-meninggal-dunia-di-singapura,2024-08-15,2023-12-19,"Suprajarto menjabat sebagai Direktur Utama Bank BRI pada 2017-2019.  REPUBLIKA.CO.ID, JAKARTA -- Direktur Utama PT Bank Rakyat Indonesia (BRI) periode 2017-2019 Suprajarto meninggal dunia pada Selasa, 19 Desember 2023, di Singapura. Berdasarkan informasi yang diterima, almarhum tutup usia pukul 09.08 waktu Singapura setelah menjalani perawatan di Singapura sejak Jumat (15/12/2023). 



“Innalillahi wa inna ilaihi raji'un. Suprajarto bin KRTH. Poerwaningrat, Selasa, 19 Desember 2023 pukul 09.08 Waktu Singapura. Mohon dimaafkan segala kesalahan Almarhum. Semoga amal ibadahnya diterima di sisi Allah SWT. Aamiin Allahumma Aamiin,” kata istri almarhum, Alia Karenina melalui keterangan yang diterima di Jakarta, Selasa.
Baca Juga
 

Tugas Berat Menanti Benjie Yap 'Sopiri' Unilever Indonesia di Tengah Aksi Boikot
 
Telur Pitan Halal Dikonsumsi Asal Syaratnya Terpenuhi
 
Pupuk Indonesia Siapkan Seribu Ton Pupuk Bersubsidi Pascaelnino di Maluku Utara

 
Almarhum Suprajarto akan diterbangkan langsung dari Singapura ke Yogyakarta. Menurut informasi, rombongan keluarga akan membawa jenazah ke rumah duka di Jalan Supadi No 1 Kotabaru, Yogjakarta.
Kemudian almarhum akan dikebumikan pada Rabu, 20 Desember 2023 di Makam Imogiri, Yogyakarta, pukul 09.00 WIB. 









Suprajarto meninggalkan seorang istri, Alia Karenina dan dua orang anak, Bryan Yoga Kusuma dan Samugraha Ditya Kusuma, beserta menantu Ghina Raida Asilia dan satu orang cucu bernama Sheralma Dinara Kusuma.
Suprajarto terakhir menjabat sebagai Komisaris Utama Bank Jatim. Bankir yang lahir di Yogyakarta pada 28 Agustus 1956 itu telah lama berkarir di dunia perbankan Tanah Air.
Ia pernah menjabat sebagai sebagai Kepala Divisi Sekretariat Bank BRI periode 2005-2006. Suprajarto juga menjabat sebagai Direktur Bidang Jaringan dan Layanan BRI periode 2007-2015.
Kemudian pada 2015-2017, ia ditunjuk untuk menduduki kursi Wakil Direktur Utama Bank BRI, hingga terpilih sebagai Direktur Utama Bank BRI pada 2017-2019.





			Ikuti Whatsapp Channel Republika 
sumber : Antara 
 REPUBLIKA.CO.ID, JAKARTA -- Direktur Utama PT Bank Rakyat Indonesia (BRI) periode 2017-2019 Suprajarto meninggal dunia pada Selasa, 19 Desember 2023, di Singapura. Berdasarkan informasi yang diterima, almarhum tutup usia pukul 09.08 waktu Singapura setelah menjalani perawatan di Singapura sejak Jumat (15/12/2023). 
“Innalillahi wa inna ilaihi raji'un. Suprajarto bin KRTH. Poerwaningrat, Selasa, 19 Desember 2023 pukul 09.08 Waktu Singapura. Mohon dimaafkan segala kesalahan Almarhum. Semoga amal ibadahnya diterima di sisi Allah SWT. Aamiin Allahumma Aamiin,” kata istri almarhum, Alia Karenina melalui keterangan yang diterima di Jakarta, Selasa.
Baca Juga
 

Tugas Berat Menanti Benjie Yap 'Sopiri' Unilever Indonesia di Tengah Aksi Boikot
 
Telur Pitan Halal Dikonsumsi Asal Syaratnya Terpenuhi
 
Pupuk Indonesia Siapkan Seribu Ton Pupuk Bersubsidi Pascaelnino di Maluku Utara

 
Almarhum Suprajarto akan diterbangkan langsung dari Singapura ke Yogyakarta. Menurut informasi, rombongan keluarga akan membawa jenazah ke rumah duka di Jalan Supadi No 1 Kotabaru, Yogjakarta.
Kemudian almarhum akan dikebumikan pada Rabu, 20 Desember 2023 di Makam Imogiri, Yogyakarta, pukul 09.00 WIB. 









Suprajarto meninggalkan seorang istri, Alia Karenina dan dua orang anak, Bryan Yoga Kusuma dan Samugraha Ditya Kusuma, beserta menantu Ghina Raida Asilia dan satu orang cucu bernama Sheralma Dinara Kusuma.
Suprajarto terakhir menjabat sebagai Komisaris Utama Bank Jatim. Bankir yang lahir di Yogyakarta pada 28 Agustus 1956 itu telah lama berkarir di dunia perbankan Tanah Air.
Ia pernah menjabat sebagai sebagai Kepala Divisi Sekretariat Bank BRI periode 2005-2006. Suprajarto juga menjabat sebagai Direktur Bidang Jaringan dan Layanan BRI periode 2007-2015.
Kemudian pada 2015-2017, ia ditunjuk untuk menduduki kursi Wakil Direktur Utama Bank BRI, hingga terpilih sebagai Direktur Utama Bank BRI pada 2017-2019.





			Ikuti Whatsapp Channel Republika 
sumber : Antara 
 “Innalillahi wa inna ilaihi raji'un. Suprajarto bin KRTH. Poerwaningrat, Selasa, 19 Desember 2023 pukul 09.08 Waktu Singapura. Mohon dimaafkan segala kesalahan Almarhum. Semoga amal ibadahnya diterima di sisi Allah SWT. Aamiin Allahumma Aamiin,” kata istri almarhum, Alia Karenina melalui keterangan yang diterima di Jakarta, Selasa. 
Almarhum Suprajarto akan diterbangkan langsung dari Singapura ke Yogyakarta. Menurut informasi, rombongan keluarga akan membawa jenazah ke rumah duka di Jalan Supadi No 1 Kotabaru, Yogjakarta.
Kemudian almarhum akan dikebumikan pada Rabu, 20 Desember 2023 di Makam Imogiri, Yogyakarta, pukul 09.00 WIB. 









Suprajarto meninggalkan seorang istri, Alia Karenina dan dua orang anak, Bryan Yoga Kusuma dan Samugraha Ditya Kusuma, beserta menantu Ghina Raida Asilia dan satu orang cucu bernama Sheralma Dinara Kusuma.
Suprajarto terakhir menjabat sebagai Komisaris Utama Bank Jatim. Bankir yang lahir di Yogyakarta pada 28 Agustus 1956 itu telah lama berkarir di dunia perbankan Tanah Air.
Ia pernah menjabat sebagai sebagai Kepala Divisi Sekretariat Bank BRI periode 2005-2006. Suprajarto juga menjabat sebagai Direktur Bidang Jaringan dan Layanan BRI periode 2007-2015.
Kemudian pada 2015-2017, ia ditunjuk untuk menduduki kursi Wakil Direktur Utama Bank BRI, hingga terpilih sebagai Direktur Utama Bank BRI pada 2017-2019.





			Ikuti Whatsapp Channel Republika 
sumber : Antara 
 Almarhum Suprajarto akan diterbangkan langsung dari Singapura ke Yogyakarta. Menurut informasi, rombongan keluarga akan membawa jenazah ke rumah duka di Jalan Supadi No 1 Kotabaru, Yogjakarta. 
Kemudian almarhum akan dikebumikan pada Rabu, 20 Desember 2023 di Makam Imogiri, Yogyakarta, pukul 09.00 WIB. 









Suprajarto meninggalkan seorang istri, Alia Karenina dan dua orang anak, Bryan Yoga Kusuma dan Samugraha Ditya Kusuma, beserta menantu Ghina Raida Asilia dan satu orang cucu bernama Sheralma Dinara Kusuma.
Suprajarto terakhir menjabat sebagai Komisaris Utama Bank Jatim. Bankir yang lahir di Yogyakarta pada 28 Agustus 1956 itu telah lama berkarir di dunia perbankan Tanah Air.
Ia pernah menjabat sebagai sebagai Kepala Divisi Sekretariat Bank BRI periode 2005-2006. Suprajarto juga menjabat sebagai Direktur Bidang Jaringan dan Layanan BRI periode 2007-2015.
Kemudian pada 2015-2017, ia ditunjuk untuk menduduki kursi Wakil Direktur Utama Bank BRI, hingga terpilih sebagai Direktur Utama Bank BRI pada 2017-2019.





			Ikuti Whatsapp Channel Republika 
sumber : Antara 
 Kemudian almarhum akan dikebumikan pada Rabu, 20 Desember 2023 di Makam Imogiri, Yogyakarta, pukul 09.00 WIB. 
Suprajarto meninggalkan seorang istri, Alia Karenina dan dua orang anak, Bryan Yoga Kusuma dan Samugraha Ditya Kusuma, beserta menantu Ghina Raida Asilia dan satu orang cucu bernama Sheralma Dinara Kusuma.
Suprajarto terakhir menjabat sebagai Komisaris Utama Bank Jatim. Bankir yang lahir di Yogyakarta pada 28 Agustus 1956 itu telah lama berkarir di dunia perbankan Tanah Air.
Ia pernah menjabat sebagai sebagai Kepala Divisi Sekretariat Bank BRI periode 2005-2006. Suprajarto juga menjabat sebagai Direktur Bidang Jaringan dan Layanan BRI periode 2007-2015.
Kemudian pada 2015-2017, ia ditunjuk untuk menduduki kursi Wakil Direktur Utama Bank BRI, hingga terpilih sebagai Direktur Utama Bank BRI pada 2017-2019.





			Ikuti Whatsapp Channel Republika 
sumber : Antara 
 Suprajarto meninggalkan seorang istri, Alia Karenina dan dua orang anak, Bryan Yoga Kusuma dan Samugraha Ditya Kusuma, beserta menantu Ghina Raida Asilia dan satu orang cucu bernama Sheralma Dinara Kusuma. 
Suprajarto terakhir menjabat sebagai Komisaris Utama Bank Jatim. Bankir yang lahir di Yogyakarta pada 28 Agustus 1956 itu telah lama berkarir di dunia perbankan Tanah Air.
Ia pernah menjabat sebagai sebagai Kepala Divisi Sekretariat Bank BRI periode 2005-2006. Suprajarto juga menjabat sebagai Direktur Bidang Jaringan dan Layanan BRI periode 2007-2015.
Kemudian pada 2015-2017, ia ditunjuk untuk menduduki kursi Wakil Direktur Utama Bank BRI, hingga terpilih sebagai Direktur Utama Bank BRI pada 2017-2019.





			Ikuti Whatsapp Channel Republika 
sumber : Antara 
 Suprajarto terakhir menjabat sebagai Komisaris Utama Bank Jatim. Bankir yang lahir di Yogyakarta pada 28 Agustus 1956 itu telah lama berkarir di dunia perbankan Tanah Air. 
Ia pernah menjabat sebagai sebagai Kepala Divisi Sekretariat Bank BRI periode 2005-2006. Suprajarto juga menjabat sebagai Direktur Bidang Jaringan dan Layanan BRI periode 2007-2015.
Kemudian pada 2015-2017, ia ditunjuk untuk menduduki kursi Wakil Direktur Utama Bank BRI, hingga terpilih sebagai Direktur Utama Bank BRI pada 2017-2019.





			Ikuti Whatsapp Channel Republika 
sumber : Antara 
 Ia pernah menjabat sebagai sebagai Kepala Divisi Sekretariat Bank BRI periode 2005-2006. Suprajarto juga menjabat sebagai Direktur Bidang Jaringan dan Layanan BRI periode 2007-2015. 
Kemudian pada 2015-2017, ia ditunjuk untuk menduduki kursi Wakil Direktur Utama Bank BRI, hingga terpilih sebagai Direktur Utama Bank BRI pada 2017-2019.





			Ikuti Whatsapp Channel Republika 
sumber : Antara 
 Kemudian pada 2015-2017, ia ditunjuk untuk menduduki kursi Wakil Direktur Utama Bank BRI, hingga terpilih sebagai Direktur Utama Bank BRI pada 2017-2019. (QS. Al-Mulk ayat 14) Jl. Warung Buncit Raya No 37 Jakarta Selatan 12510  Phone: 021 780 3747  Email:
[email protected] (Redaksi)
[email protected] ( Marketing ) 
[email protected] ( Kerjasama ) 
[email protected] ( Customer Care )
           Copyright © 2023. Republika.co.id. All rights reserved."
Perjalanan Sunarso menjadi orang nomor satu di BRI,https://keuangan.kontan.co.id/news/perjalanan-sunarso-menjadi-orang-nomor-satu-di-bri,2024-08-15,2019-09-02,"Reporter: SS. Kurniawan | Editor: S.S. Kurniawan KONTAN.CO.ID - JAKARTA. Jajaran pengurus PT Bank Rakyat Indonesia (BRI) Tbk mengalami perombakan besar-besaran. Rapat Umum Pemegang Saham Luar Biasa (RUPSLB) yang berlangsung Senin (2/9) mengangkat Sunarso sebagai direktur utama (dirut).  Sunarso, yang baru delapan bulan menjabat lagi sebagai wakil direktur utama, menggantikan Suprajarto yang dicopot dari jabatannya sebagai dirut BRI pada pekan lalu. Suprajarto diangkat menjadi dirut PT Bank Tabungan Negara (BTN) Tbk tapi menolak dan memilih mengundurkan diri.  Bagaimana perjalanan Sunarso menuju kursi orang nomor satu BRI? Berikut jejak langkahnya berdasarkan hasil riset Kontan.co.id:  Baca Juga: Dirombak besar-besaran, RUPSLB Bank BRI tunjuk Sunarso jadi dirut   Pria kelahiran Pasuruan, 7 November 1963, ini merintis karier sebagai bankir di Bank Dagang Negara (BDN) pada 1991. Ia sembilan tahun bekerja di bank yang akhirnya melebur jadi Bank Mandiri.  Kariernya berlanjut di Bank Mandiri dengan posisi tertinggi sebagai direktur commercial & business banking. Ia menduduki kursi direksi bank dengan logo pita emas ini lima tahun, sejak 2010.  Pada 2015, Kementerian BUMN menunjuk Sunarso sebegai wakil direktur utama BRI. Lulusan Jurusan Agronomi Institut Pertanian Bogor (IPB) ini mendampingi Asmawi Syam yang menjabat direktur utama BRI.    Dua tahun sebagai wakil direktur utama BRI, Sunarso mendapat penugasan baru di luar dunia perbankan. Kementerian BUMN mengangkatnya sebagai dirut PT Pegadaian.  Baca Juga: Direksi BRI dirombak besar-besaran, ini alasannya   Tapi, hanya dua tahun sebagai orang nomor satu di Pegadaian, pemilik gelar master bisnis dari Universitas Indonesia (UI) kembali ke BRI. Ia kembali duduk di kursi wakil direktur utama BRI, sebelum akhirnya memegang tongkat komando bank yang identik dengan wong cilik ini mulai 2 September 2019.  Sejumlah penghargaan pernah Sunarso sabet. Misalnya, The Best CEO Anugerah BUMN Award 2018 kategori Talent Development dan The Best SME Banker of The Year 2013 in Asia Pacific The Triple A Awards from The Asset Magazine (Hong Kong)   Riwayat Pendidikan  Lulusan S2 Administrasi Bisnis Universitas Indonesia  Lulusan S1 Agronomi Institut Pertanian Bogor  Riwayat Pekerjaan  Direktur Utama BRI (2019)  Wakil Direktur Utama BRI (2019)  Direktur Utama PT Pegadaian (2017-2019)  Wakil Direktur Utama BRI (2015-2017)  Direktur Commercial & Business Banking PT Bank Mandiri Tbk (2010-2015)  Cek Berita dan Artikel yang lain di Google News"
Mantan Dirut BRI Suprajarto Meninggal Dunia di Singapura,https://ekonomi.republika.co.id/berita/s5wht2370/mantan-dirut-bri-suprajarto-meninggal-dunia-di-singapura,2024-08-15,2023-12-19,"Suprajarto menjabat sebagai Direktur Utama Bank BRI pada 2017-2019.  REPUBLIKA.CO.ID, JAKARTA -- Direktur Utama PT Bank Rakyat Indonesia (BRI) periode 2017-2019 Suprajarto meninggal dunia pada Selasa, 19 Desember 2023, di Singapura. Berdasarkan informasi yang diterima, almarhum tutup usia pukul 09.08 waktu Singapura setelah menjalani perawatan di Singapura sejak Jumat (15/12/2023). 



“Innalillahi wa inna ilaihi raji'un. Suprajarto bin KRTH. Poerwaningrat, Selasa, 19 Desember 2023 pukul 09.08 Waktu Singapura. Mohon dimaafkan segala kesalahan Almarhum. Semoga amal ibadahnya diterima di sisi Allah SWT. Aamiin Allahumma Aamiin,” kata istri almarhum, Alia Karenina melalui keterangan yang diterima di Jakarta, Selasa.
Baca Juga
 

Tugas Berat Menanti Benjie Yap 'Sopiri' Unilever Indonesia di Tengah Aksi Boikot
 
Telur Pitan Halal Dikonsumsi Asal Syaratnya Terpenuhi
 
Pupuk Indonesia Siapkan Seribu Ton Pupuk Bersubsidi Pascaelnino di Maluku Utara

 
Almarhum Suprajarto akan diterbangkan langsung dari Singapura ke Yogyakarta. Menurut informasi, rombongan keluarga akan membawa jenazah ke rumah duka di Jalan Supadi No 1 Kotabaru, Yogjakarta.
Kemudian almarhum akan dikebumikan pada Rabu, 20 Desember 2023 di Makam Imogiri, Yogyakarta, pukul 09.00 WIB. 









Suprajarto meninggalkan seorang istri, Alia Karenina dan dua orang anak, Bryan Yoga Kusuma dan Samugraha Ditya Kusuma, beserta menantu Ghina Raida Asilia dan satu orang cucu bernama Sheralma Dinara Kusuma.
Suprajarto terakhir menjabat sebagai Komisaris Utama Bank Jatim. Bankir yang lahir di Yogyakarta pada 28 Agustus 1956 itu telah lama berkarir di dunia perbankan Tanah Air.
Ia pernah menjabat sebagai sebagai Kepala Divisi Sekretariat Bank BRI periode 2005-2006. Suprajarto juga menjabat sebagai Direktur Bidang Jaringan dan Layanan BRI periode 2007-2015.
Kemudian pada 2015-2017, ia ditunjuk untuk menduduki kursi Wakil Direktur Utama Bank BRI, hingga terpilih sebagai Direktur Utama Bank BRI pada 2017-2019.





			Ikuti Whatsapp Channel Republika 
sumber : Antara 
 REPUBLIKA.CO.ID, JAKARTA -- Direktur Utama PT Bank Rakyat Indonesia (BRI) periode 2017-2019 Suprajarto meninggal dunia pada Selasa, 19 Desember 2023, di Singapura. Berdasarkan informasi yang diterima, almarhum tutup usia pukul 09.08 waktu Singapura setelah menjalani perawatan di Singapura sejak Jumat (15/12/2023). 
“Innalillahi wa inna ilaihi raji'un. Suprajarto bin KRTH. Poerwaningrat, Selasa, 19 Desember 2023 pukul 09.08 Waktu Singapura. Mohon dimaafkan segala kesalahan Almarhum. Semoga amal ibadahnya diterima di sisi Allah SWT. Aamiin Allahumma Aamiin,” kata istri almarhum, Alia Karenina melalui keterangan yang diterima di Jakarta, Selasa.
Baca Juga
 

Tugas Berat Menanti Benjie Yap 'Sopiri' Unilever Indonesia di Tengah Aksi Boikot
 
Telur Pitan Halal Dikonsumsi Asal Syaratnya Terpenuhi
 
Pupuk Indonesia Siapkan Seribu Ton Pupuk Bersubsidi Pascaelnino di Maluku Utara

 
Almarhum Suprajarto akan diterbangkan langsung dari Singapura ke Yogyakarta. Menurut informasi, rombongan keluarga akan membawa jenazah ke rumah duka di Jalan Supadi No 1 Kotabaru, Yogjakarta.
Kemudian almarhum akan dikebumikan pada Rabu, 20 Desember 2023 di Makam Imogiri, Yogyakarta, pukul 09.00 WIB. 









Suprajarto meninggalkan seorang istri, Alia Karenina dan dua orang anak, Bryan Yoga Kusuma dan Samugraha Ditya Kusuma, beserta menantu Ghina Raida Asilia dan satu orang cucu bernama Sheralma Dinara Kusuma.
Suprajarto terakhir menjabat sebagai Komisaris Utama Bank Jatim. Bankir yang lahir di Yogyakarta pada 28 Agustus 1956 itu telah lama berkarir di dunia perbankan Tanah Air.
Ia pernah menjabat sebagai sebagai Kepala Divisi Sekretariat Bank BRI periode 2005-2006. Suprajarto juga menjabat sebagai Direktur Bidang Jaringan dan Layanan BRI periode 2007-2015.
Kemudian pada 2015-2017, ia ditunjuk untuk menduduki kursi Wakil Direktur Utama Bank BRI, hingga terpilih sebagai Direktur Utama Bank BRI pada 2017-2019.





			Ikuti Whatsapp Channel Republika 
sumber : Antara 
 “Innalillahi wa inna ilaihi raji'un. Suprajarto bin KRTH. Poerwaningrat, Selasa, 19 Desember 2023 pukul 09.08 Waktu Singapura. Mohon dimaafkan segala kesalahan Almarhum. Semoga amal ibadahnya diterima di sisi Allah SWT. Aamiin Allahumma Aamiin,” kata istri almarhum, Alia Karenina melalui keterangan yang diterima di Jakarta, Selasa. 
Almarhum Suprajarto akan diterbangkan langsung dari Singapura ke Yogyakarta. Menurut informasi, rombongan keluarga akan membawa jenazah ke rumah duka di Jalan Supadi No 1 Kotabaru, Yogjakarta.
Kemudian almarhum akan dikebumikan pada Rabu, 20 Desember 2023 di Makam Imogiri, Yogyakarta, pukul 09.00 WIB. 









Suprajarto meninggalkan seorang istri, Alia Karenina dan dua orang anak, Bryan Yoga Kusuma dan Samugraha Ditya Kusuma, beserta menantu Ghina Raida Asilia dan satu orang cucu bernama Sheralma Dinara Kusuma.
Suprajarto terakhir menjabat sebagai Komisaris Utama Bank Jatim. Bankir yang lahir di Yogyakarta pada 28 Agustus 1956 itu telah lama berkarir di dunia perbankan Tanah Air.
Ia pernah menjabat sebagai sebagai Kepala Divisi Sekretariat Bank BRI periode 2005-2006. Suprajarto juga menjabat sebagai Direktur Bidang Jaringan dan Layanan BRI periode 2007-2015.
Kemudian pada 2015-2017, ia ditunjuk untuk menduduki kursi Wakil Direktur Utama Bank BRI, hingga terpilih sebagai Direktur Utama Bank BRI pada 2017-2019.





			Ikuti Whatsapp Channel Republika 
sumber : Antara 
 Almarhum Suprajarto akan diterbangkan langsung dari Singapura ke Yogyakarta. Menurut informasi, rombongan keluarga akan membawa jenazah ke rumah duka di Jalan Supadi No 1 Kotabaru, Yogjakarta. 
Kemudian almarhum akan dikebumikan pada Rabu, 20 Desember 2023 di Makam Imogiri, Yogyakarta, pukul 09.00 WIB. 









Suprajarto meninggalkan seorang istri, Alia Karenina dan dua orang anak, Bryan Yoga Kusuma dan Samugraha Ditya Kusuma, beserta menantu Ghina Raida Asilia dan satu orang cucu bernama Sheralma Dinara Kusuma.
Suprajarto terakhir menjabat sebagai Komisaris Utama Bank Jatim. Bankir yang lahir di Yogyakarta pada 28 Agustus 1956 itu telah lama berkarir di dunia perbankan Tanah Air.
Ia pernah menjabat sebagai sebagai Kepala Divisi Sekretariat Bank BRI periode 2005-2006. Suprajarto juga menjabat sebagai Direktur Bidang Jaringan dan Layanan BRI periode 2007-2015.
Kemudian pada 2015-2017, ia ditunjuk untuk menduduki kursi Wakil Direktur Utama Bank BRI, hingga terpilih sebagai Direktur Utama Bank BRI pada 2017-2019.





			Ikuti Whatsapp Channel Republika 
sumber : Antara 
 Kemudian almarhum akan dikebumikan pada Rabu, 20 Desember 2023 di Makam Imogiri, Yogyakarta, pukul 09.00 WIB. 
Suprajarto meninggalkan seorang istri, Alia Karenina dan dua orang anak, Bryan Yoga Kusuma dan Samugraha Ditya Kusuma, beserta menantu Ghina Raida Asilia dan satu orang cucu bernama Sheralma Dinara Kusuma.
Suprajarto terakhir menjabat sebagai Komisaris Utama Bank Jatim. Bankir yang lahir di Yogyakarta pada 28 Agustus 1956 itu telah lama berkarir di dunia perbankan Tanah Air.
Ia pernah menjabat sebagai sebagai Kepala Divisi Sekretariat Bank BRI periode 2005-2006. Suprajarto juga menjabat sebagai Direktur Bidang Jaringan dan Layanan BRI periode 2007-2015.
Kemudian pada 2015-2017, ia ditunjuk untuk menduduki kursi Wakil Direktur Utama Bank BRI, hingga terpilih sebagai Direktur Utama Bank BRI pada 2017-2019.





			Ikuti Whatsapp Channel Republika 
sumber : Antara 
 Suprajarto meninggalkan seorang istri, Alia Karenina dan dua orang anak, Bryan Yoga Kusuma dan Samugraha Ditya Kusuma, beserta menantu Ghina Raida Asilia dan satu orang cucu bernama Sheralma Dinara Kusuma. 
Suprajarto terakhir menjabat sebagai Komisaris Utama Bank Jatim. Bankir yang lahir di Yogyakarta pada 28 Agustus 1956 itu telah lama berkarir di dunia perbankan Tanah Air.
Ia pernah menjabat sebagai sebagai Kepala Divisi Sekretariat Bank BRI periode 2005-2006. Suprajarto juga menjabat sebagai Direktur Bidang Jaringan dan Layanan BRI periode 2007-2015.
Kemudian pada 2015-2017, ia ditunjuk untuk menduduki kursi Wakil Direktur Utama Bank BRI, hingga terpilih sebagai Direktur Utama Bank BRI pada 2017-2019.





			Ikuti Whatsapp Channel Republika 
sumber : Antara 
 Suprajarto terakhir menjabat sebagai Komisaris Utama Bank Jatim. Bankir yang lahir di Yogyakarta pada 28 Agustus 1956 itu telah lama berkarir di dunia perbankan Tanah Air. 
Ia pernah menjabat sebagai sebagai Kepala Divisi Sekretariat Bank BRI periode 2005-2006. Suprajarto juga menjabat sebagai Direktur Bidang Jaringan dan Layanan BRI periode 2007-2015.
Kemudian pada 2015-2017, ia ditunjuk untuk menduduki kursi Wakil Direktur Utama Bank BRI, hingga terpilih sebagai Direktur Utama Bank BRI pada 2017-2019.





			Ikuti Whatsapp Channel Republika 
sumber : Antara 
 Ia pernah menjabat sebagai sebagai Kepala Divisi Sekretariat Bank BRI periode 2005-2006. Suprajarto juga menjabat sebagai Direktur Bidang Jaringan dan Layanan BRI periode 2007-2015. 
Kemudian pada 2015-2017, ia ditunjuk untuk menduduki kursi Wakil Direktur Utama Bank BRI, hingga terpilih sebagai Direktur Utama Bank BRI pada 2017-2019.





			Ikuti Whatsapp Channel Republika 
sumber : Antara 
 Kemudian pada 2015-2017, ia ditunjuk untuk menduduki kursi Wakil Direktur Utama Bank BRI, hingga terpilih sebagai Direktur Utama Bank BRI pada 2017-2019. (QS. Al-Mulk ayat 14) Jl. Warung Buncit Raya No 37 Jakarta Selatan 12510  Phone: 021 780 3747  Email:
[email protected] (Redaksi)
[email protected] ( Marketing ) 
[email protected] ( Kerjasama ) 
[email protected] ( Customer Care )
           Copyright © 2023. Republika.co.id. All rights reserved."
"Dicopot dari Dirut BRI, Berikut Profil Suprajarto Halaman all",https://www.kompas.com/tren/read/2019/08/30/153404665/dicopot-dari-dirut-bri-berikut-profil-suprajarto?page=all,2024-08-15,2019-08-30,"Dicopot dari Dirut BRI, Berikut Profil Suprajarto Tim Redaksi KOMPAS.com - Mantan Direktur Utama (Dirut) PT Bank Rakyat Indonesia (Persero) Suprajarto ditunjuk sebagai Dirut PT Bank Tabungan Negara (BTN) pada Kamis (29/8/2019). Adapun penunjukan itu dilakukan saat Rapat Umum Pemegang Saham Luar Biasa (RUPSLB) yang digelar di Menara BTN, Jakarta. Namun, pria yang telah 8 tahun menjabat sebagai Direktur Jaringan dan Layanan di BRI ini menolak mengemban tugas sebagai Dirut BTN. Lalu, seperti apa perjalanan karier Suprajarto? Sebelum ditunjuk sebagai Dirut BTN, Suprajarto pernah menjabat sebagai Kepala Divisi Sekretariat Perusahaan PT Bank Rakyat Indonesia (BRI) pada tahun 2005-2006. Tidak berhenti di situ, jalan karier Suprajarto pun berlanjut di bank pelat merah. Suprajarto dipilih untuk menjadi Pemimpin Wilayah Jakarta-Kantor Wilayah Jakarta 1 BRI pada tahun 2006-2007. Menariknya, ia juga sempat bertugas lama menjabat sebagai Direktur Jaringan dan Layanan BRI pada 2007 hingga 2015. Setelah mengemban tugas sekitar 1 dasawarsa, ia dipindahtugaskan menjadi Wakil Direktur Utama PT Bank Negara Indonesia (BNI) pada tahun 2015. Baca juga: Mantan Dirut BRI Suprajarto Tolak Jabat Dirut BTN Dua tahun setelah itu, jabatan Wakil Direktur Utama BNI digantikan oleh Herry Sidharta yang disetujui dalam Rapat Umum Pemegang Saham (RUPS). Di sisi lain, saat tidak lagi mengemban tugas di BNI, Suprajarto kembali bergabung di BRI dan dipilih sebagai Dirut BRI di RUPS pada 15 Maret 2017. Ketika itu, Suprajarto menggantikan Asmawi Syam yang telah purnatugas pada bulan Maret 2017. Jabatan Dirut BRI ini pun terus berlangsung hingga ia ditunjuk sebagai Dirut BTN oleh Kementerian Badan Usaha Milik Negara (BUMN). Namun, dirinya menolak diangkat menjadi Dirut Bank BTN. Diketahui, Suprajarto mengaku tidak pernah diajak berbicara oleh Kementerian BUMN mengenai pencopotan dirinya dari Dirut BRI. Menyoal jabatan barunya di BTN juga tidak pernah ada pemberitahuan sebelumnya. Suprajarto mengaku tak pernah mempunyai masalah dengan Menteri BUMN Rini Soemarno sebelum dirinya dicopot dari Dirut BRI. Saat ditanya apakah bersedia apabila ditunjuk menjadi Dirut perusahaan BUMN lainnya, Suprajarto tidak mau berandai-andai. Sementara ini, dia hanya ingin berlibur. ""Rencana mau liburan. Itu dipikir nanti yang penting saya happy dan enjoy,"" katanya sebagaimana diberitakan Kompas.com, Jumat (30/8/2019). Baca juga: Suprajarto, Mantan Dirut BRI yang Tolak Jadi Dirut BTN  (Sumber: Kompas.com/Murti Ali Lingga, Sakina Rakhma Diah Setiawan, Yoga Sukmana)               Copyright 2008 - 2024 PT. Kompas Cyber Media (Kompas Gramedia Digital Group). All Rights Reserved."
"Dirut BRI, Sunarso Dinobatkan sebagai CEO of The Year 2023",https://bisnis.tempo.co/read/1807096/dirut-bri-sunarso-dinobatkan-sebagai-ceo-of-the-year-2023,2024-08-15,2023-12-08,"Lupa Kata Sandi? Klik di Sini atau Masuk melalui Belum Memiliki Akun Daftar di Sini atau Daftar melalui Sudah Memiliki Akun Masuk di Sini Konfirmasi Email Kami telah mengirimkan link aktivasi melalui email ke rudihamdani@gmail.com. Klik link aktivasi dan dapatkan akses membaca 2 artikel gratis non Laput di koran dan Majalah Tempo Jika Anda tidak menerima email,
Kirimkan Lagi Sekarang Pencarian Terpopuler Jumat, 8 Desember 2023 23:04 WIB 

                      Bagikan
                    
 INFO BISNIS - Di tengah ketidakpastian ekonomi dunia, transformasi berkelanjutan yang dijalankan PT Bank Rakyat Indonesia (Persero) Tbk atau BRI menjadi fondasi kesuksesan perseroan dalam menjaga kinerja positif yang sustain. Atas hal tersebut, BRI mendapatkan total 6 penghargaan dan Direktur Utama BRI Sunarso pun dinobatkan sebagai CEO of The Year 2023 dalam ajang Top 100 CEO & The Next 200 Leaders Forum 2023 yang diselenggarakan oleh Majalah Infobank di Jakarta, 5 Desember 2023. Dalam ajang tersebut BRI lima penghargaan lainnya diperoleh Direktur Jaringan dan Layanan BRI Andrijanto yang didapuk sebagai The Next Leaders 2023. The Next Leaders 2023 juga diserahkan kepada Direktur Keuangan BRI Viviana Dyah Ayu, Direktur Digital & Teknologi Informasi BRI Arga M Nugraha dan SEVP Change Management & Transformation Office Harsya Wardana P. Adapun award Bankers of The Year diberikan kepada Direktur Bisnis Mikro BRI Supari. Baca juga: Anwar Hafid Didukung Masyarakat Buol untuk Jadi Gubernur Sulteng Dengan mengangkat tema The Inspiration From Successful Leaders In Crisis Experience Sharing, Book Launching, And The Ceremony Of Recognition, penghargaan tersebut mengapresiasi pencapaian dan prestasi tertentu dari CEO terpilih. Selain itu, pengalaman, ketokohan, dan kontribusi CEO terpilih bagi industrinya juga diperhitungkan sebagai penilaian. Terkait dengan pencapaian tersebut, Direktur Utama BRI Sunarso mengungkapkan bahwa penghargaan ini akan menjadi pemacu semangat untuk terus menorehkan berbagai prestasi dan kinerja terbaik BRI di tahun-tahun mendatang. ""Penghargaan ini didedikasikan kepada Insan BRILiaN yang telah memberikan kontribusi terbaiknya kepada BRI dan untuk Indonesia. Penghargaan ini juga saya persembahkan untuk seluruh nasabah UMKM BRI yang menjadi tulang punggung perekonomian Indonesia,"" ungkap Sunarso. Pencapaian BRI tersebut tak terlepas dari keberhasilan BRI Group mencatatkan kinerja cemerlang pada tahun 2022. Kinerja gemilang tahun lalu tersebut juga berlanjut di sepanjang tahun 2023. Dimana hingga Kuartal III 2023, aset BRI secara konsolidasian berhasil tumbuh 9,93% year-on-year (yoy) menjadi Rp1.851,97 triliun. Pertumbuhan aset tersebut juga diiringi dengan perolehan laba dalam 9 bulan yang mencapai sebesar Rp44,21 triliun atau tumbuh 12,47% yoy. Baca juga: Bamsoet Terima Tanda Kehormatan Bintang Mahaputera Adipradana Dari sisi fungsi intermediasi, Sunarso mengungkapkan bahwa perseroan menargetkan pertumbuhan kredit sebesar 10-12% year on year di tahun 2023. Realisasinya, hingga akhir September 2023 penyaluran kredit BRI Group mampu tumbuh 12,53% yoy menjadi Rp1.250,72 triliun. Pertumbuhan tersebut berada di atas pertumbuhan kredit di industri (nasional) yang sebesar 8,96% yoy. Khusus penyaluran kredit UMKM BRI juga mencatat pertumbuhan 11,01% dari semula Rp935,86 triliun di akhir Kuartal III 2022 menjadi Rp1.038,90 triliun di akhir Kuartal III 2023. Dengan demikian porsi kredit UMKM BRI mencapai 83,06% dibandingkan dengan total kredit BRI Selain itu, salah satu pendorong kinerja BRI adalah keberhasilan perseroan dalam melakukan transformasi. Tidak hanya berkontribusi terhadap kinerja BRI, transformasi digital yang dilakukan BRI tersebut juga telah memberikan dampak positif terhadap inklusi dan literasi keuangan masyarakat yakni Super App BRImo. Aplikasi serba bisa ini telah digunakan 30,4 juta user sejak diluncurkan kurang dari 4 tahun lalu, yaitu pada Februari 2019. Saat ini (hingga Oktober 2023) Super App BRImo telah digunakan oleh 30,4 juta user, angka tersebut meningkat pesat dari 2,9 juta user pada akhir Desember 2019. Dari sisi volume transaksi telah mencapai Rp3.353 triliun atau tumbuh sekitar 60,83% yoy. “Ini merupakan salah satu hasil transformasi digital BRI, selain bertujuan untuk meningkatkan efisiensi, inisiatif ini juga terus dikembangkan untuk menjawab kebutuhan pasar,” tambah Sunarso.  “Melalui transformasi berkelanjutan serta eksekusi strategi yang baik, BRI optimis mampu untuk meng-create value secara berkelanjutan, baik dari sisi ekonomi maupun sosial, serta akan memberikan return yang optimal kepada pemegang saham di masa mendatang,” pungkas Sunarso.(*) Berita Selanjutnya Jokowi Serahkan Bonus Peraih Medali Olimpiade, Lebih Tinggi dari Atlet AS 30 menit lalu Tempo Channel Dapatkan kabar pilihan editor dan breaking news di Tempo.co WhatsApp Channel. Artikel Terkait Anwar Hafid Didukung Masyarakat Buol untuk Jadi Gubernur Sulteng Bamsoet Terima Tanda Kehormatan Bintang Mahaputera Adipradana Bupati Lombok Utara Terima Penghargaan UHC Dari BPJS Kesehatan RI Diskon Emas Fantastis di Pegadaian PLN Pastikan Data Pelanggan Aman dengan Sistem Terenkripsi PLN dan Kejaksaan Perkuat Tata Kelola guna Akselerasi Transisi Energi Rekomendasi Artikel Video Pilihan Anwar Hafid Didukung Masyarakat Buol untuk Jadi Gubernur Sulteng 13 jam lalu Tokoh masyarakat Bunobogu Selatan, Mohammad Iksan menyatakan, masyarakat Bunobogu sendiri sudah sejak lama mengharapkan sosok pemimpin seperti Anwar Hafid. Seorang pemimpin dengan rekam jejak karir yang luar biasa. Bamsoet Terima Tanda Kehormatan Bintang Mahaputera Adipradana 13 jam lalu Bambang Soesatyo memperoleh gelar tanda jasa dan tanda kehormatan Republik Indonesia jelang HUT Kemerdekaan RI ke-79 dari Presiden RI Joko Widodo. Bupati Lombok Utara Terima Penghargaan UHC Dari BPJS Kesehatan RI 13 jam lalu Bupati Lombok Utara, Djohan Sjamsu terima penghargaan Universal Healt Coverage (UHC) Awards 2024 dari BPJS Kesehatan RI. Diskon Emas Fantastis di Pegadaian 14 jam lalu PT Pegadaian menghadirkan promo spesial untuk produk Tabungan Emas. PLN Pastikan Data Pelanggan Aman dengan Sistem Terenkripsi 14 jam lalu PT PLN (Persero) berkomitmen melindungi dan menjaga keamanan data pelanggan. PLN dan Kejaksaan Perkuat Tata Kelola guna Akselerasi Transisi Energi 14 jam lalu PLN berkolaborasi dengan Kejaksaan Agung Republik Indonesia (RI) guna memastikan akselerasi transisi energi PLN Pastikan Keandalan Pasokan Listrik untuk Pabrik Baterai Anoda di KEK Kendal 14 jam lalu Pabrik ini diharapkan dapat memproduksi 80 ribu ton material anoda per tahun yang setara dengan 1,5 juta mobil listrik. AMDK Galon Polikarbonat Tak Ada Kaitannya dengan Obesitas pada Anak 14 jam lalu Ada dua hal utama penyebab obesitas pada anak yaitu asupan makanan yang berlebih dan kurangnya aktivitas fisik. Tidak ada kaitannya sama sekali dengan air minum galon Polikarbonat. 13 Desa di Kabupaten Sintang Kini Terang dengan Listrik PLN 14 jam lalu Sebanyak 2.767 warga di 13 desa di Kabupaten Sintang Kalimantan Barat kini tersenyum bahagia setelah PT PLN (Persero) berhasil mengalirkan listrik di wilayah tersebut. Sekjen PDI-Perjuangan Sebut Politik Bisa Membangun Peradaban 14 jam lalu Sekretaris Jendral (Sekjen) Partai Demokrasi Indonesia Perjuangan atau PDI-Perjuangan, Hasto Kristiyanto sebut politik adalah cara untuk membangun peradaban. Terpopuler di Bisnis Daftar Pemda yang Sudah Umumkan Jumlah Formasi CPNS dan PPPK 2024  23 jam lalu Jokowi Sebut Prabowo Sudah Tidak Sabar untuk Berkantor di IKN 23 jam lalu Viral karena Hampir Pingsan di IKN, Segini Kisaran Gaji Paskibraka  18 jam lalu Daftar Formasi CPNS dan PPPK Kemenkumham 2024 untuk Lulusan SMA-S2  16 jam lalu Menteri PANRB Sebut Buka 60 Ribu Formasi CPNS ke IKN, Berikut Dokumen yang Harus Disiapkan 17 jam lalu  17 jam lalu Liburan Impian Semakin Sempurna dengan Maskapai Penerbangan yang Tepat 22 jam lalu Warga Rempang Berunjuk Rasa di Depan Kantor Airlangga Hartarto, Tolak Proyek Rempang Eco-City  21 jam lalu PT KAI Sediakan Tempat Pengisian Air Minum Gratis di Setiap Stasiun LRT Jabodebek 18 jam lalu Andrinof Chaniago Kritik Langkah  Jokowi Obral HGU di IKN hingga Hampir 2 Abad: Kebablasan 20 jam lalu 
    Terkini di Bisnis   Jokowi Serahkan Bonus Peraih Medali Olimpiade, Lebih Tinggi dari Atlet AS 30 menit lalu BI: Utang Luar Negeri Kuartal II 2024 Naik 2,7 Persen Jadi 408,6 Miliar Dolar AS 41 menit lalu Tempo Buka Lowongan Kerja Penulis Artikel Cek Fakta 54 menit lalu Celios: Kenaikan UKT Kian Menggerus Daya Beli Kelas Menengah  1 jam lalu BRI Danareksa Optimistis IHSG Bisa Tembus 8.000 hingga Akhir Tahun 1 jam lalu Promo Kemerdekaan, Diskon 70 dan 50 Persen untuk KA Sribilah Utama Tujuan Medan-Rantauprapat 1 jam lalu Promo Kemerdekaan, Jumlah Pengunjung Taman Impian Jaya Ancol Tembus 50 Ribu di Akhir Pekan Pertama Agustus 2 jam lalu Ekonom Soroti Beban Utang Rp1.200 T Tahun Depan, Singgung Biaya Upacara 17 Agustus di IKN 2 jam lalu Turun Rp 5.000, Harga Emas Antam Hari Ini Rp 1.414.000 per Gram 2 jam lalu Profil Rengkuh Banyu Mahandaru, Inisiator Plepah Kenalkan Produk Kemasan dari Pelepah Pinang 2 jam lalu Simak berita harian lebih mendalam di Majalah Tempo Digital. LAPORAN UTAMA LAPORAN NASIONAL Informasi Trustworthy News Jaringan Media Media Sosial Unduh Aplikasi Tempo"
Transformasi Digital Bawa Dirut BRI Raih The Best CEO in ...,https://keuangan.kontan.co.id/news/transformasi-digital-bawa-dirut-bri-raih-the-best-ceo-in-digital-brand-2024,2024-08-15,2024-04-06,"Reporter: Tim KONTAN | Editor: Ridwal Prima Gozal KONTAN.CO.ID - Kinerja ciamik PT Bank Rakyat Indonesia (Persero) Tbk atau BRI membuahkan hasil dengan memborong 12 penghargaan dalam ajang 13th Infobank-Isentia Digital Brand Recognition 2024, pada 1 April 2024 lalu di Jakarta. Dalam penghargaan tersebut juga, Direktur Utama BRI Sunarso dinobatkan sebagai The Best CEO in Digital Brand 2024.  Anugerah tersebut diberikan atas keberhasilan transformasi BRI dalam memberikan pelayanan digital yang memuaskan nasabah. Selain itu, BRI juga meraih penghargaan sebagai perusahaan perbankan terbaik atas hasil penilaian masyarakat dan feedback media sosial pada produk-produk & layanan perbankan berbasis digital.  Baca Juga: KPR Green Financing BRI Tawarkan DP Nol Persen dan Bunga Rendah untuk Hunian Hijau   Sementara itu, sebelas penghargaan lain yang diterima BRI diantaranya yakni The Best Overall Tabungan Bank Umum Konvensional 2024, The Best Overall Tabungan Bank Umum Konvensional 2024-KBMI 4 (Modal Inti di atas Rp70 triliun), The 2nd Best Overall KPR Bank Umum Konvensional 2024, The 2nd Best Overall Wealth Management Bank Umum Konvensional 2024, The 2nd Best Overall Mobile Banking Bank Umum Konvensional 2024, The 2nd Best Deposito Bank Umum Konvensional 2024-KBMI 4 (Modal Inti di atas Rp70 triliun).  Kemudian The 2nd Best Overall Wealth Management Bank Umum Konvensional 2024-KBMI 4 (Modal Inti di atas Rp70 triliun), The 2nd Best Mobile Banking Bank Umum Konvensional 2024-KBMI 4 (Modal Inti di atas Rp70 triliun), The 2nd Best Deposito Bank Umum Konvensional 2024-KBMI 4 (Modal Inti di atas Rp70 triliun), The 3rd Best Overall Bank Umum Konvensional 2024, dan The 3rd Best Overall Bank Umum Konvensional 2024-KBMI 4 (Modal Inti d atas Rp70 triliun).  Dalam sambutannya, Sunarso mendedikasikan penghargaan tersebut untuk seluruh Insan BRILian atau pekerja BRI karena telah memberikan kontribusi optimal kepada perusahaan dan memberikan pelayanan terbaik untuk nasabah. Sebagai bank dengan jaringan terluas di Indonesia, ia menilai BRI mampu menjalankan transformasi secara berkelanjutan dengan fokus transformasi pada dua aspek utama, yakni digital dan budaya.  “Kami terus men-create value baru melalui digitalisasi untuk menjalankan business model,” jelasnya.  Seperti diketahui, layanan perbankan saat ini sudah sangat beragam dengan kehadiran produk keuangan digital. Menurut Sunarso, BRI berhasil menjawab kebutuhan dan perubahan pola transaksi masyarakat tersebut secara digital.  Hal ini dibuktikan dengan catatan 99% dari total transaksi BRI dilakukan melalui kanal digital selama tahun 2023. Sementara itu, sisanya dilakukan secara konvensional di cabang atau unit kerja BRI. Transformasi digital tersebut membuat BRI menyediakan layanan digital perbankan yang mudah, praktis, dan aman.  Baca Juga: KPR Green Financing BRI Tawarkan DP Nol Persen dan Bunga Rendah untuk Hunian Hijau   Sunarso menambahkan, BRI akan terus berinovasi mengembangkan layanan digital sebagai bagian dari transformasi dalam beberapa waktu ke depan. “Transformasi digital telah membantu mendongkrak industri perbankan dengan cepat, meningkatkan inklusi keuangan, dan memberdayakan usaha ultra mikro, mikro, kecil, dan menengah yang merupakan salah satu fokus utama BRI,” pungkasnya.  Cek Berita dan Artikel yang lain di Google News"
BRI Raih Peringkat 110 Global Top 1.000 Banks Rilisan The ...,https://bisnis.tempo.co/read/1892392/bri-raih-peringkat-110-global-top-1-000-banks-rilisan-the-banker-ini-profil-dirut-bri-sunarso-plus-harta-kekayaannya,2024-08-15,2024-07-17,"Lupa Kata Sandi? Klik di Sini atau Masuk melalui Belum Memiliki Akun Daftar di Sini atau Daftar melalui Sudah Memiliki Akun Masuk di Sini Konfirmasi Email Kami telah mengirimkan link aktivasi melalui email ke rudihamdani@gmail.com. Klik link aktivasi dan dapatkan akses membaca 2 artikel gratis non Laput di koran dan Majalah Tempo Jika Anda tidak menerima email,
Kirimkan Lagi Sekarang Pencarian Terpopuler Reporter Michelle Gabriela  Editor S. Dian Andryanto Rabu, 17 Juli 2024 10:55 WIB 

                      Bagikan
                    
 TEMPO.CO, Jakarta - PT Bank Rakyat Indonesia (Persero) Tbk atau BRI masuk dalam daftar Top 1000 Banks 2024 yang dirilis oleh media ekonomi dan keuangan berbasis di London, yaitu The Banker, pada Rabu, 10 Juli 2024.  Dilansir dari Antara, Direktur Utama BRI Sunarso mengungkapkan seluruh penghargaan yang diperoleh BRI tak lepas dari komitmen perseroan yang terus mengusung misi menciptakan economic value dan social value dengan terus fokus pada pemberdayaan UMKM. Baca juga: BRI Danareksa Optimistis IHSG Bisa Tembus 8.000 hingga Akhir Tahun ""Hal tersebut terbukti berhasil menjadi landasan dalam pencapaian kinerja yang positif bagi BRI yang menjadi leader di industri perbankan di Indonesia serta semakin menunjukkan pengaruh di industri keuangan regional dan global,"" kata Sunarso melalui keterangan tertulisnya di Jakarta, Senin, 15 Juli 2024. Dalam daftar Top 1000 Banks 2024, tercatat 26 bank berasal dari Indonesia dan BRI menduduki peringkat teratas serta berperingkat 110 secara global. Adapun Top 1000 Banks 2024 tersebut berisikan 1000 bank terbaik di seluruh dunia, dengan parameter penilaian Tier 1 Capital, Aset, Profit pre tax, Capital Asset Ratio, Return on Capital, dan Return on Asset. Baca juga: 10 Perusahaan dengan Pendapatan Terbesar Versi Fortune Indonesia, Didominasi Sektor Energi  Profil Direktur Utama BRI Sunarso bukanlah nama baru di jajaran dewan direksi BRI. Sunarso pernah menjabat Wakil Direktur sejak 2015. Kemudian, ia ditetapkan sebagai Dirut menggantikan Suprajarto melalui Rapat Umum Pemegang Saham Luar Biasa (RUPSLB) di Jakarta, pada Senin, 2 September 2019. Dilansir dari Antara, pria kelahiran Pasuruan pada 7 November 1963 itu sempat menduduki kursi Direktur Utama PT Pegadaian (Persero) pada Oktober 2017 sampai Januari 2019. Namun, ia kembali ditunjuk menjadi salah pimpinan tertinggi bank plat merah tersebut.  Sunarso mengawali pendidikan di perguruan tinggi dengan meraih gelar Sarjana Pertanian dari Institut Pertanian Bogor (IPB) pada 1988. Bos BRI itu juga melanjutkan pascasarjana hingga memperoleh gelar Master of Business Administration dari Universitas Indonesia (UI) pada 2002.  Pria yang menerbitkan buku berjudul Strategi Pembangunan Pertanian yang Visioner dan Integratif itu tercatat mengikuti berbagai program pelatihan di London Business School, Melbourne University, University of Chicago, University of New South Wales, dan Northwestern University. Karier profesional Sunarso diawali sebagai Analis Kredit di Bank Dagang Negara (BDN). Karier kemudian menanjak dan menjabat sebagai Asisten Relationship Manager serta Relationship Manager pada 1991-1996.  Pada 1999, ia memulai karier di Bank Mandiri sebagai seorang Bankir. Sejumlah tugas sempat diembannya, antara lain Senior Officer, Senior Relationship Manager, Senior Vice President (SVP) Client Service Team Manager, Assistant Vice President, SVP Group Head Plantation Spesialist, serta Executive Vice President Group Head Agro-Based Corporate Banking.  Pada akhirnya, Sunarso menduduki posisi puncak sebagai Direktur Commercial & Business Banking PT Bank Mandiri (Persero) sejak 2010 sampai 2015. Saat bertugas di Pegadaian, ia menjadi inisiator transformasi digital dan mendapat sejumlah penghargaan di bidang kepemimpinan dari BUMN. Berdasarkan data Laporan Harta Kekayaan Pejabat Negara (LHKPN) elektronik, Sunarso pertama kali menyampaikan laporan harta kekayaannya saat menjadi Wakil Direktur Utama BRI pada 30 April 2015 sebesar Rp62,8 miliar (Rp62.859.283.220).  Dalam laporan harta kekayaan terakhir pada periode 31 Desember 2021, ia tercatat memiliki harta kekayaan sebesar Rp166,7 miliar (Rp166.753.308.225). Namun, ia belum menyerahkan laporan terbaru kepada KPK untuk periode 2022. Dengan begitu, kekayaan Sunarso meningkat Rp103,9 miliar dalam kurun waktu enam tahun.  Sunarso memiliki sejumlah aset yang terlampir dalam LHKN, di antaranya berupa tanah dan bangunan dengan luas berkisar 48-10.100 meter persegi senilai Rp28,8 miliar (Rp28.874.595.300). Bidang tanah dan bangunan tersebut tersebar di Bogor, Karawang, Tangerang, Jakarta Selatan, Jakarta Pusat, dan Jakarta Selatan. Selain itu, Bos BRI juga mengoleksi sejumlah kendaraan baik roda dua maupun roda empat, dengan total Rp3,3 miliar (Rp3.391.650.000), antara lain: - Motor Honda (2008): Rp2.500.000. - Mercedes Benz 2400 (2015): Rp999.400.000. - Mitsubishi Pajero Sport (2017): Rp473.000.000. - BMW Minibus (2020): Rp800.000.000. -  Toyota Alphard 2.5 G AT (2019): Rp1.116.750.000.  Harta kekayaan Sunarso lain terdiri dari aset bergerak lainnya Rp950.000.000, surat berharga Rp68,9 miliar (Rp68.950.183.801), kas dan setara kas Rp36,6 miliar (Rp36.673.670.437), harta lain Rp27,9 miliar (Rp27.994.924.362), serta utang senilai Rp81.715.675.  MICHELLE GABRIELA  | NIA HEPPY | MELYNDA DWI PUSPITA | ANTARA Pilihan Editor: Direksi BRI Kompak Borong Saham Berita Selanjutnya Jokowi Serahkan Bonus Peraih Medali Olimpiade, Lebih Tinggi dari Atlet AS 30 menit lalu Tempo Channel Dapatkan kabar pilihan editor dan breaking news di Tempo.co WhatsApp Channel. Artikel Terkait BRI Danareksa Optimistis IHSG Bisa Tembus 8.000 hingga Akhir Tahun 10 Perusahaan dengan Pendapatan Terbesar Versi Fortune Indonesia, Didominasi Sektor Energi  Ditopang Dana Murah, Total DPK Bank Mandiri Tembus Rp 1.651 Triliun per Semester I 2024 Kebijakan Baru BRI Bagi Pemilik Rekening Dormant Kebijakan Baru BRI Bagi Pemilik Rekening Dormant Pameran HUT Kemerdekaan, BCA Beri Diskon dan Potongan Bunga untuk Kredit Rumah dan Kendaraan Bermotor Rekomendasi Artikel Video Pilihan BRI Danareksa Optimistis IHSG Bisa Tembus 8.000 hingga Akhir Tahun 1 jam lalu Direktur Utama BRI Danareksa Sekuritas Laksono Widodo yakin IHSG dapat menguat hingga level 8.000 hingga akhir tahun. 10 Perusahaan dengan Pendapatan Terbesar Versi Fortune Indonesia, Didominasi Sektor Energi  19 jam lalu Daftar top 10 perusahaan terbesar di Indonesia berdasarkan pendapatannya menurut Fortune Indonesia Ditopang Dana Murah, Total DPK Bank Mandiri Tembus Rp 1.651 Triliun per Semester I 2024 1 hari lalu Bank Mandiri mencatat pertumbuhan DPK konsolidasi mencapai 15,4 persen secara tahunan pada semester I 2024, sebesar Rp 1.651 triliun yang ditopang oleh peningkatan dana murah atau CASA Kebijakan Baru BRI Bagi Pemilik Rekening Dormant 1 hari lalu BRI memberlakukan kebijakan baru terkait perubahan batas waktu Kebijakan Baru BRI Bagi Pemilik Rekening Dormant 1 hari lalu BRI memberlakukan kebijakan baru terkait perubahan batas waktu Pameran HUT Kemerdekaan, BCA Beri Diskon dan Potongan Bunga untuk Kredit Rumah dan Kendaraan Bermotor 1 hari lalu BCA Expo akan diselenggarakan secara daring dan luring mulai 16 Agustus 2024. Kualitas Tenaga Kerja UMKM Dinilai Masih Rendah 2 hari lalu Kementerian Koperasi dan Usaha Kecil dan Menengah (UKM) menilai kualitas tenaga kerja UMKM masih rendah. Terpopuler: Jokowi Sebut Prabowo Setujui Anggaran IKN; Scammer Ubah Nomor Telepon Hotel, Bank, dan Money Changer  2 hari lalu Presiden Jokowi mengatakan presiden terpilih Prabowo Subianto telah menyetujui anggaran untuk percepatan pembangunan infrastruktur di IKN. Deskripsi Alamat Kantor Cabang Disusupi Scammer di Google Maps, Ini Tindakan Perbankan  2 hari lalu Sejumlah deskripsi alamat kantor cabang perbankan di Google Maps disusupi oleh scammer dengan cara menuliskan nomor palsu.  Pemerintah Targetkan Rp 8 Triliun dari Lelang SBSN Besok 2 hari lalu Pemerintah akan melelang SBSN atau Sukuk Negara besok Selasa, 13 Agustus 2024 dengan target indikatif Rp 8 triliun. Terpopuler di Bisnis Daftar Pemda yang Sudah Umumkan Jumlah Formasi CPNS dan PPPK 2024  23 jam lalu Jokowi Sebut Prabowo Sudah Tidak Sabar untuk Berkantor di IKN 23 jam lalu Viral karena Hampir Pingsan di IKN, Segini Kisaran Gaji Paskibraka  18 jam lalu Daftar Formasi CPNS dan PPPK Kemenkumham 2024 untuk Lulusan SMA-S2  16 jam lalu Menteri PANRB Sebut Buka 60 Ribu Formasi CPNS ke IKN, Berikut Dokumen yang Harus Disiapkan 17 jam lalu  17 jam lalu Liburan Impian Semakin Sempurna dengan Maskapai Penerbangan yang Tepat 22 jam lalu Warga Rempang Berunjuk Rasa di Depan Kantor Airlangga Hartarto, Tolak Proyek Rempang Eco-City  21 jam lalu PT KAI Sediakan Tempat Pengisian Air Minum Gratis di Setiap Stasiun LRT Jabodebek 18 jam lalu Andrinof Chaniago Kritik Langkah  Jokowi Obral HGU di IKN hingga Hampir 2 Abad: Kebablasan 20 jam lalu 
    Terkini di Bisnis   Jokowi Serahkan Bonus Peraih Medali Olimpiade, Lebih Tinggi dari Atlet AS 30 menit lalu BI: Utang Luar Negeri Kuartal II 2024 Naik 2,7 Persen Jadi 408,6 Miliar Dolar AS 41 menit lalu Tempo Buka Lowongan Kerja Penulis Artikel Cek Fakta 54 menit lalu Celios: Kenaikan UKT Kian Menggerus Daya Beli Kelas Menengah  1 jam lalu BRI Danareksa Optimistis IHSG Bisa Tembus 8.000 hingga Akhir Tahun 1 jam lalu Promo Kemerdekaan, Diskon 70 dan 50 Persen untuk KA Sribilah Utama Tujuan Medan-Rantauprapat 1 jam lalu Promo Kemerdekaan, Jumlah Pengunjung Taman Impian Jaya Ancol Tembus 50 Ribu di Akhir Pekan Pertama Agustus 2 jam lalu Ekonom Soroti Beban Utang Rp1.200 T Tahun Depan, Singgung Biaya Upacara 17 Agustus di IKN 2 jam lalu Turun Rp 5.000, Harga Emas Antam Hari Ini Rp 1.414.000 per Gram 2 jam lalu Profil Rengkuh Banyu Mahandaru, Inisiator Plepah Kenalkan Produk Kemasan dari Pelepah Pinang 2 jam lalu Simak berita harian lebih mendalam di Majalah Tempo Digital. LAPORAN UTAMA LAPORAN NASIONAL Informasi Trustworthy News Jaringan Media Media Sosial Unduh Aplikasi Tempo"
"Kepemimpinan yang Kuat, Kunci Dirut BRI Sunarso Sabet ...",https://www.liputan6.com/bisnis/read/5181810/kepemimpinan-yang-kuat-kunci-dirut-bri-sunarso-sabet-penghargaan-internasional,2024-08-15,2023-01-17," liputan6 Sunarso dinilai mampu memimpin perseroan dengan visi yang kuat, komunikasi yang baik, dan mampu menginspirasi tim manajemen. pada 17 Jan 2023, 09:51 WIBDiperbarui 17 Jan 2023, 13:45 WIB Liputan6.com, Jakarta Kepemimpinan Dirut BRI Sunarso di bank pelat merah tersebut sudah teruji di panggung internasional. Pasalnya, Sunarso dinobatkan sebagai “The Asian Banker CEO Leadership Achievement for Indonesia Award"" oleh The Asian Banker.  Sunarso dinilai mampu memimpin perseroan dengan visi yang kuat, komunikasi yang baik, dan mampu menginspirasi tim manajemen. Dengan ketegasan dan leadership yang kuat, di bawah kepemimpinan Sunarso BRI mampu mengatasi kesulitan dan tantangan, ia mampu mendorong kinerja positif perseroan secara berkelanjutan. Baca Juga Atas capaian tersebut, Sunarso mengungkapkan bahwa penghargaan tersebut didedikasikan untuk Insan BRILian (Pekerja BRI). Pihaknya memberikan apresiasi setinggi-tingginya kepada seluruh Insan BRILian yang telah melayani masyarakat, utamanya pelaku usaha sektor UMKM atas kinerja dan kontribusi terbaiknya kepada BRI. Advertisement * Follow Official WhatsApp Channel Liputan6.com untuk mendapatkan berita-berita terkini dengan mengklik tautan ini. Sunarso juga mengungkapkan bahwa tugas seorang pemimpin adalah untuk memotivasi mereka agar energinya keluar dan memberikan kontribusi terbaik.  ""Selain itu, saya juga perlu untuk memberikan inspirasi agar pekerja bisa memaknai makna di balik pekerjaan yang selama ini dijalani setiap hari. Dan tentu, kadang pihaknya harus bersifat instruktif dengan memberikan instruksi yang jelas untuk mencapai tujuan bersama perusahaan,"" ungkapnya. Di bawah kepemimpinannya, BRI sebagai bank dengan jaringan terluas di Indonesia mampu menjalankan transformasi secara berkelanjutan. Transformasi difokuskan pada dua aspek utama, yakni digital dan culture.  “Kami terus meng-create value baru melalui digitalisasi sehingga muncul business model baru. Di area culture, kami terus arahkan menjadi performance driven culture,"" tutur Sunarso. ""Jadi seluruh Insan BRILIaN harus mampu merancang dan merencanakan suksesnya sendiri, tugas perusahaan adalah menyediakan lapangan untuk berkompetisi dan berkarya dengan sehat yang akhirnya semua orang mampu mengeluarkan potensi terbaiknya,” tambahnya. Advertisement Inisiatif BRI di bawah kepemimpinan Sunarso menjadikan perseroan mampu melewati masa sulit akibat pandemi COVID-19 dengan kinerja cemerlang. Tidak hanya itu, BRI juga semakin fokus dengan core business di sektor UMKM serta berhasil menciptakan sumber pertumbuhan baru untuk tumbuh secara berkelanjutan. Strategic response BRI yang tepat dalam mengoptimalisasi kinerja bisnis di tengah gejolak dinamika ekonomi global dan COVID-19 turut menjadi alasan The Asian Banker menobatkan BRI sebagai Best Managed Bank.  Hal tersebut tercermin dari kinerja BRI Group hingga September 2022 yang mencatatkan laba bersih sebesar Rp39,31 triliun atau melesat 106,14 persen Year on Year (YoY) dengan total aset meningkat 4,00 persen yoy menjadi Rp1.684,60 triliun. Dari aspek penyaluran kredit, hingga akhir September 2022, total kredit dan pembiayaan BRI Group tercatat sebesar Rp1.111,48 triliun atau tumbuh 7,92 persen yoy.  Secara khusus, portofolio kredit UMKM BRI tercatat meningkat sebesar 9,83 persen yoy dari Rp852,12 triliun di akhir September 2021 menjadi Rp935,86 triliun di akhir September 2022.  Hal tersebut menjadikan proporsi kredit UMKM dibandingkan total kredit BRI terus meningkat, menjadi sebesar 84,20 persen. Sementara itu, Chairman The Asian Banker Future of Finance Summit Advisory Council Alain Chevalier mengungkapkan bahwa Sunarso selama periode penilaian telah memimpin BRI dengan komitmen yang kuat untuk menumbuhkembangkan UMKM. “Dengan dipertajamnya visi menjadi The Most Valuable Banking Group in Southeast Asia dan Champion of Financial Inclusion 2025, BRI telah menunjukkan komitmen berkelanjutan untuk mendukung sektor UMKM yang telah memberikan kontribusi terhadap ketahanan perekonomian Indonesia. Proporsi pinjaman UMKM BRI pun terus meningkat secara konsisten,” ungkap Alain dalam keterangan tertulis. Tak hanya Sunarso, BRI pun berhasil menyabet gelar sebagai “Best Managed Bank in Indonesia” dalam penghargaan yang diselenggarakan setiap tiga tahun sekali tersebut.   (*)  * Fakta atau Hoaks? Untuk mengetahui kebenaran informasi yang beredar, silakan WhatsApp ke nomor Cek Fakta Liputan6.com 0811 9787 670 hanya dengan ketik kata kunci yang diinginkan. Advertisement Advertisement Advertisement Advertisement"
"Gantikan Suprajarto, Ini Profil Dirut BRI Sunarso",https://www.inews.id/finance/bisnis/gantikan-suprajarto-ini-profil-dirut-bri-sunarso,2024-08-15,2019-09-02,"Scan this QR or download app from: JAKARTA, iNews.id - PT Bank Rakyat Indonesia (Persero) Tbk (BBRI) resmi mengangkat Wakil Direktur Utama Sunarso menjadi Direktur Utama (Dirut). Sunarso menggantikan Suprajarto yang menjabat sejak 2017 lalu. ""Pemegang saham menyetujui Direktur Utama Sunarso, Wakil Direktur Utama Catur Budi Harto,"" ujar Sunarso saat konferensi pers di Gedung BRI, Jakarta, Senin (2/9/2019). Keputusan Kementerian Badan Usaha Milik Negara (BUMN) menunjuk Sunarso untuk menduduki posisi nomor satu di perbankan berpelat merah sepertinya dengan mempertimbangkan rekam jejaknya yang sudah lama berkecimpung di dunia jasa keuangan. Sunarso menjadi Wakil Direktur Utama BRI sejak 2015. Namun, saat memasuki tahun kedua atau pada 2017, Sunarso ditunjuk menjadi Direktur Utama PT Pegadaian (Persero). Setelahnya, pada Januari lalu, Sunarso kembali ke posisi awalnya menjadi Wakil Direktur Utama BRI  Pria kelahiran tahun 1963 ini memulai kariernya di perbankan pada 1991-1997 di Bank Dagang Negara (BDN). Pada saat itu, dia menduduki posisi analis kredit, kemudian menjadi asisten relationship manager, dan menjadi relationship manager. Selanjutnya pada 1999, dia mulai bekerja di PT Bank Mandiri (Persero) Tbk dan berbagai posisi pun telah dirasakannya, di antaranya, Senior Officer, Senior Relationship Manager, Assistant Vice President, Vice President, Senior Vice President Client Service Team Manager, Senior Vice President Group Head Plantation Specialist, hingga Executive Vice President Group Head Agro-Based Corporate Banking. Pria kelahiran Pasuruan ini merupakan Sarjana Pertanian dari Institut Pertanian Bogor pada 1988 dan gelar Master of Business Administration dari Universitas Indonesia untuk tahun 2002. Sunarso juga memperluas wawasannya dengan mengikuti berbagai program pelatihan di Melbourne University, Northwestern University, University of Chicago, London Business School, dan University of New South Wales. Dia juga aktif mengikuti berbagai pelatihan dan seminar dalam berbagai bidang, seperti Business Communication pada tahun 1993, Management Umum Perbankan Lanjutan tahun 1994, Sindikasi dan Dokumentasi Pinjaman tahun 1997, serta Credit Principles Implementation tahun 2000. 
                    Editor : Ranto Rajagukguk
                 Lokasi Tidak Terdeteksi Aktifkan fitur berita di sekitarmu?  Pastikan pengaturan lokasi browser Anda aktif Ketahui lebih lanjut Pastikan pengaturan lokasi browser Anda aktif Ketahui lebih lanjut"
Dirut BRI Sunarso Dinobatkan The Best CEO in Digital Brand,https://www.balipost.com/news/2024/04/02/394427/Dirut-BRI-Sunarso-Dinobatkan-The...html,2024-08-15,2024-04-02,"    27.8 CDenpasar, BaliKamis, 15 Agustus 2024e-PaperIklanKalenderPojokSurat PembacaEnglish                       BALIPOST.com       NewsBaliBadungBangliBulelengDenpasarGianyarJembranaKarangasemKlungkungTabananPeristiwaInternasionalNasionalPolitikHukumSosbudBudayaSosialSpiritualEkonomiMakroMikroPertanianPendidikanProfilPariwisataBali Wonderful IndonesiaGayaFashionHiburanKesehatanKulinerOlahragaTeknologiMultimediaPhotoVideoAnimasiInfografisLiveRadio SWIB 106.8 FMRadio Genta Bali FM 96.1Radio Singaraja FM 92.0Radio Global FM 96.5Opini    Ekonomi > Dirut BRI Sunarso Dinobatkan The Best CEO in Digital BrandEkonomiMikroNasionalDirut BRI Sunarso Dinobatkan The Best CEO in Digital Brand Selasa, 2 April 2024 | 15:26:21Dirut BRI Sunarso dinobatkan The Best CEO In Digital Brand. (BP/Istimewa)JAKARTA, BALIPOST.com – Berkat konsistensinya dalam berinovasi dan bertransformasi digital, kinerja gemilang PT Bank Rakyat Indonesia (Persero) Tbk berhasil mengantarkan perseroan memborong 12 penghargaan dalam ajang 13th Infobank-Isentia Digital Brand Recognition 2024. Acara penghargaan yang diinisiasi oleh Infobank Media Group dan Isentia tersebut diselenggarakan pada 1 April 2024 di Jakarta.Pada acara penganugerahan tersebut, Direktur Utama BRI Sunarso dinobatkan sebagai The Best CEO in Digital Brand 2024. Anugerah tersebut diberikan atas keberhasilan transformasi yang dilakukan BRI sehingga perseroan menjadi perusahaan yang memberikan landasan pelayanan berbasis digital kepada publik dengan sangat memuaskan.BRI juga diakui sebagai salah satu perusahaan perbankan terbaik atas hasil penilaian masyarakat dan feedback media sosial pada produk-produk dan layanan perbankan berbasis digitalnya.Baca juga:  Wabup Ketut Suiasa Pimpin Rakor Hasil Tindak Lanjut Monev MigasSementara itu, 11 penghargaan lain yang diterima BRI diantaranya yakni The Best Overall Tabungan Bank Umum Konvensional 2024, The Best Overall Tabungan Bank Umum Konvensional 2024-KBMI 4 (Modal Inti di atas Rp70 triliun), The 2nd Best Overall KPR Bank Umum Konvensional 2024, The 2nd Best Overall Wealth Management Bank Umum Konvensional 2024, The 2nd Best Overall Mobile Banking Bank Umum Konvensional 2024, The 2nd Best Deposito Bank Umum Konvensional 2024-KBMI 4 (Modal Inti di atas Rp70 triliun).Kemudian The 2nd Best Overall Wealth Management Bank Umum Konvensional 2024-KBMI 4 (Modal Inti di atas Rp70 triliun), The 2nd Best Mobile Banking Bank Umum Konvensional 2024-KBMI 4 (Modal Inti di atas Rp70 triliun), The 2nd Best Deposito Bank Umum Konvensional 2024-KBMI 4 (Modal Inti di atas Rp70 triliun), The 3rd Best Overall Bank Umum Konvensional 2024, dan The 3rd Best Overall Bank Umum Konvensional 2024-KBMI 4 (Modal Inti d atas Rp70 triliun).Baca juga:  Gunung Raung Masih Keluarkan Abu Vulkanik, 2 Kilometer dari PuncakTerkait dengan capaian tersebut, Direktur Utama BRI Sunarso mengungkapkan bahwa penghargaan tersebut didedikasikan untuk seluruh Insan BRILian atau pekerja BRI. Pihaknya memberikan apresiasi setinggi-tingginya kepada Insan BRILian karena telah memberikan kontribusi optimal kepada perusahaan dan memberikan pelayanan terbaik untuk nasabah.Ia melanjutkan, BRI sebagai bank dengan jaringan terluas di Indonesia mampu menjalankan transformasi secara berkelanjutan. Transformasi difokuskan pada dua aspek utama, yakni digital & culture.  “Kami terus men-create value baru melalui digitalisasi untuk menjalankan business model”, jelasnya. Seperti diketahui, layanan perbankan saat ini dilakukan melalui beragam produk dan layanan keuangan digital. BRI pun dinilai berhasil menjawab kebutuhan dan perubahan pola transaksi masyarakat secara digital.Baca juga:  Tahun Depan, GOR Dilengkapi Lintasan Atletik Internasional Dibangun di BangliHal ini dibuktikan salah satunya melalui catatan selama tahun 2023, sebanyak 99% dari total transaksi BRI dilakukan melalui kanal digital. Sementara itu, sisanya dilakukan secara konvensional di cabang atau unit kerja BRI. Transformasi digital di BRI mampu menyediakan layanan digital banking yang mudah, praktis, aman dan nyaman.Sunarso pun menambahkan ke depan BRI akan terus berinovasi mengembangkan layanan digital sebagai bagian dari journey transformasinya. “Transformasi digital telah membantu mendongkrak industri perbankan dengan cepat, meningkatkan inklusi keuangan, dan memberdayakan Usaha Ultra Mikro, Mikro, Kecil, dan Menengah yang merupakan salah satu fokus utama BRI,” pungkasnya. (Adv/balipost)  BAGIKAN Facebook Twitter   tweet Ewik Mendala BERITA TERKAITDARI PENULIS EkonomiCiptakan Perputaran Ekonomi Rp10,42 triliun, BRI Kembali Jadi Sponsor Utama Liga 1 2024-2025 EkonomiJadi Perusahaan Pembayar Pajak Terbesar, BRI Diapresiasi Oleh Negara EkonomiBRI Borong Penghargaan di Malam Apresiasi Emiten 2024 EkonomiBrand Value BRI Meroket 30 Persen Jadi USD11,25 Miliar MikroTriwulan II 2024, Simpanan BRI Tumbuh 11,61 Persen EkonomiIndeks Bisnis UMKM BRI Triwulan II 2024: Bisnis UMKM Mulai Membaik dan Prospektif MikroIni, Cerita Desa Cikaso yang Raih Juara Desa BRILian EkonomiDi Bawah Rasio Perbankan Nasional, Ini Jurus BRI Kelola NPL UMKM Tetap Rendah EkonomiBRI Kembali Ditunjuk KSEI Sebagai Bank Pembayaran dan Bank Administrator RDNTINGGALKAN BALASAN Batal balasanPlease enter your comment! Please enter your name here You have entered an incorrect email address!Please enter your email address here CAPCHA *   −  7  =  2          RADIO STREAMINGIkuti Kami173,303FansSuka21,009PengikutMengikuti6,115PengikutMengikuti4,560PelangganBerlangganan  CuacaDenpasarfew clouds   enter location  28.8 ° C  28.8 °  28.8 °  61%  7.2kmh  20%Jum 26 °Sab 26 °Ming 26 °Sen 26 °Sel 27 °  Iklan BarisCLAS-00009-01-12-2019 Ayo mulai pesan! Beriklan baris cetak dan online segera akan tampil di portal balipost.comCLAS-00008-01-12-2019 Ayo mulai pesan! Beriklan baris cetak dan online segera akan tampil di portal balipost.comCLAS-00007-01-12-2019 Ayo mulai pesan! Beriklan baris cetak dan online segera akan tampil di portal balipost.comCLAS-00006-01-12-2019 Ayo mulai pesan! Beriklan baris cetak dan online segera akan tampil di portal balipost.comCLAS-00005-01-12-2019 Ayo mulai pesan! Beriklan baris cetak dan online segera akan tampil di portal balipost.com  Tentang KamiBali Post Portal Media adalah portal berita pertama dengan konten  hiburan, fashion, musik, video dan audio news yang terkini dan terupdate.IKUTI KAMI                    Media SiberMedia PartnerPrivacy PolicyCopyrightDisclaimerTentang Kami © BALIPOST.com   27.8 CDenpasar, BaliKamis, 15 Agustus 2024e-PaperIklanKalenderPojokSurat PembacaEnglish                       BALIPOST.com       NewsBaliBadungBangliBulelengDenpasarGianyarJembranaKarangasemKlungkungTabananPeristiwaInternasionalNasionalPolitikHukumSosbudBudayaSosialSpiritualEkonomiMakroMikroPertanianPendidikanProfilPariwisataBali Wonderful IndonesiaGayaFashionHiburanKesehatanKulinerOlahragaTeknologiMultimediaPhotoVideoAnimasiInfografisLiveRadio SWIB 106.8 FMRadio Genta Bali FM 96.1Radio Singaraja FM 92.0Radio Global FM 96.5Opini    Ekonomi > Dirut BRI Sunarso Dinobatkan The Best CEO in Digital BrandEkonomiMikroNasionalDirut BRI Sunarso Dinobatkan The Best CEO in Digital Brand Selasa, 2 April 2024 | 15:26:21Dirut BRI Sunarso dinobatkan The Best CEO In Digital Brand. (BP/Istimewa)JAKARTA, BALIPOST.com – Berkat konsistensinya dalam berinovasi dan bertransformasi digital, kinerja gemilang PT Bank Rakyat Indonesia (Persero) Tbk berhasil mengantarkan perseroan memborong 12 penghargaan dalam ajang 13th Infobank-Isentia Digital Brand Recognition 2024. Acara penghargaan yang diinisiasi oleh Infobank Media Group dan Isentia tersebut diselenggarakan pada 1 April 2024 di Jakarta.Pada acara penganugerahan tersebut, Direktur Utama BRI Sunarso dinobatkan sebagai The Best CEO in Digital Brand 2024. Anugerah tersebut diberikan atas keberhasilan transformasi yang dilakukan BRI sehingga perseroan menjadi perusahaan yang memberikan landasan pelayanan berbasis digital kepada publik dengan sangat memuaskan.BRI juga diakui sebagai salah satu perusahaan perbankan terbaik atas hasil penilaian masyarakat dan feedback media sosial pada produk-produk dan layanan perbankan berbasis digitalnya.Baca juga:  Wabup Ketut Suiasa Pimpin Rakor Hasil Tindak Lanjut Monev MigasSementara itu, 11 penghargaan lain yang diterima BRI diantaranya yakni The Best Overall Tabungan Bank Umum Konvensional 2024, The Best Overall Tabungan Bank Umum Konvensional 2024-KBMI 4 (Modal Inti di atas Rp70 triliun), The 2nd Best Overall KPR Bank Umum Konvensional 2024, The 2nd Best Overall Wealth Management Bank Umum Konvensional 2024, The 2nd Best Overall Mobile Banking Bank Umum Konvensional 2024, The 2nd Best Deposito Bank Umum Konvensional 2024-KBMI 4 (Modal Inti di atas Rp70 triliun).Kemudian The 2nd Best Overall Wealth Management Bank Umum Konvensional 2024-KBMI 4 (Modal Inti di atas Rp70 triliun), The 2nd Best Mobile Banking Bank Umum Konvensional 2024-KBMI 4 (Modal Inti di atas Rp70 triliun), The 2nd Best Deposito Bank Umum Konvensional 2024-KBMI 4 (Modal Inti di atas Rp70 triliun), The 3rd Best Overall Bank Umum Konvensional 2024, dan The 3rd Best Overall Bank Umum Konvensional 2024-KBMI 4 (Modal Inti d atas Rp70 triliun).Baca juga:  Gunung Raung Masih Keluarkan Abu Vulkanik, 2 Kilometer dari PuncakTerkait dengan capaian tersebut, Direktur Utama BRI Sunarso mengungkapkan bahwa penghargaan tersebut didedikasikan untuk seluruh Insan BRILian atau pekerja BRI. Pihaknya memberikan apresiasi setinggi-tingginya kepada Insan BRILian karena telah memberikan kontribusi optimal kepada perusahaan dan memberikan pelayanan terbaik untuk nasabah.Ia melanjutkan, BRI sebagai bank dengan jaringan terluas di Indonesia mampu menjalankan transformasi secara berkelanjutan. Transformasi difokuskan pada dua aspek utama, yakni digital & culture.  “Kami terus men-create value baru melalui digitalisasi untuk menjalankan business model”, jelasnya. Seperti diketahui, layanan perbankan saat ini dilakukan melalui beragam produk dan layanan keuangan digital. BRI pun dinilai berhasil menjawab kebutuhan dan perubahan pola transaksi masyarakat secara digital.Baca juga:  Tahun Depan, GOR Dilengkapi Lintasan Atletik Internasional Dibangun di BangliHal ini dibuktikan salah satunya melalui catatan selama tahun 2023, sebanyak 99% dari total transaksi BRI dilakukan melalui kanal digital. Sementara itu, sisanya dilakukan secara konvensional di cabang atau unit kerja BRI. Transformasi digital di BRI mampu menyediakan layanan digital banking yang mudah, praktis, aman dan nyaman.Sunarso pun menambahkan ke depan BRI akan terus berinovasi mengembangkan layanan digital sebagai bagian dari journey transformasinya. “Transformasi digital telah membantu mendongkrak industri perbankan dengan cepat, meningkatkan inklusi keuangan, dan memberdayakan Usaha Ultra Mikro, Mikro, Kecil, dan Menengah yang merupakan salah satu fokus utama BRI,” pungkasnya. (Adv/balipost)  BAGIKAN Facebook Twitter   tweet Ewik Mendala BERITA TERKAITDARI PENULIS EkonomiCiptakan Perputaran Ekonomi Rp10,42 triliun, BRI Kembali Jadi Sponsor Utama Liga 1 2024-2025 EkonomiJadi Perusahaan Pembayar Pajak Terbesar, BRI Diapresiasi Oleh Negara EkonomiBRI Borong Penghargaan di Malam Apresiasi Emiten 2024 EkonomiBrand Value BRI Meroket 30 Persen Jadi USD11,25 Miliar MikroTriwulan II 2024, Simpanan BRI Tumbuh 11,61 Persen EkonomiIndeks Bisnis UMKM BRI Triwulan II 2024: Bisnis UMKM Mulai Membaik dan Prospektif MikroIni, Cerita Desa Cikaso yang Raih Juara Desa BRILian EkonomiDi Bawah Rasio Perbankan Nasional, Ini Jurus BRI Kelola NPL UMKM Tetap Rendah EkonomiBRI Kembali Ditunjuk KSEI Sebagai Bank Pembayaran dan Bank Administrator RDNTINGGALKAN BALASAN Batal balasanPlease enter your comment! Please enter your name here You have entered an incorrect email address!Please enter your email address here CAPCHA *   −  7  =  2          RADIO STREAMINGIkuti Kami173,303FansSuka21,009PengikutMengikuti6,115PengikutMengikuti4,560PelangganBerlangganan  CuacaDenpasarfew clouds   enter location  28.8 ° C  28.8 °  28.8 °  61%  7.2kmh  20%Jum 26 °Sab 26 °Ming 26 °Sen 26 °Sel 27 °  Iklan BarisCLAS-00009-01-12-2019 Ayo mulai pesan! Beriklan baris cetak dan online segera akan tampil di portal balipost.comCLAS-00008-01-12-2019 Ayo mulai pesan! Beriklan baris cetak dan online segera akan tampil di portal balipost.comCLAS-00007-01-12-2019 Ayo mulai pesan! Beriklan baris cetak dan online segera akan tampil di portal balipost.comCLAS-00006-01-12-2019 Ayo mulai pesan! Beriklan baris cetak dan online segera akan tampil di portal balipost.comCLAS-00005-01-12-2019 Ayo mulai pesan! Beriklan baris cetak dan online segera akan tampil di portal balipost.com  Tentang KamiBali Post Portal Media adalah portal berita pertama dengan konten  hiburan, fashion, musik, video dan audio news yang terkini dan terupdate.IKUTI KAMI                    Media SiberMedia PartnerPrivacy PolicyCopyrightDisclaimerTentang Kami © BALIPOST.com Ekonomi > Dirut BRI Sunarso Dinobatkan The Best CEO in Digital Brand   Pada acara penganugerahan tersebut, Direktur Utama BRI Sunarso dinobatkan sebagai The Best CEO in Digital Brand 2024. Anugerah tersebut diberikan atas keberhasilan transformasi yang dilakukan BRI sehingga perseroan menjadi perusahaan yang memberikan landasan pelayanan berbasis digital kepada publik dengan sangat memuaskan. BRI juga diakui sebagai salah satu perusahaan perbankan terbaik atas hasil penilaian masyarakat dan feedback media sosial pada produk-produk dan layanan perbankan berbasis digitalnya. Sementara itu, 11 penghargaan lain yang diterima BRI diantaranya yakni The Best Overall Tabungan Bank Umum Konvensional 2024, The Best Overall Tabungan Bank Umum Konvensional 2024-KBMI 4 (Modal Inti di atas Rp70 triliun), The 2nd Best Overall KPR Bank Umum Konvensional 2024, The 2nd Best Overall Wealth Management Bank Umum Konvensional 2024, The 2nd Best Overall Mobile Banking Bank Umum Konvensional 2024, The 2nd Best Deposito Bank Umum Konvensional 2024-KBMI 4 (Modal Inti di atas Rp70 triliun). Kemudian The 2nd Best Overall Wealth Management Bank Umum Konvensional 2024-KBMI 4 (Modal Inti di atas Rp70 triliun), The 2nd Best Mobile Banking Bank Umum Konvensional 2024-KBMI 4 (Modal Inti di atas Rp70 triliun), The 2nd Best Deposito Bank Umum Konvensional 2024-KBMI 4 (Modal Inti di atas Rp70 triliun), The 3rd Best Overall Bank Umum Konvensional 2024, dan The 3rd Best Overall Bank Umum Konvensional 2024-KBMI 4 (Modal Inti d atas Rp70 triliun). Terkait dengan capaian tersebut, Direktur Utama BRI Sunarso mengungkapkan bahwa penghargaan tersebut didedikasikan untuk seluruh Insan BRILian atau pekerja BRI. Pihaknya memberikan apresiasi setinggi-tingginya kepada Insan BRILian karena telah memberikan kontribusi optimal kepada perusahaan dan memberikan pelayanan terbaik untuk nasabah. Ia melanjutkan, BRI sebagai bank dengan jaringan terluas di Indonesia mampu menjalankan transformasi secara berkelanjutan. Transformasi difokuskan pada dua aspek utama, yakni digital & culture.  “Kami terus men-create value baru melalui digitalisasi untuk menjalankan business model”, jelasnya. Seperti diketahui, layanan perbankan saat ini dilakukan melalui beragam produk dan layanan keuangan digital. BRI pun dinilai berhasil menjawab kebutuhan dan perubahan pola transaksi masyarakat secara digital. Hal ini dibuktikan salah satunya melalui catatan selama tahun 2023, sebanyak 99% dari total transaksi BRI dilakukan melalui kanal digital. Sementara itu, sisanya dilakukan secara konvensional di cabang atau unit kerja BRI. Transformasi digital di BRI mampu menyediakan layanan digital banking yang mudah, praktis, aman dan nyaman. Sunarso pun menambahkan ke depan BRI akan terus berinovasi mengembangkan layanan digital sebagai bagian dari journey transformasinya. “Transformasi digital telah membantu mendongkrak industri perbankan dengan cepat, meningkatkan inklusi keuangan, dan memberdayakan Usaha Ultra Mikro, Mikro, Kecil, dan Menengah yang merupakan salah satu fokus utama BRI,” pungkasnya. (Adv/balipost) CAPCHA *   −  7  =  2           "
"Dirut BRI Sofyan Basyir Jadi Dirut PLN, Chandra Hamzah ...",https://setkab.go.id/dirut-bri-sofyan-basyir-jadi-dirut-pln-chandra-hamzah-komisaris-utama/,2024-08-15,2014-12-23,"Menteri BUMN Rini Soemarno didampingi Menteri ESDM Sudirman Said, Sofyan Basyir, dan Chandra Hamzah, saat pengumuman hasil RUPS PT. PLN, di Jakarta, Selasa (23/12) malam Rapat Umum Pemegang Saham (RUPS) PT PLN (Persero) pada Selasa (23/12) memutuskan untuk mengangkat Direktur Utama (Dirut) Bank BRI Sofyan Basyir sebagai Dirut baru menggantikan Dirut sebelumnya Nur Pamudji, yang sudah mengajukan pengunduran diri sejak beberapa waktu lalu. Menteri BUMN Rini Soemarno yang mengumumkan hasil RUPS di kantor Kementerian BUMN, Selasa (23/12) malam,  juga menyebutkan bahwa Sofyan Basyir didampingi oleh 7 (tujuh) orang direktur, yaitu: 1. Sarwono Sudarto; 2. Nicke Widyawati; 3. Murtaqqi Syamsuddin; 4. Supangkat Iwan Santoso; 5. Amin Subekti; 6. Nasri Sebayang; dan 7. Amir Rosidin. Adapun di jajaran Komisaris PT. PLN, RUPS menunjuk Chandra Hamzah, mantan pimpinan Komisi Pemberantasan Korupsi (KPK) sebagai Komisaris Utama; didampingi 2 (dua) komisaris, yaitu Budiman (Mantan KSAD); dan Hasan Bisri (mantan Wakil Ketua BPK). Menteri BUMN Rini Soemarno mengatakan, proses terpilihnya Sofyan Basyir sama dengan pemilihan direksi BUMN lainnya, yaitu melalui assessment. Sofyan dinilai memiliki rekam jejak yang baik selama memimpin Bank BRI. Pak Sofyan telah membuktikan rekam jejaknya dengan membesarkan BRI dengan membuat sistem sampai ke pelosok,” papar Rini yang didampingi Menteri ESDM Sudirman Said. Sofyan juga dinilai telah berhasil membangun sumber daya manusia. “Beliau telah buktikan itu. Beliau akan mampu membesarkan PLN, memberikan service di seluruh pelosok Indonesia,” ucap Rini meyakinkan. Adapun Sofyan Basyir sendiri mengaku bersedia menerima tawaran menjadi Dirut PT PLN meninggalkan Bank BRI karena adanya kesamaan pola bisnis antara kedua BUMN itu, yaitu sama-sama memiliki jangkauan pelayanan yang luas hingga ke pelosok daerah. “Luas bentang kendali BRI dan PLN itu sama, dari Sabang sampai Merauke,” kata Sofyan usai penunjukan dirinya sebagai Dirut PT. PLN (Persero) dalam RUPS yang diselenggarakan di kantor Kementerian BUMN, Jakarta, Selasa (23/12) malam. Sofyan berjanji akan memperbaiki segala kekurangan yang ada di kepemimpinan PLN sebelumnya. “Memang dari direksi sebelumnya ada beberapa kekurangan, dan itu akan kita perbaiki,” kata Sofyan. (*/ES)"
Sunarso Kembali Ditunjuk Jadi Wakil Dirut BRI,https://www.stabilitas.id/sunarso-kembali-ditunjuk-menjadi-wakil-dirut-bri/,2024-08-15,2019-01-03,"JAKARTA, Stabilitas —  PT Bank Rakyat Indonesia Tbk (BRI) kembali melakukan Rapat Umum Pemegang Saham Luar Biasa (RUPSLB) di Jakarta, Kamis (3/1/2019). Dalam konferensi pers yang diadakan seusai RUPSLB, Handyani selaku Direktur Konsumer memaparkan RUPSLB memutuskan menambah nomenklatur Wakil Direktur Utama dan menetapkan Sunarso sebagai Wakil Direktur Utama BRI. Sebelumnya, jabatan Wakil Direktur Utama secara nomenklatur telah ditiadakan, namun kembali diadakan pada tahun ini. Penunjukan Sunarso sebagai wadirut BRI terbilang cukup mengejutkan. Pasalnya, Suanrso hanya satu tahun menjadi Dirut Pegadaian dan kembali ke jabatan awalnya sebagai Wadirut BRI. Mantan Direktur Commercial & Business Banking Bank Mandiri ini pernah menduduki kursi Wadirut BRI pada 2015-2017.  Selain penunjukan Sunarso menjadi Wakil Direktur Utama Bank BRI, RUPSLB juga menetapkan untuk memberhentikan Jeffry Wurangian sebagai Komisaris dan Kuswiyoto sebagai Direktur di BRI dengan hormat. Berikut Susunan Dewan Komisaris dan Direksi Bank BRI:  Dewan Komisaris Komisaris Utama/Komisaris Independen : Andrinof A. Chaniago Wakil Komisaris Utama/Komisaris : Gatot Trihargo Komisaris : Hadiyanto Komisaris : Nicolaus Teguh Budi Harjanto Komisaris Independen : A. Fuad Rahmany Komisaris Independen : A. Sonny Keraf Komisaris Independen : Mahmud Komisaris Independen : Rofikoh Rokhim   Jajaran Direksi Direktur Utama : Suprajarto Wakil Direktur Utama : Sunarso Direktur Manajemen Risiko : Mohammad Irfan Direktur Human Capital : R. Sophia Alizsa Direktur Keuangan : Haru Koesmahargyo Direktur Hubungan Kelembagaan : Sis Apik Wijayanto Direktur Ritel dan Menengah : Supari Direktur Teknologi Informasi dan Operasi : Indra Utoyo Direktur Mikro dan Kecil : Priyastomo Direktur Jaringan dan Layanan : Osbal Saragi Rumahorbo Direktur Kepatuhan : Achmad Solichin Lutfiyanto Direktur Konsumer : Handayani   “Pengangkatan akan berlaku efektif setelah Uji kemampuan dan kepatutan (fit & proper test) oleh Otoritas Jasa Keuangan (OJK),”tutup Handayani. Alamat email Anda tidak akan dipublikasikan. Ruas yang wajib ditandai * Komentar *  Nama *  Email *  Situs Web   Simpan nama, email, dan situs web saya pada peramban ini untuk komentar saya berikutnya.  

  Δ JAKARTA, Stabilitas.id – Bank Indonesia menyampaikan perkembangan indikator stabilitas nilai Rupiah, sebagai berikut: Perkembangan Nilai Tukar 5 - 9 Agustus... JAKARTA, Stabilitas.id – Industri perdagangan berjangka komoditi (PBK) tetap harus bertransformasi secara digital, karena perkembangan ekonomi mengarah ke perdagangan digital.... JAKARTA, Stabilitas.id - PT Bank CIMB Niaga Tbk (CIMB Niaga), melalui inisiatif #GetWealthSoon, memperkenalkan berbagai pilihan investasi digital melalui aplikasi... JAKARTA, Stabilitas.id - PT BNI Asset Management (BNI-AM) ikut meramaikan acara BNI Expo 2024 yang diselenggarakan di ICE BSD Hall... JAKARTA, Stabilitas.id – PT BNI Sekuritas (BNI Sekuritas) turut meramaikan BNI Expo 2024 yang digelar di ICE BSD Hall 1-3A,... JAKARTA, Stabilitas.id – PT Jalin Pembayaran Nusantara (“Jalin”), menekankan pentingnya kolaborasi kolektif dari seluruh pemangku kepentingan untuk menciptakan ketahanan siber... Copyright © 2021 – Stabilitas Login to your account below 

 

 

Remember Me
 



 Please enter your username or email address to reset your password. 

 



 Copyright © 2021 Stabilitas - Governance, Risk Management & Compliance"
Mantan Dirut BRI Suprajarto Meninggal Dunia di Singapura,https://www.liputan6.com/bisnis/read/5485036/mantan-dirut-bri-suprajarto-meninggal-dunia-di-singapura,2024-08-15,2023-12-19," liputan6 Suprajarto meninggalkan istri Alia Karenina  dan dua anak serta satu cucu. Diperbarui 19 Des 2023, 10:29 WIBDiterbitkan 19 Des 2023, 10:25 WIB Liputan6.com, Jakarta - Berita duka, mantan Direktur Utama PT Bank Rakyat Indonesia Tbk (BRI) Suprajarto meninggal dunia pada Selasa 19 Desember 2023. Pria yang memiliki nama lengkap Suprajarto bin KRTH. Poerwaningrat ini meninggal di Singapura pada pukul pukul 09.08 Waktu setempat. ""Mohon dimaafkan segala kesalahan Almarhum.Semoga amal ibadahnya diterima di sisi Allah SWT. Aamiin Allahumma Aamiin,"" tulis pernyataan resmi keluarga yang diterima oleh redaksi Liputan6.com, Selasa (19/12/2023). Baca Juga Suprajarto meninggalkan istri Alia Karenina  dan dua anak serta satu cucu. Advertisement Suprajarto diangkat menjadi Direktur Utama BRI pada 2017. Saat itu posisinya menggantikan Asmawi Syam yang masa jabatannya berakhir. Sebelum menjabat sebagai Direktur Utama BRIm Suprajarto, menduduki posisi Wakil Direktur Utama BNI. Di masa jabatan 2007-2015, Suprajarto juga pernah menjabat sebagai Direktur Layanan dan Jaringan BRI. Suprajarto sempat diproyeksikan menjadi Direktur Utama Bank Tabungan Negara (BBTN). Meski demikian dia menolak jabatan ini.  Sedangkan saat ini, Suprajarto menjabat sebagai Komirsaris Utama Bank Jatim (BJTM).      * Follow Official WhatsApp Channel Liputan6.com untuk mendapatkan berita-berita terkini dengan mengklik tautan ini. Beberapa waktu lalu, Rapat Umum Pemegang Saham Luar Biasa (RUPSLB) PT Bank Tabungan Negara (BTN) menetapkan Suprajarto sebagai orang nomor satu di BTN menggantikan Maryono. Namun, Suprajarto langsung menyatakan pengunduran dirinya. Dia mengklaim tidak pernah dilibatkan dalam perumusan direksi atau berkomunikasi mengenai rencana pengangkatan tersebut. Dirinya bahkan baru tahu diangkat jadi Dirut BTN justru dari media massa. Sebenarnya, siapa sosok Suprajarto ini? Bagaimana perjalanan pendidikan dan kariernya? Mengutip dari beberapa sumber, Suprajarto adalah Direktur Utama PT Bank Rakyat Indonesia (BRI). Pria kelahiran Yogyakarta, 28 Agustus 1956 ini menempati posisi dirut sejak 2017. Bercita-cita sebagai pegawai pemerintah Yogyakarta, dia tidak pernah menyangka bisa berkesempatan memimpin BRI dengan bekal pendidikan yang dimiliki. Dirinya merupakan lulusan S1 jurusan Ekonomi Universitas Pembangunan Nasional Veteran Yogyakarta. Setelah lulus, dia melanjutkan pendidikannya ke jenjang S2 dengan mengambil jurusan Manajemen Pemasaran Universitas Padjajaran, dan S3 jurusan Manajemen Bisnis Universitas Padjajaran. Sementara, sebelum menjadi Dirut BRI, Suprajarto juga pernah menjabat sebagai Direktur Bidang Jaringan dan Layanan BRI dari rentang tahun 2007 hingga 2015 serta menjadi Wakil Direktur Utama PT BNI dari rentang tahun 2015 hingga 2017. * Fakta atau Hoaks? Untuk mengetahui kebenaran informasi yang beredar, silakan WhatsApp ke nomor Cek Fakta Liputan6.com 0811 9787 670 hanya dengan ketik kata kunci yang diinginkan. Advertisement Advertisement Advertisement Advertisement Advertisement"
"Iwan Pasila ke OJK, I Dewa Gede Agung Jadi Plt Dirut BRI ...",https://www.theiconomics.com/change-management/iwan-pasela-ke-ojk-i-dewa-gede-agung-jadi-plt-dirut-bri-life/,2024-08-15,2023-10-10,"© Copyright ICONOMICS. All Rights Reserved. Iwan Pasila/Dok. Iconomics I Dewa Gede Agung diangkat menjadi Pelaksana Tugas (Plt) Direktur Utama merangkap Direktur Kepatuhan BRI Life. Pengangkatan ini dilakukan karena Iwan Pasila yang semula menjabat sebagai Direktur Utama BRI Life diangkat menjadi Deputi Komisioner Otoritas Jasa Keuangan (OJK), yakni Deputi Komisioner Bidang Pengawasan Perasuransian, Penjaminan, dan Dana Pensiun OJK. Iwan adalah salah satu nama pernah mengikuti seleksi Anggota Dewan Komisioner OJK periode 2022-2027. Kala itu, Namanya juga sudah disetor ke Presiden Joko Widodo oleh Panitia Seleksi (Pansel) ADK OJK 2022-2027. Pansel menyerahkan 21 nama hasil seleksi tahap keempat kapada Presiden Joko Widodo untuk dipilih Presiden menjadi 14 calon yang akan diberikan kepada Dewan Perwakilan Rakyat (DPR). Iwan adalah sosok yang sudah panjang kiprahnya di industri perasuransian di Indonesia. Terakhir menjabat sebagai Direktur Utama PT Asuransi BRI Life (BRI Life). Ia pernah menjabat sebagai Kepala Seksi Analisis Laporan Penyelenggaraan Usaha di Direktorat Asuransi Departmen Keuangan Republik Indonesia (1993–2003); Chief Actuary di PT AIG Life (2003–2008); Direktur Keuangan di PT AXA Mandiri Financial Services (2008–2013); Direktur Keuangan di PT CIMB Sunlife, Sun Life Indonesia (2013–2014); Direktur Teknik dan Operasional di PT Asuransi Jiwa Inhealth Indonesia (2014–2015); Direktur Utama Mandiri Inhealth (2015). Pria kelahiran Kendari, Sulawesi Tenggara ini jebolan Sarjana bidang Matematika di ITB. Ia juga meraih gelar Master of Science dari City University London pada 1996.      Save my name, email, and website in this browser for the next time I comment.  

  Δ"
Perempuan 22 Tahun Asal NTT Jadi Dirut BRI Selama ...,https://www.inews.id/finance/bisnis/perempuan-22-tahun-asal-ntt-jadi-dirut-bri-selama-sehari-ini-tugasnya,2024-08-15,2021-09-30,"Scan this QR or download app from: JAKARTA, iNews.id - Finalis Girls Take Over, Sisilia Tunga hari ini, Kamis (30/9/2021) akan menggantikan peran Direktur Utama (Dirut) Bank Rakyat Indonesia (BRI) Sunarso. Girls Take Over adalah program kesetaraan gender di lingkungan Kementerian BUMN. Dikutip dari akun Mandiri Update di Instagram, perempuan berusia 22 tahun asal Nusa Tenggara Timur (NTT) ini selama sehari akan melaksanakan berbagai kegiatan, mulai dari menyaksikan penandatanganan kerja sama, memimpin rapat pimpinan, hingga kunjungan lapangan.  Sisilia juga akan memberikan masukan atas situasi yang diobservasi di lapangan. Selain itu, dia akan berdiskusi dengan Direktur Utama BRI Sunarso untuk meningkatkan kepemimpinan setara di lingkungan BRI. Selain Sisilia, lima perempuan lainnya juga menggantikan Menteri BUMN, Direktur Utama Angkasa Pura I, BRI, Kimia Farma, Bank Mandiri, dan Telkomsel sepanjang hari ini. Mereka, yakni Sharon Florencia yang menggantikan Menteri BUMN Erick Thohir. Selain itu, ada Adinda, Indira, Putri, dan Virdha.   Sisilia sendiri memiliki pengalaman menjadi pendidik. Dia sempat menjadi seorang edukator dan Plt Kepala Sekolah Pendidikan Usia Dini, yang membawahi empat kelas besar di sebuah lembaga pendidikan swasta di Kota Kupang.  Sejak 2015, dia tergabung dalam komunitas di bidang pendidikan dan lingkungan. Dia mengajar Bahasa Inggris dan mata pelajaran serta keahlian lainnya bagi anak-anak yang tinggal di kampung nelayan dan bekerja sebagai kuli angkut di pasar. Sisilia ingin mendorong semua pihak untuk lebih memperhatikan isu kesetaraan gender dan tidak menghakimi perempuan atas pilihan yang diambil terhadap kepemilikan tubuhnya.  
                    Editor : Jujuk Ernawati
                 Lokasi Tidak Terdeteksi Aktifkan fitur berita di sekitarmu?  Pastikan pengaturan lokasi browser Anda aktif Ketahui lebih lanjut Pastikan pengaturan lokasi browser Anda aktif Ketahui lebih lanjut"
"Borong 11 Penghargaan dari Finance Asia, Dirut BRI ...",https://economy.okezone.com/read/2024/06/27/11/3027052/borong-11-penghargaan-dari-finance-asia-dirut-bri-sunarso-dinobatkan-sebagai-the-best-ceo,2024-08-15,2024-06-27,"JAKARTA - PT Bank Rakyat Indonesia (Persero) Tbk terus menunjukkan kiprah di industri keuangan global. Yang terbaru, berkat kinerja positif di sepanjang tahun lalu membuat BRI mendapatkan 11 penghargaan dari Finance Asia pada ajang The Finance Asia Awards and Asia’s Best Companies Poll Gala Dinner 2024 yang diselenggarakan pada Kamis (27/6) di Hong Kong.
Direktur Utama BRI Sunarso yang hadir menerima langsung pada acara tersebut mengungkapkan penghargaan ini tak lepas dari komitmen perseroan yang terus mengusung misi menciptakan economic value dan social value dengan terus fokus pada pemberdayaan Usaha Mikro, Kecil dan Menengah (UMKM).

BACA JUGA:
One Stop Sevices Bank BRI, Jawaban dari Meningkatnya Kebutuhan Digitalisasi Transaksi

“Penghargaan ini kami persembahkan kepada lebih dari 110 ribu Insan BRILian (Pekerja BRI) yang selama ini telah memberikan komitmen dan dedikasi yang kuat sehingga BRI dapat terus mengambil peran dalam roda perekonomian Indonesia,"" ujar Sunarso.
""Kami juga mempersembahkan penghargaan ini kepada seluruh UMKM yang menjadi tulang punggung ekonomi Indonesia atas semangat berjuang dan pantang menyerah di kondisi yang tidak mudah,” katanya.
Dari 11 penghargaan yang diterima BRI, tujuh penghargaan diantaranya diperoleh dari kategori Asia’s Best Companies dan empat penghargaan diperoleh dalam kategori Finance Asia Awards.
Untuk Asia’s Best Companies BRI mendapatkan Best CEO (gold) untuk Direktur Utama BRI Sunarso, Best Managed Company (gold), Best Investor Relations (gold), Best CFO (silver) untuk Direktur Keuangan BRI Viviana Dyah Ayu, Most Commited to DEI (silver), Most Commited to ESG (silver) dan Best Large Cap Company (Bronze).
Sementara itu, empat penghargaan yang diperoleh dalam kategori FinanceAsia Awards diantaranya Best Bank For Financial Inclusion (winner), Best Commercial Bank – SMEs (winner), Best Sustainable Bank (highly commended) dan Most Innovative Technology (highly commended).

Direktur Utama BRI Sunarso dinobatkan sebagai The Best CEO. (Foto: dok BRI)

Sebagai informasi, Finance Asia merupakan majalah ekonomi dan keuangan terkemuka di Asia Pasifik yang berbasis di Hong Kong. Didirikan pada 1996, FinanceAsia memberikan ulasan mendalam mengenai perkembangan ekonomi di wilayah Asia Pasifik, termasuk aksi-aksi korporasi seperti merger dan akuisisi.
Di sepanjang Juni 2024 tercatat BRI mendapatkan tiga pengakuan dan penghargaan bergengsi di level internasional. Pertama, pada Kamis, 13 Juni BRI dinobatkan oleh Forbes sebagai perusahaan terbesar dalam daftar The Global 2000.
Forbes International mencatat, BRI unggul dengan penjualan sebesar US14,95 miliar, laba USD3,6 miliar, aset mencapai USD125,45 miliar, dan nilai pasar sebesar USD46,5 miliar.
Forbes Global 2000 pada 2024, memuat data kinerja perusahaan dalam 12 bulan terakhir hingga 17 Mei 2024. Pada daftar tersebut, BRI menempati peringkat 308 dunia mengungguli perusahaan multinasional lain seperti Starbucks, Renault, hingga Uber dan Nissan Motor.
Selanjutnya, pada Selasa, 18 Juni Fortune mengumumkan daftar Fortune Southeast Asia 500 untuk pertama kalinya. Daftar ini berisikan 500 perusahaan terbesar di Asia Tenggara yang dinilai berdasarkan revenue, profit dan aset.
Dalam daftar Fortune Southeast Asia 500, prestasi kembali diraih oleh BRI. Perseroan menduduki peringkat pertama untuk industri keuangan di Indonesia.
Di Asia Tenggara, BRI menduduki peringkat 4 untuk kategori keuangan, dan berada di peringkat 15 diantara 500 perusahaan dalam daftar tersebut. Mengutip website Fortune, BRI mencatatkan revenue sebesar USD14,9 milyar, profit sebesar USD3,9 milyar dan aset sebesar USD127,6 milyar.
“Di tengah ketidakpastian ekonomi global serta era suku bunga tinggi, keberhasilan BRI mendapatkan pengakuan dari Forbes, Fortune dan Finance Asia membuktikan bahwa dunia internasional mengakui serta mengapresiasi strategic response yang diambil BRI dalam menghadapi tantangan,"" tutur Sunarso.
Ia menambahkan, hal tersebut terbukti berhasil menjadi landasan dalam pencapaian kinerja yang positif bagi BRI yang menjadi leader di industri perbankan di Indonesia serta semakin menunjukkan pengaruh di industri keuangan regional dan global. 





Follow Berita Okezone di Google News


Dapatkan berita up to date dengan semua berita terkini dari Okezone hanya dengan satu akun di
ORION, daftar sekarang dengan
klik disini
dan nantikan kejutan menarik lainnya

(Wul)




Follow WhatsApp Channel Okezone untuk update berita terbaru setiap hari

Follow



#Finance Asia
#Dirut BRI Sunarso
#BRI
#Forbes Global 2000
#Okezone Stories





















 Direktur Utama BRI Sunarso yang hadir menerima langsung pada acara tersebut mengungkapkan penghargaan ini tak lepas dari komitmen perseroan yang terus mengusung misi menciptakan economic value dan social value dengan terus fokus pada pemberdayaan Usaha Mikro, Kecil dan Menengah (UMKM).

BACA JUGA:
One Stop Sevices Bank BRI, Jawaban dari Meningkatnya Kebutuhan Digitalisasi Transaksi

“Penghargaan ini kami persembahkan kepada lebih dari 110 ribu Insan BRILian (Pekerja BRI) yang selama ini telah memberikan komitmen dan dedikasi yang kuat sehingga BRI dapat terus mengambil peran dalam roda perekonomian Indonesia,"" ujar Sunarso.
""Kami juga mempersembahkan penghargaan ini kepada seluruh UMKM yang menjadi tulang punggung ekonomi Indonesia atas semangat berjuang dan pantang menyerah di kondisi yang tidak mudah,” katanya.
Dari 11 penghargaan yang diterima BRI, tujuh penghargaan diantaranya diperoleh dari kategori Asia’s Best Companies dan empat penghargaan diperoleh dalam kategori Finance Asia Awards.
Untuk Asia’s Best Companies BRI mendapatkan Best CEO (gold) untuk Direktur Utama BRI Sunarso, Best Managed Company (gold), Best Investor Relations (gold), Best CFO (silver) untuk Direktur Keuangan BRI Viviana Dyah Ayu, Most Commited to DEI (silver), Most Commited to ESG (silver) dan Best Large Cap Company (Bronze).
Sementara itu, empat penghargaan yang diperoleh dalam kategori FinanceAsia Awards diantaranya Best Bank For Financial Inclusion (winner), Best Commercial Bank – SMEs (winner), Best Sustainable Bank (highly commended) dan Most Innovative Technology (highly commended).

Direktur Utama BRI Sunarso dinobatkan sebagai The Best CEO. (Foto: dok BRI)

Sebagai informasi, Finance Asia merupakan majalah ekonomi dan keuangan terkemuka di Asia Pasifik yang berbasis di Hong Kong. Didirikan pada 1996, FinanceAsia memberikan ulasan mendalam mengenai perkembangan ekonomi di wilayah Asia Pasifik, termasuk aksi-aksi korporasi seperti merger dan akuisisi.
Di sepanjang Juni 2024 tercatat BRI mendapatkan tiga pengakuan dan penghargaan bergengsi di level internasional. Pertama, pada Kamis, 13 Juni BRI dinobatkan oleh Forbes sebagai perusahaan terbesar dalam daftar The Global 2000.
Forbes International mencatat, BRI unggul dengan penjualan sebesar US14,95 miliar, laba USD3,6 miliar, aset mencapai USD125,45 miliar, dan nilai pasar sebesar USD46,5 miliar.
Forbes Global 2000 pada 2024, memuat data kinerja perusahaan dalam 12 bulan terakhir hingga 17 Mei 2024. Pada daftar tersebut, BRI menempati peringkat 308 dunia mengungguli perusahaan multinasional lain seperti Starbucks, Renault, hingga Uber dan Nissan Motor.
Selanjutnya, pada Selasa, 18 Juni Fortune mengumumkan daftar Fortune Southeast Asia 500 untuk pertama kalinya. Daftar ini berisikan 500 perusahaan terbesar di Asia Tenggara yang dinilai berdasarkan revenue, profit dan aset.
Dalam daftar Fortune Southeast Asia 500, prestasi kembali diraih oleh BRI. Perseroan menduduki peringkat pertama untuk industri keuangan di Indonesia.
Di Asia Tenggara, BRI menduduki peringkat 4 untuk kategori keuangan, dan berada di peringkat 15 diantara 500 perusahaan dalam daftar tersebut. Mengutip website Fortune, BRI mencatatkan revenue sebesar USD14,9 milyar, profit sebesar USD3,9 milyar dan aset sebesar USD127,6 milyar.
“Di tengah ketidakpastian ekonomi global serta era suku bunga tinggi, keberhasilan BRI mendapatkan pengakuan dari Forbes, Fortune dan Finance Asia membuktikan bahwa dunia internasional mengakui serta mengapresiasi strategic response yang diambil BRI dalam menghadapi tantangan,"" tutur Sunarso.
Ia menambahkan, hal tersebut terbukti berhasil menjadi landasan dalam pencapaian kinerja yang positif bagi BRI yang menjadi leader di industri perbankan di Indonesia serta semakin menunjukkan pengaruh di industri keuangan regional dan global. 





Follow Berita Okezone di Google News


Dapatkan berita up to date dengan semua berita terkini dari Okezone hanya dengan satu akun di
ORION, daftar sekarang dengan
klik disini
dan nantikan kejutan menarik lainnya

(Wul)




Follow WhatsApp Channel Okezone untuk update berita terbaru setiap hari

Follow



#Finance Asia
#Dirut BRI Sunarso
#BRI
#Forbes Global 2000
#Okezone Stories





















 “Penghargaan ini kami persembahkan kepada lebih dari 110 ribu Insan BRILian (Pekerja BRI) yang selama ini telah memberikan komitmen dan dedikasi yang kuat sehingga BRI dapat terus mengambil peran dalam roda perekonomian Indonesia,"" ujar Sunarso.
""Kami juga mempersembahkan penghargaan ini kepada seluruh UMKM yang menjadi tulang punggung ekonomi Indonesia atas semangat berjuang dan pantang menyerah di kondisi yang tidak mudah,” katanya.
Dari 11 penghargaan yang diterima BRI, tujuh penghargaan diantaranya diperoleh dari kategori Asia’s Best Companies dan empat penghargaan diperoleh dalam kategori Finance Asia Awards.
Untuk Asia’s Best Companies BRI mendapatkan Best CEO (gold) untuk Direktur Utama BRI Sunarso, Best Managed Company (gold), Best Investor Relations (gold), Best CFO (silver) untuk Direktur Keuangan BRI Viviana Dyah Ayu, Most Commited to DEI (silver), Most Commited to ESG (silver) dan Best Large Cap Company (Bronze).
Sementara itu, empat penghargaan yang diperoleh dalam kategori FinanceAsia Awards diantaranya Best Bank For Financial Inclusion (winner), Best Commercial Bank – SMEs (winner), Best Sustainable Bank (highly commended) dan Most Innovative Technology (highly commended).

Direktur Utama BRI Sunarso dinobatkan sebagai The Best CEO. (Foto: dok BRI)

Sebagai informasi, Finance Asia merupakan majalah ekonomi dan keuangan terkemuka di Asia Pasifik yang berbasis di Hong Kong. Didirikan pada 1996, FinanceAsia memberikan ulasan mendalam mengenai perkembangan ekonomi di wilayah Asia Pasifik, termasuk aksi-aksi korporasi seperti merger dan akuisisi.
Di sepanjang Juni 2024 tercatat BRI mendapatkan tiga pengakuan dan penghargaan bergengsi di level internasional. Pertama, pada Kamis, 13 Juni BRI dinobatkan oleh Forbes sebagai perusahaan terbesar dalam daftar The Global 2000.
Forbes International mencatat, BRI unggul dengan penjualan sebesar US14,95 miliar, laba USD3,6 miliar, aset mencapai USD125,45 miliar, dan nilai pasar sebesar USD46,5 miliar.
Forbes Global 2000 pada 2024, memuat data kinerja perusahaan dalam 12 bulan terakhir hingga 17 Mei 2024. Pada daftar tersebut, BRI menempati peringkat 308 dunia mengungguli perusahaan multinasional lain seperti Starbucks, Renault, hingga Uber dan Nissan Motor.
Selanjutnya, pada Selasa, 18 Juni Fortune mengumumkan daftar Fortune Southeast Asia 500 untuk pertama kalinya. Daftar ini berisikan 500 perusahaan terbesar di Asia Tenggara yang dinilai berdasarkan revenue, profit dan aset.
Dalam daftar Fortune Southeast Asia 500, prestasi kembali diraih oleh BRI. Perseroan menduduki peringkat pertama untuk industri keuangan di Indonesia.
Di Asia Tenggara, BRI menduduki peringkat 4 untuk kategori keuangan, dan berada di peringkat 15 diantara 500 perusahaan dalam daftar tersebut. Mengutip website Fortune, BRI mencatatkan revenue sebesar USD14,9 milyar, profit sebesar USD3,9 milyar dan aset sebesar USD127,6 milyar.
“Di tengah ketidakpastian ekonomi global serta era suku bunga tinggi, keberhasilan BRI mendapatkan pengakuan dari Forbes, Fortune dan Finance Asia membuktikan bahwa dunia internasional mengakui serta mengapresiasi strategic response yang diambil BRI dalam menghadapi tantangan,"" tutur Sunarso.
Ia menambahkan, hal tersebut terbukti berhasil menjadi landasan dalam pencapaian kinerja yang positif bagi BRI yang menjadi leader di industri perbankan di Indonesia serta semakin menunjukkan pengaruh di industri keuangan regional dan global. 





Follow Berita Okezone di Google News


Dapatkan berita up to date dengan semua berita terkini dari Okezone hanya dengan satu akun di
ORION, daftar sekarang dengan
klik disini
dan nantikan kejutan menarik lainnya

(Wul)




Follow WhatsApp Channel Okezone untuk update berita terbaru setiap hari

Follow



#Finance Asia
#Dirut BRI Sunarso
#BRI
#Forbes Global 2000
#Okezone Stories





















 ""Kami juga mempersembahkan penghargaan ini kepada seluruh UMKM yang menjadi tulang punggung ekonomi Indonesia atas semangat berjuang dan pantang menyerah di kondisi yang tidak mudah,” katanya.
Dari 11 penghargaan yang diterima BRI, tujuh penghargaan diantaranya diperoleh dari kategori Asia’s Best Companies dan empat penghargaan diperoleh dalam kategori Finance Asia Awards.
Untuk Asia’s Best Companies BRI mendapatkan Best CEO (gold) untuk Direktur Utama BRI Sunarso, Best Managed Company (gold), Best Investor Relations (gold), Best CFO (silver) untuk Direktur Keuangan BRI Viviana Dyah Ayu, Most Commited to DEI (silver), Most Commited to ESG (silver) dan Best Large Cap Company (Bronze).
Sementara itu, empat penghargaan yang diperoleh dalam kategori FinanceAsia Awards diantaranya Best Bank For Financial Inclusion (winner), Best Commercial Bank – SMEs (winner), Best Sustainable Bank (highly commended) dan Most Innovative Technology (highly commended).

Direktur Utama BRI Sunarso dinobatkan sebagai The Best CEO. (Foto: dok BRI)

Sebagai informasi, Finance Asia merupakan majalah ekonomi dan keuangan terkemuka di Asia Pasifik yang berbasis di Hong Kong. Didirikan pada 1996, FinanceAsia memberikan ulasan mendalam mengenai perkembangan ekonomi di wilayah Asia Pasifik, termasuk aksi-aksi korporasi seperti merger dan akuisisi.
Di sepanjang Juni 2024 tercatat BRI mendapatkan tiga pengakuan dan penghargaan bergengsi di level internasional. Pertama, pada Kamis, 13 Juni BRI dinobatkan oleh Forbes sebagai perusahaan terbesar dalam daftar The Global 2000.
Forbes International mencatat, BRI unggul dengan penjualan sebesar US14,95 miliar, laba USD3,6 miliar, aset mencapai USD125,45 miliar, dan nilai pasar sebesar USD46,5 miliar.
Forbes Global 2000 pada 2024, memuat data kinerja perusahaan dalam 12 bulan terakhir hingga 17 Mei 2024. Pada daftar tersebut, BRI menempati peringkat 308 dunia mengungguli perusahaan multinasional lain seperti Starbucks, Renault, hingga Uber dan Nissan Motor.
Selanjutnya, pada Selasa, 18 Juni Fortune mengumumkan daftar Fortune Southeast Asia 500 untuk pertama kalinya. Daftar ini berisikan 500 perusahaan terbesar di Asia Tenggara yang dinilai berdasarkan revenue, profit dan aset.
Dalam daftar Fortune Southeast Asia 500, prestasi kembali diraih oleh BRI. Perseroan menduduki peringkat pertama untuk industri keuangan di Indonesia.
Di Asia Tenggara, BRI menduduki peringkat 4 untuk kategori keuangan, dan berada di peringkat 15 diantara 500 perusahaan dalam daftar tersebut. Mengutip website Fortune, BRI mencatatkan revenue sebesar USD14,9 milyar, profit sebesar USD3,9 milyar dan aset sebesar USD127,6 milyar.
“Di tengah ketidakpastian ekonomi global serta era suku bunga tinggi, keberhasilan BRI mendapatkan pengakuan dari Forbes, Fortune dan Finance Asia membuktikan bahwa dunia internasional mengakui serta mengapresiasi strategic response yang diambil BRI dalam menghadapi tantangan,"" tutur Sunarso.
Ia menambahkan, hal tersebut terbukti berhasil menjadi landasan dalam pencapaian kinerja yang positif bagi BRI yang menjadi leader di industri perbankan di Indonesia serta semakin menunjukkan pengaruh di industri keuangan regional dan global. 





Follow Berita Okezone di Google News


Dapatkan berita up to date dengan semua berita terkini dari Okezone hanya dengan satu akun di
ORION, daftar sekarang dengan
klik disini
dan nantikan kejutan menarik lainnya

(Wul)




Follow WhatsApp Channel Okezone untuk update berita terbaru setiap hari

Follow



#Finance Asia
#Dirut BRI Sunarso
#BRI
#Forbes Global 2000
#Okezone Stories





















 Dari 11 penghargaan yang diterima BRI, tujuh penghargaan diantaranya diperoleh dari kategori Asia’s Best Companies dan empat penghargaan diperoleh dalam kategori Finance Asia Awards.
Untuk Asia’s Best Companies BRI mendapatkan Best CEO (gold) untuk Direktur Utama BRI Sunarso, Best Managed Company (gold), Best Investor Relations (gold), Best CFO (silver) untuk Direktur Keuangan BRI Viviana Dyah Ayu, Most Commited to DEI (silver), Most Commited to ESG (silver) dan Best Large Cap Company (Bronze).
Sementara itu, empat penghargaan yang diperoleh dalam kategori FinanceAsia Awards diantaranya Best Bank For Financial Inclusion (winner), Best Commercial Bank – SMEs (winner), Best Sustainable Bank (highly commended) dan Most Innovative Technology (highly commended).

Direktur Utama BRI Sunarso dinobatkan sebagai The Best CEO. (Foto: dok BRI)

Sebagai informasi, Finance Asia merupakan majalah ekonomi dan keuangan terkemuka di Asia Pasifik yang berbasis di Hong Kong. Didirikan pada 1996, FinanceAsia memberikan ulasan mendalam mengenai perkembangan ekonomi di wilayah Asia Pasifik, termasuk aksi-aksi korporasi seperti merger dan akuisisi.
Di sepanjang Juni 2024 tercatat BRI mendapatkan tiga pengakuan dan penghargaan bergengsi di level internasional. Pertama, pada Kamis, 13 Juni BRI dinobatkan oleh Forbes sebagai perusahaan terbesar dalam daftar The Global 2000.
Forbes International mencatat, BRI unggul dengan penjualan sebesar US14,95 miliar, laba USD3,6 miliar, aset mencapai USD125,45 miliar, dan nilai pasar sebesar USD46,5 miliar.
Forbes Global 2000 pada 2024, memuat data kinerja perusahaan dalam 12 bulan terakhir hingga 17 Mei 2024. Pada daftar tersebut, BRI menempati peringkat 308 dunia mengungguli perusahaan multinasional lain seperti Starbucks, Renault, hingga Uber dan Nissan Motor.
Selanjutnya, pada Selasa, 18 Juni Fortune mengumumkan daftar Fortune Southeast Asia 500 untuk pertama kalinya. Daftar ini berisikan 500 perusahaan terbesar di Asia Tenggara yang dinilai berdasarkan revenue, profit dan aset.
Dalam daftar Fortune Southeast Asia 500, prestasi kembali diraih oleh BRI. Perseroan menduduki peringkat pertama untuk industri keuangan di Indonesia.
Di Asia Tenggara, BRI menduduki peringkat 4 untuk kategori keuangan, dan berada di peringkat 15 diantara 500 perusahaan dalam daftar tersebut. Mengutip website Fortune, BRI mencatatkan revenue sebesar USD14,9 milyar, profit sebesar USD3,9 milyar dan aset sebesar USD127,6 milyar.
“Di tengah ketidakpastian ekonomi global serta era suku bunga tinggi, keberhasilan BRI mendapatkan pengakuan dari Forbes, Fortune dan Finance Asia membuktikan bahwa dunia internasional mengakui serta mengapresiasi strategic response yang diambil BRI dalam menghadapi tantangan,"" tutur Sunarso.
Ia menambahkan, hal tersebut terbukti berhasil menjadi landasan dalam pencapaian kinerja yang positif bagi BRI yang menjadi leader di industri perbankan di Indonesia serta semakin menunjukkan pengaruh di industri keuangan regional dan global. 





Follow Berita Okezone di Google News


Dapatkan berita up to date dengan semua berita terkini dari Okezone hanya dengan satu akun di
ORION, daftar sekarang dengan
klik disini
dan nantikan kejutan menarik lainnya

(Wul)




Follow WhatsApp Channel Okezone untuk update berita terbaru setiap hari

Follow



#Finance Asia
#Dirut BRI Sunarso
#BRI
#Forbes Global 2000
#Okezone Stories





















 Untuk Asia’s Best Companies BRI mendapatkan Best CEO (gold) untuk Direktur Utama BRI Sunarso, Best Managed Company (gold), Best Investor Relations (gold), Best CFO (silver) untuk Direktur Keuangan BRI Viviana Dyah Ayu, Most Commited to DEI (silver), Most Commited to ESG (silver) dan Best Large Cap Company (Bronze).
Sementara itu, empat penghargaan yang diperoleh dalam kategori FinanceAsia Awards diantaranya Best Bank For Financial Inclusion (winner), Best Commercial Bank – SMEs (winner), Best Sustainable Bank (highly commended) dan Most Innovative Technology (highly commended).

Direktur Utama BRI Sunarso dinobatkan sebagai The Best CEO. (Foto: dok BRI)

Sebagai informasi, Finance Asia merupakan majalah ekonomi dan keuangan terkemuka di Asia Pasifik yang berbasis di Hong Kong. Didirikan pada 1996, FinanceAsia memberikan ulasan mendalam mengenai perkembangan ekonomi di wilayah Asia Pasifik, termasuk aksi-aksi korporasi seperti merger dan akuisisi.
Di sepanjang Juni 2024 tercatat BRI mendapatkan tiga pengakuan dan penghargaan bergengsi di level internasional. Pertama, pada Kamis, 13 Juni BRI dinobatkan oleh Forbes sebagai perusahaan terbesar dalam daftar The Global 2000.
Forbes International mencatat, BRI unggul dengan penjualan sebesar US14,95 miliar, laba USD3,6 miliar, aset mencapai USD125,45 miliar, dan nilai pasar sebesar USD46,5 miliar.
Forbes Global 2000 pada 2024, memuat data kinerja perusahaan dalam 12 bulan terakhir hingga 17 Mei 2024. Pada daftar tersebut, BRI menempati peringkat 308 dunia mengungguli perusahaan multinasional lain seperti Starbucks, Renault, hingga Uber dan Nissan Motor.
Selanjutnya, pada Selasa, 18 Juni Fortune mengumumkan daftar Fortune Southeast Asia 500 untuk pertama kalinya. Daftar ini berisikan 500 perusahaan terbesar di Asia Tenggara yang dinilai berdasarkan revenue, profit dan aset.
Dalam daftar Fortune Southeast Asia 500, prestasi kembali diraih oleh BRI. Perseroan menduduki peringkat pertama untuk industri keuangan di Indonesia.
Di Asia Tenggara, BRI menduduki peringkat 4 untuk kategori keuangan, dan berada di peringkat 15 diantara 500 perusahaan dalam daftar tersebut. Mengutip website Fortune, BRI mencatatkan revenue sebesar USD14,9 milyar, profit sebesar USD3,9 milyar dan aset sebesar USD127,6 milyar.
“Di tengah ketidakpastian ekonomi global serta era suku bunga tinggi, keberhasilan BRI mendapatkan pengakuan dari Forbes, Fortune dan Finance Asia membuktikan bahwa dunia internasional mengakui serta mengapresiasi strategic response yang diambil BRI dalam menghadapi tantangan,"" tutur Sunarso.
Ia menambahkan, hal tersebut terbukti berhasil menjadi landasan dalam pencapaian kinerja yang positif bagi BRI yang menjadi leader di industri perbankan di Indonesia serta semakin menunjukkan pengaruh di industri keuangan regional dan global. 





Follow Berita Okezone di Google News


Dapatkan berita up to date dengan semua berita terkini dari Okezone hanya dengan satu akun di
ORION, daftar sekarang dengan
klik disini
dan nantikan kejutan menarik lainnya

(Wul)




Follow WhatsApp Channel Okezone untuk update berita terbaru setiap hari

Follow



#Finance Asia
#Dirut BRI Sunarso
#BRI
#Forbes Global 2000
#Okezone Stories





















 Sementara itu, empat penghargaan yang diperoleh dalam kategori FinanceAsia Awards diantaranya Best Bank For Financial Inclusion (winner), Best Commercial Bank – SMEs (winner), Best Sustainable Bank (highly commended) dan Most Innovative Technology (highly commended).

Direktur Utama BRI Sunarso dinobatkan sebagai The Best CEO. (Foto: dok BRI)

Sebagai informasi, Finance Asia merupakan majalah ekonomi dan keuangan terkemuka di Asia Pasifik yang berbasis di Hong Kong. Didirikan pada 1996, FinanceAsia memberikan ulasan mendalam mengenai perkembangan ekonomi di wilayah Asia Pasifik, termasuk aksi-aksi korporasi seperti merger dan akuisisi.
Di sepanjang Juni 2024 tercatat BRI mendapatkan tiga pengakuan dan penghargaan bergengsi di level internasional. Pertama, pada Kamis, 13 Juni BRI dinobatkan oleh Forbes sebagai perusahaan terbesar dalam daftar The Global 2000.
Forbes International mencatat, BRI unggul dengan penjualan sebesar US14,95 miliar, laba USD3,6 miliar, aset mencapai USD125,45 miliar, dan nilai pasar sebesar USD46,5 miliar.
Forbes Global 2000 pada 2024, memuat data kinerja perusahaan dalam 12 bulan terakhir hingga 17 Mei 2024. Pada daftar tersebut, BRI menempati peringkat 308 dunia mengungguli perusahaan multinasional lain seperti Starbucks, Renault, hingga Uber dan Nissan Motor.
Selanjutnya, pada Selasa, 18 Juni Fortune mengumumkan daftar Fortune Southeast Asia 500 untuk pertama kalinya. Daftar ini berisikan 500 perusahaan terbesar di Asia Tenggara yang dinilai berdasarkan revenue, profit dan aset.
Dalam daftar Fortune Southeast Asia 500, prestasi kembali diraih oleh BRI. Perseroan menduduki peringkat pertama untuk industri keuangan di Indonesia.
Di Asia Tenggara, BRI menduduki peringkat 4 untuk kategori keuangan, dan berada di peringkat 15 diantara 500 perusahaan dalam daftar tersebut. Mengutip website Fortune, BRI mencatatkan revenue sebesar USD14,9 milyar, profit sebesar USD3,9 milyar dan aset sebesar USD127,6 milyar.
“Di tengah ketidakpastian ekonomi global serta era suku bunga tinggi, keberhasilan BRI mendapatkan pengakuan dari Forbes, Fortune dan Finance Asia membuktikan bahwa dunia internasional mengakui serta mengapresiasi strategic response yang diambil BRI dalam menghadapi tantangan,"" tutur Sunarso.
Ia menambahkan, hal tersebut terbukti berhasil menjadi landasan dalam pencapaian kinerja yang positif bagi BRI yang menjadi leader di industri perbankan di Indonesia serta semakin menunjukkan pengaruh di industri keuangan regional dan global. 





Follow Berita Okezone di Google News


Dapatkan berita up to date dengan semua berita terkini dari Okezone hanya dengan satu akun di
ORION, daftar sekarang dengan
klik disini
dan nantikan kejutan menarik lainnya

(Wul)




Follow WhatsApp Channel Okezone untuk update berita terbaru setiap hari

Follow



#Finance Asia
#Dirut BRI Sunarso
#BRI
#Forbes Global 2000
#Okezone Stories





















 
Direktur Utama BRI Sunarso dinobatkan sebagai The Best CEO. (Foto: dok BRI)

Sebagai informasi, Finance Asia merupakan majalah ekonomi dan keuangan terkemuka di Asia Pasifik yang berbasis di Hong Kong. Didirikan pada 1996, FinanceAsia memberikan ulasan mendalam mengenai perkembangan ekonomi di wilayah Asia Pasifik, termasuk aksi-aksi korporasi seperti merger dan akuisisi.
Di sepanjang Juni 2024 tercatat BRI mendapatkan tiga pengakuan dan penghargaan bergengsi di level internasional. Pertama, pada Kamis, 13 Juni BRI dinobatkan oleh Forbes sebagai perusahaan terbesar dalam daftar The Global 2000.
Forbes International mencatat, BRI unggul dengan penjualan sebesar US14,95 miliar, laba USD3,6 miliar, aset mencapai USD125,45 miliar, dan nilai pasar sebesar USD46,5 miliar.
Forbes Global 2000 pada 2024, memuat data kinerja perusahaan dalam 12 bulan terakhir hingga 17 Mei 2024. Pada daftar tersebut, BRI menempati peringkat 308 dunia mengungguli perusahaan multinasional lain seperti Starbucks, Renault, hingga Uber dan Nissan Motor.
Selanjutnya, pada Selasa, 18 Juni Fortune mengumumkan daftar Fortune Southeast Asia 500 untuk pertama kalinya. Daftar ini berisikan 500 perusahaan terbesar di Asia Tenggara yang dinilai berdasarkan revenue, profit dan aset.
Dalam daftar Fortune Southeast Asia 500, prestasi kembali diraih oleh BRI. Perseroan menduduki peringkat pertama untuk industri keuangan di Indonesia.
Di Asia Tenggara, BRI menduduki peringkat 4 untuk kategori keuangan, dan berada di peringkat 15 diantara 500 perusahaan dalam daftar tersebut. Mengutip website Fortune, BRI mencatatkan revenue sebesar USD14,9 milyar, profit sebesar USD3,9 milyar dan aset sebesar USD127,6 milyar.
“Di tengah ketidakpastian ekonomi global serta era suku bunga tinggi, keberhasilan BRI mendapatkan pengakuan dari Forbes, Fortune dan Finance Asia membuktikan bahwa dunia internasional mengakui serta mengapresiasi strategic response yang diambil BRI dalam menghadapi tantangan,"" tutur Sunarso.
Ia menambahkan, hal tersebut terbukti berhasil menjadi landasan dalam pencapaian kinerja yang positif bagi BRI yang menjadi leader di industri perbankan di Indonesia serta semakin menunjukkan pengaruh di industri keuangan regional dan global. 





Follow Berita Okezone di Google News


Dapatkan berita up to date dengan semua berita terkini dari Okezone hanya dengan satu akun di
ORION, daftar sekarang dengan
klik disini
dan nantikan kejutan menarik lainnya

(Wul)




Follow WhatsApp Channel Okezone untuk update berita terbaru setiap hari

Follow



#Finance Asia
#Dirut BRI Sunarso
#BRI
#Forbes Global 2000
#Okezone Stories





















 Direktur Utama BRI Sunarso dinobatkan sebagai The Best CEO. (Foto: dok BRI)

Sebagai informasi, Finance Asia merupakan majalah ekonomi dan keuangan terkemuka di Asia Pasifik yang berbasis di Hong Kong. Didirikan pada 1996, FinanceAsia memberikan ulasan mendalam mengenai perkembangan ekonomi di wilayah Asia Pasifik, termasuk aksi-aksi korporasi seperti merger dan akuisisi.
Di sepanjang Juni 2024 tercatat BRI mendapatkan tiga pengakuan dan penghargaan bergengsi di level internasional. Pertama, pada Kamis, 13 Juni BRI dinobatkan oleh Forbes sebagai perusahaan terbesar dalam daftar The Global 2000.
Forbes International mencatat, BRI unggul dengan penjualan sebesar US14,95 miliar, laba USD3,6 miliar, aset mencapai USD125,45 miliar, dan nilai pasar sebesar USD46,5 miliar.
Forbes Global 2000 pada 2024, memuat data kinerja perusahaan dalam 12 bulan terakhir hingga 17 Mei 2024. Pada daftar tersebut, BRI menempati peringkat 308 dunia mengungguli perusahaan multinasional lain seperti Starbucks, Renault, hingga Uber dan Nissan Motor.
Selanjutnya, pada Selasa, 18 Juni Fortune mengumumkan daftar Fortune Southeast Asia 500 untuk pertama kalinya. Daftar ini berisikan 500 perusahaan terbesar di Asia Tenggara yang dinilai berdasarkan revenue, profit dan aset.
Dalam daftar Fortune Southeast Asia 500, prestasi kembali diraih oleh BRI. Perseroan menduduki peringkat pertama untuk industri keuangan di Indonesia.
Di Asia Tenggara, BRI menduduki peringkat 4 untuk kategori keuangan, dan berada di peringkat 15 diantara 500 perusahaan dalam daftar tersebut. Mengutip website Fortune, BRI mencatatkan revenue sebesar USD14,9 milyar, profit sebesar USD3,9 milyar dan aset sebesar USD127,6 milyar.
“Di tengah ketidakpastian ekonomi global serta era suku bunga tinggi, keberhasilan BRI mendapatkan pengakuan dari Forbes, Fortune dan Finance Asia membuktikan bahwa dunia internasional mengakui serta mengapresiasi strategic response yang diambil BRI dalam menghadapi tantangan,"" tutur Sunarso.
Ia menambahkan, hal tersebut terbukti berhasil menjadi landasan dalam pencapaian kinerja yang positif bagi BRI yang menjadi leader di industri perbankan di Indonesia serta semakin menunjukkan pengaruh di industri keuangan regional dan global. 





Follow Berita Okezone di Google News


Dapatkan berita up to date dengan semua berita terkini dari Okezone hanya dengan satu akun di
ORION, daftar sekarang dengan
klik disini
dan nantikan kejutan menarik lainnya

(Wul)




Follow WhatsApp Channel Okezone untuk update berita terbaru setiap hari

Follow



#Finance Asia
#Dirut BRI Sunarso
#BRI
#Forbes Global 2000
#Okezone Stories





















 
Sebagai informasi, Finance Asia merupakan majalah ekonomi dan keuangan terkemuka di Asia Pasifik yang berbasis di Hong Kong. Didirikan pada 1996, FinanceAsia memberikan ulasan mendalam mengenai perkembangan ekonomi di wilayah Asia Pasifik, termasuk aksi-aksi korporasi seperti merger dan akuisisi.
Di sepanjang Juni 2024 tercatat BRI mendapatkan tiga pengakuan dan penghargaan bergengsi di level internasional. Pertama, pada Kamis, 13 Juni BRI dinobatkan oleh Forbes sebagai perusahaan terbesar dalam daftar The Global 2000.
Forbes International mencatat, BRI unggul dengan penjualan sebesar US14,95 miliar, laba USD3,6 miliar, aset mencapai USD125,45 miliar, dan nilai pasar sebesar USD46,5 miliar.
Forbes Global 2000 pada 2024, memuat data kinerja perusahaan dalam 12 bulan terakhir hingga 17 Mei 2024. Pada daftar tersebut, BRI menempati peringkat 308 dunia mengungguli perusahaan multinasional lain seperti Starbucks, Renault, hingga Uber dan Nissan Motor.
Selanjutnya, pada Selasa, 18 Juni Fortune mengumumkan daftar Fortune Southeast Asia 500 untuk pertama kalinya. Daftar ini berisikan 500 perusahaan terbesar di Asia Tenggara yang dinilai berdasarkan revenue, profit dan aset.
Dalam daftar Fortune Southeast Asia 500, prestasi kembali diraih oleh BRI. Perseroan menduduki peringkat pertama untuk industri keuangan di Indonesia.
Di Asia Tenggara, BRI menduduki peringkat 4 untuk kategori keuangan, dan berada di peringkat 15 diantara 500 perusahaan dalam daftar tersebut. Mengutip website Fortune, BRI mencatatkan revenue sebesar USD14,9 milyar, profit sebesar USD3,9 milyar dan aset sebesar USD127,6 milyar.
“Di tengah ketidakpastian ekonomi global serta era suku bunga tinggi, keberhasilan BRI mendapatkan pengakuan dari Forbes, Fortune dan Finance Asia membuktikan bahwa dunia internasional mengakui serta mengapresiasi strategic response yang diambil BRI dalam menghadapi tantangan,"" tutur Sunarso.
Ia menambahkan, hal tersebut terbukti berhasil menjadi landasan dalam pencapaian kinerja yang positif bagi BRI yang menjadi leader di industri perbankan di Indonesia serta semakin menunjukkan pengaruh di industri keuangan regional dan global. 





Follow Berita Okezone di Google News


Dapatkan berita up to date dengan semua berita terkini dari Okezone hanya dengan satu akun di
ORION, daftar sekarang dengan
klik disini
dan nantikan kejutan menarik lainnya

(Wul)




Follow WhatsApp Channel Okezone untuk update berita terbaru setiap hari

Follow



#Finance Asia
#Dirut BRI Sunarso
#BRI
#Forbes Global 2000
#Okezone Stories





















 Sebagai informasi, Finance Asia merupakan majalah ekonomi dan keuangan terkemuka di Asia Pasifik yang berbasis di Hong Kong. Didirikan pada 1996, FinanceAsia memberikan ulasan mendalam mengenai perkembangan ekonomi di wilayah Asia Pasifik, termasuk aksi-aksi korporasi seperti merger dan akuisisi.
Di sepanjang Juni 2024 tercatat BRI mendapatkan tiga pengakuan dan penghargaan bergengsi di level internasional. Pertama, pada Kamis, 13 Juni BRI dinobatkan oleh Forbes sebagai perusahaan terbesar dalam daftar The Global 2000.
Forbes International mencatat, BRI unggul dengan penjualan sebesar US14,95 miliar, laba USD3,6 miliar, aset mencapai USD125,45 miliar, dan nilai pasar sebesar USD46,5 miliar.
Forbes Global 2000 pada 2024, memuat data kinerja perusahaan dalam 12 bulan terakhir hingga 17 Mei 2024. Pada daftar tersebut, BRI menempati peringkat 308 dunia mengungguli perusahaan multinasional lain seperti Starbucks, Renault, hingga Uber dan Nissan Motor.
Selanjutnya, pada Selasa, 18 Juni Fortune mengumumkan daftar Fortune Southeast Asia 500 untuk pertama kalinya. Daftar ini berisikan 500 perusahaan terbesar di Asia Tenggara yang dinilai berdasarkan revenue, profit dan aset.
Dalam daftar Fortune Southeast Asia 500, prestasi kembali diraih oleh BRI. Perseroan menduduki peringkat pertama untuk industri keuangan di Indonesia.
Di Asia Tenggara, BRI menduduki peringkat 4 untuk kategori keuangan, dan berada di peringkat 15 diantara 500 perusahaan dalam daftar tersebut. Mengutip website Fortune, BRI mencatatkan revenue sebesar USD14,9 milyar, profit sebesar USD3,9 milyar dan aset sebesar USD127,6 milyar.
“Di tengah ketidakpastian ekonomi global serta era suku bunga tinggi, keberhasilan BRI mendapatkan pengakuan dari Forbes, Fortune dan Finance Asia membuktikan bahwa dunia internasional mengakui serta mengapresiasi strategic response yang diambil BRI dalam menghadapi tantangan,"" tutur Sunarso.
Ia menambahkan, hal tersebut terbukti berhasil menjadi landasan dalam pencapaian kinerja yang positif bagi BRI yang menjadi leader di industri perbankan di Indonesia serta semakin menunjukkan pengaruh di industri keuangan regional dan global. 





Follow Berita Okezone di Google News


Dapatkan berita up to date dengan semua berita terkini dari Okezone hanya dengan satu akun di
ORION, daftar sekarang dengan
klik disini
dan nantikan kejutan menarik lainnya

(Wul)




Follow WhatsApp Channel Okezone untuk update berita terbaru setiap hari

Follow



#Finance Asia
#Dirut BRI Sunarso
#BRI
#Forbes Global 2000
#Okezone Stories





















 Di sepanjang Juni 2024 tercatat BRI mendapatkan tiga pengakuan dan penghargaan bergengsi di level internasional. Pertama, pada Kamis, 13 Juni BRI dinobatkan oleh Forbes sebagai perusahaan terbesar dalam daftar The Global 2000.
Forbes International mencatat, BRI unggul dengan penjualan sebesar US14,95 miliar, laba USD3,6 miliar, aset mencapai USD125,45 miliar, dan nilai pasar sebesar USD46,5 miliar.
Forbes Global 2000 pada 2024, memuat data kinerja perusahaan dalam 12 bulan terakhir hingga 17 Mei 2024. Pada daftar tersebut, BRI menempati peringkat 308 dunia mengungguli perusahaan multinasional lain seperti Starbucks, Renault, hingga Uber dan Nissan Motor.
Selanjutnya, pada Selasa, 18 Juni Fortune mengumumkan daftar Fortune Southeast Asia 500 untuk pertama kalinya. Daftar ini berisikan 500 perusahaan terbesar di Asia Tenggara yang dinilai berdasarkan revenue, profit dan aset.
Dalam daftar Fortune Southeast Asia 500, prestasi kembali diraih oleh BRI. Perseroan menduduki peringkat pertama untuk industri keuangan di Indonesia.
Di Asia Tenggara, BRI menduduki peringkat 4 untuk kategori keuangan, dan berada di peringkat 15 diantara 500 perusahaan dalam daftar tersebut. Mengutip website Fortune, BRI mencatatkan revenue sebesar USD14,9 milyar, profit sebesar USD3,9 milyar dan aset sebesar USD127,6 milyar.
“Di tengah ketidakpastian ekonomi global serta era suku bunga tinggi, keberhasilan BRI mendapatkan pengakuan dari Forbes, Fortune dan Finance Asia membuktikan bahwa dunia internasional mengakui serta mengapresiasi strategic response yang diambil BRI dalam menghadapi tantangan,"" tutur Sunarso.
Ia menambahkan, hal tersebut terbukti berhasil menjadi landasan dalam pencapaian kinerja yang positif bagi BRI yang menjadi leader di industri perbankan di Indonesia serta semakin menunjukkan pengaruh di industri keuangan regional dan global. 





Follow Berita Okezone di Google News


Dapatkan berita up to date dengan semua berita terkini dari Okezone hanya dengan satu akun di
ORION, daftar sekarang dengan
klik disini
dan nantikan kejutan menarik lainnya

(Wul)




Follow WhatsApp Channel Okezone untuk update berita terbaru setiap hari

Follow



#Finance Asia
#Dirut BRI Sunarso
#BRI
#Forbes Global 2000
#Okezone Stories





















 Forbes International mencatat, BRI unggul dengan penjualan sebesar US14,95 miliar, laba USD3,6 miliar, aset mencapai USD125,45 miliar, dan nilai pasar sebesar USD46,5 miliar.
Forbes Global 2000 pada 2024, memuat data kinerja perusahaan dalam 12 bulan terakhir hingga 17 Mei 2024. Pada daftar tersebut, BRI menempati peringkat 308 dunia mengungguli perusahaan multinasional lain seperti Starbucks, Renault, hingga Uber dan Nissan Motor.
Selanjutnya, pada Selasa, 18 Juni Fortune mengumumkan daftar Fortune Southeast Asia 500 untuk pertama kalinya. Daftar ini berisikan 500 perusahaan terbesar di Asia Tenggara yang dinilai berdasarkan revenue, profit dan aset.
Dalam daftar Fortune Southeast Asia 500, prestasi kembali diraih oleh BRI. Perseroan menduduki peringkat pertama untuk industri keuangan di Indonesia.
Di Asia Tenggara, BRI menduduki peringkat 4 untuk kategori keuangan, dan berada di peringkat 15 diantara 500 perusahaan dalam daftar tersebut. Mengutip website Fortune, BRI mencatatkan revenue sebesar USD14,9 milyar, profit sebesar USD3,9 milyar dan aset sebesar USD127,6 milyar.
“Di tengah ketidakpastian ekonomi global serta era suku bunga tinggi, keberhasilan BRI mendapatkan pengakuan dari Forbes, Fortune dan Finance Asia membuktikan bahwa dunia internasional mengakui serta mengapresiasi strategic response yang diambil BRI dalam menghadapi tantangan,"" tutur Sunarso.
Ia menambahkan, hal tersebut terbukti berhasil menjadi landasan dalam pencapaian kinerja yang positif bagi BRI yang menjadi leader di industri perbankan di Indonesia serta semakin menunjukkan pengaruh di industri keuangan regional dan global. 





Follow Berita Okezone di Google News


Dapatkan berita up to date dengan semua berita terkini dari Okezone hanya dengan satu akun di
ORION, daftar sekarang dengan
klik disini
dan nantikan kejutan menarik lainnya

(Wul)




Follow WhatsApp Channel Okezone untuk update berita terbaru setiap hari

Follow



#Finance Asia
#Dirut BRI Sunarso
#BRI
#Forbes Global 2000
#Okezone Stories





















 Forbes Global 2000 pada 2024, memuat data kinerja perusahaan dalam 12 bulan terakhir hingga 17 Mei 2024. Pada daftar tersebut, BRI menempati peringkat 308 dunia mengungguli perusahaan multinasional lain seperti Starbucks, Renault, hingga Uber dan Nissan Motor.
Selanjutnya, pada Selasa, 18 Juni Fortune mengumumkan daftar Fortune Southeast Asia 500 untuk pertama kalinya. Daftar ini berisikan 500 perusahaan terbesar di Asia Tenggara yang dinilai berdasarkan revenue, profit dan aset.
Dalam daftar Fortune Southeast Asia 500, prestasi kembali diraih oleh BRI. Perseroan menduduki peringkat pertama untuk industri keuangan di Indonesia.
Di Asia Tenggara, BRI menduduki peringkat 4 untuk kategori keuangan, dan berada di peringkat 15 diantara 500 perusahaan dalam daftar tersebut. Mengutip website Fortune, BRI mencatatkan revenue sebesar USD14,9 milyar, profit sebesar USD3,9 milyar dan aset sebesar USD127,6 milyar.
“Di tengah ketidakpastian ekonomi global serta era suku bunga tinggi, keberhasilan BRI mendapatkan pengakuan dari Forbes, Fortune dan Finance Asia membuktikan bahwa dunia internasional mengakui serta mengapresiasi strategic response yang diambil BRI dalam menghadapi tantangan,"" tutur Sunarso.
Ia menambahkan, hal tersebut terbukti berhasil menjadi landasan dalam pencapaian kinerja yang positif bagi BRI yang menjadi leader di industri perbankan di Indonesia serta semakin menunjukkan pengaruh di industri keuangan regional dan global. 





Follow Berita Okezone di Google News


Dapatkan berita up to date dengan semua berita terkini dari Okezone hanya dengan satu akun di
ORION, daftar sekarang dengan
klik disini
dan nantikan kejutan menarik lainnya

(Wul)




Follow WhatsApp Channel Okezone untuk update berita terbaru setiap hari

Follow



#Finance Asia
#Dirut BRI Sunarso
#BRI
#Forbes Global 2000
#Okezone Stories





















 Selanjutnya, pada Selasa, 18 Juni Fortune mengumumkan daftar Fortune Southeast Asia 500 untuk pertama kalinya. Daftar ini berisikan 500 perusahaan terbesar di Asia Tenggara yang dinilai berdasarkan revenue, profit dan aset.
Dalam daftar Fortune Southeast Asia 500, prestasi kembali diraih oleh BRI. Perseroan menduduki peringkat pertama untuk industri keuangan di Indonesia.
Di Asia Tenggara, BRI menduduki peringkat 4 untuk kategori keuangan, dan berada di peringkat 15 diantara 500 perusahaan dalam daftar tersebut. Mengutip website Fortune, BRI mencatatkan revenue sebesar USD14,9 milyar, profit sebesar USD3,9 milyar dan aset sebesar USD127,6 milyar.
“Di tengah ketidakpastian ekonomi global serta era suku bunga tinggi, keberhasilan BRI mendapatkan pengakuan dari Forbes, Fortune dan Finance Asia membuktikan bahwa dunia internasional mengakui serta mengapresiasi strategic response yang diambil BRI dalam menghadapi tantangan,"" tutur Sunarso.
Ia menambahkan, hal tersebut terbukti berhasil menjadi landasan dalam pencapaian kinerja yang positif bagi BRI yang menjadi leader di industri perbankan di Indonesia serta semakin menunjukkan pengaruh di industri keuangan regional dan global. 





Follow Berita Okezone di Google News


Dapatkan berita up to date dengan semua berita terkini dari Okezone hanya dengan satu akun di
ORION, daftar sekarang dengan
klik disini
dan nantikan kejutan menarik lainnya

(Wul)




Follow WhatsApp Channel Okezone untuk update berita terbaru setiap hari

Follow



#Finance Asia
#Dirut BRI Sunarso
#BRI
#Forbes Global 2000
#Okezone Stories





















 Dalam daftar Fortune Southeast Asia 500, prestasi kembali diraih oleh BRI. Perseroan menduduki peringkat pertama untuk industri keuangan di Indonesia.
Di Asia Tenggara, BRI menduduki peringkat 4 untuk kategori keuangan, dan berada di peringkat 15 diantara 500 perusahaan dalam daftar tersebut. Mengutip website Fortune, BRI mencatatkan revenue sebesar USD14,9 milyar, profit sebesar USD3,9 milyar dan aset sebesar USD127,6 milyar.
“Di tengah ketidakpastian ekonomi global serta era suku bunga tinggi, keberhasilan BRI mendapatkan pengakuan dari Forbes, Fortune dan Finance Asia membuktikan bahwa dunia internasional mengakui serta mengapresiasi strategic response yang diambil BRI dalam menghadapi tantangan,"" tutur Sunarso.
Ia menambahkan, hal tersebut terbukti berhasil menjadi landasan dalam pencapaian kinerja yang positif bagi BRI yang menjadi leader di industri perbankan di Indonesia serta semakin menunjukkan pengaruh di industri keuangan regional dan global. 





Follow Berita Okezone di Google News


Dapatkan berita up to date dengan semua berita terkini dari Okezone hanya dengan satu akun di
ORION, daftar sekarang dengan
klik disini
dan nantikan kejutan menarik lainnya

(Wul)




Follow WhatsApp Channel Okezone untuk update berita terbaru setiap hari

Follow



#Finance Asia
#Dirut BRI Sunarso
#BRI
#Forbes Global 2000
#Okezone Stories





















 Di Asia Tenggara, BRI menduduki peringkat 4 untuk kategori keuangan, dan berada di peringkat 15 diantara 500 perusahaan dalam daftar tersebut. Mengutip website Fortune, BRI mencatatkan revenue sebesar USD14,9 milyar, profit sebesar USD3,9 milyar dan aset sebesar USD127,6 milyar.
“Di tengah ketidakpastian ekonomi global serta era suku bunga tinggi, keberhasilan BRI mendapatkan pengakuan dari Forbes, Fortune dan Finance Asia membuktikan bahwa dunia internasional mengakui serta mengapresiasi strategic response yang diambil BRI dalam menghadapi tantangan,"" tutur Sunarso.
Ia menambahkan, hal tersebut terbukti berhasil menjadi landasan dalam pencapaian kinerja yang positif bagi BRI yang menjadi leader di industri perbankan di Indonesia serta semakin menunjukkan pengaruh di industri keuangan regional dan global. 





Follow Berita Okezone di Google News


Dapatkan berita up to date dengan semua berita terkini dari Okezone hanya dengan satu akun di
ORION, daftar sekarang dengan
klik disini
dan nantikan kejutan menarik lainnya

(Wul)




Follow WhatsApp Channel Okezone untuk update berita terbaru setiap hari

Follow



#Finance Asia
#Dirut BRI Sunarso
#BRI
#Forbes Global 2000
#Okezone Stories





















 “Di tengah ketidakpastian ekonomi global serta era suku bunga tinggi, keberhasilan BRI mendapatkan pengakuan dari Forbes, Fortune dan Finance Asia membuktikan bahwa dunia internasional mengakui serta mengapresiasi strategic response yang diambil BRI dalam menghadapi tantangan,"" tutur Sunarso.
Ia menambahkan, hal tersebut terbukti berhasil menjadi landasan dalam pencapaian kinerja yang positif bagi BRI yang menjadi leader di industri perbankan di Indonesia serta semakin menunjukkan pengaruh di industri keuangan regional dan global. 





Follow Berita Okezone di Google News


Dapatkan berita up to date dengan semua berita terkini dari Okezone hanya dengan satu akun di
ORION, daftar sekarang dengan
klik disini
dan nantikan kejutan menarik lainnya

(Wul)




Follow WhatsApp Channel Okezone untuk update berita terbaru setiap hari

Follow



#Finance Asia
#Dirut BRI Sunarso
#BRI
#Forbes Global 2000
#Okezone Stories





















 Ia menambahkan, hal tersebut terbukti berhasil menjadi landasan dalam pencapaian kinerja yang positif bagi BRI yang menjadi leader di industri perbankan di Indonesia serta semakin menunjukkan pengaruh di industri keuangan regional dan global. 





Follow Berita Okezone di Google News


Dapatkan berita up to date dengan semua berita terkini dari Okezone hanya dengan satu akun di
ORION, daftar sekarang dengan
klik disini
dan nantikan kejutan menarik lainnya

(Wul)




Follow WhatsApp Channel Okezone untuk update berita terbaru setiap hari

Follow



#Finance Asia
#Dirut BRI Sunarso
#BRI
#Forbes Global 2000
#Okezone Stories





















  
Follow Berita Okezone di Google News
 
Dapatkan berita up to date dengan semua berita terkini dari Okezone hanya dengan satu akun di
ORION, daftar sekarang dengan
klik disini
dan nantikan kejutan menarik lainnya
 (Wul) Berita Terkait  Bagikan Artikel Ini   Berita Lainnya © 2007 - 2024 Okezone.com, All Rights Reserved"
Mantan Dirut BRI Suprajarto Meninggal Dunia di Singapura,https://www.harianaceh.co.id/2023/12/19/mantan-dirut-bri-suprajarto-meninggal-dunia-di-singapura/,2024-08-15,2023-12-19,"

ADVERTISEMENTS




 Mantan Direktur Utama BRI Suprajarto meninggal dunia di Singapura, Selasa (19/12/2023).

ADVERTISEMENTS




  JAKARTA — Direktur Utama PT Bank Rakyat Indonesia (BRI) periode 2017-2019 Suprajarto meninggal dunia pada Selasa, 19 Desember 2023, di Singapura. Berdasarkan informasi yang diterima, almarhum tutup usia pukul 09.08 waktu Singapura setelah menjalani perawatan di Singapura sejak Jumat (15/12/2023).

ADVERTISEMENTS




“Innalillahi wa inna ilaihi raji’un. Suprajarto bin KRTH. Poerwaningrat, Selasa, 19 Desember 2023 pukul 09.08 Waktu Singapura. Mohon dimaafkan segala kesalahan Almarhum. Semoga amal ibadahnya diterima di sisi Allah SWT. Aamiin Allahumma Aamiin,” kata istri almarhum, Alia Karenina melalui keterangan yang diterima di Jakarta, Selasa.
Berita Lainnya:PLN Dukung Timnas Voli Putri Indonesia Berlaga di Kompetisi 4th SEA V League

ADVERTISEMENTS




 Almarhum Suprajarto akan diterbangkan langsung dari Singapura ke Yogyakarta. Menurut informasi, rombongan keluarga akan membawa jenazah ke rumah duka di Jalan Supadi No 1 Kotabaru, Yogjakarta.

ADVERTISEMENTS




Kemudian almarhum akan dikebumikan pada Rabu, 20 Desember 2023 di Makam Imogiri, Yogyakarta, pukul 09.00 WIB.

ADVERTISEMENTS




 Suprajarto meninggalkan seorang istri, Alia Karenina dan dua orang anak, Bryan Yoga Kusuma dan Samugraha Ditya Kusuma, beserta menantu Ghina Raida Asilia dan satu orang cucu bernama Sheralma Dinara Kusuma.


Berita Lainnya:Industri Manufaktur Indonesia Masih Jadi yang Terkuat di ASEANSuprajarto terakhir menjabat sebagai Komisaris Utama Bank Jatim. Bankir yang lahir di Yogyakarta pada 28 Agustus 1956 itu telah lama berkarir di dunia perbankan Tanah Air.
Ia pernah menjabat sebagai sebagai Kepala Divisi Sekretariat Bank BRI periode 2005-2006. Suprajarto juga menjabat sebagai Direktur Bidang Jaringan dan Layanan BRI periode 2007-2015.
Kemudian pada 2015-2017, ia ditunjuk untuk menduduki kursi Wakil Direktur Utama Bank BRI, hingga terpilih sebagai Direktur Utama Bank BRI pada 2017-2019.
 sumber : Antara
Sumber: Republika 

ADVERTISEMENTS




  Mantan Direktur Utama BRI Suprajarto meninggal dunia di Singapura, Selasa (19/12/2023).   JAKARTA — Direktur Utama PT Bank Rakyat Indonesia (BRI) periode 2017-2019 Suprajarto meninggal dunia pada Selasa, 19 Desember 2023, di Singapura. Berdasarkan informasi yang diterima, almarhum tutup usia pukul 09.08 waktu Singapura setelah menjalani perawatan di Singapura sejak Jumat (15/12/2023). “Innalillahi wa inna ilaihi raji’un. Suprajarto bin KRTH. Poerwaningrat, Selasa, 19 Desember 2023 pukul 09.08 Waktu Singapura. Mohon dimaafkan segala kesalahan Almarhum. Semoga amal ibadahnya diterima di sisi Allah SWT. Aamiin Allahumma Aamiin,” kata istri almarhum, Alia Karenina melalui keterangan yang diterima di Jakarta, Selasa.  Almarhum Suprajarto akan diterbangkan langsung dari Singapura ke Yogyakarta. Menurut informasi, rombongan keluarga akan membawa jenazah ke rumah duka di Jalan Supadi No 1 Kotabaru, Yogjakarta. Kemudian almarhum akan dikebumikan pada Rabu, 20 Desember 2023 di Makam Imogiri, Yogyakarta, pukul 09.00 WIB.  Suprajarto meninggalkan seorang istri, Alia Karenina dan dua orang anak, Bryan Yoga Kusuma dan Samugraha Ditya Kusuma, beserta menantu Ghina Raida Asilia dan satu orang cucu bernama Sheralma Dinara Kusuma. Suprajarto terakhir menjabat sebagai Komisaris Utama Bank Jatim. Bankir yang lahir di Yogyakarta pada 28 Agustus 1956 itu telah lama berkarir di dunia perbankan Tanah Air. Ia pernah menjabat sebagai sebagai Kepala Divisi Sekretariat Bank BRI periode 2005-2006. Suprajarto juga menjabat sebagai Direktur Bidang Jaringan dan Layanan BRI periode 2007-2015. Kemudian pada 2015-2017, ia ditunjuk untuk menduduki kursi Wakil Direktur Utama Bank BRI, hingga terpilih sebagai Direktur Utama Bank BRI pada 2017-2019.  sumber : Antara Sumber: Republika  Logo Kementerian Badan Usaha Milik Negara (BUMN).  JAKARTA -- Menteri Badan Usaha Milik Negara…  JAKARTA – PT Perusahaan Gas Negara Tbk (PGN) selaku Subholding Gas Pertamina menandatangani… Asuransi Kredit Indonesia (Askrindo) yang merupakan anggota holding Indonesia Financial Group (IFG)…  JAKARTA -- Menteri Koordinator Bidang Kemaritiman dan Investasi, Luhut Binsar Pandjaitan… JAKARTA- Transjakarta kembali membuktikan komitmen dalam menyediakan layanan transportasi publik… Presiden terpilih Prabowo Subianto. (ilustrasi)  JAKARTA -- PT Manulife Aset Manajemen Indonesia…  JAKARTA -- PT Bank Syariah Indonesia Tbk (BSI) mengajak pelaku usaha mikro kecil dan menengah…  JAKARTA -- Presiden Joko Widodo (Jokowi) memberikan tanda kehormatan kepada 64 tokoh mulai dari… PT Permodalan Nasional Madani (PNM) memberikan bantuan kepada para warga melalui program PNM… Assalamu'alaikum, Login ke akun kamu. Assalamu'alaikum, Buat akun baru Password akan dikirimkan ke email kamu."
"Dirut BRI Sunarso Raih ""Business Person of the Year""",https://www.balipost.com/news/2022/05/19/269373/Dirut-BRI-Sunarso-Raih-Business...html,2024-08-15,2022-05-19,"    27.8 CDenpasar, BaliKamis, 15 Agustus 2024e-PaperIklanKalenderPojokSurat PembacaEnglish                       BALIPOST.com       NewsBaliBadungBangliBulelengDenpasarGianyarJembranaKarangasemKlungkungTabananPeristiwaInternasionalNasionalPolitikHukumSosbudBudayaSosialSpiritualEkonomiMakroMikroPertanianPendidikanProfilPariwisataBali Wonderful IndonesiaGayaFashionHiburanKesehatanKulinerOlahragaTeknologiMultimediaPhotoVideoAnimasiInfografisLiveRadio SWIB 106.8 FMRadio Genta Bali FM 96.1Radio Singaraja FM 92.0Radio Global FM 96.5Opini    Ekonomi > Dirut BRI Sunarso Raih “Business Person of the Year”EkonomiMikroNasionalDirut BRI Sunarso Raih “Business Person of the Year” Kamis, 19 Mei 2022 | 12:27:57Direktur Utama BRI Sunarso (kanan) dinobatkan sebagai “Business Person of the Year”. (BP/Dokumen BRI)JAKARTA, BALIPOST.com – PT Bank Rakyat Indonesia (Persero) Tbk atau BRI sebagai terus melakukan terobosan dan inovasi untuk memberikan pelayanan terbaik. Bank terbesar di Indonesia ini berhasil mencatatkan kinerja cemerlang dan mendapat sorotan dari berbagai pihak, salah satunya pada acara Fortune Indonesia Summit 2022, Rabu (18/5).Pada acara Fortune Indonesia Summit 2022 tersebut, Direktur Utama BRI Sunarso dinobatkan sebagai “Business Person of the Year”. Sunarso dinilai sebagai salah satu tokoh berpengaruh yang memiliki impact dan peran besar sebagai leadership di kancah business dan finance.Baca juga:  Integrasi Ekosistem UMi Kian Dekat, BRI One Culture Jadi Kunci KeberhasilanSunarso mengungkapkan apresiasinya atas penghargaan tersebut. Menurutnya, pencapaian ini tak terlepas dari peran dan inisiatif yang terus didorong di seluruh unit kerja BRI Group.“Di tengah kondisi pemulihan ekonomi yang masih berlangsung, BRI terus menjalankan strategi transformasi di area digital dan culture yang berkelanjutan,” ujarnya.Ia melanjutkan, strategi pertumbuhan BRI Group ini dilakukan salah satunya dengan mendorong nasabah eksisting naik kelas secara sistematis. Selain itu, perseroan juga memperbesar customer base dengan mencari sumber-sumber pertumbuhan baru, termasuk melalui pembentukan Holding Ultra Mikro (UMi) bersama.Baca juga:  Bali akan Bangun Industri Kendaraan Motor Listrik di JembranaKemampuan BRI dalam menyeimbangkan transformasi dengan tetap fokus pada core business nya tercermin dari kinerja cemerlang yang dibukukan oleh perseroan. Dalam tiga bulan pertama tahun 2022 perseroan mampu mencatatkan laba bersih konsolidasian senilai Rp12,22 triliun atau tumbuh sebesar 78,13 persen year on year.sementara untuk asset, pada akhir Maret 2022 tercatat Aset BRI mencapai sebesar Rp1.650,28 triliun atau tumbuh 8,99 persen yoy. Sunarso pun menyiratkan optimisme kinerja BRI ke depan di tengah kondisi ekonomi yang mulai bangkit. “Saya cukup yakin bahwa BRI akan semakin baik di 2022 dibandingkan tahun 2021, namun tetap antisipatif dengan kemungkinan terburuk dari kondisi perekonomian global,” imbuhnya.Baca juga:  Kasus DID Tabanan 2018, KPK Panggil Mantan Dirjen Perimbangan KeuanganSunarso optimistis, BRI dapat terus mengcreate dan mendeliver value sehingga terus tumbuh berkelanjutan. Selain bernilai secara aspek ekonomi/bisnis (economic values), BRI juga senantiasa menghadirkan social values bagi seluruh lapisan masyarakat. (Adv/balipost)  BAGIKAN Facebook Twitter   tweet Ewik Mendala BERITA TERKAITDARI PENULIS EkonomiCiptakan Perputaran Ekonomi Rp10,42 triliun, BRI Kembali Jadi Sponsor Utama Liga 1 2024-2025 EkonomiJadi Perusahaan Pembayar Pajak Terbesar, BRI Diapresiasi Oleh Negara EkonomiBRI Borong Penghargaan di Malam Apresiasi Emiten 2024 EkonomiBrand Value BRI Meroket 30 Persen Jadi USD11,25 Miliar MikroTriwulan II 2024, Simpanan BRI Tumbuh 11,61 Persen EkonomiIndeks Bisnis UMKM BRI Triwulan II 2024: Bisnis UMKM Mulai Membaik dan Prospektif MikroIni, Cerita Desa Cikaso yang Raih Juara Desa BRILian EkonomiDi Bawah Rasio Perbankan Nasional, Ini Jurus BRI Kelola NPL UMKM Tetap Rendah EkonomiBRI Kembali Ditunjuk KSEI Sebagai Bank Pembayaran dan Bank Administrator RDNTINGGALKAN BALASAN Batal balasanPlease enter your comment! Please enter your name here You have entered an incorrect email address!Please enter your email address here CAPCHA *   −  2  =  7          RADIO STREAMINGIkuti Kami173,303FansSuka21,009PengikutMengikuti6,115PengikutMengikuti4,560PelangganBerlangganan  CuacaDenpasarfew clouds   enter location  28.8 ° C  28.8 °  28.8 °  61%  7.2kmh  20%Jum 26 °Sab 26 °Ming 26 °Sen 26 °Sel 27 °  Iklan BarisCLAS-00009-01-12-2019 Ayo mulai pesan! Beriklan baris cetak dan online segera akan tampil di portal balipost.comCLAS-00008-01-12-2019 Ayo mulai pesan! Beriklan baris cetak dan online segera akan tampil di portal balipost.comCLAS-00007-01-12-2019 Ayo mulai pesan! Beriklan baris cetak dan online segera akan tampil di portal balipost.comCLAS-00006-01-12-2019 Ayo mulai pesan! Beriklan baris cetak dan online segera akan tampil di portal balipost.comCLAS-00005-01-12-2019 Ayo mulai pesan! Beriklan baris cetak dan online segera akan tampil di portal balipost.com  Tentang KamiBali Post Portal Media adalah portal berita pertama dengan konten  hiburan, fashion, musik, video dan audio news yang terkini dan terupdate.IKUTI KAMI                    Media SiberMedia PartnerPrivacy PolicyCopyrightDisclaimerTentang Kami © BALIPOST.com   27.8 CDenpasar, BaliKamis, 15 Agustus 2024e-PaperIklanKalenderPojokSurat PembacaEnglish                       BALIPOST.com       NewsBaliBadungBangliBulelengDenpasarGianyarJembranaKarangasemKlungkungTabananPeristiwaInternasionalNasionalPolitikHukumSosbudBudayaSosialSpiritualEkonomiMakroMikroPertanianPendidikanProfilPariwisataBali Wonderful IndonesiaGayaFashionHiburanKesehatanKulinerOlahragaTeknologiMultimediaPhotoVideoAnimasiInfografisLiveRadio SWIB 106.8 FMRadio Genta Bali FM 96.1Radio Singaraja FM 92.0Radio Global FM 96.5Opini    Ekonomi > Dirut BRI Sunarso Raih “Business Person of the Year”EkonomiMikroNasionalDirut BRI Sunarso Raih “Business Person of the Year” Kamis, 19 Mei 2022 | 12:27:57Direktur Utama BRI Sunarso (kanan) dinobatkan sebagai “Business Person of the Year”. (BP/Dokumen BRI)JAKARTA, BALIPOST.com – PT Bank Rakyat Indonesia (Persero) Tbk atau BRI sebagai terus melakukan terobosan dan inovasi untuk memberikan pelayanan terbaik. Bank terbesar di Indonesia ini berhasil mencatatkan kinerja cemerlang dan mendapat sorotan dari berbagai pihak, salah satunya pada acara Fortune Indonesia Summit 2022, Rabu (18/5).Pada acara Fortune Indonesia Summit 2022 tersebut, Direktur Utama BRI Sunarso dinobatkan sebagai “Business Person of the Year”. Sunarso dinilai sebagai salah satu tokoh berpengaruh yang memiliki impact dan peran besar sebagai leadership di kancah business dan finance.Baca juga:  Integrasi Ekosistem UMi Kian Dekat, BRI One Culture Jadi Kunci KeberhasilanSunarso mengungkapkan apresiasinya atas penghargaan tersebut. Menurutnya, pencapaian ini tak terlepas dari peran dan inisiatif yang terus didorong di seluruh unit kerja BRI Group.“Di tengah kondisi pemulihan ekonomi yang masih berlangsung, BRI terus menjalankan strategi transformasi di area digital dan culture yang berkelanjutan,” ujarnya.Ia melanjutkan, strategi pertumbuhan BRI Group ini dilakukan salah satunya dengan mendorong nasabah eksisting naik kelas secara sistematis. Selain itu, perseroan juga memperbesar customer base dengan mencari sumber-sumber pertumbuhan baru, termasuk melalui pembentukan Holding Ultra Mikro (UMi) bersama.Baca juga:  Bali akan Bangun Industri Kendaraan Motor Listrik di JembranaKemampuan BRI dalam menyeimbangkan transformasi dengan tetap fokus pada core business nya tercermin dari kinerja cemerlang yang dibukukan oleh perseroan. Dalam tiga bulan pertama tahun 2022 perseroan mampu mencatatkan laba bersih konsolidasian senilai Rp12,22 triliun atau tumbuh sebesar 78,13 persen year on year.sementara untuk asset, pada akhir Maret 2022 tercatat Aset BRI mencapai sebesar Rp1.650,28 triliun atau tumbuh 8,99 persen yoy. Sunarso pun menyiratkan optimisme kinerja BRI ke depan di tengah kondisi ekonomi yang mulai bangkit. “Saya cukup yakin bahwa BRI akan semakin baik di 2022 dibandingkan tahun 2021, namun tetap antisipatif dengan kemungkinan terburuk dari kondisi perekonomian global,” imbuhnya.Baca juga:  Kasus DID Tabanan 2018, KPK Panggil Mantan Dirjen Perimbangan KeuanganSunarso optimistis, BRI dapat terus mengcreate dan mendeliver value sehingga terus tumbuh berkelanjutan. Selain bernilai secara aspek ekonomi/bisnis (economic values), BRI juga senantiasa menghadirkan social values bagi seluruh lapisan masyarakat. (Adv/balipost)  BAGIKAN Facebook Twitter   tweet Ewik Mendala BERITA TERKAITDARI PENULIS EkonomiCiptakan Perputaran Ekonomi Rp10,42 triliun, BRI Kembali Jadi Sponsor Utama Liga 1 2024-2025 EkonomiJadi Perusahaan Pembayar Pajak Terbesar, BRI Diapresiasi Oleh Negara EkonomiBRI Borong Penghargaan di Malam Apresiasi Emiten 2024 EkonomiBrand Value BRI Meroket 30 Persen Jadi USD11,25 Miliar MikroTriwulan II 2024, Simpanan BRI Tumbuh 11,61 Persen EkonomiIndeks Bisnis UMKM BRI Triwulan II 2024: Bisnis UMKM Mulai Membaik dan Prospektif MikroIni, Cerita Desa Cikaso yang Raih Juara Desa BRILian EkonomiDi Bawah Rasio Perbankan Nasional, Ini Jurus BRI Kelola NPL UMKM Tetap Rendah EkonomiBRI Kembali Ditunjuk KSEI Sebagai Bank Pembayaran dan Bank Administrator RDNTINGGALKAN BALASAN Batal balasanPlease enter your comment! Please enter your name here You have entered an incorrect email address!Please enter your email address here CAPCHA *   −  2  =  7          RADIO STREAMINGIkuti Kami173,303FansSuka21,009PengikutMengikuti6,115PengikutMengikuti4,560PelangganBerlangganan  CuacaDenpasarfew clouds   enter location  28.8 ° C  28.8 °  28.8 °  61%  7.2kmh  20%Jum 26 °Sab 26 °Ming 26 °Sen 26 °Sel 27 °  Iklan BarisCLAS-00009-01-12-2019 Ayo mulai pesan! Beriklan baris cetak dan online segera akan tampil di portal balipost.comCLAS-00008-01-12-2019 Ayo mulai pesan! Beriklan baris cetak dan online segera akan tampil di portal balipost.comCLAS-00007-01-12-2019 Ayo mulai pesan! Beriklan baris cetak dan online segera akan tampil di portal balipost.comCLAS-00006-01-12-2019 Ayo mulai pesan! Beriklan baris cetak dan online segera akan tampil di portal balipost.comCLAS-00005-01-12-2019 Ayo mulai pesan! Beriklan baris cetak dan online segera akan tampil di portal balipost.com  Tentang KamiBali Post Portal Media adalah portal berita pertama dengan konten  hiburan, fashion, musik, video dan audio news yang terkini dan terupdate.IKUTI KAMI                    Media SiberMedia PartnerPrivacy PolicyCopyrightDisclaimerTentang Kami © BALIPOST.com Ekonomi > Dirut BRI Sunarso Raih “Business Person of the Year”   Pada acara Fortune Indonesia Summit 2022 tersebut, Direktur Utama BRI Sunarso dinobatkan sebagai “Business Person of the Year”. Sunarso dinilai sebagai salah satu tokoh berpengaruh yang memiliki impact dan peran besar sebagai leadership di kancah business dan finance. Sunarso mengungkapkan apresiasinya atas penghargaan tersebut. Menurutnya, pencapaian ini tak terlepas dari peran dan inisiatif yang terus didorong di seluruh unit kerja BRI Group. “Di tengah kondisi pemulihan ekonomi yang masih berlangsung, BRI terus menjalankan strategi transformasi di area digital dan culture yang berkelanjutan,” ujarnya. Ia melanjutkan, strategi pertumbuhan BRI Group ini dilakukan salah satunya dengan mendorong nasabah eksisting naik kelas secara sistematis. Selain itu, perseroan juga memperbesar customer base dengan mencari sumber-sumber pertumbuhan baru, termasuk melalui pembentukan Holding Ultra Mikro (UMi) bersama. Kemampuan BRI dalam menyeimbangkan transformasi dengan tetap fokus pada core business nya tercermin dari kinerja cemerlang yang dibukukan oleh perseroan. Dalam tiga bulan pertama tahun 2022 perseroan mampu mencatatkan laba bersih konsolidasian senilai Rp12,22 triliun atau tumbuh sebesar 78,13 persen year on year. sementara untuk asset, pada akhir Maret 2022 tercatat Aset BRI mencapai sebesar Rp1.650,28 triliun atau tumbuh 8,99 persen yoy. Sunarso pun menyiratkan optimisme kinerja BRI ke depan di tengah kondisi ekonomi yang mulai bangkit. “Saya cukup yakin bahwa BRI akan semakin baik di 2022 dibandingkan tahun 2021, namun tetap antisipatif dengan kemungkinan terburuk dari kondisi perekonomian global,” imbuhnya. Sunarso optimistis, BRI dapat terus mengcreate dan mendeliver value sehingga terus tumbuh berkelanjutan. Selain bernilai secara aspek ekonomi/bisnis (economic values), BRI juga senantiasa menghadirkan social values bagi seluruh lapisan masyarakat. (Adv/balipost) CAPCHA *   −  2  =  7           "
BRI Cab Langkat Teken MoU dengan PDAM Tirta Wampu,https://telisik.net/bri-cab-langkat-teken-mou-dengan-pdam-tirta-wampu/,2024-08-15,2024-08-14,"Home - Ekonomi - BRI Cab Langkat Teken MoU dengan PDAM Tirta Wampu TELISIK.NET – LANGKAT Dari hari kehari pelayanan Perusahaan Air Minum Daerah ( PDAM) Tirta Wampu terus ditingkatkan. Dibawah komando Herman Sukendar Harahap selaku Direktur Utama, perusahaan bidang air bersih inipun terus berinovasi. Tak hanya melakukan perbaikan diberbagai unit dan sambungan pelanggan semata, Badan Usaha Milik Daerah ( BUMD) satu satunya milik Pemerintah Kabupaten Langkat inipun melakukan serangkai terobosan lainya. Dibulan Oktober 2023 lalu misalnya, PDAM Tirta Wampu menjalin MoU dengan PT Bank Sumut kerjasama tentang penyediaan dan penggunaan jasa perbankan dalam layanan pembayaran rekening air. Selain itu,PDAM Tirta Wampu juga telah membuat MoU bersama Bank Mandiri. Kerjasama dengan Bank Mandiri juga terkait layanan pembayaran rekening air,dimana masyarakat penguna PDAM tidak perlu bersusah payah lagi datang keloket PDAM tuk membayar tagihan. Salah satu kemudahan tersebut yakni dapat melakukan pembayaran melalui sistem pembayaran Pos Indonesia, Pos Pay, Fast Pay, Speed Cash, SB Pays, serta Indomaret. Nah, kali ini PDAM Tirta Wampu kembali menjalin Kerjasama. Yakni antara perusahaan air minum daerah (PDAM) Tirta Wampu dengan Bank BRI Cab Langkat melalui Memorandum of Understanding (MoU) Kerjasama yang disepakati bisa memberikan berbagai manfaat bagi kedua belah pihak, terutama dalam hal meningkatkan pelayanan kepada masyarakat. Manfaat dari MoU ini adalah, Kemudahan Pembayaran. Pelanggan PDAM bisa lebih mudah melakukan pembayaran tagihan air melalui berbagai saluran yang disediakan oleh Bank BRI, seperti mobile banking, internet banking, ATM, atau melalui agen BRILink. Ini akan mengurangi antrean di kantor PDAM dan memberikan kenyamanan bagi pelanggan. ” Ujar Direktur Utama PDAM Tirta Wampu Herman Sukendar Harahap, Rabu (14/8) disela sela penandatanganan MoU dengan PT BRI Cab Langkat di Uncle B Kaffe. Dengan sistem pembayaran yang lebih efisien, PDAM dapat mengelola arus kasnya dengan lebih baik. Penerimaan pembayaran yang cepat dan akurat memungkinkan PDAM untuk mengalokasikan sumber daya secara lebih efektif.” Ujarnya. MoU seperti ini merupakan langkah strategis untuk memperkuat kolaborasi antara PDAM dan Bank BRI dalam memberikan pelayanan yang lebih baik kepada masyarakat. ” Ketusnya Sementara itu Kepala Cabang ( Kacab) Bank BRI Cab Langkat, Ramlan mengatakan, apa yang dilakukan PDAM dengan menjalin kerjasama dengan BRI sebuah langkah maju. ” Ini sebuah langkah maju, langkah besar. Jadi saya sangat mendukung MoU hari ini. Semoga perusahaan PDAM semakin maju dan besar,” Katanya disambut amin tamu yang hadir. ” BRI itu ada dimana mana,dipelosok desa, kepulauan, ada BRI,jadi gampanglah, kalau masyarakat mau bayar tagihan bisa dimana saja,bisa pakai Brimo dan lainya.” Ujar Kacab BRI Langkat ini Tampak hadir pada MoU antara Bank BRI dan PADAM Tirta Wampu, anggota Dewan Pengawas yang juga Ketua PWI Lagkat,Darwis Sinulingga, para kabag di lingkungan PDAM.(yong)  © 2022 TELISIK.NET © 2022 TELISIK.NET Login to your account below       Remember Me     Please enter your username or email address to reset your password.          - Select Visibility -PublicPrivate"
"Dirut BRI Sunarso Raih ""Business Person of the Year""",https://www.balipost.com/news/2022/05/19/269373/Dirut-BRI-Sunarso-Raih-Business...html,2024-08-15,2022-05-19,"    27.8 CDenpasar, BaliKamis, 15 Agustus 2024e-PaperIklanKalenderPojokSurat PembacaEnglish                       BALIPOST.com       NewsBaliBadungBangliBulelengDenpasarGianyarJembranaKarangasemKlungkungTabananPeristiwaInternasionalNasionalPolitikHukumSosbudBudayaSosialSpiritualEkonomiMakroMikroPertanianPendidikanProfilPariwisataBali Wonderful IndonesiaGayaFashionHiburanKesehatanKulinerOlahragaTeknologiMultimediaPhotoVideoAnimasiInfografisLiveRadio SWIB 106.8 FMRadio Genta Bali FM 96.1Radio Singaraja FM 92.0Radio Global FM 96.5Opini    Ekonomi > Dirut BRI Sunarso Raih “Business Person of the Year”EkonomiMikroNasionalDirut BRI Sunarso Raih “Business Person of the Year” Kamis, 19 Mei 2022 | 12:27:57Direktur Utama BRI Sunarso (kanan) dinobatkan sebagai “Business Person of the Year”. (BP/Dokumen BRI)JAKARTA, BALIPOST.com – PT Bank Rakyat Indonesia (Persero) Tbk atau BRI sebagai terus melakukan terobosan dan inovasi untuk memberikan pelayanan terbaik. Bank terbesar di Indonesia ini berhasil mencatatkan kinerja cemerlang dan mendapat sorotan dari berbagai pihak, salah satunya pada acara Fortune Indonesia Summit 2022, Rabu (18/5).Pada acara Fortune Indonesia Summit 2022 tersebut, Direktur Utama BRI Sunarso dinobatkan sebagai “Business Person of the Year”. Sunarso dinilai sebagai salah satu tokoh berpengaruh yang memiliki impact dan peran besar sebagai leadership di kancah business dan finance.Baca juga:  Integrasi Ekosistem UMi Kian Dekat, BRI One Culture Jadi Kunci KeberhasilanSunarso mengungkapkan apresiasinya atas penghargaan tersebut. Menurutnya, pencapaian ini tak terlepas dari peran dan inisiatif yang terus didorong di seluruh unit kerja BRI Group.“Di tengah kondisi pemulihan ekonomi yang masih berlangsung, BRI terus menjalankan strategi transformasi di area digital dan culture yang berkelanjutan,” ujarnya.Ia melanjutkan, strategi pertumbuhan BRI Group ini dilakukan salah satunya dengan mendorong nasabah eksisting naik kelas secara sistematis. Selain itu, perseroan juga memperbesar customer base dengan mencari sumber-sumber pertumbuhan baru, termasuk melalui pembentukan Holding Ultra Mikro (UMi) bersama.Baca juga:  Bali akan Bangun Industri Kendaraan Motor Listrik di JembranaKemampuan BRI dalam menyeimbangkan transformasi dengan tetap fokus pada core business nya tercermin dari kinerja cemerlang yang dibukukan oleh perseroan. Dalam tiga bulan pertama tahun 2022 perseroan mampu mencatatkan laba bersih konsolidasian senilai Rp12,22 triliun atau tumbuh sebesar 78,13 persen year on year.sementara untuk asset, pada akhir Maret 2022 tercatat Aset BRI mencapai sebesar Rp1.650,28 triliun atau tumbuh 8,99 persen yoy. Sunarso pun menyiratkan optimisme kinerja BRI ke depan di tengah kondisi ekonomi yang mulai bangkit. “Saya cukup yakin bahwa BRI akan semakin baik di 2022 dibandingkan tahun 2021, namun tetap antisipatif dengan kemungkinan terburuk dari kondisi perekonomian global,” imbuhnya.Baca juga:  Kasus DID Tabanan 2018, KPK Panggil Mantan Dirjen Perimbangan KeuanganSunarso optimistis, BRI dapat terus mengcreate dan mendeliver value sehingga terus tumbuh berkelanjutan. Selain bernilai secara aspek ekonomi/bisnis (economic values), BRI juga senantiasa menghadirkan social values bagi seluruh lapisan masyarakat. (Adv/balipost)  BAGIKAN Facebook Twitter   tweet Ewik Mendala BERITA TERKAITDARI PENULIS EkonomiCiptakan Perputaran Ekonomi Rp10,42 triliun, BRI Kembali Jadi Sponsor Utama Liga 1 2024-2025 EkonomiJadi Perusahaan Pembayar Pajak Terbesar, BRI Diapresiasi Oleh Negara EkonomiBRI Borong Penghargaan di Malam Apresiasi Emiten 2024 EkonomiBrand Value BRI Meroket 30 Persen Jadi USD11,25 Miliar MikroTriwulan II 2024, Simpanan BRI Tumbuh 11,61 Persen EkonomiIndeks Bisnis UMKM BRI Triwulan II 2024: Bisnis UMKM Mulai Membaik dan Prospektif MikroIni, Cerita Desa Cikaso yang Raih Juara Desa BRILian EkonomiDi Bawah Rasio Perbankan Nasional, Ini Jurus BRI Kelola NPL UMKM Tetap Rendah EkonomiBRI Kembali Ditunjuk KSEI Sebagai Bank Pembayaran dan Bank Administrator RDNTINGGALKAN BALASAN Batal balasanPlease enter your comment! Please enter your name here You have entered an incorrect email address!Please enter your email address here CAPCHA *   −  2  =  7          RADIO STREAMINGIkuti Kami173,303FansSuka21,009PengikutMengikuti6,115PengikutMengikuti4,560PelangganBerlangganan  CuacaDenpasarfew clouds   enter location  28.8 ° C  28.8 °  28.8 °  61%  7.2kmh  20%Jum 26 °Sab 26 °Ming 26 °Sen 26 °Sel 27 °  Iklan BarisCLAS-00009-01-12-2019 Ayo mulai pesan! Beriklan baris cetak dan online segera akan tampil di portal balipost.comCLAS-00008-01-12-2019 Ayo mulai pesan! Beriklan baris cetak dan online segera akan tampil di portal balipost.comCLAS-00007-01-12-2019 Ayo mulai pesan! Beriklan baris cetak dan online segera akan tampil di portal balipost.comCLAS-00006-01-12-2019 Ayo mulai pesan! Beriklan baris cetak dan online segera akan tampil di portal balipost.comCLAS-00005-01-12-2019 Ayo mulai pesan! Beriklan baris cetak dan online segera akan tampil di portal balipost.com  Tentang KamiBali Post Portal Media adalah portal berita pertama dengan konten  hiburan, fashion, musik, video dan audio news yang terkini dan terupdate.IKUTI KAMI                    Media SiberMedia PartnerPrivacy PolicyCopyrightDisclaimerTentang Kami © BALIPOST.com   27.8 CDenpasar, BaliKamis, 15 Agustus 2024e-PaperIklanKalenderPojokSurat PembacaEnglish                       BALIPOST.com       NewsBaliBadungBangliBulelengDenpasarGianyarJembranaKarangasemKlungkungTabananPeristiwaInternasionalNasionalPolitikHukumSosbudBudayaSosialSpiritualEkonomiMakroMikroPertanianPendidikanProfilPariwisataBali Wonderful IndonesiaGayaFashionHiburanKesehatanKulinerOlahragaTeknologiMultimediaPhotoVideoAnimasiInfografisLiveRadio SWIB 106.8 FMRadio Genta Bali FM 96.1Radio Singaraja FM 92.0Radio Global FM 96.5Opini    Ekonomi > Dirut BRI Sunarso Raih “Business Person of the Year”EkonomiMikroNasionalDirut BRI Sunarso Raih “Business Person of the Year” Kamis, 19 Mei 2022 | 12:27:57Direktur Utama BRI Sunarso (kanan) dinobatkan sebagai “Business Person of the Year”. (BP/Dokumen BRI)JAKARTA, BALIPOST.com – PT Bank Rakyat Indonesia (Persero) Tbk atau BRI sebagai terus melakukan terobosan dan inovasi untuk memberikan pelayanan terbaik. Bank terbesar di Indonesia ini berhasil mencatatkan kinerja cemerlang dan mendapat sorotan dari berbagai pihak, salah satunya pada acara Fortune Indonesia Summit 2022, Rabu (18/5).Pada acara Fortune Indonesia Summit 2022 tersebut, Direktur Utama BRI Sunarso dinobatkan sebagai “Business Person of the Year”. Sunarso dinilai sebagai salah satu tokoh berpengaruh yang memiliki impact dan peran besar sebagai leadership di kancah business dan finance.Baca juga:  Integrasi Ekosistem UMi Kian Dekat, BRI One Culture Jadi Kunci KeberhasilanSunarso mengungkapkan apresiasinya atas penghargaan tersebut. Menurutnya, pencapaian ini tak terlepas dari peran dan inisiatif yang terus didorong di seluruh unit kerja BRI Group.“Di tengah kondisi pemulihan ekonomi yang masih berlangsung, BRI terus menjalankan strategi transformasi di area digital dan culture yang berkelanjutan,” ujarnya.Ia melanjutkan, strategi pertumbuhan BRI Group ini dilakukan salah satunya dengan mendorong nasabah eksisting naik kelas secara sistematis. Selain itu, perseroan juga memperbesar customer base dengan mencari sumber-sumber pertumbuhan baru, termasuk melalui pembentukan Holding Ultra Mikro (UMi) bersama.Baca juga:  Bali akan Bangun Industri Kendaraan Motor Listrik di JembranaKemampuan BRI dalam menyeimbangkan transformasi dengan tetap fokus pada core business nya tercermin dari kinerja cemerlang yang dibukukan oleh perseroan. Dalam tiga bulan pertama tahun 2022 perseroan mampu mencatatkan laba bersih konsolidasian senilai Rp12,22 triliun atau tumbuh sebesar 78,13 persen year on year.sementara untuk asset, pada akhir Maret 2022 tercatat Aset BRI mencapai sebesar Rp1.650,28 triliun atau tumbuh 8,99 persen yoy. Sunarso pun menyiratkan optimisme kinerja BRI ke depan di tengah kondisi ekonomi yang mulai bangkit. “Saya cukup yakin bahwa BRI akan semakin baik di 2022 dibandingkan tahun 2021, namun tetap antisipatif dengan kemungkinan terburuk dari kondisi perekonomian global,” imbuhnya.Baca juga:  Kasus DID Tabanan 2018, KPK Panggil Mantan Dirjen Perimbangan KeuanganSunarso optimistis, BRI dapat terus mengcreate dan mendeliver value sehingga terus tumbuh berkelanjutan. Selain bernilai secara aspek ekonomi/bisnis (economic values), BRI juga senantiasa menghadirkan social values bagi seluruh lapisan masyarakat. (Adv/balipost)  BAGIKAN Facebook Twitter   tweet Ewik Mendala BERITA TERKAITDARI PENULIS EkonomiCiptakan Perputaran Ekonomi Rp10,42 triliun, BRI Kembali Jadi Sponsor Utama Liga 1 2024-2025 EkonomiJadi Perusahaan Pembayar Pajak Terbesar, BRI Diapresiasi Oleh Negara EkonomiBRI Borong Penghargaan di Malam Apresiasi Emiten 2024 EkonomiBrand Value BRI Meroket 30 Persen Jadi USD11,25 Miliar MikroTriwulan II 2024, Simpanan BRI Tumbuh 11,61 Persen EkonomiIndeks Bisnis UMKM BRI Triwulan II 2024: Bisnis UMKM Mulai Membaik dan Prospektif MikroIni, Cerita Desa Cikaso yang Raih Juara Desa BRILian EkonomiDi Bawah Rasio Perbankan Nasional, Ini Jurus BRI Kelola NPL UMKM Tetap Rendah EkonomiBRI Kembali Ditunjuk KSEI Sebagai Bank Pembayaran dan Bank Administrator RDNTINGGALKAN BALASAN Batal balasanPlease enter your comment! Please enter your name here You have entered an incorrect email address!Please enter your email address here CAPCHA *   −  2  =  7          RADIO STREAMINGIkuti Kami173,303FansSuka21,009PengikutMengikuti6,115PengikutMengikuti4,560PelangganBerlangganan  CuacaDenpasarfew clouds   enter location  28.8 ° C  28.8 °  28.8 °  61%  7.2kmh  20%Jum 26 °Sab 26 °Ming 26 °Sen 26 °Sel 27 °  Iklan BarisCLAS-00009-01-12-2019 Ayo mulai pesan! Beriklan baris cetak dan online segera akan tampil di portal balipost.comCLAS-00008-01-12-2019 Ayo mulai pesan! Beriklan baris cetak dan online segera akan tampil di portal balipost.comCLAS-00007-01-12-2019 Ayo mulai pesan! Beriklan baris cetak dan online segera akan tampil di portal balipost.comCLAS-00006-01-12-2019 Ayo mulai pesan! Beriklan baris cetak dan online segera akan tampil di portal balipost.comCLAS-00005-01-12-2019 Ayo mulai pesan! Beriklan baris cetak dan online segera akan tampil di portal balipost.com  Tentang KamiBali Post Portal Media adalah portal berita pertama dengan konten  hiburan, fashion, musik, video dan audio news yang terkini dan terupdate.IKUTI KAMI                    Media SiberMedia PartnerPrivacy PolicyCopyrightDisclaimerTentang Kami © BALIPOST.com Ekonomi > Dirut BRI Sunarso Raih “Business Person of the Year”   Pada acara Fortune Indonesia Summit 2022 tersebut, Direktur Utama BRI Sunarso dinobatkan sebagai “Business Person of the Year”. Sunarso dinilai sebagai salah satu tokoh berpengaruh yang memiliki impact dan peran besar sebagai leadership di kancah business dan finance. Sunarso mengungkapkan apresiasinya atas penghargaan tersebut. Menurutnya, pencapaian ini tak terlepas dari peran dan inisiatif yang terus didorong di seluruh unit kerja BRI Group. “Di tengah kondisi pemulihan ekonomi yang masih berlangsung, BRI terus menjalankan strategi transformasi di area digital dan culture yang berkelanjutan,” ujarnya. Ia melanjutkan, strategi pertumbuhan BRI Group ini dilakukan salah satunya dengan mendorong nasabah eksisting naik kelas secara sistematis. Selain itu, perseroan juga memperbesar customer base dengan mencari sumber-sumber pertumbuhan baru, termasuk melalui pembentukan Holding Ultra Mikro (UMi) bersama. Kemampuan BRI dalam menyeimbangkan transformasi dengan tetap fokus pada core business nya tercermin dari kinerja cemerlang yang dibukukan oleh perseroan. Dalam tiga bulan pertama tahun 2022 perseroan mampu mencatatkan laba bersih konsolidasian senilai Rp12,22 triliun atau tumbuh sebesar 78,13 persen year on year. sementara untuk asset, pada akhir Maret 2022 tercatat Aset BRI mencapai sebesar Rp1.650,28 triliun atau tumbuh 8,99 persen yoy. Sunarso pun menyiratkan optimisme kinerja BRI ke depan di tengah kondisi ekonomi yang mulai bangkit. “Saya cukup yakin bahwa BRI akan semakin baik di 2022 dibandingkan tahun 2021, namun tetap antisipatif dengan kemungkinan terburuk dari kondisi perekonomian global,” imbuhnya. Sunarso optimistis, BRI dapat terus mengcreate dan mendeliver value sehingga terus tumbuh berkelanjutan. Selain bernilai secara aspek ekonomi/bisnis (economic values), BRI juga senantiasa menghadirkan social values bagi seluruh lapisan masyarakat. (Adv/balipost) CAPCHA *   −  2  =  7           "
Perempuan 22 Tahun Asal NTT Jadi Dirut BRI Selama ...,https://www.inews.id/finance/bisnis/perempuan-22-tahun-asal-ntt-jadi-dirut-bri-selama-sehari-ini-tugasnya,2024-08-15,2021-09-30,"Scan this QR or download app from: JAKARTA, iNews.id - Finalis Girls Take Over, Sisilia Tunga hari ini, Kamis (30/9/2021) akan menggantikan peran Direktur Utama (Dirut) Bank Rakyat Indonesia (BRI) Sunarso. Girls Take Over adalah program kesetaraan gender di lingkungan Kementerian BUMN. Dikutip dari akun Mandiri Update di Instagram, perempuan berusia 22 tahun asal Nusa Tenggara Timur (NTT) ini selama sehari akan melaksanakan berbagai kegiatan, mulai dari menyaksikan penandatanganan kerja sama, memimpin rapat pimpinan, hingga kunjungan lapangan.  Sisilia juga akan memberikan masukan atas situasi yang diobservasi di lapangan. Selain itu, dia akan berdiskusi dengan Direktur Utama BRI Sunarso untuk meningkatkan kepemimpinan setara di lingkungan BRI. Selain Sisilia, lima perempuan lainnya juga menggantikan Menteri BUMN, Direktur Utama Angkasa Pura I, BRI, Kimia Farma, Bank Mandiri, dan Telkomsel sepanjang hari ini. Mereka, yakni Sharon Florencia yang menggantikan Menteri BUMN Erick Thohir. Selain itu, ada Adinda, Indira, Putri, dan Virdha.   Sisilia sendiri memiliki pengalaman menjadi pendidik. Dia sempat menjadi seorang edukator dan Plt Kepala Sekolah Pendidikan Usia Dini, yang membawahi empat kelas besar di sebuah lembaga pendidikan swasta di Kota Kupang.  Sejak 2015, dia tergabung dalam komunitas di bidang pendidikan dan lingkungan. Dia mengajar Bahasa Inggris dan mata pelajaran serta keahlian lainnya bagi anak-anak yang tinggal di kampung nelayan dan bekerja sebagai kuli angkut di pasar. Sisilia ingin mendorong semua pihak untuk lebih memperhatikan isu kesetaraan gender dan tidak menghakimi perempuan atas pilihan yang diambil terhadap kepemilikan tubuhnya.  
                    Editor : Jujuk Ernawati
                 Lokasi Tidak Terdeteksi Aktifkan fitur berita di sekitarmu?  Pastikan pengaturan lokasi browser Anda aktif Ketahui lebih lanjut Pastikan pengaturan lokasi browser Anda aktif Ketahui lebih lanjut"
Dapatkan Kopi Kekinian Hanya dengan Buka Tabungan ...,https://infosumbar.net/berita/berita-nasional/dapatkan-kopi-kekinian-hanya-dengan-buka-tabungan-lewat-digital-cs-bri/,2024-08-15,2024-08-12,"Infosumbar.net – PT Bank Rakyat Indonesia (Persero) Tbk senantiasa memberikan kemudahan layanan perbankan bagi masyarakat. Lewat inovasi dan teknologi terkini, BRI telah menghadirkan 287 mesin Digital CS BRI yang memiliki beragam fitur. Salah satu fasilitas yang dapat dinikmati yakni membuka rekening Tabungan baru. Seperti diketahui, Digital CS merupakan mesin one stop service yang berfungsi untuk melayani transaksi nasabah secara self service. Digital CS dapat kamu ditemui di Kantor BRI yang lokasinya dapat dicek di laman berikut https://bri.co.id/digital-cs. Direktur Retail Funding and Distribution BRI Andrijanto mengatakan, selain membuka rekening di kantor cabang BRI terdekat, masyarakat juga dapat membuka rekening tabungan BRI lewat Digital CS dan super apps BRImo. “Tentunya ini akan mempermudah proses pembukaan tabungan atau rekening, serta efisien waktu dan tenaga,” ujarnya. Selain pembukaan rekening, Digital CS juga dilengkapi dengan fitur penggantian kartu, reissue PIN, enable kartu, passbook printing, cetak rekening koran, kirim rekening koran via email, cetak 5 transaksi terakhir dan penerbitan kartu debit. Sebagai upaya untuk meningkatkan awareness keberadaan mesin Digital CS, saat ini BRI menggelar program dengan membuka Tabungan BRI Melalui Mesin Digital CS, nasabah juga bisa menikmati promo free satu cup kopi di.bawahtangga. Caranya dengan menukarkan struk pembukaan tabungan tersebut pada periode program 5 – 30 Agustus 2024. Sebagai informasi, melalui perluasan jaringan kerja secara kolaboratif dengan merchant, BRI mencoba bereksplorasi memperluas layanan yang ditempatkan pada outlet di.bawahtangga berlokasi di Pasaraya Blok M, Jakarta Selatan. Kolaborasi bernama BRI X di.bawahtangga ini diharapkan dapat memberikan kenyamanan bagi pengunjung dan masyarakat umum untuk mengakses layanan perbankan sambil menikmati secangkir kopi serta bersosialisasi dan bersantai secara santai tanpa harus ke kantor bank. (*Ril)  Website ini diterbitkan oleh PT Infosumbar Media Kreasi | © 2010 - 2022  Website ini diterbitkan oleh PT Infosumbar Media Kreasi | © 2010 - 2022"
Mantan Dirut RSUD Kabupaten Batubara Yang Masuk ...,https://bidikekspres.id/2024/08/mantan-dirut-rsud-kabupaten-batubara-yang-masuk-dpo-terpidana-korupsi-bpjs-kesehatan-berhasil-diamankan-tim-kejati-sumut/,2024-08-15,2024-08-14,"Membidik Berita Dan Mencerdaskan Bangsa Membidik Berita Dan Mencerdaskan Bangsa Bidik Ekspres.id | Medan  Kejaksaan Tinggi Sumatera Utara (Kejati Sumut) mengamankan mantan Direktur Rumah Sakit Umum Daerah (RSUD) Kabupaten Batu Bara, Sumut, dr Marlina Lubis terpidana kasus korupsi penggunaan dana hasil klaim BPJS Kesehatan, yang merugikan keuangan negara sebesar Rp1 miliar.“Hari ini tim Intelijen Kejati Sumut bersama Kejari Batu Bara mengamankan terpidana korupsi penggunaan dana hasil klaim BPJS Kesehatan pada RSUD Kabupaten Batubara, Provinsi Sumatera Utara tahun anggaran 2014-2015,” kata Koordinator Bidang Intelijen Kejati Sumut Yos A Tarigan, di Medan, Selasa. Ia mengatakan, terpidana diamankan di sebuah klinik kesehatan, Jalan Cinta Karya, Kelurahan Sari Rejo, Kecamatan Medan Polonia, Medan. “pada saat ada dilakukan pengamanan, terpidana tidak melakukan perlawanan,” ujar dia. Pengamanan ini dilakukan, lanjut dia, setelah pihak Kejari Batu Bara melakukan pemanggilan secara patut agar terpidana melaksanakan putusan yang telah berkekuatan hukum tetap, namun terpidana tidak pernah memenuhi panggilan tersebut. “Sehingga, Kejari Batu Bara menetapkan terpidana sebagai daftar pencarian orang (DPO) sejak empat tahun yang lalu,” sebut Yos Tarigan. Setelah mengamankan terpidana, tim Intelijen Kejati Sumut melaksanakan menyerahkan terpidana kepada penuntut umum Kejari Batu Bara untuk dilakukan penahanan. “Selanjutnya terpidana akan ditahan di Lapas Kelas IIA Medan untuk menjalankan hukuman berdasarkan putusan yang telah berkekuatan hukum tetap atau inkracht,” kata Yos Tarigan. Pihaknya menambahkan, sebelumnya majelis hakim Pengadilan Tipikor pada Pengadilan Negeri (PN) Medan memvonis terpidana dengan penjara selama lima tahun enam bulan dan denda Rp300 juta dengan ketentuan jika denda tidak dibayar, maka diganti dengan pidana kurungan selama enam bulan. Selain itu, kata Yos, terpidana juga dihukum membayar uang pengganti sebesar Rp 1.096.321.495, dengan ketentuan apabila paling lama dalam waktu satu bulan sesudah putusan itu berkekuatan hukum tetap.*** Sumber: Humas Kejati Sumut  Anda harus masuk untuk berkomentar. Seluruh Awak Media Bidik Ekspres selalu dilengkapi dengan Kartu Tanda Pengenal dan Surat Tugas serta namanya tercantum dalam Box Redaksi  Seluruh Wartawan Media Bidik Ekspres Dilarang menerima Suap, Melakukan Pungi, Mengintimidasi, Menyalahfungsikan KTA atau melakukan Perbuatan Perbuatan lainnya yang melanggar Hukum lainnya selama menjalankan Tugas Jurnalistik  Wartawan Dilindungi Undang Undang No 40/99, Segala Bentuk Penyalahfungsian KTA/ID Card Bidik Ekspres adalah Tanggungjawab yang bersangkutan. 
										Media BIDIK EKSPRES Diterbitkan oleh PT. Eka Perkasa Pers | Powered By  SpiceThemes "
Skor Penilaian Infobank atas Kinerja BPR Bahteramas ...,https://sultratop.com/skor-penilaian-infobank-atas-kinerja-bpr-bahteramas-konawe-tertinggi-secara-nasional/,2024-08-15,2024-08-13,"SULTRATOP.COM, KONAWE – Skor penilaian Infobank terhadap kinerja Bank Perekonomian Rakyat (BPR) Bahteramas Konawe menjadi yang tertinggi secara nasional.BPR Bahteramas Konawe berada di posisi pertama dari 232 BPR se-Indonesia dengan aset Rp100 sampai dengan di bawah Rp250 miliar.Direktur Utama (Dirut) BPR Bahteramas Konawe Ahmad mengatakan, dari jumlah BPR tersebut, ada 103 BPR di antaranya meraih predikat “sangat bagus”. BPR Bahteramas Konawe tercatat sebagai bank nomor satu di kelompok aset tersebut.“Total skor alhamdulilah nyaris sempurna 99,94 persen. Kami terbesar di kelasnya, sekaligus salah satu skor tertinggi dari seluruh BPR yang dirating infobank tahun ini,” kata Ahmad saat ditemui di ruang kerjanya, Selasa (13/8/2024).Atas penilaian Infobank itu, BPR Bahteramas Konawe menunjukkan kinerja terbaik sepanjang 2023 dan dinilai jauh di atas rata-rata industri BPR nasional.Baca Juga :  RUPS Sukses Digelar, Sekda Sultra Apresisasi Kinerja BPR BahteramasBPR Bahteramas Konawe mengantongi laba Rp4,58 miliar atau tumbuh 49,81 persen sedangkan secara nasional BPR hanya tumbuh 38,67 persen.Kata Ahmad, kenaikan laba BPR Bahteramas Konawe ditopang penyaluran kredit dan Dana Pihak Ketiga (DPK) masing-masing tumbuh 74,59 persen dan 20,28 persen atau Rp65,61 miliar dan Rp39,09 miliar.“Alhamdulilah ini juga tumbuh di atas rata rata industri BPR nasional,” ujarnya.Sementara itu, hingga akhir 2023 aset BPR Bahteramas Konawe mencapai Rp110,11 miliar atau tumbuh 57,79 persen di sisi rentabilitas, Return on Assets (ROA) naik dari 5,96 persen menjadi 6,50 persen. Untuk Return on equity (ROE) juga naik dari 22,21 persen menjadi 33,27 persen.Sebagai informasi, dari 11 sub aspek penilaian rating dari Infobank, BPR Bahteramas Konawe mendapatkan nilai sempurna untuk 10 aspek.Baca Juga :  Kinerja Memuaskan, BPR Bahteramas Konsel Raih Gala Awards Asean Winner Class 2024Sepuluh aspek tersebut, yakni Capital Adequacy Ratio (CAR), pertumbuhan modal inti, pertumbuhan kredit yang diberikan, ROA, ROE, pertumbuhan laba tahun berjalan, Loan to deposit ratio (LDR), pertumbuhan dana pihak ketiga, dan Net Interest Margin (NIM). (—-)Penulis: Ilham Surahmin
 Post Views: 15IKUTI BERITA DAN ARTIKEL KAMI



BPR Bahteramas Konawe BPR Bahteramas Konawe berada di posisi pertama dari 232 BPR se-Indonesia dengan aset Rp100 sampai dengan di bawah Rp250 miliar. Direktur Utama (Dirut) BPR Bahteramas Konawe Ahmad mengatakan, dari jumlah BPR tersebut, ada 103 BPR di antaranya meraih predikat “sangat bagus”. BPR Bahteramas Konawe tercatat sebagai bank nomor satu di kelompok aset tersebut.“Total skor alhamdulilah nyaris sempurna 99,94 persen. Kami terbesar di kelasnya, sekaligus salah satu skor tertinggi dari seluruh BPR yang dirating infobank tahun ini,” kata Ahmad saat ditemui di ruang kerjanya, Selasa (13/8/2024).Atas penilaian Infobank itu, BPR Bahteramas Konawe menunjukkan kinerja terbaik sepanjang 2023 dan dinilai jauh di atas rata-rata industri BPR nasional.Baca Juga :  RUPS Sukses Digelar, Sekda Sultra Apresisasi Kinerja BPR BahteramasBPR Bahteramas Konawe mengantongi laba Rp4,58 miliar atau tumbuh 49,81 persen sedangkan secara nasional BPR hanya tumbuh 38,67 persen.Kata Ahmad, kenaikan laba BPR Bahteramas Konawe ditopang penyaluran kredit dan Dana Pihak Ketiga (DPK) masing-masing tumbuh 74,59 persen dan 20,28 persen atau Rp65,61 miliar dan Rp39,09 miliar.“Alhamdulilah ini juga tumbuh di atas rata rata industri BPR nasional,” ujarnya.Sementara itu, hingga akhir 2023 aset BPR Bahteramas Konawe mencapai Rp110,11 miliar atau tumbuh 57,79 persen di sisi rentabilitas, Return on Assets (ROA) naik dari 5,96 persen menjadi 6,50 persen. Untuk Return on equity (ROE) juga naik dari 22,21 persen menjadi 33,27 persen.Sebagai informasi, dari 11 sub aspek penilaian rating dari Infobank, BPR Bahteramas Konawe mendapatkan nilai sempurna untuk 10 aspek.Baca Juga :  Kinerja Memuaskan, BPR Bahteramas Konsel Raih Gala Awards Asean Winner Class 2024Sepuluh aspek tersebut, yakni Capital Adequacy Ratio (CAR), pertumbuhan modal inti, pertumbuhan kredit yang diberikan, ROA, ROE, pertumbuhan laba tahun berjalan, Loan to deposit ratio (LDR), pertumbuhan dana pihak ketiga, dan Net Interest Margin (NIM). (—-)Penulis: Ilham Surahmin
 Post Views: 15IKUTI BERITA DAN ARTIKEL KAMI



BPR Bahteramas Konawe “Total skor alhamdulilah nyaris sempurna 99,94 persen. Kami terbesar di kelasnya, sekaligus salah satu skor tertinggi dari seluruh BPR yang dirating infobank tahun ini,” kata Ahmad saat ditemui di ruang kerjanya, Selasa (13/8/2024).Atas penilaian Infobank itu, BPR Bahteramas Konawe menunjukkan kinerja terbaik sepanjang 2023 dan dinilai jauh di atas rata-rata industri BPR nasional.Baca Juga :  RUPS Sukses Digelar, Sekda Sultra Apresisasi Kinerja BPR BahteramasBPR Bahteramas Konawe mengantongi laba Rp4,58 miliar atau tumbuh 49,81 persen sedangkan secara nasional BPR hanya tumbuh 38,67 persen.Kata Ahmad, kenaikan laba BPR Bahteramas Konawe ditopang penyaluran kredit dan Dana Pihak Ketiga (DPK) masing-masing tumbuh 74,59 persen dan 20,28 persen atau Rp65,61 miliar dan Rp39,09 miliar.“Alhamdulilah ini juga tumbuh di atas rata rata industri BPR nasional,” ujarnya.Sementara itu, hingga akhir 2023 aset BPR Bahteramas Konawe mencapai Rp110,11 miliar atau tumbuh 57,79 persen di sisi rentabilitas, Return on Assets (ROA) naik dari 5,96 persen menjadi 6,50 persen. Untuk Return on equity (ROE) juga naik dari 22,21 persen menjadi 33,27 persen.Sebagai informasi, dari 11 sub aspek penilaian rating dari Infobank, BPR Bahteramas Konawe mendapatkan nilai sempurna untuk 10 aspek.Baca Juga :  Kinerja Memuaskan, BPR Bahteramas Konsel Raih Gala Awards Asean Winner Class 2024Sepuluh aspek tersebut, yakni Capital Adequacy Ratio (CAR), pertumbuhan modal inti, pertumbuhan kredit yang diberikan, ROA, ROE, pertumbuhan laba tahun berjalan, Loan to deposit ratio (LDR), pertumbuhan dana pihak ketiga, dan Net Interest Margin (NIM). (—-)Penulis: Ilham Surahmin
 Post Views: 15IKUTI BERITA DAN ARTIKEL KAMI



BPR Bahteramas Konawe Atas penilaian Infobank itu, BPR Bahteramas Konawe menunjukkan kinerja terbaik sepanjang 2023 dan dinilai jauh di atas rata-rata industri BPR nasional.Baca Juga :  RUPS Sukses Digelar, Sekda Sultra Apresisasi Kinerja BPR BahteramasBPR Bahteramas Konawe mengantongi laba Rp4,58 miliar atau tumbuh 49,81 persen sedangkan secara nasional BPR hanya tumbuh 38,67 persen.Kata Ahmad, kenaikan laba BPR Bahteramas Konawe ditopang penyaluran kredit dan Dana Pihak Ketiga (DPK) masing-masing tumbuh 74,59 persen dan 20,28 persen atau Rp65,61 miliar dan Rp39,09 miliar.“Alhamdulilah ini juga tumbuh di atas rata rata industri BPR nasional,” ujarnya.Sementara itu, hingga akhir 2023 aset BPR Bahteramas Konawe mencapai Rp110,11 miliar atau tumbuh 57,79 persen di sisi rentabilitas, Return on Assets (ROA) naik dari 5,96 persen menjadi 6,50 persen. Untuk Return on equity (ROE) juga naik dari 22,21 persen menjadi 33,27 persen.Sebagai informasi, dari 11 sub aspek penilaian rating dari Infobank, BPR Bahteramas Konawe mendapatkan nilai sempurna untuk 10 aspek.Baca Juga :  Kinerja Memuaskan, BPR Bahteramas Konsel Raih Gala Awards Asean Winner Class 2024Sepuluh aspek tersebut, yakni Capital Adequacy Ratio (CAR), pertumbuhan modal inti, pertumbuhan kredit yang diberikan, ROA, ROE, pertumbuhan laba tahun berjalan, Loan to deposit ratio (LDR), pertumbuhan dana pihak ketiga, dan Net Interest Margin (NIM). (—-)Penulis: Ilham Surahmin
 Post Views: 15IKUTI BERITA DAN ARTIKEL KAMI



BPR Bahteramas Konawe BPR Bahteramas Konawe mengantongi laba Rp4,58 miliar atau tumbuh 49,81 persen sedangkan secara nasional BPR hanya tumbuh 38,67 persen.Kata Ahmad, kenaikan laba BPR Bahteramas Konawe ditopang penyaluran kredit dan Dana Pihak Ketiga (DPK) masing-masing tumbuh 74,59 persen dan 20,28 persen atau Rp65,61 miliar dan Rp39,09 miliar.“Alhamdulilah ini juga tumbuh di atas rata rata industri BPR nasional,” ujarnya.Sementara itu, hingga akhir 2023 aset BPR Bahteramas Konawe mencapai Rp110,11 miliar atau tumbuh 57,79 persen di sisi rentabilitas, Return on Assets (ROA) naik dari 5,96 persen menjadi 6,50 persen. Untuk Return on equity (ROE) juga naik dari 22,21 persen menjadi 33,27 persen.Sebagai informasi, dari 11 sub aspek penilaian rating dari Infobank, BPR Bahteramas Konawe mendapatkan nilai sempurna untuk 10 aspek.Baca Juga :  Kinerja Memuaskan, BPR Bahteramas Konsel Raih Gala Awards Asean Winner Class 2024Sepuluh aspek tersebut, yakni Capital Adequacy Ratio (CAR), pertumbuhan modal inti, pertumbuhan kredit yang diberikan, ROA, ROE, pertumbuhan laba tahun berjalan, Loan to deposit ratio (LDR), pertumbuhan dana pihak ketiga, dan Net Interest Margin (NIM). (—-)Penulis: Ilham Surahmin
 Post Views: 15IKUTI BERITA DAN ARTIKEL KAMI



BPR Bahteramas Konawe Kata Ahmad, kenaikan laba BPR Bahteramas Konawe ditopang penyaluran kredit dan Dana Pihak Ketiga (DPK) masing-masing tumbuh 74,59 persen dan 20,28 persen atau Rp65,61 miliar dan Rp39,09 miliar.“Alhamdulilah ini juga tumbuh di atas rata rata industri BPR nasional,” ujarnya.Sementara itu, hingga akhir 2023 aset BPR Bahteramas Konawe mencapai Rp110,11 miliar atau tumbuh 57,79 persen di sisi rentabilitas, Return on Assets (ROA) naik dari 5,96 persen menjadi 6,50 persen. Untuk Return on equity (ROE) juga naik dari 22,21 persen menjadi 33,27 persen.Sebagai informasi, dari 11 sub aspek penilaian rating dari Infobank, BPR Bahteramas Konawe mendapatkan nilai sempurna untuk 10 aspek.Baca Juga :  Kinerja Memuaskan, BPR Bahteramas Konsel Raih Gala Awards Asean Winner Class 2024Sepuluh aspek tersebut, yakni Capital Adequacy Ratio (CAR), pertumbuhan modal inti, pertumbuhan kredit yang diberikan, ROA, ROE, pertumbuhan laba tahun berjalan, Loan to deposit ratio (LDR), pertumbuhan dana pihak ketiga, dan Net Interest Margin (NIM). (—-)Penulis: Ilham Surahmin
 Post Views: 15IKUTI BERITA DAN ARTIKEL KAMI



BPR Bahteramas Konawe “Alhamdulilah ini juga tumbuh di atas rata rata industri BPR nasional,” ujarnya.Sementara itu, hingga akhir 2023 aset BPR Bahteramas Konawe mencapai Rp110,11 miliar atau tumbuh 57,79 persen di sisi rentabilitas, Return on Assets (ROA) naik dari 5,96 persen menjadi 6,50 persen. Untuk Return on equity (ROE) juga naik dari 22,21 persen menjadi 33,27 persen.Sebagai informasi, dari 11 sub aspek penilaian rating dari Infobank, BPR Bahteramas Konawe mendapatkan nilai sempurna untuk 10 aspek.Baca Juga :  Kinerja Memuaskan, BPR Bahteramas Konsel Raih Gala Awards Asean Winner Class 2024Sepuluh aspek tersebut, yakni Capital Adequacy Ratio (CAR), pertumbuhan modal inti, pertumbuhan kredit yang diberikan, ROA, ROE, pertumbuhan laba tahun berjalan, Loan to deposit ratio (LDR), pertumbuhan dana pihak ketiga, dan Net Interest Margin (NIM). (—-)Penulis: Ilham Surahmin
 Post Views: 15IKUTI BERITA DAN ARTIKEL KAMI



BPR Bahteramas Konawe Sementara itu, hingga akhir 2023 aset BPR Bahteramas Konawe mencapai Rp110,11 miliar atau tumbuh 57,79 persen di sisi rentabilitas, Return on Assets (ROA) naik dari 5,96 persen menjadi 6,50 persen. Untuk Return on equity (ROE) juga naik dari 22,21 persen menjadi 33,27 persen.Sebagai informasi, dari 11 sub aspek penilaian rating dari Infobank, BPR Bahteramas Konawe mendapatkan nilai sempurna untuk 10 aspek.Baca Juga :  Kinerja Memuaskan, BPR Bahteramas Konsel Raih Gala Awards Asean Winner Class 2024Sepuluh aspek tersebut, yakni Capital Adequacy Ratio (CAR), pertumbuhan modal inti, pertumbuhan kredit yang diberikan, ROA, ROE, pertumbuhan laba tahun berjalan, Loan to deposit ratio (LDR), pertumbuhan dana pihak ketiga, dan Net Interest Margin (NIM). (—-)Penulis: Ilham Surahmin
 Post Views: 15IKUTI BERITA DAN ARTIKEL KAMI



BPR Bahteramas Konawe Sebagai informasi, dari 11 sub aspek penilaian rating dari Infobank, BPR Bahteramas Konawe mendapatkan nilai sempurna untuk 10 aspek.Baca Juga :  Kinerja Memuaskan, BPR Bahteramas Konsel Raih Gala Awards Asean Winner Class 2024Sepuluh aspek tersebut, yakni Capital Adequacy Ratio (CAR), pertumbuhan modal inti, pertumbuhan kredit yang diberikan, ROA, ROE, pertumbuhan laba tahun berjalan, Loan to deposit ratio (LDR), pertumbuhan dana pihak ketiga, dan Net Interest Margin (NIM). (—-)Penulis: Ilham Surahmin
 Post Views: 15IKUTI BERITA DAN ARTIKEL KAMI



BPR Bahteramas Konawe Sepuluh aspek tersebut, yakni Capital Adequacy Ratio (CAR), pertumbuhan modal inti, pertumbuhan kredit yang diberikan, ROA, ROE, pertumbuhan laba tahun berjalan, Loan to deposit ratio (LDR), pertumbuhan dana pihak ketiga, dan Net Interest Margin (NIM). (—-)Penulis: Ilham Surahmin
 Post Views: 15IKUTI BERITA DAN ARTIKEL KAMI



BPR Bahteramas Konawe Penulis: Ilham Surahmin
 Post Views: 15IKUTI BERITA DAN ARTIKEL KAMI



BPR Bahteramas Konawe IKUTI BERITA DAN ARTIKEL KAMI  "
Kompetisi BRI Liga 1 2024/2025 Resmi Dimulai,https://borneoflash.com/2024/08/10/kompetisi-bri-liga-1-2024-2025-resmi-dimulai/,2024-08-15,2024-08-10," 
 BorneoFlash.com, BANDUNG – Wakil Ketua Umum PSSI, Zainudin Amali Resmi membuka Kompetisi BRI Liga 1 2024/2025 dengan tendangan seremonial sebelum kick off laga pembuka Persib Bandung versus PSBS Biak di Stadion Si Jalak Harupat, Kabupaten Bandung, Jumat (9/8/2024).    Waketum PSSI, didampingi oleh Dirut PT LIB Ferry Paulus, Dirut Indosiar Imam Sudjarwo dan Senior Executive Vice President (SEVP) Asset Management and Procurement BRI, Aestika Oryza Gunarto.   Acara pembukaan dimulai dengan pertandingan mini match antara 79 Sekolah Sepak Bola (SSB) versus 8 pemain legenda tim nasional. Setelah itu dilanjutkan dengan penampilan tarian tradisional khas budaya Sunda. Tari tradisional ini melibatkan 200 penari yang tampil langsung di lapangan.    Tarian yang ditampilkan di antaranya ada Tari Badaya Sunda, dan Tarian Boboko. Ditampilkan juga, budaya Sisingaan yang merupakan kultur khas Jawa Barat.   Selain itu, ada penampilan dari Lady Rara dan Lesti Kejora yang bernyanyi untuk menghibur para penonton. Lady Rara dan Lesti Kejora pun memimpin sesi menyanyikan lagu kebangsaan Indonesia Raya dan beberapa lagu penyemangat.   Pada pertandingan ini, Persib Bandung menang telak dengan skor 4-1 atas PSBS Biak. Empat gol Persib dicetak oleh dua gol David Silva menit ke- 18′, serta 85′, lalu Beckham Putra 65′, dan Ciro Alves 77′.  (*/pssi.org) Simak berita dan artikel BorneoFlash lainnya di   Google News No More Posts Available. No more pages to load. View More    
"
"Diduga Korsleting, Mobil Guru SMP di Pulau Sebatik ...",https://kabarnunukan.com/diduga-korsleting-mobil-guru-smp-di-pulau-sebatik-terbakar-di-lingkungan-sekolah/,2024-08-15,2024-08-15,"Hi, what are you looking for? Begini Pandangan Fraksi PKS Dalam Sidang Paripurna APBD Perubahan 2024 Kondisi SDN 013 Sembakung dan Infrastruktur Jalan di Kabudaya, Menjadi Atensi Fraksi Perjuangan Persatuan Nasional Fraksi Hanura Berharap Pemda Nunukan Bisa Melanjutkan Hasil Pansus Rumah Jabatan ke APH Bawaslu Nunukan Berkomitmen Mendukung Keterbukaan Informasi Publik Evaluasi Hasil Pengawasan Coklit di Nunukan, Bawaslu Temukan 70 Pemilih Potensial di 13 Kecamatan Tidak Tercoklit Curah Hujan Tinggi Disertai Angin Kencang Hancurkan Sarana Prasarana Warga di Krayan Kisah Nenek Rupiah Asal Jombang, Korban ‘Ipar Adalah Maut’ di Dunia Nyata, Terlantar di Nunukan Pencurian Rumput Laut Dikeluhkan Pendemo, DPRD Nunukan Pertanyakan Anggaran Pengawasan DKP Kaltara LMND Nunukan Pertanyakan Nihilnya Regulasi Rumput Laut yang Telah Menjadi Penopang Ekonomi Terbesar Masyarakat Tinggal Sebatang Kara di Nunukan, Pria Asal Sulsel Ditemukan Meninggal di Dalam Bengkel Mobil Kurangi Pengangguran, Pemkab Nunukan Gandeng Sejumlah Perusahaan Membuka 474 Lowongan Kerja Sambut Hari Bhakti Adhyaksa, Kejari Nunukan Buka Bazar Sembako Permudah Kebutuhan Warga Perbatasan Larangan Bensin Malaysia Dikeluhkan Nelayan dan Pembudidaya Rumput Laut Nunukan, Berharap Ada APMS Khusus Nelayan Tuntut Tata Niaga Rumput Laut, Aliansi Petani Rumput Laut Berdemo di DPRD Nunukan Berawal Dari Coba Coba, Kelompok Tani Pancang Cerah Punya Omset Rp 40 Juta Per Bulan Pemuda di Nunukan Tega Bobol Celengan Majikan Untuk Bayar Utang dan Narkoba Gagal Menagih Utang Rp. 150.000, Pria di Nunukan Aniaya Temannya dengan Kerambit Kronologis Pembunuhan Pengusaha Rumput Laut Oleh Pemuda Bisu di Nunukan Dua Hari Pengejaran, Pemuda Bisu Terduga Pelaku Pembunuh Pengusaha Rumput Laut Akhirnya Berhasil Ditangkap Juragan Rumput Laut di Nunukan Tewas Akibat Tikaman Senjata Tajam, Istri Dilarikan ke RSUD  Fasilitasi KBKR bersama BKKBN Kaltim Untuk Generasi Bebas Stunting LBH Nunukan Hersen Justice Nyatakan RSUD Tak Memenuhi Syarat Terapkan BLUD Nyaris Bangkrut, Manajemen RSUD Nunukan Mengeklaim Pelayanan dan Ketersediaan Obat Sudah Mulai Normal RSUD Nunukan Kolaps, Bupati Mengaku Sudah Berkali Kali Tawarkan Solusi, Tapi Dirut Terus Menolak Kasus Stunting di Nunukan Turun Menjadi 15,8 Persen di Tahun 2024 Inovasi Pengawasan Melalui Siwaskam di Nunukan Masih Terhambat Nihilnya Akses Sinyal Internet Jaringan Intranet, Upaya Pemkab Menjadikan Nunukan Sebagai Smart City Kesal Sering Alami Mati Lampu, Warga Sebatik Ciptakan Mesin PLTA Portabel Informasi Lengkap Terkait Pemkab Nunukan, Dapat Diakses Melalui SIMP4TIK Wartelsuspas, Solusi Pemberantasan Handphone Narapidana dan Kemudahan Komunikasi Dalam Penjara Indahnya Sunset di Bukit Mandau, Destinasi Wisata Nunukan yang Dijaga Para Narapidana Sempat Mati Mesin di Perairan Sulawesi, Kapal Yacht Berbendera Kanada Akhirnya Sampai di Nunukan Sejumlah Wahana Baru Lengkapi SAE Lanuka, Ada Beragam Binatang dan Wisata Rumah Adat Cerita Zainal, Selalu Mudik Lewat Malaysia Karena Lebih Mudah dan Jauh Lebih Murah Ketimbang Penerbangan Domestik SAE Lanuka Destinasi Wisata Baru di Nunukan Tak Terima Anak Gadisnya Disetubuhi, Orang Tua Korban di Sebatik Polisikan Pelaku Nekat Bertransaksi Sabu di Pusat Kota, Tiga Pelaku Narkoba Dibekuk BNNK Nunukan Tak Terima Suaminya Dituding Sebagai Pemasok Narkoba dan Ditangkap Polisi, IRT di Sebatik Ajukan Pra Peradilan Bekerja Sama Menjual Sabu Sabu, Seorang Karyawan Swasta dan Tukang Kayu Dibekuk Satreskoba Polres Nunukan Jualan Sabu di Sebatik, Lansia 81 Tahun Diamankan Polisi KI Kaltara Usulkan 50 Persen Perempuan Sebagai IA IKIP 2024 Ukur Kepatuhan 219 Perangkat Daerah, KI Kaltara Gelar Monev KIP Cerita Perjuangan Manang, Belajar Calistung, Melayakkan Diri Menjadi Kades Balatikon Terlibat Korupsi Pembangunan Tangki Septik dan Divonis 3 Tahun Penjara, Seorang ASN DPUPR Nunukan Dipecat Bebas Penjara dan Diaktifkan Sebagai ASN, Dua Mantan Napi Korupsi Kembali Dipecat By Published Flipboard Reddit Whatsapp Whatsapp Email NUNUKAN – Sebuah mobil jenis minibus milik Suaib (35), guru di SMP Sebatik Barat, Nunukan, Kalimantan Utara, tiba tiba terbakar di lingkungan sekolah, Rabu (14/8/2024) kemarin. Kebakaran terjadi di area parkir sekolah, berdekatan dengan beberapa kendaraan lainnya. Api dari bagian depan mobil menyebabkan kehebohan di kalangan siswa yang sedang berolahraga. ‘’Kebakaran mobil guru SMP di Sebatik Barat diduga karena korsleting kabel mesin,’’ujar Komandan Pleton Pemadam Kebakaran Sebatik Barat, Basir, saat dihubungi. Saat kejadian, para guru menghentikan aktivitas belajar mengajar dan bergegas ke lokasi untuk memadamkan api dengan alat ‘’Diduga akibat hubungan pendek arus listrik. Saya dengar mobil yang terbakar baru dicuci. Kemungkinan tersebut bisa menjadi salah satu penyebab kebakaran,’’ jelasnya. Meskipun mobil mengalami kerusakan pada bagian mesin akibat kebakaran, para guru berhasil memadamkan api sebelum meluas. ‘’Kita bersyukur sekolah menyediakan apar, dan guru cukup sigap melakukan pemadaman. Saat kami sampai lokasi, api sudah sepenuhnya padam,’’kata dia. (Dzulviqor)   Alamat email Anda tidak akan dipublikasikan. Ruas yang wajib ditandai * Komentar *  Nama *  Email *  Situs Web   Simpan nama, email, dan situs web saya pada peramban ini untuk komentar saya berikutnya.  

 Flipboard Reddit Whatsapp Whatsapp Email NUNUKAN – Bank Rakyat Indonesia (BRI) cabang Nunukan, merilis hasil investigasi kasus hilangnya uang nasabah bernama Betris, senilai kurang lebih Rp. 384 juta, Selasa,... NUNUKAN – Sabri, salah satu Atlet panjat tebing asal Nunukan, yang pernah meraih medali emas (perorangan) pada PON XVII 2012 di Riau, Perunggu (perorangan)... Menanggapi keterlibatan dua angotanya, Syaiful menegaskan, tidak ada toleransi bagi anggotanya yang terlibat penyalahgunaan narkoba. NUNUKAN – Bank Rakyat Indonesia (BRI) menggelar senam sehat, bertajuk ‘Bilang aja gak terhadap kejahatan perbankan’, di halaman Kantor Cabang BRI, Jalan TVRI, Nunukan... Copyright © 2021 | Kabarnunukan.com"
Pihak BRI Cabang Ende Bantah Pernyataan Orang Tua ...,https://berita76.com/berita/pihak-bri-cabang-ende-bantah-pernyataan-orang-tua-penerima-pip-di-ende/2/,2024-08-15,2024-08-14,"Sementara itu, Arsy, orang tua penerima dana tersebut kepada tim media ini mengaku bahwa persoalan dimaksud telah diselesaikan.
“Kami sudah menyelesaikan dengan cara persuasif. Dan saat ini anak kami telah mendapat kembali bantuan tersebut”,katnya
Arsy juga menyampaikan ucapan terimakasih kepada pihak BRI Cabang Ende yang tengah merespon dan menyelesaikan persoalan tersebut dengan cara yang sangat humanis dan ramah masyarakat.
“Sekali lagi kami sampaikan ucapan terimakasih kepada pihak BRI Cabang Ende. Terkait pernyataan di media beberapa hari lalu, itu karena terjadi kesalapahaman”,tutupnya
Sebelumnya
Baca Juga :  Ketua PMKRI Ende: Berharap Tuntutan Pencopotan Kadis P & K Pada Sidang Paripurna DPRD Ende, Tidak Dilandasi Oleh Gagalnya Eksekusi Proyek Untuk Pihak Ke TigaHalaman: 1 2

Pihak BRI Cabang Ende Bantah Pernyataan Orang Tua Penerima PIP Di Ende  
 

Tetap Terhubung Dengan Kami:






CATATAN REDAKSI :Apabila ada pihak yang merasa dirugikan dan/atau keberatan dengan penayangan artikel dan/atau berita tersebut diatas, Anda dapat mengirimkan artikel dan /atau berita berisi sanggahan dan/atau koreksi kepada Redaksi kami,sebagaimana diatur dalam pasal (1) ayat (11) dan (12) Undang-undang Nomor 40 Tahun 1999 Tentang Pers. Artikel/berita dimaksud dapat dikirim melalui email : berita76gmail.com atau ke no kontak : +62 813 3982  5669 / +62 812 3646  2309.
		
 
 “Kami sudah menyelesaikan dengan cara persuasif. Dan saat ini anak kami telah mendapat kembali bantuan tersebut”,katnya Arsy juga menyampaikan ucapan terimakasih kepada pihak BRI Cabang Ende yang tengah merespon dan menyelesaikan persoalan tersebut dengan cara yang sangat humanis dan ramah masyarakat.
“Sekali lagi kami sampaikan ucapan terimakasih kepada pihak BRI Cabang Ende. Terkait pernyataan di media beberapa hari lalu, itu karena terjadi kesalapahaman”,tutupnya
Sebelumnya
Baca Juga :  Ketua PMKRI Ende: Berharap Tuntutan Pencopotan Kadis P & K Pada Sidang Paripurna DPRD Ende, Tidak Dilandasi Oleh Gagalnya Eksekusi Proyek Untuk Pihak Ke TigaHalaman: 1 2

Pihak BRI Cabang Ende Bantah Pernyataan Orang Tua Penerima PIP Di Ende  
 

Tetap Terhubung Dengan Kami:






CATATAN REDAKSI :Apabila ada pihak yang merasa dirugikan dan/atau keberatan dengan penayangan artikel dan/atau berita tersebut diatas, Anda dapat mengirimkan artikel dan /atau berita berisi sanggahan dan/atau koreksi kepada Redaksi kami,sebagaimana diatur dalam pasal (1) ayat (11) dan (12) Undang-undang Nomor 40 Tahun 1999 Tentang Pers. Artikel/berita dimaksud dapat dikirim melalui email : berita76gmail.com atau ke no kontak : +62 813 3982  5669 / +62 812 3646  2309.
		
 
 “Sekali lagi kami sampaikan ucapan terimakasih kepada pihak BRI Cabang Ende. Terkait pernyataan di media beberapa hari lalu, itu karena terjadi kesalapahaman”,tutupnya
Sebelumnya
Baca Juga :  Ketua PMKRI Ende: Berharap Tuntutan Pencopotan Kadis P & K Pada Sidang Paripurna DPRD Ende, Tidak Dilandasi Oleh Gagalnya Eksekusi Proyek Untuk Pihak Ke TigaHalaman: 1 2

Pihak BRI Cabang Ende Bantah Pernyataan Orang Tua Penerima PIP Di Ende  
 

Tetap Terhubung Dengan Kami:






CATATAN REDAKSI :Apabila ada pihak yang merasa dirugikan dan/atau keberatan dengan penayangan artikel dan/atau berita tersebut diatas, Anda dapat mengirimkan artikel dan /atau berita berisi sanggahan dan/atau koreksi kepada Redaksi kami,sebagaimana diatur dalam pasal (1) ayat (11) dan (12) Undang-undang Nomor 40 Tahun 1999 Tentang Pers. Artikel/berita dimaksud dapat dikirim melalui email : berita76gmail.com atau ke no kontak : +62 813 3982  5669 / +62 812 3646  2309.
		
 
 CATATAN REDAKSI :Apabila ada pihak yang merasa dirugikan dan/atau keberatan dengan penayangan artikel dan/atau berita tersebut diatas, Anda dapat mengirimkan artikel dan /atau berita berisi sanggahan dan/atau koreksi kepada Redaksi kami,sebagaimana diatur dalam pasal (1) ayat (11) dan (12) Undang-undang Nomor 40 Tahun 1999 Tentang Pers. Artikel/berita dimaksud dapat dikirim melalui email : berita76gmail.com atau ke no kontak : +62 813 3982  5669 / +62 812 3646  2309.
		  "
Dapatkan Kopi Kekinian Hanya dengan Buka Tabungan ...,https://infosumbar.net/berita/berita-nasional/dapatkan-kopi-kekinian-hanya-dengan-buka-tabungan-lewat-digital-cs-bri/,2024-08-15,2024-08-12,"Infosumbar.net – PT Bank Rakyat Indonesia (Persero) Tbk senantiasa memberikan kemudahan layanan perbankan bagi masyarakat. Lewat inovasi dan teknologi terkini, BRI telah menghadirkan 287 mesin Digital CS BRI yang memiliki beragam fitur. Salah satu fasilitas yang dapat dinikmati yakni membuka rekening Tabungan baru. Seperti diketahui, Digital CS merupakan mesin one stop service yang berfungsi untuk melayani transaksi nasabah secara self service. Digital CS dapat kamu ditemui di Kantor BRI yang lokasinya dapat dicek di laman berikut https://bri.co.id/digital-cs. Direktur Retail Funding and Distribution BRI Andrijanto mengatakan, selain membuka rekening di kantor cabang BRI terdekat, masyarakat juga dapat membuka rekening tabungan BRI lewat Digital CS dan super apps BRImo. “Tentunya ini akan mempermudah proses pembukaan tabungan atau rekening, serta efisien waktu dan tenaga,” ujarnya. Selain pembukaan rekening, Digital CS juga dilengkapi dengan fitur penggantian kartu, reissue PIN, enable kartu, passbook printing, cetak rekening koran, kirim rekening koran via email, cetak 5 transaksi terakhir dan penerbitan kartu debit. Sebagai upaya untuk meningkatkan awareness keberadaan mesin Digital CS, saat ini BRI menggelar program dengan membuka Tabungan BRI Melalui Mesin Digital CS, nasabah juga bisa menikmati promo free satu cup kopi di.bawahtangga. Caranya dengan menukarkan struk pembukaan tabungan tersebut pada periode program 5 – 30 Agustus 2024. Sebagai informasi, melalui perluasan jaringan kerja secara kolaboratif dengan merchant, BRI mencoba bereksplorasi memperluas layanan yang ditempatkan pada outlet di.bawahtangga berlokasi di Pasaraya Blok M, Jakarta Selatan. Kolaborasi bernama BRI X di.bawahtangga ini diharapkan dapat memberikan kenyamanan bagi pengunjung dan masyarakat umum untuk mengakses layanan perbankan sambil menikmati secangkir kopi serta bersosialisasi dan bersantai secara santai tanpa harus ke kantor bank. (*Ril)  Website ini diterbitkan oleh PT Infosumbar Media Kreasi | © 2010 - 2022  Website ini diterbitkan oleh PT Infosumbar Media Kreasi | © 2010 - 2022"
Sunarso Diangkat Jadi Dirut Bank BRI Gantikan Suprajarto,https://bumntrack.co.id/sunarso-diangkat-jadi-dirut-bank-bri-gantikan-suprajarto/,2024-08-15,2019-09-02,"Jakarta, Bumntrack.co.id – Dalam Rapat Umum Pemegang Saham Luar Biasa (RUPSLB) Bank BRI, pemegang saham menyetujui mundurnya Suprajarto sebagai dirut dan mengangkat Sunarso sebagai Direktur Utama. Selain itu, RUPSLB juga memberhentikan dengan hormat empat direksi lainnya. “RUPSLB Bank BRI menyetujui penunjukan Sunarso sebagai Direktur Utama, menggantikan Suprajarto. Selain itu, juga ditetapkan pengurus baru yaitu Catur Budi Harto, Herdy Rosady Harman, Agus Sudiarto, Agus Noorsanto dan Azizatun Azhimah sebagai Direksi Bank BRI serta Loeke Larasati Agoestina sebagai Komisaris Bank BRI,” kata Corporate Secretary PT BRI, Hari Purnomo di Jakarta, Senin (2/9). Pada saat yang sama, lanjutnya, RUPSLB 2019 juga memberhentikan dengan hormat Sis Apik Wijayanto, Osbal Saragi Rumahorbo, R.Sophia Alizsa dan Mohammad Irfan sebagai Direksi Bank BRI. Atas perubahan tersebut susunan Dewan Komisaris dan Direksi Bank BRI menjadi, sebagai berikut: Dewan Komisaris  Komisaris Utama/Komisaris Independen    : Andrinof A. Chaniago Wakil Komisaris Utama                                   : Wahyu Kuncoro Komisaris Independen                                    : A. Fuad Rahmany Komisaris Independen                                    : Hendrikus Ivo Komisaris Independen                                    : A. Sonny Keraf Komisaris Independen                                    : Rofikoh Rokhim         Komisaris                                                           : Hadiyanto Komisaris                                                           : Nicolaus Teguh Budi Harjanto Komisaris                                                           : Loeke Larasati Agoestina* Direksi  Direktur Utama                                          : Sunarso* Wakil Direktur Utama                              : Catur Budi Harto* Direktur Bisnis Kecil, Ritel dan Menengah : Priyastomo Direktur Bisnis Mikro                                      : Supari Direktur Konsumer                                          : Handayani Direktur Jaringan dan Layanan                    : Ahmad Solichin Lutfiyanto Direktur Keuangan                                          : Haru Koesmahargyo Direktur Digital, Teknologi Informasi dan Operasi  : Indra Utoyo Direktur Hubungan Kelembagaan dan BUMN  : Agus Noorsanto* Direktur Human Capital                                  : Herdy Rosadi Harman* Direktur Manajemen Risiko                            : Agus Sudiarto* Direktur Kepatuhan                                          : Azizatun Azhimah*"
Sunarso Diangkat Jadi Dirut Bank BRI Gantikan Suprajarto,https://bumntrack.co.id/sunarso-diangkat-jadi-dirut-bank-bri-gantikan-suprajarto/,2024-08-15,2019-09-02,"Jakarta, Bumntrack.co.id – Dalam Rapat Umum Pemegang Saham Luar Biasa (RUPSLB) Bank BRI, pemegang saham menyetujui mundurnya Suprajarto sebagai dirut dan mengangkat Sunarso sebagai Direktur Utama. Selain itu, RUPSLB juga memberhentikan dengan hormat empat direksi lainnya. “RUPSLB Bank BRI menyetujui penunjukan Sunarso sebagai Direktur Utama, menggantikan Suprajarto. Selain itu, juga ditetapkan pengurus baru yaitu Catur Budi Harto, Herdy Rosady Harman, Agus Sudiarto, Agus Noorsanto dan Azizatun Azhimah sebagai Direksi Bank BRI serta Loeke Larasati Agoestina sebagai Komisaris Bank BRI,” kata Corporate Secretary PT BRI, Hari Purnomo di Jakarta, Senin (2/9). Pada saat yang sama, lanjutnya, RUPSLB 2019 juga memberhentikan dengan hormat Sis Apik Wijayanto, Osbal Saragi Rumahorbo, R.Sophia Alizsa dan Mohammad Irfan sebagai Direksi Bank BRI. Atas perubahan tersebut susunan Dewan Komisaris dan Direksi Bank BRI menjadi, sebagai berikut: Dewan Komisaris  Komisaris Utama/Komisaris Independen    : Andrinof A. Chaniago Wakil Komisaris Utama                                   : Wahyu Kuncoro Komisaris Independen                                    : A. Fuad Rahmany Komisaris Independen                                    : Hendrikus Ivo Komisaris Independen                                    : A. Sonny Keraf Komisaris Independen                                    : Rofikoh Rokhim         Komisaris                                                           : Hadiyanto Komisaris                                                           : Nicolaus Teguh Budi Harjanto Komisaris                                                           : Loeke Larasati Agoestina* Direksi  Direktur Utama                                          : Sunarso* Wakil Direktur Utama                              : Catur Budi Harto* Direktur Bisnis Kecil, Ritel dan Menengah : Priyastomo Direktur Bisnis Mikro                                      : Supari Direktur Konsumer                                          : Handayani Direktur Jaringan dan Layanan                    : Ahmad Solichin Lutfiyanto Direktur Keuangan                                          : Haru Koesmahargyo Direktur Digital, Teknologi Informasi dan Operasi  : Indra Utoyo Direktur Hubungan Kelembagaan dan BUMN  : Agus Noorsanto* Direktur Human Capital                                  : Herdy Rosadi Harman* Direktur Manajemen Risiko                            : Agus Sudiarto* Direktur Kepatuhan                                          : Azizatun Azhimah*"
Bank Rakyat Indonesia (BBRI) Batal Rilis Sisa Penerbitan ...,https://keuangan.kontan.co.id/news/bank-rakyat-indonesia-bbri-batal-rilis-sisa-penerbitan-obligasi-rp-15-triliun,2024-08-15,2024-07-12,"Reporter: Avanty Nurdiana | Editor: Avanty Nurdiana KONTAN.CO.ID - JAKARTA. PT Bank Rakyat Indonesia Tbk (BBRI) menghentikan penawaran umum obligasi berwawasan lingkungan berkelanjutan I tahun 2022. Dimana perusahaan ini masih memiliki sisa plafon senilai Rp 1,5 triliun.   Manajemen BRI dalam keterbukaan informasi di Bursa Efek Indonesia (BEI) memaparkan, alasan penghentian dengan sisa target dana yang tidak dihimpun karena suku bunga global diproyeksi mulai turun di akhir 2024. Sehingga BRI memilih menghentikan penerbitan obligasi lantaran akan mempengaruhi cost of fund penerbitan surat berharga. ""Oleh karena itu, penerbitan instrumen jangka panjang saat ini dinilai kurang optimal bagi BRI,"" jelas direksi dalam rilis, Jumat (12/7).   Baca Juga: Kinerja Emiten Poultry Diprediksi Cerah, Cek Rekomendasi Saham CPIN, JPFA dan MAIN   Alasan lain BRI adalah pengelolaan aset treasury yang jatuh tempo di tahun 2024 akan difokuskan untuk memenuhi kebutuhan likuiditas kegiatan usaha BRI.   Sementara itu, izin pelaksanaan penerbitan obligasi berwawasan lingkungan berkelanjutan I tahun 2022 ini sudah berakhir pada tanggal 12 Juli 2024. Oleh karenanya, perusahaan ini bermaksud menghentikan penerbitan PUB Obligasi Berwawasan Lingkungan yang mendapat izin tanggal 12 Juli 2022. PUB efek bersifat utang dan atau sukuk biasanya memiliki periode waktu dua tahun sejak izin dirilis.   Selama periode tersebut, BRI telah merilis tiga tahap obligasi dengan total penerbitan Rp 13,5 triliun dengan target di awal Rp 15 triliun. Penerbitan obligasi berwawasan lingkungan berkelanjutan pada tahap pertama dirilis pada 20 Juli 2022 dengan total emisi Rp 5 triliun.   Pada tahap kedua, BRI menerbitkan pada tanggal 17 Oktober 2023 senilai Rp 6 triliun dan tahap ketiga dirilis pada 20 Maret 2024 senilai Rp 2,5 triliun.   Selanjutnya:  Pernikahan Super Mewah Keluarga Ambani Jadi Ajang Politik dengan Poster PM Modi Menarik Dibaca:  Tangan Buruk Datang, Robert Kiyosaki Sarankan Beli Lebih Banyak 3 Aset Ini Cek Berita dan Artikel yang lain di Google News"
Bank Rakyat Indonesia (BRI) Catat Laba Terbesar di ...,https://keuangan.kontan.co.id/news/bank-rakyat-indonesia-bri-catat-laba-terbesar-di-antara-bank-big-cap-hingga-mei,2024-08-15,2024-06-30,"Reporter: Adrianus Octaviano | Editor: Noverius Laoli KONTAN.CO.ID - JAKARTA. PT Bank Rakyat Indonesia Tbk (BBRI) tampaknya belum terkalahkan sebagai bank dengan laba tertinggi. Setidaknya, itu masih bertahan sepanjang lima bulan berjalan di 2024.  Mengutip laporan bulanan tiap-tiap bank di Mei 2024, BBRI mencatat laba terbesar dengan nilai mencapai Rp 21,9 triliun. Pencapaian tersebut meningkat sekitar 8,84% jika dibandingkan dengan periode sama tahun lalu.  Selanjutnya, ada PT Bank Central Asia Tbk (BBCA) yang hampir mendekati catatan laba BBRI dengan nilai mencapai Rp 21,6 triliun. Menariknya, pertumbuhan laba BBCA jauh lebih tinggi mencapai 11,65% secara tahunan (YoY).  Baca Juga: Bank BCA (BBCA) Cetak Laba 21,6 Triliun dalam 5 Bulan, Tumbuh 11,6%   Di posisi ketiga, ada PT Bank Mandiri Tbk (BMRI) yang mencatat laba bersih tahun berjalan sepanjang lima bulan 2024 senilai Rp 19,6 triliun. Pertumbuhannya pun tak sekencang dengan dua bank teratas yaitu sekitar 6,4% YoY.  Terakhir, PT Bank Negara Indonesia Tbk (BBNI) masih menjadi yang paling bontot jika disandingkan dengan pesaing-pesaingnya sebagai Bank KBMI 4. Bank berlogo 46 ini hanya mencatat laba senilai Rp 8,5 triliun dengan pertumbuhan hanya sekitar 1,52% YoY.  Jika ditelisik lebih lanjut, laba bank-bank KBMI 4 ini mayoritas didukung oleh kenaikan pendapatan non bunga meski nilainya belum begitu besar. Di mana, pertumbuhannya jauh lebih besar dibandingkan pendapatan bunga bersih.  Ambil contoh, BBRI yang mencatat pendapatan non bunga tumbuh hingga 38,31% YoY menjadi Rp 21,75 triliun. Sementara, pendapatan bunga bersih BBRI hanya tumbuh 5,5% YoY menjadi Rp 45,8 triliun.  Baca Juga:  Kredit BTN Tumbuh 13,3% per Mei, Laba Mencapai Rp 1,16 Triliun   Hal yang serupa juga terjadi pada BBNI yang mencatatkan pendapatan non bunga senilai Rp 8,1 triliun atau tumbuh 14,16% YoY. Hal tersebut terjadi di saat pendapatan bunga bersih bank turun hingga 10% YoY menjadi Rp 15,28 triliun.  Di sisi lain, pertumbuhan laba-laba bank besar juga turut terhambat dengan naiknya biaya provisi atau pencadangan yang dikeluarkan. Maklum, kualitas kredit saat ini menjadi bayang-bayang industri perbankan.  Misalnya, BBRI yang mencatatkan biaya provisi naik hingga 31,29% YoY menjadi Ro 17,88 triliun. Tak mau kalah, BBCA juga mencatatkan kenaikan biaya provisi sekitar 28,51% Yoay menjadi Rp 1,72 triliun.  Cek Berita dan Artikel yang lain di Google News"
"Sejarah Bank Rakyat Indonesia (BRI), Didirikan di ...",https://www.kompas.com/stori/read/2023/08/25/070000379/sejarah-bank-rakyat-indonesia-bri-didirikan-di-purwokerto?page=all,2024-08-15,2023-08-25,"Sejarah Bank Rakyat Indonesia (BRI), Didirikan di Purwokerto Penulis KOMPAS.com - Bank Rakyat Indonesia (BRI) merupakan bank dengan jaringan kerja terluas di Indonesia, dengan keragaman jenis layanan perbankan yang diperuntukkan bagi seluruh lapisan masyarakat. Sebagai salah satu bank terbesar milik pemerintah (BUMN), BRI telah memiliki kantor cabang sampai ke tingkat kecamatan-kecamatan di seluruh Indonesia. Apabila menilik sejarahnya, bank BRI berdiri sejak tahun 1895, menjadikannya bank tertua di Indonesia yang masih beroperasi hingga kini. Bank BRI ternyata berumur lebih dari satu abad. Berikut ini sejarah bank BRI. Baca juga: Sejarah Bank Indonesia Bank Rakyat Indonesia (BRI) didirikan di Purwokerto, Jawa Tengah, pada 16 Desember 1895. Raden Bei Aria Wirjaatmadja adalah pendiri BRI, yang saat itu masih bernama De Poerwokertosche Hulp en Spaarbank der Inlandsche Hoofden (Bank Bantuan dan Simpanan Milik Pegawai Pangreh Praja Berkebangsaan Pribumi) atau biasa disebut Bank Priayi.  Bank Priayi dibentuk untuk mengelola dana kas masjid untuk disalurkan kepada masyarakat dengan skema yang sangat sederhana. Disebut Bank Priayi karena didirikan oleh pangreh praja dan bertujuan membantu para priayi agar tidak jatuh pada cengkeraman rentenir. Kantor Bank Priayi berada di Purwokerto. Saat ini bangunannya masih dapat dijumpai di kompleks Museum Bank Rakyat Indonesia. Baca juga: Bank Indonesia: Sejarah, Fungsi, dan Tugasnya Kemdikbud Cikal bakal kantor bank BRI di Purwokerto, Jawa Tengah. Seiring waktu, De Poerwokertosche Hulp en Spaarbank der Inlandsche Hoofden mengalami reorganisasi dan beberapa kali berubah nama. Pada 1897, namanya berganti menjadi De Poerwokertosche Hulpen Spaar-en Landbouw Credietbank (Bank Bantuan, Simpanan dan Kredit Usaha Tani Purwokerto) atau dikenal dengan Bank Rakyat, dan berada di bawah pengawasan Asisten Residen Banyumas WPD de Wolff van Westerrode. Setelah itu, Bank Rakyat berubah nama menjadi Centrale Kas Voor Volkscredietwezen Algemene pada 1912 dan menjadi Algemene Volkscredietbak (AVB) pada 1934. Pada masa pendudukan Jepang, bank-bank dilarang beroperasi. AVB diizinkan beroperasi kembali setelah berubah nama menjadi Syomin Ginko (Bank Rakyat). Baca juga: Perampokan De Javasche Bank Tahun 1902 Setelah proklamasi kemerdekaan Indonesia, tepatnya pada 22 Februari 1946, Pemerintah Indonesia mengubah Bank Rakyat menjadi Bank Rakyat Indonesia (BRI) berdasarkan Peraturan Pemerintah No.1 tahun 1946. Peristiwa itu menjadikan BRI sebagai bank pertama yang dimiliki Pemerintah Republik Indonesia. Pada 1960, pemerintah sempat mengubah nama BRI menjadi Bank Koperasi Tani dan Nelayan (BKTN) yang merupakan peleburan dari BRI, Bank Tani dan Nelayan (BTN) dan Nederlandsche Handels Maatschapij (NHM). Kemudian pada 1965, BKTN diintegrasikan ke dalam Bank Indonesia menjadi Bank Indonesia Urusan Koperasi, Tani dan Nelayan (BIUKTN). Setelah mengalami serangkaian perubahan, berdasarkan Undang-Undang No.21 Tahun 1968, Pemerintah RI menetapkan kembali nama Bank Rakyat Indonesia (BRI) sebagai Bank Umum, pada 18 Desember 1968. Baca juga: Nasionalisasi De Javasche Bank Pada 1992, BRI berubah status hukum menjadi PT Bank Rakyat Indonesia (Persero) berdasarkan Undang-Undang Perbankan No. 7 tahun 1992. Selanjutnya, pada 10 November 2003, BRI menjadi Perseroan Terbuka. Pada akhir 2022, BRI telah memiliki 449 unit kantor cabang di Indonesia dan sejumlah kantor di luar negeri, seperti di Amerika Serikat, Hong Kong, Singapura, dan Taiwan.                 Copyright 2008 - 2024 PT. Kompas Cyber Media (Kompas Gramedia Digital Group). All Rights Reserved."
Bank Rakyat Indonesia (BRI) Menyerahkan Bantuan ...,https://tomohon.go.id/bank-rakyat-indonesia-bri-menyerahkan-bantuan-revitalisasi-pasar-beriman/,2024-08-15,2017-12-16,"
					Situs Resmi Pemerintah Kota Tomohon				 
					Situs Resmi Pemerintah Kota Tomohon				  Copyright © 2024 Pemerintah Kota Tomohon"
BRI jadi merek bank paling berharga di Indonesia,https://www.antaranews.com/berita/4014153/bri-jadi-merek-bank-paling-berharga-di-indonesia,2024-08-15,2024-03-17,"Pewarta: PR WireEditor: PR Wire								Copyright © ANTARA 2024 

 

Kirim
Komentar menjadi tanggung-jawab Anda sesuai UU ITE.
"
PT Bank Rakyat Indonesia (Persero) Tbk,https://www.bersamabumn.com/pt-bank-rakyat-indonesia-persero-tbk/,2024-08-15,2024-07-25,"    Lowongan Kerja BUMN – PT Bank Rakyat Indonesia (Persero) Tbk atau biasa disingkat menjadi BRI, adalah sebuah badan usaha milik negara Indonesia yang menyediakan berbagai macam jasa keuangan. Untuk mendukung kegiatan bisnisnya, hingga akhir tahun 2022, bank ini memiliki 449 unit kantor cabang dan 13.863 unit ATM yang tersebar di seantero Indonesia. Bank ini juga memiliki kantor di New York, Hong Kong, Singapura, Cayman Islands, Taiwan, Colmera, Fatuhada, Hudilaran, dan Audian.
Baca: Info Lowongan Kerja untuk Lulusan Baru
Dalam rangka mewujudkan peran BUMN sebagai mesin pertumbuhan ekonomi, akselerator kesejahteraan sosial (social welfare), penyediaan lapangan kerja dan penyedia talenta, dibutuhkan transformasi SDM BUMN, salah satunya melalui penetapan Nilai-nilai Utama (Core Values) SDM BUMN sebagai identitas dan perekat budaya kerja yang mendukung peningkatan kinerja secara berkelanjutan. SDM BUMN diharapkan mengetahui, mengimplementasikan, dan menginternalisasikan Nilai-nilai Utama tersebut secara sungguh-sungguh, konsisten, dan konsekuen sehingga tercermin dalam perilaku keseharian dan membentuk budaya kerja BUMN sebagaimana ditekankan dalam SE-7/MBU/07/2020 Tentang Nilai-nilai Utama (Core Values) Sumber Daya Manusia Badan Usaha Milik Negara.
Maka dari itu PT Bank Rakyat Indonesia (Persero) Tbk kembali membuka rekrutmen lowongan kerja terbaru untuk sejumlah posisi yang dibutuhkan. Calon kandidat yang memenuhi kualifikasi, memiliki semangat dan dedikasi yang tinggi serta keinginan untuk berkembang meningkatkan keterampilan dan pengalamannya. Berikut adalah posisi dan kualifikasi lowongan yang tersedia pada saat ini.

Lowongan Kerja BUMN PT Bank Rakyat Indonesia (Persero) Tbk
 
PEMBUKAAN REKRUTMEN BRILIAN BANKING OFFICER PROGRAM (BBOP) BATCH 2 (PERIODE JULI) TAHUN 2024 REGIONAL OFFICE JAKARTA 2
Detil Pekerjaan
Tunjukkan kemampuan dan kembangkan potensimu dalam berkarya dan berinovasi bersama Bank BRI untuk Memberi Makna Indonesia.
Bank BRI membuka kesempatan bagi para talenta terbaik Indonesia untuk bergabung membangun dan memberikan makna untuk Indonesia melalui BRILiaN Banking Officer Program (BBOP).
Lowongan kerja ini dibuka untuk jabatan Marketing, sebagai berikut:
1. Junior Associate Mantri
Tugas dan Tanggung Jawab Utama : Melaksanakan kegiatan pemasaran pinjaman, simpanan, BRILink dan jasa bank lainnya, memprakarsai dan menganalisis usulan pinjaman segmen mikro, melakukan pembinaaan terhadap nasabah BRI Unit dan Agen BRILink.
Lokasi Penempatan Regional Office Jakarta 2 :

Jakarta Selatan
Bekasi
Bogor
Cibinong
Depok
Cikarang
Cikampek
Karawang

KUALIFIKASI KANDIDAT

Pendidikan minimal S.1 dari Universitas / Perguruan Tinggi dengan IPK min 2.75 (skala 4).
Usia maksimal 25 tahun (belum berulang tahun ke-26 pada saat seleksi awal) bagi Fresh Graduate, dan usia maksimal 30 tahun (belum berulang tahun ke-31 pada saat seleksi awal) bagi yang memiliki pengalaman bekerja di bidang Perbankan minimal 1 tahun.
Berkelakuan baik yang dibuktikan dengan Surat Keterangan Catatan Kepolisian (SKCK).
Mampu berkomunikasi dengan baik.
Menyukai tantangan dan memiliki network yang luas.
Bersedia ditempatkan di seluruh Unit Kerja BRI Regional Office Jakarta 2.
Diutamakan berdomisili di Unit Kerja setempat.
Mampu mengendarai kendaraan bermotor (Dengan dibuktikan SIM C)

 
2. Relationship Manager (RM) Dana dan Transaksi
Tugas dan Tanggung Jawab Utama:
Melaksanakan kegiatan identifikasi potensi dan kompetisi bisnis dana, pemasaran terpadu (Integrated Banking Solution) dan monitoring portofolio dana serta jasa bank lainnya.
Lokasi Penempatan Regional Office Jakarta 2 :

Jakarta Selatan
Bekasi
Bogor
Cibinong
Depok
Cikarang
Cikampek
Karawang

KUALIFIKASI KANDIDAT

Pendidikan minimal S.1 dari Universitas / Perguruan Tinggi dengan IPK min 2.75 (skala 4).
Usia maksimal 25 tahun (belum berulang tahun ke-26 pada saat seleksi awal) bagi Fresh Graduate, dan usia maksimal 30 tahun (belum berulang tahun ke-31 pada saat seleksi awal) bagi yang memiliki pengalaman bekerja di bidang Perbankan minimal 1 tahun.
Berkelakuan baik yang dibuktikan dengan Surat Keterangan Catatan Kepolisian (SKCK).
Mampu berkomunikasi dengan baik.
Menyukai tantangan dan memiliki network yang luas.
Bersedia ditempatkan di seluruh Unit Kerja BRI Regional Office Jakarta 2.
Diutamakan berdomisili di Unit Kerja setempat.
Mampu mengendarai kendaraan bermotor (Dengan dibuktikan SIM A/C)

Panduan dan pengiriman video perkenalan terdapat pada link berikut klik disini
 
Periode pendaftaran dibuka mulai tanggal 18 Juli 2024 s.d 25 Juli 2024
Bagi yang berminat dan memenuhi kualifikasi, Silahkan melakukan pendaftaran secara online.
APPLY NOW!


Lokasi: Bandung, Jakarta, Jawa Barat Batas Lamaran:25 Juli 2024Link:https://bersamabumn.com/958

Perhatian: Kami tidak pernah meminta imbalan atau biaya dalam bentuk apapun terhadap rekrutmen disius ini apabila ada pihak yang mengatasnamakan kami atau perusahaan meminta biaya seperti transportasi atau akomodasi atau yang lainnya bisa dipastikan itu PALSU.
					
Lokasi : Bandung Jakarta Jawa BaratKategori Lowongan: BANK Fresh Graduate S1 S2 
 Baca: Info Lowongan Kerja untuk Lulusan Baru
Dalam rangka mewujudkan peran BUMN sebagai mesin pertumbuhan ekonomi, akselerator kesejahteraan sosial (social welfare), penyediaan lapangan kerja dan penyedia talenta, dibutuhkan transformasi SDM BUMN, salah satunya melalui penetapan Nilai-nilai Utama (Core Values) SDM BUMN sebagai identitas dan perekat budaya kerja yang mendukung peningkatan kinerja secara berkelanjutan. SDM BUMN diharapkan mengetahui, mengimplementasikan, dan menginternalisasikan Nilai-nilai Utama tersebut secara sungguh-sungguh, konsisten, dan konsekuen sehingga tercermin dalam perilaku keseharian dan membentuk budaya kerja BUMN sebagaimana ditekankan dalam SE-7/MBU/07/2020 Tentang Nilai-nilai Utama (Core Values) Sumber Daya Manusia Badan Usaha Milik Negara.
Maka dari itu PT Bank Rakyat Indonesia (Persero) Tbk kembali membuka rekrutmen lowongan kerja terbaru untuk sejumlah posisi yang dibutuhkan. Calon kandidat yang memenuhi kualifikasi, memiliki semangat dan dedikasi yang tinggi serta keinginan untuk berkembang meningkatkan keterampilan dan pengalamannya. Berikut adalah posisi dan kualifikasi lowongan yang tersedia pada saat ini.

Lowongan Kerja BUMN PT Bank Rakyat Indonesia (Persero) Tbk
 
PEMBUKAAN REKRUTMEN BRILIAN BANKING OFFICER PROGRAM (BBOP) BATCH 2 (PERIODE JULI) TAHUN 2024 REGIONAL OFFICE JAKARTA 2
Detil Pekerjaan
Tunjukkan kemampuan dan kembangkan potensimu dalam berkarya dan berinovasi bersama Bank BRI untuk Memberi Makna Indonesia.
Bank BRI membuka kesempatan bagi para talenta terbaik Indonesia untuk bergabung membangun dan memberikan makna untuk Indonesia melalui BRILiaN Banking Officer Program (BBOP).
Lowongan kerja ini dibuka untuk jabatan Marketing, sebagai berikut:
1. Junior Associate Mantri
Tugas dan Tanggung Jawab Utama : Melaksanakan kegiatan pemasaran pinjaman, simpanan, BRILink dan jasa bank lainnya, memprakarsai dan menganalisis usulan pinjaman segmen mikro, melakukan pembinaaan terhadap nasabah BRI Unit dan Agen BRILink.
Lokasi Penempatan Regional Office Jakarta 2 :

Jakarta Selatan
Bekasi
Bogor
Cibinong
Depok
Cikarang
Cikampek
Karawang

KUALIFIKASI KANDIDAT

Pendidikan minimal S.1 dari Universitas / Perguruan Tinggi dengan IPK min 2.75 (skala 4).
Usia maksimal 25 tahun (belum berulang tahun ke-26 pada saat seleksi awal) bagi Fresh Graduate, dan usia maksimal 30 tahun (belum berulang tahun ke-31 pada saat seleksi awal) bagi yang memiliki pengalaman bekerja di bidang Perbankan minimal 1 tahun.
Berkelakuan baik yang dibuktikan dengan Surat Keterangan Catatan Kepolisian (SKCK).
Mampu berkomunikasi dengan baik.
Menyukai tantangan dan memiliki network yang luas.
Bersedia ditempatkan di seluruh Unit Kerja BRI Regional Office Jakarta 2.
Diutamakan berdomisili di Unit Kerja setempat.
Mampu mengendarai kendaraan bermotor (Dengan dibuktikan SIM C)

 
2. Relationship Manager (RM) Dana dan Transaksi
Tugas dan Tanggung Jawab Utama:
Melaksanakan kegiatan identifikasi potensi dan kompetisi bisnis dana, pemasaran terpadu (Integrated Banking Solution) dan monitoring portofolio dana serta jasa bank lainnya.
Lokasi Penempatan Regional Office Jakarta 2 :

Jakarta Selatan
Bekasi
Bogor
Cibinong
Depok
Cikarang
Cikampek
Karawang

KUALIFIKASI KANDIDAT

Pendidikan minimal S.1 dari Universitas / Perguruan Tinggi dengan IPK min 2.75 (skala 4).
Usia maksimal 25 tahun (belum berulang tahun ke-26 pada saat seleksi awal) bagi Fresh Graduate, dan usia maksimal 30 tahun (belum berulang tahun ke-31 pada saat seleksi awal) bagi yang memiliki pengalaman bekerja di bidang Perbankan minimal 1 tahun.
Berkelakuan baik yang dibuktikan dengan Surat Keterangan Catatan Kepolisian (SKCK).
Mampu berkomunikasi dengan baik.
Menyukai tantangan dan memiliki network yang luas.
Bersedia ditempatkan di seluruh Unit Kerja BRI Regional Office Jakarta 2.
Diutamakan berdomisili di Unit Kerja setempat.
Mampu mengendarai kendaraan bermotor (Dengan dibuktikan SIM A/C)

Panduan dan pengiriman video perkenalan terdapat pada link berikut klik disini
 
Periode pendaftaran dibuka mulai tanggal 18 Juli 2024 s.d 25 Juli 2024
Bagi yang berminat dan memenuhi kualifikasi, Silahkan melakukan pendaftaran secara online.
APPLY NOW!


Lokasi: Bandung, Jakarta, Jawa Barat Batas Lamaran:25 Juli 2024Link:https://bersamabumn.com/958

Perhatian: Kami tidak pernah meminta imbalan atau biaya dalam bentuk apapun terhadap rekrutmen disius ini apabila ada pihak yang mengatasnamakan kami atau perusahaan meminta biaya seperti transportasi atau akomodasi atau yang lainnya bisa dipastikan itu PALSU.
					
Lokasi : Bandung Jakarta Jawa BaratKategori Lowongan: BANK Fresh Graduate S1 S2 
 Dalam rangka mewujudkan peran BUMN sebagai mesin pertumbuhan ekonomi, akselerator kesejahteraan sosial (social welfare), penyediaan lapangan kerja dan penyedia talenta, dibutuhkan transformasi SDM BUMN, salah satunya melalui penetapan Nilai-nilai Utama (Core Values) SDM BUMN sebagai identitas dan perekat budaya kerja yang mendukung peningkatan kinerja secara berkelanjutan. SDM BUMN diharapkan mengetahui, mengimplementasikan, dan menginternalisasikan Nilai-nilai Utama tersebut secara sungguh-sungguh, konsisten, dan konsekuen sehingga tercermin dalam perilaku keseharian dan membentuk budaya kerja BUMN sebagaimana ditekankan dalam SE-7/MBU/07/2020 Tentang Nilai-nilai Utama (Core Values) Sumber Daya Manusia Badan Usaha Milik Negara.  Maka dari itu PT Bank Rakyat Indonesia (Persero) Tbk kembali membuka rekrutmen lowongan kerja terbaru untuk sejumlah posisi yang dibutuhkan. Calon kandidat yang memenuhi kualifikasi, memiliki semangat dan dedikasi yang tinggi serta keinginan untuk berkembang meningkatkan keterampilan dan pengalamannya. Berikut adalah posisi dan kualifikasi lowongan yang tersedia pada saat ini.

Lowongan Kerja BUMN PT Bank Rakyat Indonesia (Persero) Tbk
 
PEMBUKAAN REKRUTMEN BRILIAN BANKING OFFICER PROGRAM (BBOP) BATCH 2 (PERIODE JULI) TAHUN 2024 REGIONAL OFFICE JAKARTA 2
Detil Pekerjaan
Tunjukkan kemampuan dan kembangkan potensimu dalam berkarya dan berinovasi bersama Bank BRI untuk Memberi Makna Indonesia.
Bank BRI membuka kesempatan bagi para talenta terbaik Indonesia untuk bergabung membangun dan memberikan makna untuk Indonesia melalui BRILiaN Banking Officer Program (BBOP).
Lowongan kerja ini dibuka untuk jabatan Marketing, sebagai berikut:
1. Junior Associate Mantri
Tugas dan Tanggung Jawab Utama : Melaksanakan kegiatan pemasaran pinjaman, simpanan, BRILink dan jasa bank lainnya, memprakarsai dan menganalisis usulan pinjaman segmen mikro, melakukan pembinaaan terhadap nasabah BRI Unit dan Agen BRILink.
Lokasi Penempatan Regional Office Jakarta 2 :

Jakarta Selatan
Bekasi
Bogor
Cibinong
Depok
Cikarang
Cikampek
Karawang

KUALIFIKASI KANDIDAT

Pendidikan minimal S.1 dari Universitas / Perguruan Tinggi dengan IPK min 2.75 (skala 4).
Usia maksimal 25 tahun (belum berulang tahun ke-26 pada saat seleksi awal) bagi Fresh Graduate, dan usia maksimal 30 tahun (belum berulang tahun ke-31 pada saat seleksi awal) bagi yang memiliki pengalaman bekerja di bidang Perbankan minimal 1 tahun.
Berkelakuan baik yang dibuktikan dengan Surat Keterangan Catatan Kepolisian (SKCK).
Mampu berkomunikasi dengan baik.
Menyukai tantangan dan memiliki network yang luas.
Bersedia ditempatkan di seluruh Unit Kerja BRI Regional Office Jakarta 2.
Diutamakan berdomisili di Unit Kerja setempat.
Mampu mengendarai kendaraan bermotor (Dengan dibuktikan SIM C)

 
2. Relationship Manager (RM) Dana dan Transaksi
Tugas dan Tanggung Jawab Utama:
Melaksanakan kegiatan identifikasi potensi dan kompetisi bisnis dana, pemasaran terpadu (Integrated Banking Solution) dan monitoring portofolio dana serta jasa bank lainnya.
Lokasi Penempatan Regional Office Jakarta 2 :

Jakarta Selatan
Bekasi
Bogor
Cibinong
Depok
Cikarang
Cikampek
Karawang

KUALIFIKASI KANDIDAT

Pendidikan minimal S.1 dari Universitas / Perguruan Tinggi dengan IPK min 2.75 (skala 4).
Usia maksimal 25 tahun (belum berulang tahun ke-26 pada saat seleksi awal) bagi Fresh Graduate, dan usia maksimal 30 tahun (belum berulang tahun ke-31 pada saat seleksi awal) bagi yang memiliki pengalaman bekerja di bidang Perbankan minimal 1 tahun.
Berkelakuan baik yang dibuktikan dengan Surat Keterangan Catatan Kepolisian (SKCK).
Mampu berkomunikasi dengan baik.
Menyukai tantangan dan memiliki network yang luas.
Bersedia ditempatkan di seluruh Unit Kerja BRI Regional Office Jakarta 2.
Diutamakan berdomisili di Unit Kerja setempat.
Mampu mengendarai kendaraan bermotor (Dengan dibuktikan SIM A/C)

Panduan dan pengiriman video perkenalan terdapat pada link berikut klik disini
 
Periode pendaftaran dibuka mulai tanggal 18 Juli 2024 s.d 25 Juli 2024
Bagi yang berminat dan memenuhi kualifikasi, Silahkan melakukan pendaftaran secara online.
APPLY NOW!


Lokasi: Bandung, Jakarta, Jawa Barat Batas Lamaran:25 Juli 2024Link:https://bersamabumn.com/958

Perhatian: Kami tidak pernah meminta imbalan atau biaya dalam bentuk apapun terhadap rekrutmen disius ini apabila ada pihak yang mengatasnamakan kami atau perusahaan meminta biaya seperti transportasi atau akomodasi atau yang lainnya bisa dipastikan itu PALSU.
					
Lokasi : Bandung Jakarta Jawa BaratKategori Lowongan: BANK Fresh Graduate S1 S2 
  
PEMBUKAAN REKRUTMEN BRILIAN BANKING OFFICER PROGRAM (BBOP) BATCH 2 (PERIODE JULI) TAHUN 2024 REGIONAL OFFICE JAKARTA 2
Detil Pekerjaan
Tunjukkan kemampuan dan kembangkan potensimu dalam berkarya dan berinovasi bersama Bank BRI untuk Memberi Makna Indonesia.
Bank BRI membuka kesempatan bagi para talenta terbaik Indonesia untuk bergabung membangun dan memberikan makna untuk Indonesia melalui BRILiaN Banking Officer Program (BBOP).
Lowongan kerja ini dibuka untuk jabatan Marketing, sebagai berikut:
1. Junior Associate Mantri
Tugas dan Tanggung Jawab Utama : Melaksanakan kegiatan pemasaran pinjaman, simpanan, BRILink dan jasa bank lainnya, memprakarsai dan menganalisis usulan pinjaman segmen mikro, melakukan pembinaaan terhadap nasabah BRI Unit dan Agen BRILink.
Lokasi Penempatan Regional Office Jakarta 2 :

Jakarta Selatan
Bekasi
Bogor
Cibinong
Depok
Cikarang
Cikampek
Karawang

KUALIFIKASI KANDIDAT

Pendidikan minimal S.1 dari Universitas / Perguruan Tinggi dengan IPK min 2.75 (skala 4).
Usia maksimal 25 tahun (belum berulang tahun ke-26 pada saat seleksi awal) bagi Fresh Graduate, dan usia maksimal 30 tahun (belum berulang tahun ke-31 pada saat seleksi awal) bagi yang memiliki pengalaman bekerja di bidang Perbankan minimal 1 tahun.
Berkelakuan baik yang dibuktikan dengan Surat Keterangan Catatan Kepolisian (SKCK).
Mampu berkomunikasi dengan baik.
Menyukai tantangan dan memiliki network yang luas.
Bersedia ditempatkan di seluruh Unit Kerja BRI Regional Office Jakarta 2.
Diutamakan berdomisili di Unit Kerja setempat.
Mampu mengendarai kendaraan bermotor (Dengan dibuktikan SIM C)

 
2. Relationship Manager (RM) Dana dan Transaksi
Tugas dan Tanggung Jawab Utama:
Melaksanakan kegiatan identifikasi potensi dan kompetisi bisnis dana, pemasaran terpadu (Integrated Banking Solution) dan monitoring portofolio dana serta jasa bank lainnya.
Lokasi Penempatan Regional Office Jakarta 2 :

Jakarta Selatan
Bekasi
Bogor
Cibinong
Depok
Cikarang
Cikampek
Karawang

KUALIFIKASI KANDIDAT

Pendidikan minimal S.1 dari Universitas / Perguruan Tinggi dengan IPK min 2.75 (skala 4).
Usia maksimal 25 tahun (belum berulang tahun ke-26 pada saat seleksi awal) bagi Fresh Graduate, dan usia maksimal 30 tahun (belum berulang tahun ke-31 pada saat seleksi awal) bagi yang memiliki pengalaman bekerja di bidang Perbankan minimal 1 tahun.
Berkelakuan baik yang dibuktikan dengan Surat Keterangan Catatan Kepolisian (SKCK).
Mampu berkomunikasi dengan baik.
Menyukai tantangan dan memiliki network yang luas.
Bersedia ditempatkan di seluruh Unit Kerja BRI Regional Office Jakarta 2.
Diutamakan berdomisili di Unit Kerja setempat.
Mampu mengendarai kendaraan bermotor (Dengan dibuktikan SIM A/C)

Panduan dan pengiriman video perkenalan terdapat pada link berikut klik disini
 
Periode pendaftaran dibuka mulai tanggal 18 Juli 2024 s.d 25 Juli 2024
Bagi yang berminat dan memenuhi kualifikasi, Silahkan melakukan pendaftaran secara online.
APPLY NOW!


Lokasi: Bandung, Jakarta, Jawa Barat Batas Lamaran:25 Juli 2024Link:https://bersamabumn.com/958

Perhatian: Kami tidak pernah meminta imbalan atau biaya dalam bentuk apapun terhadap rekrutmen disius ini apabila ada pihak yang mengatasnamakan kami atau perusahaan meminta biaya seperti transportasi atau akomodasi atau yang lainnya bisa dipastikan itu PALSU.
					
Lokasi : Bandung Jakarta Jawa BaratKategori Lowongan: BANK Fresh Graduate S1 S2 
 PEMBUKAAN REKRUTMEN BRILIAN BANKING OFFICER PROGRAM (BBOP) BATCH 2 (PERIODE JULI) TAHUN 2024 REGIONAL OFFICE JAKARTA 2
Detil Pekerjaan
Tunjukkan kemampuan dan kembangkan potensimu dalam berkarya dan berinovasi bersama Bank BRI untuk Memberi Makna Indonesia.
Bank BRI membuka kesempatan bagi para talenta terbaik Indonesia untuk bergabung membangun dan memberikan makna untuk Indonesia melalui BRILiaN Banking Officer Program (BBOP).
Lowongan kerja ini dibuka untuk jabatan Marketing, sebagai berikut:
1. Junior Associate Mantri
Tugas dan Tanggung Jawab Utama : Melaksanakan kegiatan pemasaran pinjaman, simpanan, BRILink dan jasa bank lainnya, memprakarsai dan menganalisis usulan pinjaman segmen mikro, melakukan pembinaaan terhadap nasabah BRI Unit dan Agen BRILink.
Lokasi Penempatan Regional Office Jakarta 2 :

Jakarta Selatan
Bekasi
Bogor
Cibinong
Depok
Cikarang
Cikampek
Karawang

KUALIFIKASI KANDIDAT

Pendidikan minimal S.1 dari Universitas / Perguruan Tinggi dengan IPK min 2.75 (skala 4).
Usia maksimal 25 tahun (belum berulang tahun ke-26 pada saat seleksi awal) bagi Fresh Graduate, dan usia maksimal 30 tahun (belum berulang tahun ke-31 pada saat seleksi awal) bagi yang memiliki pengalaman bekerja di bidang Perbankan minimal 1 tahun.
Berkelakuan baik yang dibuktikan dengan Surat Keterangan Catatan Kepolisian (SKCK).
Mampu berkomunikasi dengan baik.
Menyukai tantangan dan memiliki network yang luas.
Bersedia ditempatkan di seluruh Unit Kerja BRI Regional Office Jakarta 2.
Diutamakan berdomisili di Unit Kerja setempat.
Mampu mengendarai kendaraan bermotor (Dengan dibuktikan SIM C)

 
2. Relationship Manager (RM) Dana dan Transaksi
Tugas dan Tanggung Jawab Utama:
Melaksanakan kegiatan identifikasi potensi dan kompetisi bisnis dana, pemasaran terpadu (Integrated Banking Solution) dan monitoring portofolio dana serta jasa bank lainnya.
Lokasi Penempatan Regional Office Jakarta 2 :

Jakarta Selatan
Bekasi
Bogor
Cibinong
Depok
Cikarang
Cikampek
Karawang

KUALIFIKASI KANDIDAT

Pendidikan minimal S.1 dari Universitas / Perguruan Tinggi dengan IPK min 2.75 (skala 4).
Usia maksimal 25 tahun (belum berulang tahun ke-26 pada saat seleksi awal) bagi Fresh Graduate, dan usia maksimal 30 tahun (belum berulang tahun ke-31 pada saat seleksi awal) bagi yang memiliki pengalaman bekerja di bidang Perbankan minimal 1 tahun.
Berkelakuan baik yang dibuktikan dengan Surat Keterangan Catatan Kepolisian (SKCK).
Mampu berkomunikasi dengan baik.
Menyukai tantangan dan memiliki network yang luas.
Bersedia ditempatkan di seluruh Unit Kerja BRI Regional Office Jakarta 2.
Diutamakan berdomisili di Unit Kerja setempat.
Mampu mengendarai kendaraan bermotor (Dengan dibuktikan SIM A/C)

Panduan dan pengiriman video perkenalan terdapat pada link berikut klik disini
 
Periode pendaftaran dibuka mulai tanggal 18 Juli 2024 s.d 25 Juli 2024
Bagi yang berminat dan memenuhi kualifikasi, Silahkan melakukan pendaftaran secara online.
APPLY NOW!


Lokasi: Bandung, Jakarta, Jawa Barat Batas Lamaran:25 Juli 2024Link:https://bersamabumn.com/958

Perhatian: Kami tidak pernah meminta imbalan atau biaya dalam bentuk apapun terhadap rekrutmen disius ini apabila ada pihak yang mengatasnamakan kami atau perusahaan meminta biaya seperti transportasi atau akomodasi atau yang lainnya bisa dipastikan itu PALSU.
					
Lokasi : Bandung Jakarta Jawa BaratKategori Lowongan: BANK Fresh Graduate S1 S2 
 Detil Pekerjaan
Tunjukkan kemampuan dan kembangkan potensimu dalam berkarya dan berinovasi bersama Bank BRI untuk Memberi Makna Indonesia.
Bank BRI membuka kesempatan bagi para talenta terbaik Indonesia untuk bergabung membangun dan memberikan makna untuk Indonesia melalui BRILiaN Banking Officer Program (BBOP).
Lowongan kerja ini dibuka untuk jabatan Marketing, sebagai berikut:
1. Junior Associate Mantri
Tugas dan Tanggung Jawab Utama : Melaksanakan kegiatan pemasaran pinjaman, simpanan, BRILink dan jasa bank lainnya, memprakarsai dan menganalisis usulan pinjaman segmen mikro, melakukan pembinaaan terhadap nasabah BRI Unit dan Agen BRILink.
Lokasi Penempatan Regional Office Jakarta 2 :

Jakarta Selatan
Bekasi
Bogor
Cibinong
Depok
Cikarang
Cikampek
Karawang

KUALIFIKASI KANDIDAT

Pendidikan minimal S.1 dari Universitas / Perguruan Tinggi dengan IPK min 2.75 (skala 4).
Usia maksimal 25 tahun (belum berulang tahun ke-26 pada saat seleksi awal) bagi Fresh Graduate, dan usia maksimal 30 tahun (belum berulang tahun ke-31 pada saat seleksi awal) bagi yang memiliki pengalaman bekerja di bidang Perbankan minimal 1 tahun.
Berkelakuan baik yang dibuktikan dengan Surat Keterangan Catatan Kepolisian (SKCK).
Mampu berkomunikasi dengan baik.
Menyukai tantangan dan memiliki network yang luas.
Bersedia ditempatkan di seluruh Unit Kerja BRI Regional Office Jakarta 2.
Diutamakan berdomisili di Unit Kerja setempat.
Mampu mengendarai kendaraan bermotor (Dengan dibuktikan SIM C)

 
2. Relationship Manager (RM) Dana dan Transaksi
Tugas dan Tanggung Jawab Utama:
Melaksanakan kegiatan identifikasi potensi dan kompetisi bisnis dana, pemasaran terpadu (Integrated Banking Solution) dan monitoring portofolio dana serta jasa bank lainnya.
Lokasi Penempatan Regional Office Jakarta 2 :

Jakarta Selatan
Bekasi
Bogor
Cibinong
Depok
Cikarang
Cikampek
Karawang

KUALIFIKASI KANDIDAT

Pendidikan minimal S.1 dari Universitas / Perguruan Tinggi dengan IPK min 2.75 (skala 4).
Usia maksimal 25 tahun (belum berulang tahun ke-26 pada saat seleksi awal) bagi Fresh Graduate, dan usia maksimal 30 tahun (belum berulang tahun ke-31 pada saat seleksi awal) bagi yang memiliki pengalaman bekerja di bidang Perbankan minimal 1 tahun.
Berkelakuan baik yang dibuktikan dengan Surat Keterangan Catatan Kepolisian (SKCK).
Mampu berkomunikasi dengan baik.
Menyukai tantangan dan memiliki network yang luas.
Bersedia ditempatkan di seluruh Unit Kerja BRI Regional Office Jakarta 2.
Diutamakan berdomisili di Unit Kerja setempat.
Mampu mengendarai kendaraan bermotor (Dengan dibuktikan SIM A/C)

Panduan dan pengiriman video perkenalan terdapat pada link berikut klik disini
 
Periode pendaftaran dibuka mulai tanggal 18 Juli 2024 s.d 25 Juli 2024
Bagi yang berminat dan memenuhi kualifikasi, Silahkan melakukan pendaftaran secara online.
APPLY NOW!


Lokasi: Bandung, Jakarta, Jawa Barat Batas Lamaran:25 Juli 2024Link:https://bersamabumn.com/958

Perhatian: Kami tidak pernah meminta imbalan atau biaya dalam bentuk apapun terhadap rekrutmen disius ini apabila ada pihak yang mengatasnamakan kami atau perusahaan meminta biaya seperti transportasi atau akomodasi atau yang lainnya bisa dipastikan itu PALSU.
					
Lokasi : Bandung Jakarta Jawa BaratKategori Lowongan: BANK Fresh Graduate S1 S2 
 Bank BRI membuka kesempatan bagi para talenta terbaik Indonesia untuk bergabung membangun dan memberikan makna untuk Indonesia melalui BRILiaN Banking Officer Program (BBOP).
Lowongan kerja ini dibuka untuk jabatan Marketing, sebagai berikut:
1. Junior Associate Mantri
Tugas dan Tanggung Jawab Utama : Melaksanakan kegiatan pemasaran pinjaman, simpanan, BRILink dan jasa bank lainnya, memprakarsai dan menganalisis usulan pinjaman segmen mikro, melakukan pembinaaan terhadap nasabah BRI Unit dan Agen BRILink.
Lokasi Penempatan Regional Office Jakarta 2 :

Jakarta Selatan
Bekasi
Bogor
Cibinong
Depok
Cikarang
Cikampek
Karawang

KUALIFIKASI KANDIDAT

Pendidikan minimal S.1 dari Universitas / Perguruan Tinggi dengan IPK min 2.75 (skala 4).
Usia maksimal 25 tahun (belum berulang tahun ke-26 pada saat seleksi awal) bagi Fresh Graduate, dan usia maksimal 30 tahun (belum berulang tahun ke-31 pada saat seleksi awal) bagi yang memiliki pengalaman bekerja di bidang Perbankan minimal 1 tahun.
Berkelakuan baik yang dibuktikan dengan Surat Keterangan Catatan Kepolisian (SKCK).
Mampu berkomunikasi dengan baik.
Menyukai tantangan dan memiliki network yang luas.
Bersedia ditempatkan di seluruh Unit Kerja BRI Regional Office Jakarta 2.
Diutamakan berdomisili di Unit Kerja setempat.
Mampu mengendarai kendaraan bermotor (Dengan dibuktikan SIM C)

 
2. Relationship Manager (RM) Dana dan Transaksi
Tugas dan Tanggung Jawab Utama:
Melaksanakan kegiatan identifikasi potensi dan kompetisi bisnis dana, pemasaran terpadu (Integrated Banking Solution) dan monitoring portofolio dana serta jasa bank lainnya.
Lokasi Penempatan Regional Office Jakarta 2 :

Jakarta Selatan
Bekasi
Bogor
Cibinong
Depok
Cikarang
Cikampek
Karawang

KUALIFIKASI KANDIDAT

Pendidikan minimal S.1 dari Universitas / Perguruan Tinggi dengan IPK min 2.75 (skala 4).
Usia maksimal 25 tahun (belum berulang tahun ke-26 pada saat seleksi awal) bagi Fresh Graduate, dan usia maksimal 30 tahun (belum berulang tahun ke-31 pada saat seleksi awal) bagi yang memiliki pengalaman bekerja di bidang Perbankan minimal 1 tahun.
Berkelakuan baik yang dibuktikan dengan Surat Keterangan Catatan Kepolisian (SKCK).
Mampu berkomunikasi dengan baik.
Menyukai tantangan dan memiliki network yang luas.
Bersedia ditempatkan di seluruh Unit Kerja BRI Regional Office Jakarta 2.
Diutamakan berdomisili di Unit Kerja setempat.
Mampu mengendarai kendaraan bermotor (Dengan dibuktikan SIM A/C)

Panduan dan pengiriman video perkenalan terdapat pada link berikut klik disini
 
Periode pendaftaran dibuka mulai tanggal 18 Juli 2024 s.d 25 Juli 2024
Bagi yang berminat dan memenuhi kualifikasi, Silahkan melakukan pendaftaran secara online.
APPLY NOW!


Lokasi: Bandung, Jakarta, Jawa Barat Batas Lamaran:25 Juli 2024Link:https://bersamabumn.com/958

Perhatian: Kami tidak pernah meminta imbalan atau biaya dalam bentuk apapun terhadap rekrutmen disius ini apabila ada pihak yang mengatasnamakan kami atau perusahaan meminta biaya seperti transportasi atau akomodasi atau yang lainnya bisa dipastikan itu PALSU.
					
Lokasi : Bandung Jakarta Jawa BaratKategori Lowongan: BANK Fresh Graduate S1 S2 
 Lowongan kerja ini dibuka untuk jabatan Marketing, sebagai berikut:
1. Junior Associate Mantri
Tugas dan Tanggung Jawab Utama : Melaksanakan kegiatan pemasaran pinjaman, simpanan, BRILink dan jasa bank lainnya, memprakarsai dan menganalisis usulan pinjaman segmen mikro, melakukan pembinaaan terhadap nasabah BRI Unit dan Agen BRILink.
Lokasi Penempatan Regional Office Jakarta 2 :

Jakarta Selatan
Bekasi
Bogor
Cibinong
Depok
Cikarang
Cikampek
Karawang

KUALIFIKASI KANDIDAT

Pendidikan minimal S.1 dari Universitas / Perguruan Tinggi dengan IPK min 2.75 (skala 4).
Usia maksimal 25 tahun (belum berulang tahun ke-26 pada saat seleksi awal) bagi Fresh Graduate, dan usia maksimal 30 tahun (belum berulang tahun ke-31 pada saat seleksi awal) bagi yang memiliki pengalaman bekerja di bidang Perbankan minimal 1 tahun.
Berkelakuan baik yang dibuktikan dengan Surat Keterangan Catatan Kepolisian (SKCK).
Mampu berkomunikasi dengan baik.
Menyukai tantangan dan memiliki network yang luas.
Bersedia ditempatkan di seluruh Unit Kerja BRI Regional Office Jakarta 2.
Diutamakan berdomisili di Unit Kerja setempat.
Mampu mengendarai kendaraan bermotor (Dengan dibuktikan SIM C)

 
2. Relationship Manager (RM) Dana dan Transaksi
Tugas dan Tanggung Jawab Utama:
Melaksanakan kegiatan identifikasi potensi dan kompetisi bisnis dana, pemasaran terpadu (Integrated Banking Solution) dan monitoring portofolio dana serta jasa bank lainnya.
Lokasi Penempatan Regional Office Jakarta 2 :

Jakarta Selatan
Bekasi
Bogor
Cibinong
Depok
Cikarang
Cikampek
Karawang

KUALIFIKASI KANDIDAT

Pendidikan minimal S.1 dari Universitas / Perguruan Tinggi dengan IPK min 2.75 (skala 4).
Usia maksimal 25 tahun (belum berulang tahun ke-26 pada saat seleksi awal) bagi Fresh Graduate, dan usia maksimal 30 tahun (belum berulang tahun ke-31 pada saat seleksi awal) bagi yang memiliki pengalaman bekerja di bidang Perbankan minimal 1 tahun.
Berkelakuan baik yang dibuktikan dengan Surat Keterangan Catatan Kepolisian (SKCK).
Mampu berkomunikasi dengan baik.
Menyukai tantangan dan memiliki network yang luas.
Bersedia ditempatkan di seluruh Unit Kerja BRI Regional Office Jakarta 2.
Diutamakan berdomisili di Unit Kerja setempat.
Mampu mengendarai kendaraan bermotor (Dengan dibuktikan SIM A/C)

Panduan dan pengiriman video perkenalan terdapat pada link berikut klik disini
 
Periode pendaftaran dibuka mulai tanggal 18 Juli 2024 s.d 25 Juli 2024
Bagi yang berminat dan memenuhi kualifikasi, Silahkan melakukan pendaftaran secara online.
APPLY NOW!


Lokasi: Bandung, Jakarta, Jawa Barat Batas Lamaran:25 Juli 2024Link:https://bersamabumn.com/958

Perhatian: Kami tidak pernah meminta imbalan atau biaya dalam bentuk apapun terhadap rekrutmen disius ini apabila ada pihak yang mengatasnamakan kami atau perusahaan meminta biaya seperti transportasi atau akomodasi atau yang lainnya bisa dipastikan itu PALSU.
					
Lokasi : Bandung Jakarta Jawa BaratKategori Lowongan: BANK Fresh Graduate S1 S2 
 1. Junior Associate Mantri
Tugas dan Tanggung Jawab Utama : Melaksanakan kegiatan pemasaran pinjaman, simpanan, BRILink dan jasa bank lainnya, memprakarsai dan menganalisis usulan pinjaman segmen mikro, melakukan pembinaaan terhadap nasabah BRI Unit dan Agen BRILink.
Lokasi Penempatan Regional Office Jakarta 2 :

Jakarta Selatan
Bekasi
Bogor
Cibinong
Depok
Cikarang
Cikampek
Karawang

KUALIFIKASI KANDIDAT

Pendidikan minimal S.1 dari Universitas / Perguruan Tinggi dengan IPK min 2.75 (skala 4).
Usia maksimal 25 tahun (belum berulang tahun ke-26 pada saat seleksi awal) bagi Fresh Graduate, dan usia maksimal 30 tahun (belum berulang tahun ke-31 pada saat seleksi awal) bagi yang memiliki pengalaman bekerja di bidang Perbankan minimal 1 tahun.
Berkelakuan baik yang dibuktikan dengan Surat Keterangan Catatan Kepolisian (SKCK).
Mampu berkomunikasi dengan baik.
Menyukai tantangan dan memiliki network yang luas.
Bersedia ditempatkan di seluruh Unit Kerja BRI Regional Office Jakarta 2.
Diutamakan berdomisili di Unit Kerja setempat.
Mampu mengendarai kendaraan bermotor (Dengan dibuktikan SIM C)

 
2. Relationship Manager (RM) Dana dan Transaksi
Tugas dan Tanggung Jawab Utama:
Melaksanakan kegiatan identifikasi potensi dan kompetisi bisnis dana, pemasaran terpadu (Integrated Banking Solution) dan monitoring portofolio dana serta jasa bank lainnya.
Lokasi Penempatan Regional Office Jakarta 2 :

Jakarta Selatan
Bekasi
Bogor
Cibinong
Depok
Cikarang
Cikampek
Karawang

KUALIFIKASI KANDIDAT

Pendidikan minimal S.1 dari Universitas / Perguruan Tinggi dengan IPK min 2.75 (skala 4).
Usia maksimal 25 tahun (belum berulang tahun ke-26 pada saat seleksi awal) bagi Fresh Graduate, dan usia maksimal 30 tahun (belum berulang tahun ke-31 pada saat seleksi awal) bagi yang memiliki pengalaman bekerja di bidang Perbankan minimal 1 tahun.
Berkelakuan baik yang dibuktikan dengan Surat Keterangan Catatan Kepolisian (SKCK).
Mampu berkomunikasi dengan baik.
Menyukai tantangan dan memiliki network yang luas.
Bersedia ditempatkan di seluruh Unit Kerja BRI Regional Office Jakarta 2.
Diutamakan berdomisili di Unit Kerja setempat.
Mampu mengendarai kendaraan bermotor (Dengan dibuktikan SIM A/C)

Panduan dan pengiriman video perkenalan terdapat pada link berikut klik disini
 
Periode pendaftaran dibuka mulai tanggal 18 Juli 2024 s.d 25 Juli 2024
Bagi yang berminat dan memenuhi kualifikasi, Silahkan melakukan pendaftaran secara online.
APPLY NOW!


Lokasi: Bandung, Jakarta, Jawa Barat Batas Lamaran:25 Juli 2024Link:https://bersamabumn.com/958

Perhatian: Kami tidak pernah meminta imbalan atau biaya dalam bentuk apapun terhadap rekrutmen disius ini apabila ada pihak yang mengatasnamakan kami atau perusahaan meminta biaya seperti transportasi atau akomodasi atau yang lainnya bisa dipastikan itu PALSU.
					
Lokasi : Bandung Jakarta Jawa BaratKategori Lowongan: BANK Fresh Graduate S1 S2 
 Tugas dan Tanggung Jawab Utama : Melaksanakan kegiatan pemasaran pinjaman, simpanan, BRILink dan jasa bank lainnya, memprakarsai dan menganalisis usulan pinjaman segmen mikro, melakukan pembinaaan terhadap nasabah BRI Unit dan Agen BRILink.
Lokasi Penempatan Regional Office Jakarta 2 :

Jakarta Selatan
Bekasi
Bogor
Cibinong
Depok
Cikarang
Cikampek
Karawang

KUALIFIKASI KANDIDAT

Pendidikan minimal S.1 dari Universitas / Perguruan Tinggi dengan IPK min 2.75 (skala 4).
Usia maksimal 25 tahun (belum berulang tahun ke-26 pada saat seleksi awal) bagi Fresh Graduate, dan usia maksimal 30 tahun (belum berulang tahun ke-31 pada saat seleksi awal) bagi yang memiliki pengalaman bekerja di bidang Perbankan minimal 1 tahun.
Berkelakuan baik yang dibuktikan dengan Surat Keterangan Catatan Kepolisian (SKCK).
Mampu berkomunikasi dengan baik.
Menyukai tantangan dan memiliki network yang luas.
Bersedia ditempatkan di seluruh Unit Kerja BRI Regional Office Jakarta 2.
Diutamakan berdomisili di Unit Kerja setempat.
Mampu mengendarai kendaraan bermotor (Dengan dibuktikan SIM C)

 
2. Relationship Manager (RM) Dana dan Transaksi
Tugas dan Tanggung Jawab Utama:
Melaksanakan kegiatan identifikasi potensi dan kompetisi bisnis dana, pemasaran terpadu (Integrated Banking Solution) dan monitoring portofolio dana serta jasa bank lainnya.
Lokasi Penempatan Regional Office Jakarta 2 :

Jakarta Selatan
Bekasi
Bogor
Cibinong
Depok
Cikarang
Cikampek
Karawang

KUALIFIKASI KANDIDAT

Pendidikan minimal S.1 dari Universitas / Perguruan Tinggi dengan IPK min 2.75 (skala 4).
Usia maksimal 25 tahun (belum berulang tahun ke-26 pada saat seleksi awal) bagi Fresh Graduate, dan usia maksimal 30 tahun (belum berulang tahun ke-31 pada saat seleksi awal) bagi yang memiliki pengalaman bekerja di bidang Perbankan minimal 1 tahun.
Berkelakuan baik yang dibuktikan dengan Surat Keterangan Catatan Kepolisian (SKCK).
Mampu berkomunikasi dengan baik.
Menyukai tantangan dan memiliki network yang luas.
Bersedia ditempatkan di seluruh Unit Kerja BRI Regional Office Jakarta 2.
Diutamakan berdomisili di Unit Kerja setempat.
Mampu mengendarai kendaraan bermotor (Dengan dibuktikan SIM A/C)

Panduan dan pengiriman video perkenalan terdapat pada link berikut klik disini
 
Periode pendaftaran dibuka mulai tanggal 18 Juli 2024 s.d 25 Juli 2024
Bagi yang berminat dan memenuhi kualifikasi, Silahkan melakukan pendaftaran secara online.
APPLY NOW!


Lokasi: Bandung, Jakarta, Jawa Barat Batas Lamaran:25 Juli 2024Link:https://bersamabumn.com/958

Perhatian: Kami tidak pernah meminta imbalan atau biaya dalam bentuk apapun terhadap rekrutmen disius ini apabila ada pihak yang mengatasnamakan kami atau perusahaan meminta biaya seperti transportasi atau akomodasi atau yang lainnya bisa dipastikan itu PALSU.
					
Lokasi : Bandung Jakarta Jawa BaratKategori Lowongan: BANK Fresh Graduate S1 S2 
 Lokasi Penempatan Regional Office Jakarta 2 :

Jakarta Selatan
Bekasi
Bogor
Cibinong
Depok
Cikarang
Cikampek
Karawang

KUALIFIKASI KANDIDAT

Pendidikan minimal S.1 dari Universitas / Perguruan Tinggi dengan IPK min 2.75 (skala 4).
Usia maksimal 25 tahun (belum berulang tahun ke-26 pada saat seleksi awal) bagi Fresh Graduate, dan usia maksimal 30 tahun (belum berulang tahun ke-31 pada saat seleksi awal) bagi yang memiliki pengalaman bekerja di bidang Perbankan minimal 1 tahun.
Berkelakuan baik yang dibuktikan dengan Surat Keterangan Catatan Kepolisian (SKCK).
Mampu berkomunikasi dengan baik.
Menyukai tantangan dan memiliki network yang luas.
Bersedia ditempatkan di seluruh Unit Kerja BRI Regional Office Jakarta 2.
Diutamakan berdomisili di Unit Kerja setempat.
Mampu mengendarai kendaraan bermotor (Dengan dibuktikan SIM C)

 
2. Relationship Manager (RM) Dana dan Transaksi
Tugas dan Tanggung Jawab Utama:
Melaksanakan kegiatan identifikasi potensi dan kompetisi bisnis dana, pemasaran terpadu (Integrated Banking Solution) dan monitoring portofolio dana serta jasa bank lainnya.
Lokasi Penempatan Regional Office Jakarta 2 :

Jakarta Selatan
Bekasi
Bogor
Cibinong
Depok
Cikarang
Cikampek
Karawang

KUALIFIKASI KANDIDAT

Pendidikan minimal S.1 dari Universitas / Perguruan Tinggi dengan IPK min 2.75 (skala 4).
Usia maksimal 25 tahun (belum berulang tahun ke-26 pada saat seleksi awal) bagi Fresh Graduate, dan usia maksimal 30 tahun (belum berulang tahun ke-31 pada saat seleksi awal) bagi yang memiliki pengalaman bekerja di bidang Perbankan minimal 1 tahun.
Berkelakuan baik yang dibuktikan dengan Surat Keterangan Catatan Kepolisian (SKCK).
Mampu berkomunikasi dengan baik.
Menyukai tantangan dan memiliki network yang luas.
Bersedia ditempatkan di seluruh Unit Kerja BRI Regional Office Jakarta 2.
Diutamakan berdomisili di Unit Kerja setempat.
Mampu mengendarai kendaraan bermotor (Dengan dibuktikan SIM A/C)

Panduan dan pengiriman video perkenalan terdapat pada link berikut klik disini
 
Periode pendaftaran dibuka mulai tanggal 18 Juli 2024 s.d 25 Juli 2024
Bagi yang berminat dan memenuhi kualifikasi, Silahkan melakukan pendaftaran secara online.
APPLY NOW!


Lokasi: Bandung, Jakarta, Jawa Barat Batas Lamaran:25 Juli 2024Link:https://bersamabumn.com/958

Perhatian: Kami tidak pernah meminta imbalan atau biaya dalam bentuk apapun terhadap rekrutmen disius ini apabila ada pihak yang mengatasnamakan kami atau perusahaan meminta biaya seperti transportasi atau akomodasi atau yang lainnya bisa dipastikan itu PALSU.
					
Lokasi : Bandung Jakarta Jawa BaratKategori Lowongan: BANK Fresh Graduate S1 S2 
 KUALIFIKASI KANDIDAT

Pendidikan minimal S.1 dari Universitas / Perguruan Tinggi dengan IPK min 2.75 (skala 4).
Usia maksimal 25 tahun (belum berulang tahun ke-26 pada saat seleksi awal) bagi Fresh Graduate, dan usia maksimal 30 tahun (belum berulang tahun ke-31 pada saat seleksi awal) bagi yang memiliki pengalaman bekerja di bidang Perbankan minimal 1 tahun.
Berkelakuan baik yang dibuktikan dengan Surat Keterangan Catatan Kepolisian (SKCK).
Mampu berkomunikasi dengan baik.
Menyukai tantangan dan memiliki network yang luas.
Bersedia ditempatkan di seluruh Unit Kerja BRI Regional Office Jakarta 2.
Diutamakan berdomisili di Unit Kerja setempat.
Mampu mengendarai kendaraan bermotor (Dengan dibuktikan SIM C)

 
2. Relationship Manager (RM) Dana dan Transaksi
Tugas dan Tanggung Jawab Utama:
Melaksanakan kegiatan identifikasi potensi dan kompetisi bisnis dana, pemasaran terpadu (Integrated Banking Solution) dan monitoring portofolio dana serta jasa bank lainnya.
Lokasi Penempatan Regional Office Jakarta 2 :

Jakarta Selatan
Bekasi
Bogor
Cibinong
Depok
Cikarang
Cikampek
Karawang

KUALIFIKASI KANDIDAT

Pendidikan minimal S.1 dari Universitas / Perguruan Tinggi dengan IPK min 2.75 (skala 4).
Usia maksimal 25 tahun (belum berulang tahun ke-26 pada saat seleksi awal) bagi Fresh Graduate, dan usia maksimal 30 tahun (belum berulang tahun ke-31 pada saat seleksi awal) bagi yang memiliki pengalaman bekerja di bidang Perbankan minimal 1 tahun.
Berkelakuan baik yang dibuktikan dengan Surat Keterangan Catatan Kepolisian (SKCK).
Mampu berkomunikasi dengan baik.
Menyukai tantangan dan memiliki network yang luas.
Bersedia ditempatkan di seluruh Unit Kerja BRI Regional Office Jakarta 2.
Diutamakan berdomisili di Unit Kerja setempat.
Mampu mengendarai kendaraan bermotor (Dengan dibuktikan SIM A/C)

Panduan dan pengiriman video perkenalan terdapat pada link berikut klik disini
 
Periode pendaftaran dibuka mulai tanggal 18 Juli 2024 s.d 25 Juli 2024
Bagi yang berminat dan memenuhi kualifikasi, Silahkan melakukan pendaftaran secara online.
APPLY NOW!


Lokasi: Bandung, Jakarta, Jawa Barat Batas Lamaran:25 Juli 2024Link:https://bersamabumn.com/958

Perhatian: Kami tidak pernah meminta imbalan atau biaya dalam bentuk apapun terhadap rekrutmen disius ini apabila ada pihak yang mengatasnamakan kami atau perusahaan meminta biaya seperti transportasi atau akomodasi atau yang lainnya bisa dipastikan itu PALSU.
					
Lokasi : Bandung Jakarta Jawa BaratKategori Lowongan: BANK Fresh Graduate S1 S2 
  
2. Relationship Manager (RM) Dana dan Transaksi
Tugas dan Tanggung Jawab Utama:
Melaksanakan kegiatan identifikasi potensi dan kompetisi bisnis dana, pemasaran terpadu (Integrated Banking Solution) dan monitoring portofolio dana serta jasa bank lainnya.
Lokasi Penempatan Regional Office Jakarta 2 :

Jakarta Selatan
Bekasi
Bogor
Cibinong
Depok
Cikarang
Cikampek
Karawang

KUALIFIKASI KANDIDAT

Pendidikan minimal S.1 dari Universitas / Perguruan Tinggi dengan IPK min 2.75 (skala 4).
Usia maksimal 25 tahun (belum berulang tahun ke-26 pada saat seleksi awal) bagi Fresh Graduate, dan usia maksimal 30 tahun (belum berulang tahun ke-31 pada saat seleksi awal) bagi yang memiliki pengalaman bekerja di bidang Perbankan minimal 1 tahun.
Berkelakuan baik yang dibuktikan dengan Surat Keterangan Catatan Kepolisian (SKCK).
Mampu berkomunikasi dengan baik.
Menyukai tantangan dan memiliki network yang luas.
Bersedia ditempatkan di seluruh Unit Kerja BRI Regional Office Jakarta 2.
Diutamakan berdomisili di Unit Kerja setempat.
Mampu mengendarai kendaraan bermotor (Dengan dibuktikan SIM A/C)

Panduan dan pengiriman video perkenalan terdapat pada link berikut klik disini
 
Periode pendaftaran dibuka mulai tanggal 18 Juli 2024 s.d 25 Juli 2024
Bagi yang berminat dan memenuhi kualifikasi, Silahkan melakukan pendaftaran secara online.
APPLY NOW!


Lokasi: Bandung, Jakarta, Jawa Barat Batas Lamaran:25 Juli 2024Link:https://bersamabumn.com/958

Perhatian: Kami tidak pernah meminta imbalan atau biaya dalam bentuk apapun terhadap rekrutmen disius ini apabila ada pihak yang mengatasnamakan kami atau perusahaan meminta biaya seperti transportasi atau akomodasi atau yang lainnya bisa dipastikan itu PALSU.
					
Lokasi : Bandung Jakarta Jawa BaratKategori Lowongan: BANK Fresh Graduate S1 S2 
 2. Relationship Manager (RM) Dana dan Transaksi
Tugas dan Tanggung Jawab Utama:
Melaksanakan kegiatan identifikasi potensi dan kompetisi bisnis dana, pemasaran terpadu (Integrated Banking Solution) dan monitoring portofolio dana serta jasa bank lainnya.
Lokasi Penempatan Regional Office Jakarta 2 :

Jakarta Selatan
Bekasi
Bogor
Cibinong
Depok
Cikarang
Cikampek
Karawang

KUALIFIKASI KANDIDAT

Pendidikan minimal S.1 dari Universitas / Perguruan Tinggi dengan IPK min 2.75 (skala 4).
Usia maksimal 25 tahun (belum berulang tahun ke-26 pada saat seleksi awal) bagi Fresh Graduate, dan usia maksimal 30 tahun (belum berulang tahun ke-31 pada saat seleksi awal) bagi yang memiliki pengalaman bekerja di bidang Perbankan minimal 1 tahun.
Berkelakuan baik yang dibuktikan dengan Surat Keterangan Catatan Kepolisian (SKCK).
Mampu berkomunikasi dengan baik.
Menyukai tantangan dan memiliki network yang luas.
Bersedia ditempatkan di seluruh Unit Kerja BRI Regional Office Jakarta 2.
Diutamakan berdomisili di Unit Kerja setempat.
Mampu mengendarai kendaraan bermotor (Dengan dibuktikan SIM A/C)

Panduan dan pengiriman video perkenalan terdapat pada link berikut klik disini
 
Periode pendaftaran dibuka mulai tanggal 18 Juli 2024 s.d 25 Juli 2024
Bagi yang berminat dan memenuhi kualifikasi, Silahkan melakukan pendaftaran secara online.
APPLY NOW!


Lokasi: Bandung, Jakarta, Jawa Barat Batas Lamaran:25 Juli 2024Link:https://bersamabumn.com/958

Perhatian: Kami tidak pernah meminta imbalan atau biaya dalam bentuk apapun terhadap rekrutmen disius ini apabila ada pihak yang mengatasnamakan kami atau perusahaan meminta biaya seperti transportasi atau akomodasi atau yang lainnya bisa dipastikan itu PALSU.
					
Lokasi : Bandung Jakarta Jawa BaratKategori Lowongan: BANK Fresh Graduate S1 S2 
 Tugas dan Tanggung Jawab Utama:
Melaksanakan kegiatan identifikasi potensi dan kompetisi bisnis dana, pemasaran terpadu (Integrated Banking Solution) dan monitoring portofolio dana serta jasa bank lainnya.
Lokasi Penempatan Regional Office Jakarta 2 :

Jakarta Selatan
Bekasi
Bogor
Cibinong
Depok
Cikarang
Cikampek
Karawang

KUALIFIKASI KANDIDAT

Pendidikan minimal S.1 dari Universitas / Perguruan Tinggi dengan IPK min 2.75 (skala 4).
Usia maksimal 25 tahun (belum berulang tahun ke-26 pada saat seleksi awal) bagi Fresh Graduate, dan usia maksimal 30 tahun (belum berulang tahun ke-31 pada saat seleksi awal) bagi yang memiliki pengalaman bekerja di bidang Perbankan minimal 1 tahun.
Berkelakuan baik yang dibuktikan dengan Surat Keterangan Catatan Kepolisian (SKCK).
Mampu berkomunikasi dengan baik.
Menyukai tantangan dan memiliki network yang luas.
Bersedia ditempatkan di seluruh Unit Kerja BRI Regional Office Jakarta 2.
Diutamakan berdomisili di Unit Kerja setempat.
Mampu mengendarai kendaraan bermotor (Dengan dibuktikan SIM A/C)

Panduan dan pengiriman video perkenalan terdapat pada link berikut klik disini
 
Periode pendaftaran dibuka mulai tanggal 18 Juli 2024 s.d 25 Juli 2024
Bagi yang berminat dan memenuhi kualifikasi, Silahkan melakukan pendaftaran secara online.
APPLY NOW!


Lokasi: Bandung, Jakarta, Jawa Barat Batas Lamaran:25 Juli 2024Link:https://bersamabumn.com/958

Perhatian: Kami tidak pernah meminta imbalan atau biaya dalam bentuk apapun terhadap rekrutmen disius ini apabila ada pihak yang mengatasnamakan kami atau perusahaan meminta biaya seperti transportasi atau akomodasi atau yang lainnya bisa dipastikan itu PALSU.
					
Lokasi : Bandung Jakarta Jawa BaratKategori Lowongan: BANK Fresh Graduate S1 S2 
 Melaksanakan kegiatan identifikasi potensi dan kompetisi bisnis dana, pemasaran terpadu (Integrated Banking Solution) dan monitoring portofolio dana serta jasa bank lainnya.
Lokasi Penempatan Regional Office Jakarta 2 :

Jakarta Selatan
Bekasi
Bogor
Cibinong
Depok
Cikarang
Cikampek
Karawang

KUALIFIKASI KANDIDAT

Pendidikan minimal S.1 dari Universitas / Perguruan Tinggi dengan IPK min 2.75 (skala 4).
Usia maksimal 25 tahun (belum berulang tahun ke-26 pada saat seleksi awal) bagi Fresh Graduate, dan usia maksimal 30 tahun (belum berulang tahun ke-31 pada saat seleksi awal) bagi yang memiliki pengalaman bekerja di bidang Perbankan minimal 1 tahun.
Berkelakuan baik yang dibuktikan dengan Surat Keterangan Catatan Kepolisian (SKCK).
Mampu berkomunikasi dengan baik.
Menyukai tantangan dan memiliki network yang luas.
Bersedia ditempatkan di seluruh Unit Kerja BRI Regional Office Jakarta 2.
Diutamakan berdomisili di Unit Kerja setempat.
Mampu mengendarai kendaraan bermotor (Dengan dibuktikan SIM A/C)

Panduan dan pengiriman video perkenalan terdapat pada link berikut klik disini
 
Periode pendaftaran dibuka mulai tanggal 18 Juli 2024 s.d 25 Juli 2024
Bagi yang berminat dan memenuhi kualifikasi, Silahkan melakukan pendaftaran secara online.
APPLY NOW!


Lokasi: Bandung, Jakarta, Jawa Barat Batas Lamaran:25 Juli 2024Link:https://bersamabumn.com/958

Perhatian: Kami tidak pernah meminta imbalan atau biaya dalam bentuk apapun terhadap rekrutmen disius ini apabila ada pihak yang mengatasnamakan kami atau perusahaan meminta biaya seperti transportasi atau akomodasi atau yang lainnya bisa dipastikan itu PALSU.
					
Lokasi : Bandung Jakarta Jawa BaratKategori Lowongan: BANK Fresh Graduate S1 S2 
 Lokasi Penempatan Regional Office Jakarta 2 :

Jakarta Selatan
Bekasi
Bogor
Cibinong
Depok
Cikarang
Cikampek
Karawang

KUALIFIKASI KANDIDAT

Pendidikan minimal S.1 dari Universitas / Perguruan Tinggi dengan IPK min 2.75 (skala 4).
Usia maksimal 25 tahun (belum berulang tahun ke-26 pada saat seleksi awal) bagi Fresh Graduate, dan usia maksimal 30 tahun (belum berulang tahun ke-31 pada saat seleksi awal) bagi yang memiliki pengalaman bekerja di bidang Perbankan minimal 1 tahun.
Berkelakuan baik yang dibuktikan dengan Surat Keterangan Catatan Kepolisian (SKCK).
Mampu berkomunikasi dengan baik.
Menyukai tantangan dan memiliki network yang luas.
Bersedia ditempatkan di seluruh Unit Kerja BRI Regional Office Jakarta 2.
Diutamakan berdomisili di Unit Kerja setempat.
Mampu mengendarai kendaraan bermotor (Dengan dibuktikan SIM A/C)

Panduan dan pengiriman video perkenalan terdapat pada link berikut klik disini
 
Periode pendaftaran dibuka mulai tanggal 18 Juli 2024 s.d 25 Juli 2024
Bagi yang berminat dan memenuhi kualifikasi, Silahkan melakukan pendaftaran secara online.
APPLY NOW!


Lokasi: Bandung, Jakarta, Jawa Barat Batas Lamaran:25 Juli 2024Link:https://bersamabumn.com/958

Perhatian: Kami tidak pernah meminta imbalan atau biaya dalam bentuk apapun terhadap rekrutmen disius ini apabila ada pihak yang mengatasnamakan kami atau perusahaan meminta biaya seperti transportasi atau akomodasi atau yang lainnya bisa dipastikan itu PALSU.
					
Lokasi : Bandung Jakarta Jawa BaratKategori Lowongan: BANK Fresh Graduate S1 S2 
 KUALIFIKASI KANDIDAT

Pendidikan minimal S.1 dari Universitas / Perguruan Tinggi dengan IPK min 2.75 (skala 4).
Usia maksimal 25 tahun (belum berulang tahun ke-26 pada saat seleksi awal) bagi Fresh Graduate, dan usia maksimal 30 tahun (belum berulang tahun ke-31 pada saat seleksi awal) bagi yang memiliki pengalaman bekerja di bidang Perbankan minimal 1 tahun.
Berkelakuan baik yang dibuktikan dengan Surat Keterangan Catatan Kepolisian (SKCK).
Mampu berkomunikasi dengan baik.
Menyukai tantangan dan memiliki network yang luas.
Bersedia ditempatkan di seluruh Unit Kerja BRI Regional Office Jakarta 2.
Diutamakan berdomisili di Unit Kerja setempat.
Mampu mengendarai kendaraan bermotor (Dengan dibuktikan SIM A/C)

Panduan dan pengiriman video perkenalan terdapat pada link berikut klik disini
 
Periode pendaftaran dibuka mulai tanggal 18 Juli 2024 s.d 25 Juli 2024
Bagi yang berminat dan memenuhi kualifikasi, Silahkan melakukan pendaftaran secara online.
APPLY NOW!


Lokasi: Bandung, Jakarta, Jawa Barat Batas Lamaran:25 Juli 2024Link:https://bersamabumn.com/958

Perhatian: Kami tidak pernah meminta imbalan atau biaya dalam bentuk apapun terhadap rekrutmen disius ini apabila ada pihak yang mengatasnamakan kami atau perusahaan meminta biaya seperti transportasi atau akomodasi atau yang lainnya bisa dipastikan itu PALSU.
					
Lokasi : Bandung Jakarta Jawa BaratKategori Lowongan: BANK Fresh Graduate S1 S2 
 Panduan dan pengiriman video perkenalan terdapat pada link berikut klik disini
 
Periode pendaftaran dibuka mulai tanggal 18 Juli 2024 s.d 25 Juli 2024
Bagi yang berminat dan memenuhi kualifikasi, Silahkan melakukan pendaftaran secara online.
APPLY NOW!


Lokasi: Bandung, Jakarta, Jawa Barat Batas Lamaran:25 Juli 2024Link:https://bersamabumn.com/958

Perhatian: Kami tidak pernah meminta imbalan atau biaya dalam bentuk apapun terhadap rekrutmen disius ini apabila ada pihak yang mengatasnamakan kami atau perusahaan meminta biaya seperti transportasi atau akomodasi atau yang lainnya bisa dipastikan itu PALSU.
					
Lokasi : Bandung Jakarta Jawa BaratKategori Lowongan: BANK Fresh Graduate S1 S2 
  
Periode pendaftaran dibuka mulai tanggal 18 Juli 2024 s.d 25 Juli 2024
Bagi yang berminat dan memenuhi kualifikasi, Silahkan melakukan pendaftaran secara online.
APPLY NOW!


Lokasi: Bandung, Jakarta, Jawa Barat Batas Lamaran:25 Juli 2024Link:https://bersamabumn.com/958

Perhatian: Kami tidak pernah meminta imbalan atau biaya dalam bentuk apapun terhadap rekrutmen disius ini apabila ada pihak yang mengatasnamakan kami atau perusahaan meminta biaya seperti transportasi atau akomodasi atau yang lainnya bisa dipastikan itu PALSU.
					
Lokasi : Bandung Jakarta Jawa BaratKategori Lowongan: BANK Fresh Graduate S1 S2 
 Periode pendaftaran dibuka mulai tanggal 18 Juli 2024 s.d 25 Juli 2024
Bagi yang berminat dan memenuhi kualifikasi, Silahkan melakukan pendaftaran secara online.
APPLY NOW!


Lokasi: Bandung, Jakarta, Jawa Barat Batas Lamaran:25 Juli 2024Link:https://bersamabumn.com/958

Perhatian: Kami tidak pernah meminta imbalan atau biaya dalam bentuk apapun terhadap rekrutmen disius ini apabila ada pihak yang mengatasnamakan kami atau perusahaan meminta biaya seperti transportasi atau akomodasi atau yang lainnya bisa dipastikan itu PALSU.
					
Lokasi : Bandung Jakarta Jawa BaratKategori Lowongan: BANK Fresh Graduate S1 S2 
 Bagi yang berminat dan memenuhi kualifikasi, Silahkan melakukan pendaftaran secara online.
APPLY NOW!


Lokasi: Bandung, Jakarta, Jawa Barat Batas Lamaran:25 Juli 2024Link:https://bersamabumn.com/958

Perhatian: Kami tidak pernah meminta imbalan atau biaya dalam bentuk apapun terhadap rekrutmen disius ini apabila ada pihak yang mengatasnamakan kami atau perusahaan meminta biaya seperti transportasi atau akomodasi atau yang lainnya bisa dipastikan itu PALSU.
					
Lokasi : Bandung Jakarta Jawa BaratKategori Lowongan: BANK Fresh Graduate S1 S2 
 APPLY NOW!


Lokasi: Bandung, Jakarta, Jawa Barat Batas Lamaran:25 Juli 2024Link:https://bersamabumn.com/958

Perhatian: Kami tidak pernah meminta imbalan atau biaya dalam bentuk apapun terhadap rekrutmen disius ini apabila ada pihak yang mengatasnamakan kami atau perusahaan meminta biaya seperti transportasi atau akomodasi atau yang lainnya bisa dipastikan itu PALSU.
					
Lokasi : Bandung Jakarta Jawa BaratKategori Lowongan: BANK Fresh Graduate S1 S2 
    "
Bank BRI Apakah BUMN – BRI: Raksasa Perbankan Milik ...,https://jadibumn.id/bank-bri-apakah-bumn/,2024-08-15,2024-05-04," Bank BRI Apakah BUMN – Di tengah gemerlap industri perbankan Indonesia, Bank BRI (Bank Rakyat Indonesia) berdiri kokoh sebagai salah satu raksasa perbankan milik negara dengan sejarah panjang dan kontribusi signifikan bagi kemajuan ekonomi bangsa. Didirikan pada tahun 1895, BRI telah menemani perjalanan bangsa Indonesia selama lebih dari 128 tahun, melewati berbagai pasang surut dan terus berkontribusi dalam mendorong inklusi keuangan dan pemberdayaan masyarakat. Bank BRI merupakan salah satu Badan Usaha Milik Negara (BUMN) yang bergerak di bidang jasa keuangan. Berdiri atas dasar Peraturan Pemerintah Nomor 32 Tahun 1998, BRI memiliki misi untuk melayani masyarakat dengan menyediakan produk dan layanan perbankan yang terjangkau, mudah diakses, dan berkelanjutan. Sebagai BUMN, BRI memiliki tanggung jawab untuk mendukung program-program pemerintah dalam meningkatkan kesejahteraan rakyat. BRI berkomitmen untuk menyediakan akses keuangan yang inklusif bagi seluruh lapisan masyarakat, termasuk masyarakat di pedesaan dan daerah terpencil. Sejarah panjang Bank BRI terbentang sejak era kolonial Belanda. Diawali dengan berdirinya ‘De Algemeene Spaar- en Guldenscheepvaartbank’ (ASGB) pada tahun 1895. ASGB kemudian bertransformasi menjadi ‘De Volksbank’ (Bank Rakyat) pada tahun 1928. Serta pada masa kemerdekaan Indonesia, Bank Rakyat berganti nama menjadi Bank Rakyat Indonesia (BRI) pada tahun 1950. Sejak awal berdirinya, BRI telah memainkan peran penting dalam mendorong pembangunan ekonomi nasional. BRI aktif dalam menyalurkan kredit kepada para pelaku usaha kecil dan menengah (UKM), serta menyediakan berbagai layanan keuangan lainnya yang dibutuhkan oleh masyarakat. Peran dan kontribusi Bank BRI bagi kemajuan ekonomi Indonesia tidak dapat dipungkiri. BRI telah menjadi salah satu tulang punggung perekonomian nasional dengan berbagai capaian gemilang, di antaranya: Bank BRI terus berinovasi untuk menghadirkan layanan perbankan yang terbaik bagi nasabahnya. Berbagai layanan unggulan BRI antara lain: Komitmen dan kinerja Bank BRI dalam melayani masyarakat dan mendukung kemajuan ekonomi nasional telah diakui dengan berbagai penghargaan dan prestasi, di antaranya: Bank BRI telah menjadi bagian integral dari sejarah dan pembangunan bangsa Indonesia. Dengan sejarah panjang, peran dan kontribusi signifikan, inovasi dan layanan unggulan, serta berbagai pengakuan dan prestasi. BRI membuktikan diri sebagai raksasa perbankan milik negara yang terus berkontribusi dalam mewujudkan kemajuan ekonomi nasional dan kesejahteraan rakyat Indonesia.  Kunci sukses Tes Rekrutmen BUMN adalah membiasakan diri mengerjakan ribuan tipe soal Tes Rekrutmen BUMN seperti anak bayi yang belajar berjalan terasa berat diawal dan akan terbiasa bila terus dilatih hingga bisa berlari kencang.  BNI BUMN atau Swasta – Bank Negara Indonesia (BNI) merupakan salah satu bank terbesar di Indonesia yang memiliki sejarah panjang dan peran penting dalam perkembangan perekonomian negara. Namun, banyak yang bertanya-tanya: Apakah BNI adalah BUMN (Badan Usaha Milik Negara) atau swasta? Artikel ini akan menjawab pertanyaan tersebut secara komprehensif, serta memberikan informasi penting lainnya seputar… 

				Read More BNI BUMN atau Swasta – Pertanyaan Besar: BNI BUMN atau Swasta? Cari Tahu Jawabannya di Sini!Continue
 
 Loker SMA BUMN – Bekerja di Badan Usaha Milik Negara (BUMN) adalah impian bagi banyak orang di Indonesia. BUMN sering dianggap sebagai lembaga yang prestisius dan menawarkan berbagai keuntungan yang menggiurkan. Meskipun banyak pekerjaan di BUMN memerlukan kualifikasi pendidikan yang tinggi, ternyata juga ada peluang bagi lulusan SMA atau setara untuk bergabung dengan BUMN. Dalam… 

				Read More Loker SMA BUMN – Bagaimana Memaksimalkan Peluang Anda di Loker SMA BUMN?Continue
 
 Gaji Teknisi Pertamina – Pertamina, sebagai salah satu BUMN terbesar di Indonesia, selalu menjadi incaran para pencari kerja, terutama bagi para teknisi. Gaji teknisi Pertamina yang menggiurkan dan berbagai tunjangan menarik menjadi magnet utama. Namun, tahukah Anda berapa sebenarnya gaji teknisi Pertamina? Artikel ini akan membahas secara mendalam mengenai gaji teknisi Pertamina, mulai dari gaji… 

				Read More Gaji Teknisi Pertamina – Terungkap! Gaji Teknisi Pertamina Lebih Tinggi dari Ekspektasi!Continue
 
 Berapa Soal Tes Bahasa Inggris BUMN – Bagi para pejuang BUMN, tes bahasa Inggris adalah salah satu rintangan yang harus dilewati untuk meraih karir impian. Banyak yang bertanya-tanya, berapa sebenarnya jumlah soal tes bahasa Inggris BUMN yang harus dihadapi? Pertanyaan ini wajar, mengingat tes bahasa Inggris BUMN menjadi salah satu penentu kelulusan. Artikel ini akan… 

				Read More Berapa Soal Tes Bahasa Inggris BUMN – Hebat! Ini Dia Jumlah Soal Tes Bahasa Inggris yang Harus Dihadapi Calon Pegawai BUMN!Continue
 
 Skor Toefl Minimal BUMN – Dalam labirin kehidupan profesional, berburu pekerjaan tidak hanya tentang menemukan yang sesuai dengan passion dan skill saja. Ada banyak tiket yang perlu kita siapkan untuk bisa melangkah lebih jauh. Salah satunya, khusus buat kamu yang menargetkan karir di Badan Usaha Milik Negara (BUMN), adalah skor TOEFL. Tapi, tunggu dulu, jangan… 

				Read More Skor Toefl Minimal BUMN – Jangan Sampai Salah! Ini Skor TOEFL Minimal untuk Bekerja di BUMNContinue
 
 Direktur BUMN Termuda – Dalam dunia bisnis yang sering kali didominasi oleh figur-figur senior, munculnya seorang direktur muda di sebuah Badan Usaha Milik Negara (BUMN) menjadi sebuah fenomena yang menginspirasi banyak orang. Perjalanan untuk mencapai puncak karir di usia muda tidaklah mudah dan dipenuhi dengan berbagai tantangan serta hambatan. Namun, dengan kegigihan, strategi yang tepat,… 

				Read More Direktur BUMN Termuda – Kisah Motivasi: Perjalanan Menjadi Direktur BUMN TermudaContinue
 
 Your email address will not be published. Required fields are marked * Comment * Name * Email * Website  Save my name, email, and website in this browser for the next time I comment.  

 Copyright ©2023 Jadi BUMN, PT. Kejar Kreasi Semesta"
"Targetkan Pertumbuhan Kredit Double Digit, Ini Prospek ...",https://ekonomi.republika.co.id/berita/s9qmx7490/targetkan-pertumbuhan-kredit-double-digit-ini-prospek-saham-bank-bri,2024-08-15,2024-03-03,"Perseroan telah memiliki strategi untuk mendorong pertumbuhan kredit secara agresif.  REPUBLIKA.CO.ID, JAKARTA -- PT Bank Rakyat Indonesia (Persero) Tbk berkomitmen untuk terus menjadi motor penggerak ekonomi nasional, khususnya pada pemberdayaan Usaha Mikro, Kecil dan Menengah (UMKM). Perseroan menargetkan pertumbuhan kredit di tahun 2024 mencapai double digit di kisaran 10-11 persen year on year (yoy).  



Direktur Utama BRI Sunarso mengungkapkan perseroan telah memiliki strategi untuk mendorong pertumbuhan kredit secara agresif di tahun 2024.
Baca Juga
 

Ini Bocoran Deretan Aksi Korporasi BRI Tahun Ini
 
Pemegang Saham Pertahankan Susunan Direksi BRI
 
BRI akan Terus Bagikan Dividen Jumbo Hingga 5 Tahun ke Depan

 
“Kalau tahun 2023 lalu BRI tumbuh kreditnya 11,2 persen, kemudian BRI ingin tetap tumbuh agresif di 2024, yakni 10-11 persen dari nominal ribuan triliun, jadi cukup besar. Strateginya, BRI akan tetap fokus di UMKM, kami sudah canangkan go smaller, yakni masuk ke segmen ultra mikro. Oleh karena itu Holding UMi juga kami jadikan sumber pertumbuhan baru,” urai Sunarso seperti dalam keterangan, Sabtu (2/3/2024).
Komitmen BRI untuk tumbuh berkualitas secara berkelanjutan dinilai positif oleh para investor. Riset dari James Stanley Widjaja analis Buana Capital Sekuritas menargetkan harga BBRI di angka Rp 6.800 per lembar saham. Hal itu didorong oleh pendapatan dari pertumbuhan kredit, kontribusi Kupedes yang lebih besar, pengendalian biaya, dan juga normalisasi biaya kredit. 









""Pandangan kami, kami menegaskan rekomendasi Buy, dengan target harga yang lebih tinggi sebesar Rp 6.800 per saham. Kami mencapai 3,0x PBV menggunakan GGM dengan asumsi ROE 21 persen dan growth 7 persen,"" jelas James Stanley.
Konsensus para analis yang dihimpun Bloomberg dengan melibatkan 34 analis menghasilkan target harga saham BBRI di angka Rp 6.659,94 per lembar saham dalam 12 bulan ke depan. Sebanyak 33 analis merekomendasikan Beli untuk saham BBRI.
Hingga akhir tahun 2023 tercatat BRI berhasil mendorong penyaluran kredit tumbuh 11,2 persen yoy menjadi Rp1.266,4 triliun. Pencapaian ini lebih tinggi dibandingkan dengan penyaluran kredit industri perbankan nasional yang sebesar 10,4 persen yoy di sepanjang tahun 2023.
“Kredit BRI mencapai 1.266 triliun. Artinya itu mampu tumbuh 11,2 persen dan yang lebih menarik dan lebih penting bagi BRI adalah bahwa kita tetap fokus di UMKM di porsi kredit UMKM BRI mencapai 84,38 persen. Kita cita-citanya ingin mencapai 85 persen di tahun 2025,” pungkasnya.
Terbaru, BRI juga menggelar Rapat Umum Pemegang Saham Tahunan (RUPST) 2024 pada Jumat (1/3/2024) kemarin. Pada RUPST kali ini, perseroan menyetujui untuk membagikan dividen sebesar Rp 48,10 triliun atau dividen per saham sebesar Rp 319, setara dengan dividend payout ratio kurang lebih 80,04 persen dari laba atribusi.
Adapun dividen yang dibagikan BRI tersebut mengalami peningkatan sebesar 10,59 persen dibandingkan nominal yang dibayarkan tahun 2023 sebesar Rp 43,49 triliun. Dividen senilai Rp 48,10 triliun atau sebesar Rp 319 per saham tersebut sudah termasuk jumlah dividen interim yang telah dibagikan kepada Pemegang Saham pada tanggal 18 Januari 2024 lalu sejumlah Rp 12,67 triliun atau sebesar Rp 84 per saham. 
Dengan demikian, sisa jumlah dividen tunai yang akan dibayarkan kepada Pemegang Saham sekurang-kurangnya sebesar Rp 35,43 triliun atau sebesar Rp 235 per saham. Untuk dividen bagian Negara Republik Indonesia atas kepemilikan sebesar 53,19 persen saham, BRI akan menyetorkan kurang lebih Rp 25,71 triliun kepada Rekening Kas Umum Negara.





			Ikuti Whatsapp Channel Republika 

 REPUBLIKA.CO.ID, JAKARTA -- PT Bank Rakyat Indonesia (Persero) Tbk berkomitmen untuk terus menjadi motor penggerak ekonomi nasional, khususnya pada pemberdayaan Usaha Mikro, Kecil dan Menengah (UMKM). Perseroan menargetkan pertumbuhan kredit di tahun 2024 mencapai double digit di kisaran 10-11 persen year on year (yoy).  
Direktur Utama BRI Sunarso mengungkapkan perseroan telah memiliki strategi untuk mendorong pertumbuhan kredit secara agresif di tahun 2024.
Baca Juga
 

Ini Bocoran Deretan Aksi Korporasi BRI Tahun Ini
 
Pemegang Saham Pertahankan Susunan Direksi BRI
 
BRI akan Terus Bagikan Dividen Jumbo Hingga 5 Tahun ke Depan

 
“Kalau tahun 2023 lalu BRI tumbuh kreditnya 11,2 persen, kemudian BRI ingin tetap tumbuh agresif di 2024, yakni 10-11 persen dari nominal ribuan triliun, jadi cukup besar. Strateginya, BRI akan tetap fokus di UMKM, kami sudah canangkan go smaller, yakni masuk ke segmen ultra mikro. Oleh karena itu Holding UMi juga kami jadikan sumber pertumbuhan baru,” urai Sunarso seperti dalam keterangan, Sabtu (2/3/2024).
Komitmen BRI untuk tumbuh berkualitas secara berkelanjutan dinilai positif oleh para investor. Riset dari James Stanley Widjaja analis Buana Capital Sekuritas menargetkan harga BBRI di angka Rp 6.800 per lembar saham. Hal itu didorong oleh pendapatan dari pertumbuhan kredit, kontribusi Kupedes yang lebih besar, pengendalian biaya, dan juga normalisasi biaya kredit. 









""Pandangan kami, kami menegaskan rekomendasi Buy, dengan target harga yang lebih tinggi sebesar Rp 6.800 per saham. Kami mencapai 3,0x PBV menggunakan GGM dengan asumsi ROE 21 persen dan growth 7 persen,"" jelas James Stanley.
Konsensus para analis yang dihimpun Bloomberg dengan melibatkan 34 analis menghasilkan target harga saham BBRI di angka Rp 6.659,94 per lembar saham dalam 12 bulan ke depan. Sebanyak 33 analis merekomendasikan Beli untuk saham BBRI.
Hingga akhir tahun 2023 tercatat BRI berhasil mendorong penyaluran kredit tumbuh 11,2 persen yoy menjadi Rp1.266,4 triliun. Pencapaian ini lebih tinggi dibandingkan dengan penyaluran kredit industri perbankan nasional yang sebesar 10,4 persen yoy di sepanjang tahun 2023.
“Kredit BRI mencapai 1.266 triliun. Artinya itu mampu tumbuh 11,2 persen dan yang lebih menarik dan lebih penting bagi BRI adalah bahwa kita tetap fokus di UMKM di porsi kredit UMKM BRI mencapai 84,38 persen. Kita cita-citanya ingin mencapai 85 persen di tahun 2025,” pungkasnya.
Terbaru, BRI juga menggelar Rapat Umum Pemegang Saham Tahunan (RUPST) 2024 pada Jumat (1/3/2024) kemarin. Pada RUPST kali ini, perseroan menyetujui untuk membagikan dividen sebesar Rp 48,10 triliun atau dividen per saham sebesar Rp 319, setara dengan dividend payout ratio kurang lebih 80,04 persen dari laba atribusi.
Adapun dividen yang dibagikan BRI tersebut mengalami peningkatan sebesar 10,59 persen dibandingkan nominal yang dibayarkan tahun 2023 sebesar Rp 43,49 triliun. Dividen senilai Rp 48,10 triliun atau sebesar Rp 319 per saham tersebut sudah termasuk jumlah dividen interim yang telah dibagikan kepada Pemegang Saham pada tanggal 18 Januari 2024 lalu sejumlah Rp 12,67 triliun atau sebesar Rp 84 per saham. 
Dengan demikian, sisa jumlah dividen tunai yang akan dibayarkan kepada Pemegang Saham sekurang-kurangnya sebesar Rp 35,43 triliun atau sebesar Rp 235 per saham. Untuk dividen bagian Negara Republik Indonesia atas kepemilikan sebesar 53,19 persen saham, BRI akan menyetorkan kurang lebih Rp 25,71 triliun kepada Rekening Kas Umum Negara.





			Ikuti Whatsapp Channel Republika 

 Direktur Utama BRI Sunarso mengungkapkan perseroan telah memiliki strategi untuk mendorong pertumbuhan kredit secara agresif di tahun 2024. 
“Kalau tahun 2023 lalu BRI tumbuh kreditnya 11,2 persen, kemudian BRI ingin tetap tumbuh agresif di 2024, yakni 10-11 persen dari nominal ribuan triliun, jadi cukup besar. Strateginya, BRI akan tetap fokus di UMKM, kami sudah canangkan go smaller, yakni masuk ke segmen ultra mikro. Oleh karena itu Holding UMi juga kami jadikan sumber pertumbuhan baru,” urai Sunarso seperti dalam keterangan, Sabtu (2/3/2024).
Komitmen BRI untuk tumbuh berkualitas secara berkelanjutan dinilai positif oleh para investor. Riset dari James Stanley Widjaja analis Buana Capital Sekuritas menargetkan harga BBRI di angka Rp 6.800 per lembar saham. Hal itu didorong oleh pendapatan dari pertumbuhan kredit, kontribusi Kupedes yang lebih besar, pengendalian biaya, dan juga normalisasi biaya kredit. 









""Pandangan kami, kami menegaskan rekomendasi Buy, dengan target harga yang lebih tinggi sebesar Rp 6.800 per saham. Kami mencapai 3,0x PBV menggunakan GGM dengan asumsi ROE 21 persen dan growth 7 persen,"" jelas James Stanley.
Konsensus para analis yang dihimpun Bloomberg dengan melibatkan 34 analis menghasilkan target harga saham BBRI di angka Rp 6.659,94 per lembar saham dalam 12 bulan ke depan. Sebanyak 33 analis merekomendasikan Beli untuk saham BBRI.
Hingga akhir tahun 2023 tercatat BRI berhasil mendorong penyaluran kredit tumbuh 11,2 persen yoy menjadi Rp1.266,4 triliun. Pencapaian ini lebih tinggi dibandingkan dengan penyaluran kredit industri perbankan nasional yang sebesar 10,4 persen yoy di sepanjang tahun 2023.
“Kredit BRI mencapai 1.266 triliun. Artinya itu mampu tumbuh 11,2 persen dan yang lebih menarik dan lebih penting bagi BRI adalah bahwa kita tetap fokus di UMKM di porsi kredit UMKM BRI mencapai 84,38 persen. Kita cita-citanya ingin mencapai 85 persen di tahun 2025,” pungkasnya.
Terbaru, BRI juga menggelar Rapat Umum Pemegang Saham Tahunan (RUPST) 2024 pada Jumat (1/3/2024) kemarin. Pada RUPST kali ini, perseroan menyetujui untuk membagikan dividen sebesar Rp 48,10 triliun atau dividen per saham sebesar Rp 319, setara dengan dividend payout ratio kurang lebih 80,04 persen dari laba atribusi.
Adapun dividen yang dibagikan BRI tersebut mengalami peningkatan sebesar 10,59 persen dibandingkan nominal yang dibayarkan tahun 2023 sebesar Rp 43,49 triliun. Dividen senilai Rp 48,10 triliun atau sebesar Rp 319 per saham tersebut sudah termasuk jumlah dividen interim yang telah dibagikan kepada Pemegang Saham pada tanggal 18 Januari 2024 lalu sejumlah Rp 12,67 triliun atau sebesar Rp 84 per saham. 
Dengan demikian, sisa jumlah dividen tunai yang akan dibayarkan kepada Pemegang Saham sekurang-kurangnya sebesar Rp 35,43 triliun atau sebesar Rp 235 per saham. Untuk dividen bagian Negara Republik Indonesia atas kepemilikan sebesar 53,19 persen saham, BRI akan menyetorkan kurang lebih Rp 25,71 triliun kepada Rekening Kas Umum Negara.





			Ikuti Whatsapp Channel Republika 

 “Kalau tahun 2023 lalu BRI tumbuh kreditnya 11,2 persen, kemudian BRI ingin tetap tumbuh agresif di 2024, yakni 10-11 persen dari nominal ribuan triliun, jadi cukup besar. Strateginya, BRI akan tetap fokus di UMKM, kami sudah canangkan go smaller, yakni masuk ke segmen ultra mikro. Oleh karena itu Holding UMi juga kami jadikan sumber pertumbuhan baru,” urai Sunarso seperti dalam keterangan, Sabtu (2/3/2024). 
Komitmen BRI untuk tumbuh berkualitas secara berkelanjutan dinilai positif oleh para investor. Riset dari James Stanley Widjaja analis Buana Capital Sekuritas menargetkan harga BBRI di angka Rp 6.800 per lembar saham. Hal itu didorong oleh pendapatan dari pertumbuhan kredit, kontribusi Kupedes yang lebih besar, pengendalian biaya, dan juga normalisasi biaya kredit. 









""Pandangan kami, kami menegaskan rekomendasi Buy, dengan target harga yang lebih tinggi sebesar Rp 6.800 per saham. Kami mencapai 3,0x PBV menggunakan GGM dengan asumsi ROE 21 persen dan growth 7 persen,"" jelas James Stanley.
Konsensus para analis yang dihimpun Bloomberg dengan melibatkan 34 analis menghasilkan target harga saham BBRI di angka Rp 6.659,94 per lembar saham dalam 12 bulan ke depan. Sebanyak 33 analis merekomendasikan Beli untuk saham BBRI.
Hingga akhir tahun 2023 tercatat BRI berhasil mendorong penyaluran kredit tumbuh 11,2 persen yoy menjadi Rp1.266,4 triliun. Pencapaian ini lebih tinggi dibandingkan dengan penyaluran kredit industri perbankan nasional yang sebesar 10,4 persen yoy di sepanjang tahun 2023.
“Kredit BRI mencapai 1.266 triliun. Artinya itu mampu tumbuh 11,2 persen dan yang lebih menarik dan lebih penting bagi BRI adalah bahwa kita tetap fokus di UMKM di porsi kredit UMKM BRI mencapai 84,38 persen. Kita cita-citanya ingin mencapai 85 persen di tahun 2025,” pungkasnya.
Terbaru, BRI juga menggelar Rapat Umum Pemegang Saham Tahunan (RUPST) 2024 pada Jumat (1/3/2024) kemarin. Pada RUPST kali ini, perseroan menyetujui untuk membagikan dividen sebesar Rp 48,10 triliun atau dividen per saham sebesar Rp 319, setara dengan dividend payout ratio kurang lebih 80,04 persen dari laba atribusi.
Adapun dividen yang dibagikan BRI tersebut mengalami peningkatan sebesar 10,59 persen dibandingkan nominal yang dibayarkan tahun 2023 sebesar Rp 43,49 triliun. Dividen senilai Rp 48,10 triliun atau sebesar Rp 319 per saham tersebut sudah termasuk jumlah dividen interim yang telah dibagikan kepada Pemegang Saham pada tanggal 18 Januari 2024 lalu sejumlah Rp 12,67 triliun atau sebesar Rp 84 per saham. 
Dengan demikian, sisa jumlah dividen tunai yang akan dibayarkan kepada Pemegang Saham sekurang-kurangnya sebesar Rp 35,43 triliun atau sebesar Rp 235 per saham. Untuk dividen bagian Negara Republik Indonesia atas kepemilikan sebesar 53,19 persen saham, BRI akan menyetorkan kurang lebih Rp 25,71 triliun kepada Rekening Kas Umum Negara.





			Ikuti Whatsapp Channel Republika 

 Komitmen BRI untuk tumbuh berkualitas secara berkelanjutan dinilai positif oleh para investor. Riset dari James Stanley Widjaja analis Buana Capital Sekuritas menargetkan harga BBRI di angka Rp 6.800 per lembar saham. Hal itu didorong oleh pendapatan dari pertumbuhan kredit, kontribusi Kupedes yang lebih besar, pengendalian biaya, dan juga normalisasi biaya kredit. 
""Pandangan kami, kami menegaskan rekomendasi Buy, dengan target harga yang lebih tinggi sebesar Rp 6.800 per saham. Kami mencapai 3,0x PBV menggunakan GGM dengan asumsi ROE 21 persen dan growth 7 persen,"" jelas James Stanley.
Konsensus para analis yang dihimpun Bloomberg dengan melibatkan 34 analis menghasilkan target harga saham BBRI di angka Rp 6.659,94 per lembar saham dalam 12 bulan ke depan. Sebanyak 33 analis merekomendasikan Beli untuk saham BBRI.
Hingga akhir tahun 2023 tercatat BRI berhasil mendorong penyaluran kredit tumbuh 11,2 persen yoy menjadi Rp1.266,4 triliun. Pencapaian ini lebih tinggi dibandingkan dengan penyaluran kredit industri perbankan nasional yang sebesar 10,4 persen yoy di sepanjang tahun 2023.
“Kredit BRI mencapai 1.266 triliun. Artinya itu mampu tumbuh 11,2 persen dan yang lebih menarik dan lebih penting bagi BRI adalah bahwa kita tetap fokus di UMKM di porsi kredit UMKM BRI mencapai 84,38 persen. Kita cita-citanya ingin mencapai 85 persen di tahun 2025,” pungkasnya.
Terbaru, BRI juga menggelar Rapat Umum Pemegang Saham Tahunan (RUPST) 2024 pada Jumat (1/3/2024) kemarin. Pada RUPST kali ini, perseroan menyetujui untuk membagikan dividen sebesar Rp 48,10 triliun atau dividen per saham sebesar Rp 319, setara dengan dividend payout ratio kurang lebih 80,04 persen dari laba atribusi.
Adapun dividen yang dibagikan BRI tersebut mengalami peningkatan sebesar 10,59 persen dibandingkan nominal yang dibayarkan tahun 2023 sebesar Rp 43,49 triliun. Dividen senilai Rp 48,10 triliun atau sebesar Rp 319 per saham tersebut sudah termasuk jumlah dividen interim yang telah dibagikan kepada Pemegang Saham pada tanggal 18 Januari 2024 lalu sejumlah Rp 12,67 triliun atau sebesar Rp 84 per saham. 
Dengan demikian, sisa jumlah dividen tunai yang akan dibayarkan kepada Pemegang Saham sekurang-kurangnya sebesar Rp 35,43 triliun atau sebesar Rp 235 per saham. Untuk dividen bagian Negara Republik Indonesia atas kepemilikan sebesar 53,19 persen saham, BRI akan menyetorkan kurang lebih Rp 25,71 triliun kepada Rekening Kas Umum Negara.





			Ikuti Whatsapp Channel Republika 

 ""Pandangan kami, kami menegaskan rekomendasi Buy, dengan target harga yang lebih tinggi sebesar Rp 6.800 per saham. Kami mencapai 3,0x PBV menggunakan GGM dengan asumsi ROE 21 persen dan growth 7 persen,"" jelas James Stanley. 
Konsensus para analis yang dihimpun Bloomberg dengan melibatkan 34 analis menghasilkan target harga saham BBRI di angka Rp 6.659,94 per lembar saham dalam 12 bulan ke depan. Sebanyak 33 analis merekomendasikan Beli untuk saham BBRI.
Hingga akhir tahun 2023 tercatat BRI berhasil mendorong penyaluran kredit tumbuh 11,2 persen yoy menjadi Rp1.266,4 triliun. Pencapaian ini lebih tinggi dibandingkan dengan penyaluran kredit industri perbankan nasional yang sebesar 10,4 persen yoy di sepanjang tahun 2023.
“Kredit BRI mencapai 1.266 triliun. Artinya itu mampu tumbuh 11,2 persen dan yang lebih menarik dan lebih penting bagi BRI adalah bahwa kita tetap fokus di UMKM di porsi kredit UMKM BRI mencapai 84,38 persen. Kita cita-citanya ingin mencapai 85 persen di tahun 2025,” pungkasnya.
Terbaru, BRI juga menggelar Rapat Umum Pemegang Saham Tahunan (RUPST) 2024 pada Jumat (1/3/2024) kemarin. Pada RUPST kali ini, perseroan menyetujui untuk membagikan dividen sebesar Rp 48,10 triliun atau dividen per saham sebesar Rp 319, setara dengan dividend payout ratio kurang lebih 80,04 persen dari laba atribusi.
Adapun dividen yang dibagikan BRI tersebut mengalami peningkatan sebesar 10,59 persen dibandingkan nominal yang dibayarkan tahun 2023 sebesar Rp 43,49 triliun. Dividen senilai Rp 48,10 triliun atau sebesar Rp 319 per saham tersebut sudah termasuk jumlah dividen interim yang telah dibagikan kepada Pemegang Saham pada tanggal 18 Januari 2024 lalu sejumlah Rp 12,67 triliun atau sebesar Rp 84 per saham. 
Dengan demikian, sisa jumlah dividen tunai yang akan dibayarkan kepada Pemegang Saham sekurang-kurangnya sebesar Rp 35,43 triliun atau sebesar Rp 235 per saham. Untuk dividen bagian Negara Republik Indonesia atas kepemilikan sebesar 53,19 persen saham, BRI akan menyetorkan kurang lebih Rp 25,71 triliun kepada Rekening Kas Umum Negara.





			Ikuti Whatsapp Channel Republika 

 Konsensus para analis yang dihimpun Bloomberg dengan melibatkan 34 analis menghasilkan target harga saham BBRI di angka Rp 6.659,94 per lembar saham dalam 12 bulan ke depan. Sebanyak 33 analis merekomendasikan Beli untuk saham BBRI. 
Hingga akhir tahun 2023 tercatat BRI berhasil mendorong penyaluran kredit tumbuh 11,2 persen yoy menjadi Rp1.266,4 triliun. Pencapaian ini lebih tinggi dibandingkan dengan penyaluran kredit industri perbankan nasional yang sebesar 10,4 persen yoy di sepanjang tahun 2023.
“Kredit BRI mencapai 1.266 triliun. Artinya itu mampu tumbuh 11,2 persen dan yang lebih menarik dan lebih penting bagi BRI adalah bahwa kita tetap fokus di UMKM di porsi kredit UMKM BRI mencapai 84,38 persen. Kita cita-citanya ingin mencapai 85 persen di tahun 2025,” pungkasnya.
Terbaru, BRI juga menggelar Rapat Umum Pemegang Saham Tahunan (RUPST) 2024 pada Jumat (1/3/2024) kemarin. Pada RUPST kali ini, perseroan menyetujui untuk membagikan dividen sebesar Rp 48,10 triliun atau dividen per saham sebesar Rp 319, setara dengan dividend payout ratio kurang lebih 80,04 persen dari laba atribusi.
Adapun dividen yang dibagikan BRI tersebut mengalami peningkatan sebesar 10,59 persen dibandingkan nominal yang dibayarkan tahun 2023 sebesar Rp 43,49 triliun. Dividen senilai Rp 48,10 triliun atau sebesar Rp 319 per saham tersebut sudah termasuk jumlah dividen interim yang telah dibagikan kepada Pemegang Saham pada tanggal 18 Januari 2024 lalu sejumlah Rp 12,67 triliun atau sebesar Rp 84 per saham. 
Dengan demikian, sisa jumlah dividen tunai yang akan dibayarkan kepada Pemegang Saham sekurang-kurangnya sebesar Rp 35,43 triliun atau sebesar Rp 235 per saham. Untuk dividen bagian Negara Republik Indonesia atas kepemilikan sebesar 53,19 persen saham, BRI akan menyetorkan kurang lebih Rp 25,71 triliun kepada Rekening Kas Umum Negara.





			Ikuti Whatsapp Channel Republika 

 Hingga akhir tahun 2023 tercatat BRI berhasil mendorong penyaluran kredit tumbuh 11,2 persen yoy menjadi Rp1.266,4 triliun. Pencapaian ini lebih tinggi dibandingkan dengan penyaluran kredit industri perbankan nasional yang sebesar 10,4 persen yoy di sepanjang tahun 2023. 
“Kredit BRI mencapai 1.266 triliun. Artinya itu mampu tumbuh 11,2 persen dan yang lebih menarik dan lebih penting bagi BRI adalah bahwa kita tetap fokus di UMKM di porsi kredit UMKM BRI mencapai 84,38 persen. Kita cita-citanya ingin mencapai 85 persen di tahun 2025,” pungkasnya.
Terbaru, BRI juga menggelar Rapat Umum Pemegang Saham Tahunan (RUPST) 2024 pada Jumat (1/3/2024) kemarin. Pada RUPST kali ini, perseroan menyetujui untuk membagikan dividen sebesar Rp 48,10 triliun atau dividen per saham sebesar Rp 319, setara dengan dividend payout ratio kurang lebih 80,04 persen dari laba atribusi.
Adapun dividen yang dibagikan BRI tersebut mengalami peningkatan sebesar 10,59 persen dibandingkan nominal yang dibayarkan tahun 2023 sebesar Rp 43,49 triliun. Dividen senilai Rp 48,10 triliun atau sebesar Rp 319 per saham tersebut sudah termasuk jumlah dividen interim yang telah dibagikan kepada Pemegang Saham pada tanggal 18 Januari 2024 lalu sejumlah Rp 12,67 triliun atau sebesar Rp 84 per saham. 
Dengan demikian, sisa jumlah dividen tunai yang akan dibayarkan kepada Pemegang Saham sekurang-kurangnya sebesar Rp 35,43 triliun atau sebesar Rp 235 per saham. Untuk dividen bagian Negara Republik Indonesia atas kepemilikan sebesar 53,19 persen saham, BRI akan menyetorkan kurang lebih Rp 25,71 triliun kepada Rekening Kas Umum Negara.





			Ikuti Whatsapp Channel Republika 

 “Kredit BRI mencapai 1.266 triliun. Artinya itu mampu tumbuh 11,2 persen dan yang lebih menarik dan lebih penting bagi BRI adalah bahwa kita tetap fokus di UMKM di porsi kredit UMKM BRI mencapai 84,38 persen. Kita cita-citanya ingin mencapai 85 persen di tahun 2025,” pungkasnya. 
Terbaru, BRI juga menggelar Rapat Umum Pemegang Saham Tahunan (RUPST) 2024 pada Jumat (1/3/2024) kemarin. Pada RUPST kali ini, perseroan menyetujui untuk membagikan dividen sebesar Rp 48,10 triliun atau dividen per saham sebesar Rp 319, setara dengan dividend payout ratio kurang lebih 80,04 persen dari laba atribusi.
Adapun dividen yang dibagikan BRI tersebut mengalami peningkatan sebesar 10,59 persen dibandingkan nominal yang dibayarkan tahun 2023 sebesar Rp 43,49 triliun. Dividen senilai Rp 48,10 triliun atau sebesar Rp 319 per saham tersebut sudah termasuk jumlah dividen interim yang telah dibagikan kepada Pemegang Saham pada tanggal 18 Januari 2024 lalu sejumlah Rp 12,67 triliun atau sebesar Rp 84 per saham. 
Dengan demikian, sisa jumlah dividen tunai yang akan dibayarkan kepada Pemegang Saham sekurang-kurangnya sebesar Rp 35,43 triliun atau sebesar Rp 235 per saham. Untuk dividen bagian Negara Republik Indonesia atas kepemilikan sebesar 53,19 persen saham, BRI akan menyetorkan kurang lebih Rp 25,71 triliun kepada Rekening Kas Umum Negara.





			Ikuti Whatsapp Channel Republika 

 Terbaru, BRI juga menggelar Rapat Umum Pemegang Saham Tahunan (RUPST) 2024 pada Jumat (1/3/2024) kemarin. Pada RUPST kali ini, perseroan menyetujui untuk membagikan dividen sebesar Rp 48,10 triliun atau dividen per saham sebesar Rp 319, setara dengan dividend payout ratio kurang lebih 80,04 persen dari laba atribusi. 
Adapun dividen yang dibagikan BRI tersebut mengalami peningkatan sebesar 10,59 persen dibandingkan nominal yang dibayarkan tahun 2023 sebesar Rp 43,49 triliun. Dividen senilai Rp 48,10 triliun atau sebesar Rp 319 per saham tersebut sudah termasuk jumlah dividen interim yang telah dibagikan kepada Pemegang Saham pada tanggal 18 Januari 2024 lalu sejumlah Rp 12,67 triliun atau sebesar Rp 84 per saham. 
Dengan demikian, sisa jumlah dividen tunai yang akan dibayarkan kepada Pemegang Saham sekurang-kurangnya sebesar Rp 35,43 triliun atau sebesar Rp 235 per saham. Untuk dividen bagian Negara Republik Indonesia atas kepemilikan sebesar 53,19 persen saham, BRI akan menyetorkan kurang lebih Rp 25,71 triliun kepada Rekening Kas Umum Negara.





			Ikuti Whatsapp Channel Republika 

 Adapun dividen yang dibagikan BRI tersebut mengalami peningkatan sebesar 10,59 persen dibandingkan nominal yang dibayarkan tahun 2023 sebesar Rp 43,49 triliun. Dividen senilai Rp 48,10 triliun atau sebesar Rp 319 per saham tersebut sudah termasuk jumlah dividen interim yang telah dibagikan kepada Pemegang Saham pada tanggal 18 Januari 2024 lalu sejumlah Rp 12,67 triliun atau sebesar Rp 84 per saham.  
Dengan demikian, sisa jumlah dividen tunai yang akan dibayarkan kepada Pemegang Saham sekurang-kurangnya sebesar Rp 35,43 triliun atau sebesar Rp 235 per saham. Untuk dividen bagian Negara Republik Indonesia atas kepemilikan sebesar 53,19 persen saham, BRI akan menyetorkan kurang lebih Rp 25,71 triliun kepada Rekening Kas Umum Negara.





			Ikuti Whatsapp Channel Republika 

 Dengan demikian, sisa jumlah dividen tunai yang akan dibayarkan kepada Pemegang Saham sekurang-kurangnya sebesar Rp 35,43 triliun atau sebesar Rp 235 per saham. Untuk dividen bagian Negara Republik Indonesia atas kepemilikan sebesar 53,19 persen saham, BRI akan menyetorkan kurang lebih Rp 25,71 triliun kepada Rekening Kas Umum Negara. (QS. Al-Mulk ayat 14) Jl. Warung Buncit Raya No 37 Jakarta Selatan 12510  Phone: 021 780 3747  Email:
[email protected] (Redaksi)
[email protected] ( Marketing ) 
[email protected] ( Kerjasama ) 
[email protected] ( Customer Care )
           Copyright © 2023. Republika.co.id. All rights reserved."
Kalian Wajib Tau ! Sejarah Bank BRI Dan Perkembangannya,https://www.linkqu.id/artikel/sejarah-bank-bri-dan-perkembangannya/,2024-08-15,2024-06-08," Kalian Wajib Tau ! Sejarah bank BRI Dan Perkembangannya – Bank Rakyat Indonesia (BRI) merupakan bank paling besar milik pemerintahan Republik Indonesia. Akan tetapi siapa sangka, Bank yang mempunyai jaringan terluas di semua daerah Indonesia ini berawal dari kota kecil di Kabupaten Banyumas, Kota Purwokerto. Menurut sejarah dari beragam sumber, Sejarah bank BRI tidak terlepas dari Kota Purwokerto, Jawa Tengah. Karena Kota Satria tersebut menjadi saksi berdirinya bank pemerintahan pertama di Indonesia itu. Bukti sejarah bank BRI itu nampak jelas dari bangunan museum BRI Purwokerto yang disahkan pada 16 Desember 1990. Daftar isi Sejarah Bank BRI (Bank Rakyat Indonesia) didirikan oleh Raden Bei Aria Wirjaatmadja pada tahun 1895 di Purwokerto, Jawa Tengah. Pada saat itu, bank ini didirikan dengan nama De Poerwokertosche Hulp en Spaarbank der Inlandsche Hoofden dengan tujuan untuk membantu masyarakat desa dan pedesaan. Diketahui bahwa Purwokerto merupakan penerus ibukota Karesidenan Banyumas dan pendopo Sang Panji berpindah tempat dari Kota Banyumas ke Kota Purwokerto. Sedangkan tertulis dalam sejarah bank BRI (Bank Rakyat Indonesia), pendiri bank BRI (Raden Bei Aria Wirjaatmadja) adalah keturunan asli dari Kota Banyumas yang berbakti dan dipercayai oleh kolonial Belanda. Oleh karena itu, untuk menolong pengoperasian rakyat Indonesia, Bank Rakyat Indonesia (BRI) lantas didirikan. Teringat dalam sejarah bank BRI selama berdiri, sempat berhenti untuk beberapa waktu karena masa perang mempertahankan kemerdekaan di tahun 1948. Selanjutnya aktif kembali setelah perjanjian Renville pada tahun 1949 dengan berganti nama menjadi Bank Rakyat Indonesia Serikat. Setelah didirikan, Menurut sejarah bank BRI langsung menjadi bank yang penting bagi pembangunan ekonomi dan keuangan di Indonesia. Bank ini memainkan peran penting dalam pembangunan infrastruktur, perkebunan, dan industri di berbagai wilayah di Indonesia. Pada tahun 1959, tercatat sejarah bank BRI menjadi bank pertama di Indonesia yang diberikan status bank umum. Seiring dengan perkembangan ekonomi dan keuangan di Indonesia, BRI terus berkembang dan menjadi salah satu bank terbesar di Indonesia. Pada saat ini, sejarah bank BRI memiliki jaringan yang luas di seluruh negara dan menyediakan berbagai layanan perbankan dan keuangan bagi masyarakat. Dalam sejarah bank BRI (Bank Rakyat Indonesia) saat ini merupakan salah satu bank milik pemerintah yang tertua di Indonesia yang menyediakan berbagai layanan perbankan dan keuangan bagi masyarakat. Selama bertahun-tahun, tercatat dalam sejarah bank BRI telah menjadi bank yang dipercaya dan dapat diandalkan bagi masyarakat Indonesia. Bank ini telah menjadi salah satu pemimpin dalam menyediakan layanan keuangan bagi segmen masyarakat yang kurang mampu, termasuk melalui program-program microfinance dan pembiayaan usaha kecil. Selain itu, BRI juga memiliki program-program yang didesain untuk membantu masyarakat dalam mengatasi masalah-masalah ekonomi yang dihadapi saat ini. BRI telah bermitra dengan berbagai pihak, termasuk pemerintah, lembaga keuangan lainnya, dan organisasi non-pemerintah, untuk menyediakan layanan yang dapat diakses oleh masyarakat. BRI juga terus berinovasi dalam meningkatkan layanan perbankannya dengan mengembangkan teknologi yang membuat transaksi perbankan lebih mudah dan cepat. Bank ini juga memiliki aplikasi mobile banking yang memungkinkan nasabah untuk melakukan transaksi perbankan dengan cepat dan aman. Secara keseluruhan, sejarah Bank Rakyat Indonesia (BRI) menunjukkan bahwa bank ini telah memainkan peran penting dalam pembangunan ekonomi dan keuangan di Indonesia selama bertahun-tahun dan terus berinovasi untuk memenuhi kebutuhan masyarakat saat ini. Dalam sejarah bank BRI juga memiliki jaringan yang luas di seluruh dunia, dengan kantor cabang dan representative office di berbagai negara. BRI juga memiliki anak perusahaan yang beroperasi di bidang-bidang seperti asuransi, pembiayaan perdagangan, pembiayaan infrastruktur, dan lainnya. Bank Rakyat Indonesia (BRI) juga memiliki komitmen yang kuat dalam mendukung pembangunan ekonomi dan sosial di Indonesia. Bank ini terus berupaya untuk menyediakan layanan yang memadai bagi masyarakat, serta berpartisipasi dalam berbagai program pemerintah dan organisasi non-pemerintah yang bertujuan untuk meningkatkan kesejahteraan masyarakat. Sejarah bank BRI (Bank Rakyat Indonesia) juga merupakan salah satu bank yang memiliki kinerja yang baik dalam hal keuangan dan operasional. Bank ini mampu mencapai target laba dan pertumbuhan yang stabil selama bertahun-tahun. Hal ini ditunjukkan dari rasio kesehatan bank yang baik dan tingkat Non Performing Loan yang rendah. Secara keseluruhan, Bank Rakyat Indonesia (BRI) memiliki sejarah yang panjang dan konsisten dalam memberikan layanan perbankan yang berkualitas, meningkatkan kesejahteraan masyarakat dan mendukung pembangunan ekonomi di Indonesia. Selain itu, BRI juga merupakan salah satu bank yang memiliki program-program khusus yang dirancang untuk mendukung pemerintah dalam mengatasi masalah sosial dan ekonomi. BRI memiliki program-program seperti program pembiayaan pendidikan, program pembiayaan rumah, program pembiayaan untuk pengembangan desa, dan program-program lainnya yang bertujuan untuk meningkatkan kesejahteraan masyarakat. BRI juga merupakan bank yang peduli terhadap lingkungan dan berupaya untuk mengurangi dampak negatif dari operasionalnya. Bank ini telah melakukan berbagai upaya untuk meningkatkan efisiensi energi dan mengurangi emisi gas rumah kaca serta merupakan bank pertama yang mengimplementasikan prinsip-prinsip Sustainable Banking di Indonesia. Dikenal dalam sejarah bank BRI (Bank Rakyat Indonesia), BRI juga merupakan salah satu dari segelintir bank yang diakui dan dihormati di tingkat internasional. Secara keseluruhan, sejarah Bank Rakyat Indonesia (BRI) menunjukkan bahwa bank ini telah memainkan peran penting dalam pembangunan ekonomi dan keuangan di Indonesia selama bertahun-tahun, memiliki kinerja yang baik, memiliki program-program yang dirancang untuk mendukung pemerintah dan masyarakat, serta merupakan bank yang peduli terhadap lingkungan dan diakui secara internasional. Menjadi The Most Valuable Banking Group di Asia Tenggara dan Champion of Financial Inclusion Memberikan Yang Terbaik Melakukan kegiatan perbankan yang terbaik dengan mengutamakan pelayanan kepada segmen mikro, kecil, dan menengah untuk menunjang peningkatan ekonomi masyarakat Menyediakan Pelayanan Yang Prima Memberikan pelayanan prima dengan fokus kepada nasabah melalui sumber daya manusia yang profesional dan memiliki budaya berbasis kinerja (performance-driven culture), teknologi informasi yang handal dan future ready, dan jaringan kerja konvensional maupun digital yang produktif dengan menerapkan prinsip operational dan risk management excellence Bekerja dengan Optimal dan Baik Memberikan keuntungan dan manfaat yang optimal kepada pihakpihak yang berkepentingan (stakeholders) dengan memperhatikan prinsip keuangan berkelanjutan dan praktik Good Corporate Governance yang sangat baik Bank Rakyat Indonesia (BRI) mempunyai beberapa anak perusahaan yang bergerak di sektor bidang yang lain. Beberapa di antaranya ialah: Selain banyaknya anak perusahaan bank BRI yang bergerak di berbagai sektor bidang, LinkQu hadir untuk kalian para nasabah sebagai penyedia layanan transfer dana yang mempermudah proses transaksi untuk semua skala sektor bisnis. Kirim dan terima uang bisa lebih efisien dan cepat. Download dan Daftar Sekarang Disini Demikian informasi seputar sejarah singkat serta pemaparan visi dan misi dan beberapa anak perusahaan pada bank BRI (Bank Rakyat Indonesia). Bank ini telah menerima berbagai penghargaan dan predikat dari lembaga-lembaga keuangan dan non-keuangan, yang menunjukkan komitmen BRI dalam menyediakan layanan yang berkualitas dan berperan dalam pembangunan ekonomi dan sosial di Indonesia. Mulai sekarang dan segera rasakan kemudahan transaksi bersama kami. Atau, hubungi kami apabila Anda ingin mengetahui lebih lanjut mengenai produk yang bisa menjadi solusi bagi bisnis Anda. Terkait Lainnya GRHA INFESTA, Komplek Perkantoran Ruko Surya Inti Permata Juanda Super Blok A No. 28 Jln. Raya Bandara Juanda, Sidoarjo, Jawa Timur, Indonesia 61253 Telepon: (031) 99691831WhatsApp: 081 1318 4668E-mail: [email protected] GRHA INFESTA, Komplek Perkantoran Ruko Surya Inti Permata Juanda Super Blok A No. 28 Jln. Raya Bandara Juanda, Sidoarjo, Jawa Timur, Indonesia 61253 Telepon: (031) 99691831WhatsApp: 081 1318 4668E-mail: [email protected] LinkQu adalah perusahaan transfer dana nasional yang terdaftar, diawasi dan mendapat izin dari Bank Indonesia dengan nomor license : 21/250/Sb/7 Copyright © 2023 LinkQu"
"Targetkan Pertumbuhan Kredit Double Digit, Ini Prospek ...",https://ekonomi.republika.co.id/berita/s9qmx7490/targetkan-pertumbuhan-kredit-double-digit-ini-prospek-saham-bank-bri,2024-08-15,2024-03-03,"Perseroan telah memiliki strategi untuk mendorong pertumbuhan kredit secara agresif.  REPUBLIKA.CO.ID, JAKARTA -- PT Bank Rakyat Indonesia (Persero) Tbk berkomitmen untuk terus menjadi motor penggerak ekonomi nasional, khususnya pada pemberdayaan Usaha Mikro, Kecil dan Menengah (UMKM). Perseroan menargetkan pertumbuhan kredit di tahun 2024 mencapai double digit di kisaran 10-11 persen year on year (yoy).  



Direktur Utama BRI Sunarso mengungkapkan perseroan telah memiliki strategi untuk mendorong pertumbuhan kredit secara agresif di tahun 2024.
Baca Juga
 

Ini Bocoran Deretan Aksi Korporasi BRI Tahun Ini
 
Pemegang Saham Pertahankan Susunan Direksi BRI
 
BRI akan Terus Bagikan Dividen Jumbo Hingga 5 Tahun ke Depan

 
“Kalau tahun 2023 lalu BRI tumbuh kreditnya 11,2 persen, kemudian BRI ingin tetap tumbuh agresif di 2024, yakni 10-11 persen dari nominal ribuan triliun, jadi cukup besar. Strateginya, BRI akan tetap fokus di UMKM, kami sudah canangkan go smaller, yakni masuk ke segmen ultra mikro. Oleh karena itu Holding UMi juga kami jadikan sumber pertumbuhan baru,” urai Sunarso seperti dalam keterangan, Sabtu (2/3/2024).
Komitmen BRI untuk tumbuh berkualitas secara berkelanjutan dinilai positif oleh para investor. Riset dari James Stanley Widjaja analis Buana Capital Sekuritas menargetkan harga BBRI di angka Rp 6.800 per lembar saham. Hal itu didorong oleh pendapatan dari pertumbuhan kredit, kontribusi Kupedes yang lebih besar, pengendalian biaya, dan juga normalisasi biaya kredit. 









""Pandangan kami, kami menegaskan rekomendasi Buy, dengan target harga yang lebih tinggi sebesar Rp 6.800 per saham. Kami mencapai 3,0x PBV menggunakan GGM dengan asumsi ROE 21 persen dan growth 7 persen,"" jelas James Stanley.
Konsensus para analis yang dihimpun Bloomberg dengan melibatkan 34 analis menghasilkan target harga saham BBRI di angka Rp 6.659,94 per lembar saham dalam 12 bulan ke depan. Sebanyak 33 analis merekomendasikan Beli untuk saham BBRI.
Hingga akhir tahun 2023 tercatat BRI berhasil mendorong penyaluran kredit tumbuh 11,2 persen yoy menjadi Rp1.266,4 triliun. Pencapaian ini lebih tinggi dibandingkan dengan penyaluran kredit industri perbankan nasional yang sebesar 10,4 persen yoy di sepanjang tahun 2023.
“Kredit BRI mencapai 1.266 triliun. Artinya itu mampu tumbuh 11,2 persen dan yang lebih menarik dan lebih penting bagi BRI adalah bahwa kita tetap fokus di UMKM di porsi kredit UMKM BRI mencapai 84,38 persen. Kita cita-citanya ingin mencapai 85 persen di tahun 2025,” pungkasnya.
Terbaru, BRI juga menggelar Rapat Umum Pemegang Saham Tahunan (RUPST) 2024 pada Jumat (1/3/2024) kemarin. Pada RUPST kali ini, perseroan menyetujui untuk membagikan dividen sebesar Rp 48,10 triliun atau dividen per saham sebesar Rp 319, setara dengan dividend payout ratio kurang lebih 80,04 persen dari laba atribusi.
Adapun dividen yang dibagikan BRI tersebut mengalami peningkatan sebesar 10,59 persen dibandingkan nominal yang dibayarkan tahun 2023 sebesar Rp 43,49 triliun. Dividen senilai Rp 48,10 triliun atau sebesar Rp 319 per saham tersebut sudah termasuk jumlah dividen interim yang telah dibagikan kepada Pemegang Saham pada tanggal 18 Januari 2024 lalu sejumlah Rp 12,67 triliun atau sebesar Rp 84 per saham. 
Dengan demikian, sisa jumlah dividen tunai yang akan dibayarkan kepada Pemegang Saham sekurang-kurangnya sebesar Rp 35,43 triliun atau sebesar Rp 235 per saham. Untuk dividen bagian Negara Republik Indonesia atas kepemilikan sebesar 53,19 persen saham, BRI akan menyetorkan kurang lebih Rp 25,71 triliun kepada Rekening Kas Umum Negara.





			Ikuti Whatsapp Channel Republika 

 REPUBLIKA.CO.ID, JAKARTA -- PT Bank Rakyat Indonesia (Persero) Tbk berkomitmen untuk terus menjadi motor penggerak ekonomi nasional, khususnya pada pemberdayaan Usaha Mikro, Kecil dan Menengah (UMKM). Perseroan menargetkan pertumbuhan kredit di tahun 2024 mencapai double digit di kisaran 10-11 persen year on year (yoy).  
Direktur Utama BRI Sunarso mengungkapkan perseroan telah memiliki strategi untuk mendorong pertumbuhan kredit secara agresif di tahun 2024.
Baca Juga
 

Ini Bocoran Deretan Aksi Korporasi BRI Tahun Ini
 
Pemegang Saham Pertahankan Susunan Direksi BRI
 
BRI akan Terus Bagikan Dividen Jumbo Hingga 5 Tahun ke Depan

 
“Kalau tahun 2023 lalu BRI tumbuh kreditnya 11,2 persen, kemudian BRI ingin tetap tumbuh agresif di 2024, yakni 10-11 persen dari nominal ribuan triliun, jadi cukup besar. Strateginya, BRI akan tetap fokus di UMKM, kami sudah canangkan go smaller, yakni masuk ke segmen ultra mikro. Oleh karena itu Holding UMi juga kami jadikan sumber pertumbuhan baru,” urai Sunarso seperti dalam keterangan, Sabtu (2/3/2024).
Komitmen BRI untuk tumbuh berkualitas secara berkelanjutan dinilai positif oleh para investor. Riset dari James Stanley Widjaja analis Buana Capital Sekuritas menargetkan harga BBRI di angka Rp 6.800 per lembar saham. Hal itu didorong oleh pendapatan dari pertumbuhan kredit, kontribusi Kupedes yang lebih besar, pengendalian biaya, dan juga normalisasi biaya kredit. 









""Pandangan kami, kami menegaskan rekomendasi Buy, dengan target harga yang lebih tinggi sebesar Rp 6.800 per saham. Kami mencapai 3,0x PBV menggunakan GGM dengan asumsi ROE 21 persen dan growth 7 persen,"" jelas James Stanley.
Konsensus para analis yang dihimpun Bloomberg dengan melibatkan 34 analis menghasilkan target harga saham BBRI di angka Rp 6.659,94 per lembar saham dalam 12 bulan ke depan. Sebanyak 33 analis merekomendasikan Beli untuk saham BBRI.
Hingga akhir tahun 2023 tercatat BRI berhasil mendorong penyaluran kredit tumbuh 11,2 persen yoy menjadi Rp1.266,4 triliun. Pencapaian ini lebih tinggi dibandingkan dengan penyaluran kredit industri perbankan nasional yang sebesar 10,4 persen yoy di sepanjang tahun 2023.
“Kredit BRI mencapai 1.266 triliun. Artinya itu mampu tumbuh 11,2 persen dan yang lebih menarik dan lebih penting bagi BRI adalah bahwa kita tetap fokus di UMKM di porsi kredit UMKM BRI mencapai 84,38 persen. Kita cita-citanya ingin mencapai 85 persen di tahun 2025,” pungkasnya.
Terbaru, BRI juga menggelar Rapat Umum Pemegang Saham Tahunan (RUPST) 2024 pada Jumat (1/3/2024) kemarin. Pada RUPST kali ini, perseroan menyetujui untuk membagikan dividen sebesar Rp 48,10 triliun atau dividen per saham sebesar Rp 319, setara dengan dividend payout ratio kurang lebih 80,04 persen dari laba atribusi.
Adapun dividen yang dibagikan BRI tersebut mengalami peningkatan sebesar 10,59 persen dibandingkan nominal yang dibayarkan tahun 2023 sebesar Rp 43,49 triliun. Dividen senilai Rp 48,10 triliun atau sebesar Rp 319 per saham tersebut sudah termasuk jumlah dividen interim yang telah dibagikan kepada Pemegang Saham pada tanggal 18 Januari 2024 lalu sejumlah Rp 12,67 triliun atau sebesar Rp 84 per saham. 
Dengan demikian, sisa jumlah dividen tunai yang akan dibayarkan kepada Pemegang Saham sekurang-kurangnya sebesar Rp 35,43 triliun atau sebesar Rp 235 per saham. Untuk dividen bagian Negara Republik Indonesia atas kepemilikan sebesar 53,19 persen saham, BRI akan menyetorkan kurang lebih Rp 25,71 triliun kepada Rekening Kas Umum Negara.





			Ikuti Whatsapp Channel Republika 

 Direktur Utama BRI Sunarso mengungkapkan perseroan telah memiliki strategi untuk mendorong pertumbuhan kredit secara agresif di tahun 2024. 
“Kalau tahun 2023 lalu BRI tumbuh kreditnya 11,2 persen, kemudian BRI ingin tetap tumbuh agresif di 2024, yakni 10-11 persen dari nominal ribuan triliun, jadi cukup besar. Strateginya, BRI akan tetap fokus di UMKM, kami sudah canangkan go smaller, yakni masuk ke segmen ultra mikro. Oleh karena itu Holding UMi juga kami jadikan sumber pertumbuhan baru,” urai Sunarso seperti dalam keterangan, Sabtu (2/3/2024).
Komitmen BRI untuk tumbuh berkualitas secara berkelanjutan dinilai positif oleh para investor. Riset dari James Stanley Widjaja analis Buana Capital Sekuritas menargetkan harga BBRI di angka Rp 6.800 per lembar saham. Hal itu didorong oleh pendapatan dari pertumbuhan kredit, kontribusi Kupedes yang lebih besar, pengendalian biaya, dan juga normalisasi biaya kredit. 









""Pandangan kami, kami menegaskan rekomendasi Buy, dengan target harga yang lebih tinggi sebesar Rp 6.800 per saham. Kami mencapai 3,0x PBV menggunakan GGM dengan asumsi ROE 21 persen dan growth 7 persen,"" jelas James Stanley.
Konsensus para analis yang dihimpun Bloomberg dengan melibatkan 34 analis menghasilkan target harga saham BBRI di angka Rp 6.659,94 per lembar saham dalam 12 bulan ke depan. Sebanyak 33 analis merekomendasikan Beli untuk saham BBRI.
Hingga akhir tahun 2023 tercatat BRI berhasil mendorong penyaluran kredit tumbuh 11,2 persen yoy menjadi Rp1.266,4 triliun. Pencapaian ini lebih tinggi dibandingkan dengan penyaluran kredit industri perbankan nasional yang sebesar 10,4 persen yoy di sepanjang tahun 2023.
“Kredit BRI mencapai 1.266 triliun. Artinya itu mampu tumbuh 11,2 persen dan yang lebih menarik dan lebih penting bagi BRI adalah bahwa kita tetap fokus di UMKM di porsi kredit UMKM BRI mencapai 84,38 persen. Kita cita-citanya ingin mencapai 85 persen di tahun 2025,” pungkasnya.
Terbaru, BRI juga menggelar Rapat Umum Pemegang Saham Tahunan (RUPST) 2024 pada Jumat (1/3/2024) kemarin. Pada RUPST kali ini, perseroan menyetujui untuk membagikan dividen sebesar Rp 48,10 triliun atau dividen per saham sebesar Rp 319, setara dengan dividend payout ratio kurang lebih 80,04 persen dari laba atribusi.
Adapun dividen yang dibagikan BRI tersebut mengalami peningkatan sebesar 10,59 persen dibandingkan nominal yang dibayarkan tahun 2023 sebesar Rp 43,49 triliun. Dividen senilai Rp 48,10 triliun atau sebesar Rp 319 per saham tersebut sudah termasuk jumlah dividen interim yang telah dibagikan kepada Pemegang Saham pada tanggal 18 Januari 2024 lalu sejumlah Rp 12,67 triliun atau sebesar Rp 84 per saham. 
Dengan demikian, sisa jumlah dividen tunai yang akan dibayarkan kepada Pemegang Saham sekurang-kurangnya sebesar Rp 35,43 triliun atau sebesar Rp 235 per saham. Untuk dividen bagian Negara Republik Indonesia atas kepemilikan sebesar 53,19 persen saham, BRI akan menyetorkan kurang lebih Rp 25,71 triliun kepada Rekening Kas Umum Negara.





			Ikuti Whatsapp Channel Republika 

 “Kalau tahun 2023 lalu BRI tumbuh kreditnya 11,2 persen, kemudian BRI ingin tetap tumbuh agresif di 2024, yakni 10-11 persen dari nominal ribuan triliun, jadi cukup besar. Strateginya, BRI akan tetap fokus di UMKM, kami sudah canangkan go smaller, yakni masuk ke segmen ultra mikro. Oleh karena itu Holding UMi juga kami jadikan sumber pertumbuhan baru,” urai Sunarso seperti dalam keterangan, Sabtu (2/3/2024). 
Komitmen BRI untuk tumbuh berkualitas secara berkelanjutan dinilai positif oleh para investor. Riset dari James Stanley Widjaja analis Buana Capital Sekuritas menargetkan harga BBRI di angka Rp 6.800 per lembar saham. Hal itu didorong oleh pendapatan dari pertumbuhan kredit, kontribusi Kupedes yang lebih besar, pengendalian biaya, dan juga normalisasi biaya kredit. 









""Pandangan kami, kami menegaskan rekomendasi Buy, dengan target harga yang lebih tinggi sebesar Rp 6.800 per saham. Kami mencapai 3,0x PBV menggunakan GGM dengan asumsi ROE 21 persen dan growth 7 persen,"" jelas James Stanley.
Konsensus para analis yang dihimpun Bloomberg dengan melibatkan 34 analis menghasilkan target harga saham BBRI di angka Rp 6.659,94 per lembar saham dalam 12 bulan ke depan. Sebanyak 33 analis merekomendasikan Beli untuk saham BBRI.
Hingga akhir tahun 2023 tercatat BRI berhasil mendorong penyaluran kredit tumbuh 11,2 persen yoy menjadi Rp1.266,4 triliun. Pencapaian ini lebih tinggi dibandingkan dengan penyaluran kredit industri perbankan nasional yang sebesar 10,4 persen yoy di sepanjang tahun 2023.
“Kredit BRI mencapai 1.266 triliun. Artinya itu mampu tumbuh 11,2 persen dan yang lebih menarik dan lebih penting bagi BRI adalah bahwa kita tetap fokus di UMKM di porsi kredit UMKM BRI mencapai 84,38 persen. Kita cita-citanya ingin mencapai 85 persen di tahun 2025,” pungkasnya.
Terbaru, BRI juga menggelar Rapat Umum Pemegang Saham Tahunan (RUPST) 2024 pada Jumat (1/3/2024) kemarin. Pada RUPST kali ini, perseroan menyetujui untuk membagikan dividen sebesar Rp 48,10 triliun atau dividen per saham sebesar Rp 319, setara dengan dividend payout ratio kurang lebih 80,04 persen dari laba atribusi.
Adapun dividen yang dibagikan BRI tersebut mengalami peningkatan sebesar 10,59 persen dibandingkan nominal yang dibayarkan tahun 2023 sebesar Rp 43,49 triliun. Dividen senilai Rp 48,10 triliun atau sebesar Rp 319 per saham tersebut sudah termasuk jumlah dividen interim yang telah dibagikan kepada Pemegang Saham pada tanggal 18 Januari 2024 lalu sejumlah Rp 12,67 triliun atau sebesar Rp 84 per saham. 
Dengan demikian, sisa jumlah dividen tunai yang akan dibayarkan kepada Pemegang Saham sekurang-kurangnya sebesar Rp 35,43 triliun atau sebesar Rp 235 per saham. Untuk dividen bagian Negara Republik Indonesia atas kepemilikan sebesar 53,19 persen saham, BRI akan menyetorkan kurang lebih Rp 25,71 triliun kepada Rekening Kas Umum Negara.





			Ikuti Whatsapp Channel Republika 

 Komitmen BRI untuk tumbuh berkualitas secara berkelanjutan dinilai positif oleh para investor. Riset dari James Stanley Widjaja analis Buana Capital Sekuritas menargetkan harga BBRI di angka Rp 6.800 per lembar saham. Hal itu didorong oleh pendapatan dari pertumbuhan kredit, kontribusi Kupedes yang lebih besar, pengendalian biaya, dan juga normalisasi biaya kredit. 
""Pandangan kami, kami menegaskan rekomendasi Buy, dengan target harga yang lebih tinggi sebesar Rp 6.800 per saham. Kami mencapai 3,0x PBV menggunakan GGM dengan asumsi ROE 21 persen dan growth 7 persen,"" jelas James Stanley.
Konsensus para analis yang dihimpun Bloomberg dengan melibatkan 34 analis menghasilkan target harga saham BBRI di angka Rp 6.659,94 per lembar saham dalam 12 bulan ke depan. Sebanyak 33 analis merekomendasikan Beli untuk saham BBRI.
Hingga akhir tahun 2023 tercatat BRI berhasil mendorong penyaluran kredit tumbuh 11,2 persen yoy menjadi Rp1.266,4 triliun. Pencapaian ini lebih tinggi dibandingkan dengan penyaluran kredit industri perbankan nasional yang sebesar 10,4 persen yoy di sepanjang tahun 2023.
“Kredit BRI mencapai 1.266 triliun. Artinya itu mampu tumbuh 11,2 persen dan yang lebih menarik dan lebih penting bagi BRI adalah bahwa kita tetap fokus di UMKM di porsi kredit UMKM BRI mencapai 84,38 persen. Kita cita-citanya ingin mencapai 85 persen di tahun 2025,” pungkasnya.
Terbaru, BRI juga menggelar Rapat Umum Pemegang Saham Tahunan (RUPST) 2024 pada Jumat (1/3/2024) kemarin. Pada RUPST kali ini, perseroan menyetujui untuk membagikan dividen sebesar Rp 48,10 triliun atau dividen per saham sebesar Rp 319, setara dengan dividend payout ratio kurang lebih 80,04 persen dari laba atribusi.
Adapun dividen yang dibagikan BRI tersebut mengalami peningkatan sebesar 10,59 persen dibandingkan nominal yang dibayarkan tahun 2023 sebesar Rp 43,49 triliun. Dividen senilai Rp 48,10 triliun atau sebesar Rp 319 per saham tersebut sudah termasuk jumlah dividen interim yang telah dibagikan kepada Pemegang Saham pada tanggal 18 Januari 2024 lalu sejumlah Rp 12,67 triliun atau sebesar Rp 84 per saham. 
Dengan demikian, sisa jumlah dividen tunai yang akan dibayarkan kepada Pemegang Saham sekurang-kurangnya sebesar Rp 35,43 triliun atau sebesar Rp 235 per saham. Untuk dividen bagian Negara Republik Indonesia atas kepemilikan sebesar 53,19 persen saham, BRI akan menyetorkan kurang lebih Rp 25,71 triliun kepada Rekening Kas Umum Negara.





			Ikuti Whatsapp Channel Republika 

 ""Pandangan kami, kami menegaskan rekomendasi Buy, dengan target harga yang lebih tinggi sebesar Rp 6.800 per saham. Kami mencapai 3,0x PBV menggunakan GGM dengan asumsi ROE 21 persen dan growth 7 persen,"" jelas James Stanley. 
Konsensus para analis yang dihimpun Bloomberg dengan melibatkan 34 analis menghasilkan target harga saham BBRI di angka Rp 6.659,94 per lembar saham dalam 12 bulan ke depan. Sebanyak 33 analis merekomendasikan Beli untuk saham BBRI.
Hingga akhir tahun 2023 tercatat BRI berhasil mendorong penyaluran kredit tumbuh 11,2 persen yoy menjadi Rp1.266,4 triliun. Pencapaian ini lebih tinggi dibandingkan dengan penyaluran kredit industri perbankan nasional yang sebesar 10,4 persen yoy di sepanjang tahun 2023.
“Kredit BRI mencapai 1.266 triliun. Artinya itu mampu tumbuh 11,2 persen dan yang lebih menarik dan lebih penting bagi BRI adalah bahwa kita tetap fokus di UMKM di porsi kredit UMKM BRI mencapai 84,38 persen. Kita cita-citanya ingin mencapai 85 persen di tahun 2025,” pungkasnya.
Terbaru, BRI juga menggelar Rapat Umum Pemegang Saham Tahunan (RUPST) 2024 pada Jumat (1/3/2024) kemarin. Pada RUPST kali ini, perseroan menyetujui untuk membagikan dividen sebesar Rp 48,10 triliun atau dividen per saham sebesar Rp 319, setara dengan dividend payout ratio kurang lebih 80,04 persen dari laba atribusi.
Adapun dividen yang dibagikan BRI tersebut mengalami peningkatan sebesar 10,59 persen dibandingkan nominal yang dibayarkan tahun 2023 sebesar Rp 43,49 triliun. Dividen senilai Rp 48,10 triliun atau sebesar Rp 319 per saham tersebut sudah termasuk jumlah dividen interim yang telah dibagikan kepada Pemegang Saham pada tanggal 18 Januari 2024 lalu sejumlah Rp 12,67 triliun atau sebesar Rp 84 per saham. 
Dengan demikian, sisa jumlah dividen tunai yang akan dibayarkan kepada Pemegang Saham sekurang-kurangnya sebesar Rp 35,43 triliun atau sebesar Rp 235 per saham. Untuk dividen bagian Negara Republik Indonesia atas kepemilikan sebesar 53,19 persen saham, BRI akan menyetorkan kurang lebih Rp 25,71 triliun kepada Rekening Kas Umum Negara.





			Ikuti Whatsapp Channel Republika 

 Konsensus para analis yang dihimpun Bloomberg dengan melibatkan 34 analis menghasilkan target harga saham BBRI di angka Rp 6.659,94 per lembar saham dalam 12 bulan ke depan. Sebanyak 33 analis merekomendasikan Beli untuk saham BBRI. 
Hingga akhir tahun 2023 tercatat BRI berhasil mendorong penyaluran kredit tumbuh 11,2 persen yoy menjadi Rp1.266,4 triliun. Pencapaian ini lebih tinggi dibandingkan dengan penyaluran kredit industri perbankan nasional yang sebesar 10,4 persen yoy di sepanjang tahun 2023.
“Kredit BRI mencapai 1.266 triliun. Artinya itu mampu tumbuh 11,2 persen dan yang lebih menarik dan lebih penting bagi BRI adalah bahwa kita tetap fokus di UMKM di porsi kredit UMKM BRI mencapai 84,38 persen. Kita cita-citanya ingin mencapai 85 persen di tahun 2025,” pungkasnya.
Terbaru, BRI juga menggelar Rapat Umum Pemegang Saham Tahunan (RUPST) 2024 pada Jumat (1/3/2024) kemarin. Pada RUPST kali ini, perseroan menyetujui untuk membagikan dividen sebesar Rp 48,10 triliun atau dividen per saham sebesar Rp 319, setara dengan dividend payout ratio kurang lebih 80,04 persen dari laba atribusi.
Adapun dividen yang dibagikan BRI tersebut mengalami peningkatan sebesar 10,59 persen dibandingkan nominal yang dibayarkan tahun 2023 sebesar Rp 43,49 triliun. Dividen senilai Rp 48,10 triliun atau sebesar Rp 319 per saham tersebut sudah termasuk jumlah dividen interim yang telah dibagikan kepada Pemegang Saham pada tanggal 18 Januari 2024 lalu sejumlah Rp 12,67 triliun atau sebesar Rp 84 per saham. 
Dengan demikian, sisa jumlah dividen tunai yang akan dibayarkan kepada Pemegang Saham sekurang-kurangnya sebesar Rp 35,43 triliun atau sebesar Rp 235 per saham. Untuk dividen bagian Negara Republik Indonesia atas kepemilikan sebesar 53,19 persen saham, BRI akan menyetorkan kurang lebih Rp 25,71 triliun kepada Rekening Kas Umum Negara.





			Ikuti Whatsapp Channel Republika 

 Hingga akhir tahun 2023 tercatat BRI berhasil mendorong penyaluran kredit tumbuh 11,2 persen yoy menjadi Rp1.266,4 triliun. Pencapaian ini lebih tinggi dibandingkan dengan penyaluran kredit industri perbankan nasional yang sebesar 10,4 persen yoy di sepanjang tahun 2023. 
“Kredit BRI mencapai 1.266 triliun. Artinya itu mampu tumbuh 11,2 persen dan yang lebih menarik dan lebih penting bagi BRI adalah bahwa kita tetap fokus di UMKM di porsi kredit UMKM BRI mencapai 84,38 persen. Kita cita-citanya ingin mencapai 85 persen di tahun 2025,” pungkasnya.
Terbaru, BRI juga menggelar Rapat Umum Pemegang Saham Tahunan (RUPST) 2024 pada Jumat (1/3/2024) kemarin. Pada RUPST kali ini, perseroan menyetujui untuk membagikan dividen sebesar Rp 48,10 triliun atau dividen per saham sebesar Rp 319, setara dengan dividend payout ratio kurang lebih 80,04 persen dari laba atribusi.
Adapun dividen yang dibagikan BRI tersebut mengalami peningkatan sebesar 10,59 persen dibandingkan nominal yang dibayarkan tahun 2023 sebesar Rp 43,49 triliun. Dividen senilai Rp 48,10 triliun atau sebesar Rp 319 per saham tersebut sudah termasuk jumlah dividen interim yang telah dibagikan kepada Pemegang Saham pada tanggal 18 Januari 2024 lalu sejumlah Rp 12,67 triliun atau sebesar Rp 84 per saham. 
Dengan demikian, sisa jumlah dividen tunai yang akan dibayarkan kepada Pemegang Saham sekurang-kurangnya sebesar Rp 35,43 triliun atau sebesar Rp 235 per saham. Untuk dividen bagian Negara Republik Indonesia atas kepemilikan sebesar 53,19 persen saham, BRI akan menyetorkan kurang lebih Rp 25,71 triliun kepada Rekening Kas Umum Negara.





			Ikuti Whatsapp Channel Republika 

 “Kredit BRI mencapai 1.266 triliun. Artinya itu mampu tumbuh 11,2 persen dan yang lebih menarik dan lebih penting bagi BRI adalah bahwa kita tetap fokus di UMKM di porsi kredit UMKM BRI mencapai 84,38 persen. Kita cita-citanya ingin mencapai 85 persen di tahun 2025,” pungkasnya. 
Terbaru, BRI juga menggelar Rapat Umum Pemegang Saham Tahunan (RUPST) 2024 pada Jumat (1/3/2024) kemarin. Pada RUPST kali ini, perseroan menyetujui untuk membagikan dividen sebesar Rp 48,10 triliun atau dividen per saham sebesar Rp 319, setara dengan dividend payout ratio kurang lebih 80,04 persen dari laba atribusi.
Adapun dividen yang dibagikan BRI tersebut mengalami peningkatan sebesar 10,59 persen dibandingkan nominal yang dibayarkan tahun 2023 sebesar Rp 43,49 triliun. Dividen senilai Rp 48,10 triliun atau sebesar Rp 319 per saham tersebut sudah termasuk jumlah dividen interim yang telah dibagikan kepada Pemegang Saham pada tanggal 18 Januari 2024 lalu sejumlah Rp 12,67 triliun atau sebesar Rp 84 per saham. 
Dengan demikian, sisa jumlah dividen tunai yang akan dibayarkan kepada Pemegang Saham sekurang-kurangnya sebesar Rp 35,43 triliun atau sebesar Rp 235 per saham. Untuk dividen bagian Negara Republik Indonesia atas kepemilikan sebesar 53,19 persen saham, BRI akan menyetorkan kurang lebih Rp 25,71 triliun kepada Rekening Kas Umum Negara.





			Ikuti Whatsapp Channel Republika 

 Terbaru, BRI juga menggelar Rapat Umum Pemegang Saham Tahunan (RUPST) 2024 pada Jumat (1/3/2024) kemarin. Pada RUPST kali ini, perseroan menyetujui untuk membagikan dividen sebesar Rp 48,10 triliun atau dividen per saham sebesar Rp 319, setara dengan dividend payout ratio kurang lebih 80,04 persen dari laba atribusi. 
Adapun dividen yang dibagikan BRI tersebut mengalami peningkatan sebesar 10,59 persen dibandingkan nominal yang dibayarkan tahun 2023 sebesar Rp 43,49 triliun. Dividen senilai Rp 48,10 triliun atau sebesar Rp 319 per saham tersebut sudah termasuk jumlah dividen interim yang telah dibagikan kepada Pemegang Saham pada tanggal 18 Januari 2024 lalu sejumlah Rp 12,67 triliun atau sebesar Rp 84 per saham. 
Dengan demikian, sisa jumlah dividen tunai yang akan dibayarkan kepada Pemegang Saham sekurang-kurangnya sebesar Rp 35,43 triliun atau sebesar Rp 235 per saham. Untuk dividen bagian Negara Republik Indonesia atas kepemilikan sebesar 53,19 persen saham, BRI akan menyetorkan kurang lebih Rp 25,71 triliun kepada Rekening Kas Umum Negara.





			Ikuti Whatsapp Channel Republika 

 Adapun dividen yang dibagikan BRI tersebut mengalami peningkatan sebesar 10,59 persen dibandingkan nominal yang dibayarkan tahun 2023 sebesar Rp 43,49 triliun. Dividen senilai Rp 48,10 triliun atau sebesar Rp 319 per saham tersebut sudah termasuk jumlah dividen interim yang telah dibagikan kepada Pemegang Saham pada tanggal 18 Januari 2024 lalu sejumlah Rp 12,67 triliun atau sebesar Rp 84 per saham.  
Dengan demikian, sisa jumlah dividen tunai yang akan dibayarkan kepada Pemegang Saham sekurang-kurangnya sebesar Rp 35,43 triliun atau sebesar Rp 235 per saham. Untuk dividen bagian Negara Republik Indonesia atas kepemilikan sebesar 53,19 persen saham, BRI akan menyetorkan kurang lebih Rp 25,71 triliun kepada Rekening Kas Umum Negara.





			Ikuti Whatsapp Channel Republika 

 Dengan demikian, sisa jumlah dividen tunai yang akan dibayarkan kepada Pemegang Saham sekurang-kurangnya sebesar Rp 35,43 triliun atau sebesar Rp 235 per saham. Untuk dividen bagian Negara Republik Indonesia atas kepemilikan sebesar 53,19 persen saham, BRI akan menyetorkan kurang lebih Rp 25,71 triliun kepada Rekening Kas Umum Negara. (QS. Al-Mulk ayat 14) Jl. Warung Buncit Raya No 37 Jakarta Selatan 12510  Phone: 021 780 3747  Email:
[email protected] (Redaksi)
[email protected] ( Marketing ) 
[email protected] ( Kerjasama ) 
[email protected] ( Customer Care )
           Copyright © 2023. Republika.co.id. All rights reserved."
Bank BRI Apakah BUMN – BRI: Raksasa Perbankan Milik ...,https://jadibumn.id/bank-bri-apakah-bumn/,2024-08-15,2024-05-04," Bank BRI Apakah BUMN – Di tengah gemerlap industri perbankan Indonesia, Bank BRI (Bank Rakyat Indonesia) berdiri kokoh sebagai salah satu raksasa perbankan milik negara dengan sejarah panjang dan kontribusi signifikan bagi kemajuan ekonomi bangsa. Didirikan pada tahun 1895, BRI telah menemani perjalanan bangsa Indonesia selama lebih dari 128 tahun, melewati berbagai pasang surut dan terus berkontribusi dalam mendorong inklusi keuangan dan pemberdayaan masyarakat. Bank BRI merupakan salah satu Badan Usaha Milik Negara (BUMN) yang bergerak di bidang jasa keuangan. Berdiri atas dasar Peraturan Pemerintah Nomor 32 Tahun 1998, BRI memiliki misi untuk melayani masyarakat dengan menyediakan produk dan layanan perbankan yang terjangkau, mudah diakses, dan berkelanjutan. Sebagai BUMN, BRI memiliki tanggung jawab untuk mendukung program-program pemerintah dalam meningkatkan kesejahteraan rakyat. BRI berkomitmen untuk menyediakan akses keuangan yang inklusif bagi seluruh lapisan masyarakat, termasuk masyarakat di pedesaan dan daerah terpencil. Sejarah panjang Bank BRI terbentang sejak era kolonial Belanda. Diawali dengan berdirinya ‘De Algemeene Spaar- en Guldenscheepvaartbank’ (ASGB) pada tahun 1895. ASGB kemudian bertransformasi menjadi ‘De Volksbank’ (Bank Rakyat) pada tahun 1928. Serta pada masa kemerdekaan Indonesia, Bank Rakyat berganti nama menjadi Bank Rakyat Indonesia (BRI) pada tahun 1950. Sejak awal berdirinya, BRI telah memainkan peran penting dalam mendorong pembangunan ekonomi nasional. BRI aktif dalam menyalurkan kredit kepada para pelaku usaha kecil dan menengah (UKM), serta menyediakan berbagai layanan keuangan lainnya yang dibutuhkan oleh masyarakat. Peran dan kontribusi Bank BRI bagi kemajuan ekonomi Indonesia tidak dapat dipungkiri. BRI telah menjadi salah satu tulang punggung perekonomian nasional dengan berbagai capaian gemilang, di antaranya: Bank BRI terus berinovasi untuk menghadirkan layanan perbankan yang terbaik bagi nasabahnya. Berbagai layanan unggulan BRI antara lain: Komitmen dan kinerja Bank BRI dalam melayani masyarakat dan mendukung kemajuan ekonomi nasional telah diakui dengan berbagai penghargaan dan prestasi, di antaranya: Bank BRI telah menjadi bagian integral dari sejarah dan pembangunan bangsa Indonesia. Dengan sejarah panjang, peran dan kontribusi signifikan, inovasi dan layanan unggulan, serta berbagai pengakuan dan prestasi. BRI membuktikan diri sebagai raksasa perbankan milik negara yang terus berkontribusi dalam mewujudkan kemajuan ekonomi nasional dan kesejahteraan rakyat Indonesia.  Kunci sukses Tes Rekrutmen BUMN adalah membiasakan diri mengerjakan ribuan tipe soal Tes Rekrutmen BUMN seperti anak bayi yang belajar berjalan terasa berat diawal dan akan terbiasa bila terus dilatih hingga bisa berlari kencang.  Samsat Termasuk BUMN atau Bukan – Dalam perbincangan mengenai lembaga pemerintahan dan badan usaha milik negara (BUMN), sering kali muncul pertanyaan mengenai status Sistem Administrasi Manunggal Satu Atap (Samsat). Banyak yang bertanya-tanya, apakah Samsat termasuk dalam kategori BUMN? Pertanyaan ini tidak hanya menarik dari segi struktural tetapi juga penting untuk dipahami oleh masyarakat luas yang… 

				Read More Samsat Termasuk BUMN atau Bukan – Apakah Samsat Bagian dari BUMN? Fakta atau Mitos, Yuk Kita Bedah!Continue
 
 Apakah BTPN BUMN – Dalam diskusi mengenai lembaga keuangan di Indonesia, sering kali muncul pertanyaan mengenai status kelembagaan dari berbagai bank, salah satunya adalah Bank Tabungan Pensiunan Nasional atau BTPN. Pertanyaan ini tidak hanya menarik bagi calon nasabah atau investor, tetapi juga bagi mereka yang tertarik untuk berkarir di sana. Apakah BTPN merupakan bagian dari… 

				Read More Apakah BTPN BUMN – Mengungkap Fakta: Apakah BTPN itu BUMN?Continue
 
 Gaji Tukang Bensin Pertamina – Pertamina, sebagai salah satu Badan Usaha Milik Negara (BUMN) terbesar di Indonesia, memainkan peran vital dalam sektor energi dan distribusi bahan bakar. Banyak orang yang penasaran tentang gaji tukang bensin di Pertamina, terutama mengingat peran penting mereka dalam memastikan ketersediaan bahan bakar bagi masyarakat. Artikel ini akan mengungkapkan secara rinci… 

				Read More Gaji Tukang Bensin Pertamina – Gaji Tukang Bensin Pertamina: Angka yang Akan Mengejutkan Anda!Continue
 
 1. Staf Operasi dan Pemeliharaan PT Brantas Energi (BREN) is a subsidiary company of PT Brantas Abipraya (Persero) an owned state’s enterprise in Indonesia.We are an investment company in renewable energy (especially in hydro and solar power).Currently, we are looking for a professional staff to fill our strategic position above. Description Job : To Have… 

				Read More Lowongan Kerja BUMN – PT Brantas EnergiContinue
 
 Anak Perusahaan BUMN Apa Saja – Di Indonesia, Badan Usaha Milik Negara (BUMN) adalah tulang punggung ekonomi negara yang memiliki peran vital dalam mendukung pembangunan dan perekonomian nasional. BUMN tidak hanya terbatas pada satu atau dua perusahaan, melainkan merupakan konglomerasi besar yang terdiri dari banyak perusahaan termasuk anak perusahaan yang beroperasi di berbagai sektor mulai… 

				Read More Anak Perusahaan BUMN Apa Saja – Lengkap! Daftar Anak Perusahaan BUMN di IndonesiaContinue
 
 BUMN Pegadaian – Terkadang, pintu menuju kesuksesan terbuka di tempat yang tak terduga, dan kali ini, peluang menarik datang dari Badan Usaha Milik Negara (BUMN) Pegadaian. Jangan lewatkan momen ini untuk meraih karir gemilang, dan artikel ini akan membimbing Anda melalui setiap langkah persiapan dengan gaya yang penuh semangat! Mengenal BUMN Pegadaian Pernahkan Anda Bertanya-Tanya?… 

				Read More BUMN Pegadaian – Persiapkan Diri Anda! Lowongan BUMN Pegadaian TerbukaContinue
 
 Your email address will not be published. Required fields are marked * Comment * Name * Email * Website  Save my name, email, and website in this browser for the next time I comment.  

 Copyright ©2023 Jadi BUMN, PT. Kejar Kreasi Semesta"
Campus Hiring PT. Bank Rakyat Indonesia di Unila ...,https://www.unila.ac.id/campus-hiring-pt-bank-rakyat-indonesia-di-unila-berlangsung-sukses/,2024-08-15,2023-05-25,"(Unila): UPT Pengembangan Karier dan Kewirausahaan (CCED) Universitas Lampung (Unila) bekerja sama dengan PT. Bank Rakyat Indonesia (BRI) menyelenggarakan acara “Campus Hiring” pada Kamis, 25 Mei 2023, di ruang pelatihan UPT PKK. Campus Hiring yang diikuti 80 peserta dari berbagai jurusan ini bertujuan untuk memberikan kesempatan kepada para alumni Universitas Lampung untuk berkarier di salah satu perbankan terkemuka di Indonesia. Para peserta akan bersaing untuk mengisi posisi marketing di PT. BRI. Tahapan seleksi yang dilakukan meliputi tes tertulis, wawancara, dan psikotes. Kepala CCED Unila Dr. Usep Syaipudin, S.E., M.S., Ak., mengatakan, acara ini merupakan salah satu bentuk kerja sama antara CCED dan PT. BRI dalam rangka membantu para alumni Universitas Lampung mendapatkan pekerjaan yang sesuai dengan minat dan kompetensi mereka. Dr. Usep berharap, para alumni Universitas Lampung melalui acara ini dapat menunjukkan kualitas dan potensi mereka sebagai calon karyawan PT. BRI. “Kami juga berterima kasih kepada PT. BRI yang telah mempercayakan Universitas Lampung sebagai salah satu kampus mitra dalam program Campus Hiring ini,” ujarnya. Ia pun memberikan pesan kepada para peserta agar mengikuti setiap tahapan seleksi dengan serius dan fokus. “Ikuti setiap tahapan dengan baik, tidak perlu tegang, dan harus fokus dengan target yang ditentukan. Mudah-mudahan proses ini bisa menghasilkan lulusan terbaik sesuai harapan PT. BRI,” pungkasnya. Sementara itu, RHCBP Department Head Regional Office PT. BRI Bandarlampung Shoffa Rahma Yulia menyampaikan, PT. BRI memilih Universitas Lampung sebagai salah satu kampus target dalam program Campus Hiring karena melihat kualitas dan prestasi para lulusannya. “Kami melihat banyak karyawan BRI dari Universitas Lampung memiliki kinerja yang baik dan profesional. Oleh karena itu, kami ingin merekrut lebih banyak lagi alumni Universitas Lampung untuk bergabung bersama kami di PT. BRI,” tutur Shoffa. Turut hadir dalam kegiatan, subkoordinator Regional BRI Office, anggota regional BRI office, dan peserta campus hiring. *** Fakultas dan Pascasarjana Fakultas Ekonomi dan BisnisFakultas HukumFakultas PertanianFakultas KIPFakultas TeknikFakultas ISIPFakultas MIPAFakultas KedokteranPascasarjana Biro Biro Perencanaan dan HumasBiro Akademik dan KemahasiswaanBiro Umum dan Keuangan Akses Lain SDGs CenterBadan Pengelola Usaha Lembaga dan Unit Pelaksana Teknis Lembaga Penelitian dan Pengabdian MasyarakatLembaga Pengembangan Pembelajaran dan Penjaminan MutuUPT PerpustakaanUPT BahasaUPT Teknologi Informasi dan KomunikasiUPT Pusat Karir & KewirausahaanUPT Pengembangan Kerja Sama dan Layanan InternasionalUPT Laboratorium Terpadu dan Sentra Inovasi TeknologiUPT Kearsipan"
BRI Rilis Kebijakan Baru Terkait Perubahan Ketentuan ...,https://www.viva.co.id/bisnis/1741626-bri-rilis-kebijakan-baru-terkait-perubahan-ketentuan-produk-tabungan,2024-08-15,2024-08-13,"VIVA – PT Bank Rakyat Indonesia (Persero) Tbk. atau BRI merilis kebijakan baru terkait perubahan batas waktu bagi rekening dormant BRI. Rekening dormant merupakan rekening yang tidak pernah digunakan nasabah untuk bertransaksi dalam kurun waktu tertentu. BRI memberlakukan perubahan ketentuan days to dormant menjadi 180 hari tanpa melihat saldo nasabah. Artinya, nasabah yang tidak melakukan transaksi–termasuk kredit dan debit selain biaya admin tabungan dan kartu selama 180 hari akan berubah status rekeningnya menjadi dormant. Nasabah yang berubah status rekeningnya menjadi rekening dormant tetap bisa melakukan re-aktivasi rekening dengan cara datang ke unit kerja BRI terdekat dan membawa identitas diri dan bukti kepemilikan rekening. Adapun list produk tabungan yang akan mengalami perubahan waktu menjadi dormant menjadi 180 hari adalah sebagai berikut: Selain itu, khusus untuk produk Tabungan BRI BritAma Umum, BritAma Bisnis, BritAma Prioritas, BritAma Mitra, BritAma DHE, dan Junio yang berstatus dormant dan dibawah ketentuan saldo minimum tertentu apabila tidak ada transaksi selama 180 hari, rekening akan tertutup secara otomatis (closed by system). Corporate Secretary BRI Agustya Hendy Bernadi mengungkapkan ketentuan ini berlaku mulai efektif mulai tanggal 15 Agustus 2024. “Untuk informasi lebih lanjut terkait hal ini, nasabah dapat menghubungi Contact BRI 1500017 atau mengakses bri.co.id,” imbuh Hendy."
Dirut BRI Ungkap Rahasia di Balik Laba 2023 Tembus ...,https://finansial.bisnis.com/read/20240131/90/1736987/dirut-bri-ungkap-rahasia-di-balik-laba-2023-tembus-rp604-triliun,2024-08-15,2024-01-31,"Nyaman tanpa iklan. Langganan BisnisPro Nyaman tanpa iklan. Langganan BisnisPro Nyaman tanpa iklan. Langganan BisnisPro Bisnis.com, JAKARTA - Direktur Utama Bank Rakyat Indonesia (BRI) Sunarso mengungkapkan faktor pendorong capaian laba senilai Rp60,4 triliun sepanjang 2023. Dalam konferensi pers kinerja keuangan BRI 2023 pada Rabu (31/1/2024), Sunarso menyebutkan laba perseroan tersebut tumbuh 17,5% secara tahunan (yoy) dibandingkan dengan laba tahun sebelumnya. ""Jika ditanya apa yang menjadikan laba BRI terus tumbuh dan mencapai Rp60,4 triliun, ini karena BRI dikelola secara profesional dengan mengedepankan prinsip-prinsip GCG yang benar,"" ujarnya. Dari sisi fungsi intermediasi, misalnya, hingga akhir Desember 2023 kredit BBRI tumbuh 11,2% menjadi Rp1.266,4 triliun. Sunarso mengatakan pertumbuhan kredit BRI ini di atas industri perbankan nasional yang sebesar 10,4% yoy pada periode yang sama. Segmen UMKM masih menjadi mayoritas penyaluran kredit BRI dengan porsi mencapai 84,4% atau senilai Rp1.068,7 triliun. Pertumbuhan kredit yang double digit tersebut, lanjut Sunarso, berdampak baik ke pendapatan bunga yang tercatat senilai Rp188,1 triliun atau naik 16,9% secara tahunan. Baca Juga Pengelolaan fungsi intermediasi yang baik juga tercermin dari rasio kredit bermasalah (nonperforming loan/NPL) BRI yang sebesar 2,95% per 31 Desember 2023. ""Dengan bank yang berfokus pada UMKM, NPL di bawah 3% ini menunjukkan kami concern dan hati-hati dalam mengelola kredit dengan risk management yang baik dan benar,"" imbuh Sunarso. BRI juga menyediakan pencadangan yang memadai dengan NPL coverage sebesar 229,09%. Menurut Sunarso, angka ini lebih dari cukup karena dua kali lebih dari nilai NPL perseroan. Dari sisi kredit berisiko, pada kuartal akhir tahun lalu LaR BRI tercatat 13,8% atau turun signifikan dari titik tertinggi saat pandemi atau September 2020 sebesar 29,8%. Sementara itu, dari sisi pendanaan, BRI meraup dana pihak ketiga (DPK) BRI mencapai Rp1.358,33 triliun sepanjang 2023, naik 3,86% yoy. Dana murah atau current account savings account (CASA) BRI sebesar Rp874,07 triliun sepanjang 2023 atau porsinya mendominasi sebesar 64,35% dari total DPK.  Cek Berita dan Artikel yang lain di Google
            News dan WA Channel Nyaman tanpa iklan. Langganan BisnisPro Nyaman tanpa iklan. Langganan BisnisPro Nyaman tanpa iklan. Langganan BisnisPro Nyaman tanpa iklan. Langganan BisnisPro Nyaman tanpa iklan. Langganan BisnisPro"
Presiden Jokowi Apresiasi Peran BRI dalam ...,https://www.presidenri.go.id/siaran-pers/presiden-jokowi-apresiasi-peran-bri-dalam-pengembangan-umkm-di-indonesia/,2024-08-15,2024-02-29,"Meski tidak mudah, tetapi Presiden Jokowi menghargai kontribusi dan kerja keras BRI dalam mengembangkan UMKM di Indonesia.  Presiden Joko Widodo mengapresiasi peran strategis Bank Rakyat Indonesia (BRI) dalam mendukung pengembangan usaha mikro, kecil, dan menengah (UMKM) di Indonesia. Apresiasi tersebut disampaikan Presiden saat melakukan peletakan batu pertama atau groundbreaking pembangunan Gedung BRI Internasional Microfinance Center di Kawasan Ibu Kota Nusantara (IKN), Kabupaten Penajam Paser Utara, Provinsi Kalimantan Timur, pada Kamis, 29 Februari 2024. “Saya sangat menghargai apa yang telah dilakukan oleh Bank Rakyat Indonesia BRI dimana telah memberikan kreditnya kepada UMKM sebesar 84 persen lebih. Ini sesuatu yang luar biasa karena Bank BRI mau mengurusi usaha-usaha kecil, usaha-usaha mikro, usaha-usaha menengah,” ucapnya. Meski tidak mudah, tetapi Presiden Jokowi menghargai kontribusi dan kerja keras BRI dalam mengembangkan UMKM di Indonesia. “Enggak ada bank yang bisa menyamai BRI keuntungannya, bank dalam negeri maupun bank asing. Itu atas jerih payah mau mengurus yang UMKM yang mikro, kecil, menengah. Saya sangat mengapresiasi,” lanjut Presiden. Pada kesempatan tersebut, Kepala Negara kembali menekankan bahwa IKN menjadi titik pusat yang seimbang yang berada di tengah-tengah negara. Dengan keunikan geografis yang sangat besar, IKN diyakini mampu memfasilitasi akses dari berbagai penjuru daerah, termasuk Papua dan Banda Aceh. “Di titik kita berada ini di Ibu Kota Nusantara kalau di dalam gambar hitungannya ini adalah di tengah-tengah negara kita Indonesia,” katanya. “Nanti kalau airport-nya Nusantara jadi kira-kira bulan Juni-Juli saya mau mencoba berapa sih dari Ibu Kota Nusantara ke barat dan Ibu Kota Nusantara ke timur. Menunjukkan bahwa kita memberikan sebuah titik yang betul-betul di tengah bagi ibu kota baru kita Nusantara,” sambungnya. Di samping itu, Presiden juga menyampaikan tantangan pembangunan infrastruktur di Kota Nusantara yang masih dalam tahap pengembangan. Meskipun demikian, ia menegaskan bahwa proyek-proyek ini, termasuk pembangunan klaster keuangan, akan memberikan dampak positif dalam meningkatkan konektivitas dan pertumbuhan ekonomi di IKN. “Memang fasilitas-fasilitas yang ada di Ibu Kota Nusantara ini belum selesai. Jadi jangan ada yang pesimis dulu karena memang belum selesai (pembangunan),” tuturnya. Turut mendampingi Presiden dalam kegiatan tersebut yakni Menteri Badan Usaha Milik Negara Erick Thohir, Menteri Investasi/Kepala Badan Koordinasi Penanaman Modal Bahlil Lahadalia, Menteri Perdagangan Zulkifli Hasan, Menteri Pekerjaan Umum dan Perumahan Rakyat Basuki Hadimuljono, Menteri Agraria dan Tata Ruang/Kepala Badan Pertanahan Nasional Agus Harimurti Yudhoyono, dan Kepala Otorita IKN Bambang Susantono. Hadir juga Ketua Dewan Pertimbangan Presiden Wiranto, Kepala Dewan Komisioner Otoritas Jasa Keuangan Mahendra Siregar, Panglima TNI Jenderal Agus Subiyanto, Pj. Gubernur Kalimantan Timur Akmal Malik, Pj. Bupati Penajam Paser Utara Makmur Marbun, Kurator Pembangunan IKN Ridwan Kamil, dan Direktur Utama BRI Sunarso."
Tanggapan PT. Bank Rakyat Indonesia (Persero) Tbk. atas ...,https://mediakonsumen.com/2023/08/01/tanggapan/tanggapan-pt-bank-rakyat-indonesia-persero-tbk-atas-pengaduan-bapak-mugi-raharjo,2024-08-15,2023-08-01,"Situs Konsumen No.1 di Indonesia 



 Sebelumnya kami menyampaikan terima kasih atas kepercayaan yang telah diberikan kepada Bank BRI dan mohon maaf atas ketidaknyamanan yang Bapak Mugi Raharjo alami. Terkait dengan laporan yang Bapak sampaikan pada tanggal 1 Agustus 2023 pada Media Konsumen dengan judul “Setor Tunai di BRI Sudah Beberapa Hari Belum Masuk” kami sampaikan bahwa kami telah menghubungi Bapak dan penjelasan kami telah diterima dengan baik. Terima kasih atas setiap saran, kritik dan masukan yang disampaikan dan menjadi komitmen kami untuk terus melakukan perbaikan demi meningkatkan kualitas layanan Bank BRI. Untuk melakukan pengecekan status laporan pengaduan dapat melalui fitur Pusat Bantuan BRImo atau layanan WhatsApp Sabrina 0812-12-14017 melalui ketik “status tiket” dan Bank BRI tidak pernah meminta data rahasia seperti Password, PIN, kode OTP, CVV/CVC dan M-Token. Demikian disampaikan, terima kasih. Salam, PT. Bank Rakyat Indonesia (Persero) Tbk.
Jl. Jendral Sudirman Kav 44-46
Jakarta 10320 						
			Pada tanggal 29 Juli 2023, pukul 00:02:36, berlokasi di ATM Unit Purwasaba, Mandiraja, Banjarnegara, saya melakukan setor tunai tanpa kartu...Baca Selengkapnya
 Saya juga mengalami hal yang sama , status diproses, dan sangat merugikan nasabah  Hak konsumen untuk didengar pendapat dan keluhannya atas barang dan/atau jasa yang digunakan, dijamin oleh Pasal 4 d Undang-Undang Perlindungan Konsumen. Moon maap menjebaknya dimana. itu sebelum klik pesan gofood/goride ada tulisan segede gaban pilihan cara bayarnya. klo udh sesuai tinggal... Hati-hati dengan GoPay Later! Iya saya tau. karena saya juga pengguna gopaylater. tp hal kayak gini sering terjadi. jd setelah approve saya langsung cek... Hati-hati dengan GoPay Later! ""Setahu saya, setiap transaksi kartu kredit itu ada selang beberapa hari bagi pihak bank sebelum melakukan pembayaran ke merchant."" Tahu... Kecewa dengan Penyelesaian Pengaduan Transaksi Fraud Kartu Kredit dengan Modus Penukaran Telkomsel Poin Lah ini orang tau arti fraud gak sih? wkwkw klo dia yg masukin OTP nya sendiri mah itu bukan fraud... Kecewa dengan Penyelesaian Pengaduan Transaksi Fraud Kartu Kredit dengan Modus Penukaran Telkomsel Poin Pada hari Kamis, 25 Juli 2024, saya terkena link phishing yang mengatasnamakan “Penukaran Telkomsel Poin”. Saat itu, saya tidak tahu/curiga  Lupa password Anda?  Lupa password? Silakan masukkan alamat email Anda. Anda akan menerima email berisi tautan untuk membuat password baru. Kembali ke halaman Login"
Produk Bank BRI Terlengkap bagi Nasabah Individu ...,https://lifepal.co.id/media/produk-bank-bri-terlengkap/,2024-08-15,2022-02-24,"Bank Rakyat Indonesia (BRI) merupakan salah satu bank di Indonesia yang memiliki kantor cabang terbanyak dan tersebar hingga ke penjuru daerah di tanah air.  Sebagai bank pelat merah, BRI menawarkan beragam produk untuk memenuhi kebutuhan jasa keuangan masyarakat Indonesia. Salah satu produk yang ditawarkan Bank BRI adalah tabungan. Tapi, tahukah kamu bahwa BRI tidak cuma menawarkan produk tabungan? Ya, BRI memiliki segudang produk yang disesuaikan dengan target nasabahnya yaitu individu, korporasi, dan UMKM. UMKM menjadi salah satu nasabah prioritas BRI karena perbankan BUMN ini memang punya fokus bisnis untuk sektor tersebut. Sekadar informasi, terdapat pula produk bank BRI syariah yang bisa disesuaikan dengan kebutuhan nasabah.  Bagi kamu yang ingin mengetahui beragam jenis tabungan hingga produk bank BRI, simak ulasan berikut ini ya! Bank BRI punya banyak produk tabungan yang ditujukan bagi nasabah individu, korporasi, dan UMKM.  Dalam melayani nasabah individu, BRI punya empat kategori produk yaitu simpanan atau tabungan, pinjaman, produk layanan perbankan, dan investasi.  Sebagian besar dari produk simpanan BRI turut memberikan perlindungan asuransi jiwa bagi nasabahnya, salah satunya adalah asuransi kecelakaan. Berikut ini masing-masing penjelasannya. Tabungan Simpedes adalah jenis tabungan masyarakat untuk nasabah individu ataupun UMKM dalam mata uang rupiah. Tabungan ini dilayani di semua kantor cabang (KC), kantor cabang pembantu (KCP), BRI Unit, Kantor Kas, dan Teras BRI. Penyetoran dan pengambilannya tidak dibatasi baik frekuensi maupun jumlahnya selama memenuhi aturan yang berlaku. Untuk membuka tabungan Simpedes pun gak sulit, hanya memerlukan KTP untuk nasabah individu. Sedangkan untuk perusahaan, kamu perlu melengkapi beberapa dokumen seperti:  AD-ART (Anggaran Dasar-Anggaran Rumah Tangga) Akte Pendirian Akte Perubahan Terakhir NPWP (Nomor Pokok Wajib Pajak) Dokumen Identitas Pengurus  Setoran awal yang harus kamu keluarkan untuk membuka tabungan Simpedes yaitu sebesar Rp100 ribu untuk jenis kartu private label atau hanya dapat digunakan pada merchant yang bekerjasama dengan BRI).  Biaya administrasi bulanannya sebesar Rp 5500 dengan dana mengendap yaitu Rp 50 ribu. Tabungan ini diperuntukan bagi para tenaga kerja Indonesia (TKI) agar mempermudah transaksi mereka termasuk untuk penyaluran/penampungan gaji TKI. Untuk membuka tabungan ini, persyaratan yang harus dipenuhi yaitu:  Setoran awal minimal Rp10 ribu Mengisi formulir pembukaan rekening Melampirkan fotokopi identitas diri (KTP/SIM/Paspor) disertai surat rekomendasi dari PPTKIS  Simpedes Usaha merupakan tabungan yang mengakomodir kebutuhan transaksi tinggi untuk pengusaha mikro. Adapun produk tabungan ini menawarkan tiga keunggulan yaitu:  Limit transaksi antar cabang (TAC) lebih tinggi dari Simpedes Umum yaitu Rp1 miliar Buku tabungan dilengkapi detail transaksi Diikutsertakan dalam Undian Simpedes.  Persyaratan mengajukan tabungan ini yaitu:  WNI Menyertakan fotokopi NPWP Menyertakan fotokopi KTP Mengisi formulir pembukaan rekening.  Sementara, biaya-biaya yang wajib kamu ketahui adalah:  Setoran awal Rp500 ribu Setoran minimum selanjutnya Rp10 ribu Biaya administrasi bulanan Rp5,- Biaya administrasi kartu ATM bulanan Rp8.500,-  Produk tabungan yang memberikan beragam kemudahan dalam melakukan transaksi perbankan.  BritAma didukung fasilitas e-banking dan sistem real time online yang akan memungkinkan nasabah untuk bertransaksi kapanpun dan dimanapun. Adapun keunggulan tabungan BritAma adalah:  Transaksi real time di lebih dari 10 ribu Unit Kerja BRI dan 23 ribu ATM BRI seluruh Indonesia Aksesibilitas kartu ATM debit BRI di jaringan BRI, ATM Bersama, Link, Prima, Cirrus, Maestro, dan MasterCard di dalam dan luar negeri Asuransi kecelakaan diri gratis hingga Rp150 juta Fasilitas e-banking termasuk mobile banking, internet banking, sms notifikasi, dll Suku bunga tabungan kompetitif.  Persyaratan membuka tabungan BritAma adalah:  Mengisi form aplikasi pembukaan rekening Melampirkan identitas diri KTP dan NPWP untuk WNI dan Paspor serta KITAS dan surat pendukung lain untuk WNA Menyertakan setoran awal Rp250 ribu.  Produk tabungan dari BRI ini memiliki desain kartu debit khusus untuk target pasar anak muda.  Selain tampilan kartu, BritAma X juga  memberikan beragam kemudahan dalam melakukan transaksi perbankan dengan didukung fasilitas e-banking dan sistem real time online yang akan memungkinkan nasabah untuk bertransaksi kapanpun dan dimanapun. Adapun keunggulan dari BritAma X ini sama dengan BritAma yaitu:  Transaksi real time di lebih dari 10 ribu Unit Kerja BRI dan 23 ribu ATM BRI seluruh Indonesia Aksesibilitas kartu ATM debit BRI di jaringan BRI, ATM Bersama, Link, Prima, Cirrus, Maestro, dan MasterCard di dalam dan luar negeri Asuransi kecelakaan diri gratis hingga Rp150 juta Fasilitas e-banking termasuk mobile banking, internet banking, sms notifikasi, dll Suku bunga tabungan kompetitif.  Sementara, persyaratan membuka tabungan BritAma X agak berbeda yaitu:  Usia 17-35 tahun Mengisi formulir aplikasi pembukaan rekening Melampirkan KTP dan NPWP untuk WNI dan Paspor atau surat keterangan pendukung lainnya untuk WNA Setoran awal mulai Rp100 ribu.  Dapatkan benefit gratis biaya rumah sakit buat satu keluarga dengan memiliki asuransi kesehatan keluarga. Beli polis asuransi di Lifepal bisa hemat hingga 25 persen. 6. BritAma Rencana Sesuai namanya, BritAma Rencana, tabungan ini hadir untuk membantu nasabah mewujudkan rencana atau impiannya seperti membeli kendaraan atau rumah.  Tabungan investasi ini memiliki setoran tetap bulanan yang dilengkapi dengan fasilitas perlindungan asuransi jiwa bagi nasabah. Terdapat dua pilihan rencana menabung yaitu BritAma Rencana Plan A dan BritAma Rencana Plan B. Untuk mendapatkan informasi lebih jelas, kamu bisa mengunjungi Kc atau KCP BRI terdekat. Adapun keunggulan dari produk tabungan BritAma Rencana adalah:  Suku bunga lebih tinggi dibandingkan tabungan umum atau biasa Setoran bulanan bebas ditentukan nasabah dengan angka minimal Rp100 ribu dan maksimal Rp5 juta. Selama masih kelipatan Rp50 ribu, kamu bisa menentukannya lho! Jangka waktunya juga bebas yaitu 1-20 tahun Tersedia manfaat asuransi jiwa hingga Rp1 miliar Tanpa pemeriksaan kesehatan atau medical check up (MCU) Gratis biaya administrasi Laporan mutasi rekening koran via email (e-statement).  Persyaratan untuk membuka tabungan ini adalah:  Usia minimal 17 tahun Mengisi formulir aplikasi pembukaan rekening Melampirkan KTP dan NPWP untuk WNI dan Paspor atau surat keterangan pendukung lainnya untuk WNA Memiliki rekening Tabungan BRI BritAma/BritAma Bisnis/Giro.  7. BritAma Valas Produk ini adalah tabungan dalam mata uang asing yang menawarkan kemudahan transaksi dan nilai tukar yang kompetitif.  Tersedia dalam 10 jenis mata uang meliputi US$, AUD, SGD, CNY, EUR, AED, HKD, JPY, SAR, dan GB. Keunggulan BritAma Valas adalah:  Aksesibilitas kartu ATM/debit BRI untuk cek saldo, tarik tunai, di semua jaringan ATM BRI, ATM Bersama, Link, Prima, Cirrus, dll Nilai tukar kompetitif Asuransi kecelakaan diri hingga Rp150 juta Penyetoran dan penarikan dapat dilakukan dalam rupiah atau mata uang asing sesuai ketersediaan mata uang di kantor BRI Memiliki fitur Installment Britama Valas Rencana.  Persyaratan membuka tabungan ini adalah:  Mengisi formulir pembukaan rekening Melampirkan KTP dan NPWP untuk WNI dan Paspor atau surat keterangan pendukung lainnya untuk WNA Membawa setoran awal yaitu US$50, AUD50, SGD65, EUR50, CNT350, AED175, HKD350, GBP50, JPY55.000, dan SAR300. Jumlah minimum ini berbeda-beda tergantung mata uang yang kamu pilih.  8. BritAma Bisnis Produk ini adalah tabungan BRI yang diutamakan untuk digunakan dalam bisnis. Kenapa diutamakan untuk bisnis?  Karena BritAma Bisnis memberikan keleluasaan lebih dalam bertransaksi, kejelasan lebih dalam pencatatan transaksi, dan keuntungan yang lebih untuk menunjang transaksi kebutuhan bisnis nasabah. Keunggulan BritAma Bisnis yaitu:  Gratis biaya administrasi bulanan dengan syarat saldo rata-rata bulanan minimal Rp5 juta Pencatatan transaksi di Buku Tabungan lebih detail Limit RTGS lewat i-banking hingga Rp1 miliar dan overbooking hingga Rp5 miliar. Transaksi real time online di lebih dari 10 ribu Unit Kerja BRI dan 23 ribu ATM BRI seluruh Indonesia Aksesibilitas kartu ATM. Debit BRI di jaringan BRI, ATM Bersama, Link, Prima, Cirrus, Maestro, dan MasterCard di dalam dan luar negeri Gratis cover asuransi kecelakaan diri hingga Rp150 juta Suku bunga BritAma Bisnis lebih tinggi dibandingkan tabungan umum.  Persyaratan membuka rekening BritAma Bisnis adalah:  Setoran awal minimal Rp1 juta Melampirkan identitas diri dan NPWP bagi WNI dan Paspor atau surat pendukung lain bagi WNA Mengisi formulir aplikasi pembukaan rekening (AR-01).  Lindungi keuanganmu dari pengeluaran yang terlalu membebani dengan santunan tunai dari asuransi penyakit kritis. Dengan adanya proteksi dari asuransi penyakit kritis, tabungan dan investasimu tetap aman. 9. Tabungan Haji Kamu yang masih muda dan berencana menjalankan rukun Islam yang kelima ini bisa memanfaatkan Tabungan Haji BRI.  Produk ini diperuntukkan bagi nasabah individu sebagai persiapan Biaya Penyelenggaraan Ibadah Haji (BPIH). Keunggulan Tabungan Haji BRi antara lain:  Gratis biaya administrasi Gratis asuransi kecelakaan dan jiwa maksimal hingga 120 persen dari saldo akhir atau Rp50 juta Terintegrasi dengan Siskohat Departemen Agama Penarikan tidak dibatasi selama memenuhi batas saldo minimum Mendapat souvenir perlengkapan haji Saldo tabungan mencapai Rp25 juta akan dibantu mendapatkan nomor validasi pendaftaran haji.  Persyaratan membuka rekening Tabungan Haji BRI yaitu:  Mengisi formulir pembukaan rekening Melampirkan KTP dan NPWP bagi WNI dan Paspor serta surat pendukung lain bagi WNA Setoran awal mulai Rp50 ribu (dalam rupiah) atau US$50 (dalam dolar Amerika Serikat).  10. Tabungan BRI Simpel Tabungan untuk siswa/pelajar yang diterbitkan oleh Bank BRI ini menawarkan kemudahan dan kesederhanaan dalam persyaratan serta fitur menarik.  Produk ini sengaja diciptakan untuk menarik minat pelajar dan melestarikan budaya menabung sejak dini. Adapun keunggulan lain dari Tabungan BRI Simpel antara lain:  Gratis biaya administrasi Setoran awal dan setoran lanjutan murah Pembukaan rekening mudah karena pelajar tidak perlu mendatangi bank Lokasi menabung tidak cuma di KC atau KCP BRi, tetapi bisa di sekolah Pembukaan rekening tanpa melalui mekanisme bundling atau harus ada rekening orang tua/wali Nama pada rekening atas nama pelajar yang menabung.  Sementara, persyaratan untuk mengajukan tabungan ini adalah:  Setoran awal mulai Rp5.000,- Melampirkan identitas siswa termasuk kartu pelajar/surat keterangan dari sekolah, fotokopi akta lahir, fotokopi kartu keluarga (KK), fotokopi KTP orang tua/wali. Mengisi formulir aplikasi pembukaan rekening Melampirkan formulir tambahan yaitu persetujuan orang tua/wali.  11. TabunganKu TabunganKu merupakan produk simpanan untuk nasabah perorangan dengan persyaratan mudah dan ringan.  Produk TabunganKu bukan hanya punya BRI ,karena TabunganKu juga diterbitkan secara bersama oleh bank-bank di Indonesia yang bertujuan untuk menumbuhkan budaya menabung serta meningkatkan kesejahteraan masyarakat. Adapun kelebihan dan kekurangan dari TabunganKu antara lain:  Mata uang dalam rupiah Bebas biaya administrasi tabungan Minimum saldo Rp20 ribu Biaya penutupan rekening Rp20 ribu Tidak tersedia kartu ATM Tarik tunai bisa dilakukan di semua kantor Bank BRI di Indonesia Tidak diperkenankan untuk rekening bersama.  12. Junio, produk Bank BRI jenis tabungan untuk anak Bagi orang tua yang ingin melatih anaknya menabung, sangat bisa menggunakan Junio. Produk dari BRI ini memang khusus untuk anak-anak dengan berbagai fitur dan fasilitas menarik khas anak-anak. Keunggulan Junio antara lain:  Transaksi real time online Kemudahan bertransaksi di lebih dari 10.500 Unit Kerja BRI dan 23 ribu ATM BRI di seluruh Indonesia Gratis cover asuransi kecelakaan diri hingga Rp150 juta Dilengkapi fitur Tabungan BRI Junio Rencana Bunga tabungan kompetitif Desain karakter khusus untuk buku tabungan dan kartu debit.  Persyaratan pembukaan tabungan Junio yaitu:  Usia anak 0-12 tahun wajib disertai orang tua yang telah memiliki rekening BRI, mengisi formulir aplikasi pembukaan rekening, melampirkan KK dan Akta Kelahiran, setoran awal mulai Rp100 ribu, fotokopi NPWP orang tua. Usia anak 12-17 tahun:mengisi formulir pembukaan rekening, melampirkan identitas diri yaitu kartu pelajar, setoran awal Rp150 ribu, pembukaan rekening disertai fotokopi KTP orang tua/wali, serta surat pernyataan dari orang tua.  Penasaran dengan berapa uang yang kamu bisa dapatkan dari menabung di bank? Cek dengan kalkulator menabung bulanan Lifepal berikut.             Kalau kamu masih punya pertanyaan terkait manfaat produk simpanan perbankan dan butuh tips pengelolaan keuangan, konsultasikan saja di Lifepal. Produk Bank BRI selain tabungan BRI juga memiliki banyak produk sesuai kebutuhan nasabah selain tabungan. Produk-produk berikut juga menjadi penopang bisnis BRI lho!  Berikut sejumlah produk bank BRI yang perlu kamu tahu dan mungkin bisa kamu manfaatkan kelak. 1. Produk asuransi BRI Sebagai instansi keuangan milik pemerintah yang unggul dalam jasa pelayanan perbankan, Bank BRI juga memiliki produk proteksi asuransi untuk seluruh masyarakat. Asuransi BRI terbagi menjadi tiga jenis produk perlindungan, yaitu:  BRI Life jiwa untuk manfaat santunan tunai untuk keluarga nasabah. BRI Life kesehatan untuk pertanggungan biaya medis di rumah sakit atau klinik. BRINS untuk perlindungan ganti rugi atas aset perusahaan dan kebutuhan lainnya.  2. Produk pinjaman BRI BRI punya banyak produk pinjaman yang bisa mewujudkan impian nasabahnya. Beberapa produk pinjaman BRI adalah:  KPR BRI: pinjaman untuk kredit pemilikan rumah, termasuk rumah subsidi. KPR BRI Syariah: pinjaman untuk kredit pemilikan rumah dengan metode syariah. KKB BRI: pinjaman untuk kepemilikan benda seperti mobil atau motor. BRIGUNA: pinjaman untuk segala kebutuhan seperti membeli mobil hingga biaya pendidikan anak. Micro: pinjaman untuk pelaku UMKM berskala kecil yang terdiri atas KUR dan KUPEDES Retail Menengah: pinjaman yang terdiri atas Kredit Modal Kerja dan Kredit Investasi. Pinjaman Program: pinjaman yang terdiri atas kredit pangan, resi gudang, dan kredit kemitraan. Kredit Waralaba: pinjaman modal kerja plus kredit investasi.  3. Produk investasi BRI Investasi juga menjadi bagian dari produk Bank BRI. Produk investasi yang tersedia di BRI terdiri atas 3 kategori yaitu Dana Pensiun Lembaga Keuangan (DPLK), reksa dana, dan Surat Berharga Negara (SBN) Ritel atau obligasi. Nah itu tadi produk Bank BRI yang ternyata gak cuma tabungan aja. Kamu bisa memilih menggunakan produk BRI yang sesuai kebutuhan ya! Sudah siap pilih? Lindungi keuanganmu dari pengeluaran yang terlalu membebani akibat mahalnya biaya berobat di rumah sakit dengan asuransi kesehatan. Asuransi kesehatan akan memberimu pertanggungan biaya medis hingga puluhan dan bahkan ratusan juta. Tips dari Lifepal! Salah satu produk yang ditawarkan Bank BRI adalah tabungan. Tapi, BRI tidak cuma menawarkan produk tabungan. BRI memiliki segudang produk yang disesuaikan dengan target nasabahnya yaitu individu, korporasi, dan UMKM. UMKM menjadi salah satu nasabah prioritas BRI karena perbankan BUMN ini memang punya fokus bisnis untuk sektor tersebut. Sekadar informasi, terdapat pula produk bank BRI syariah yang bisa disesuaikan dengan kebutuhan nasabah. Jangan lupa untuk selalu menjaga kesehatan tubuh, sebab biaya pengobatan kamu tidaklah murah. Oleh karena itu, mari mulai melakukan gaya hidup sehat. Selain itu, kamu pun tetap harus menjaminnya dengan memiliki asuransi kesehatan. Semoga informasi ini bermanfaat! Uang pertanggungan dari asuransi Produk asuransi akan memberikan uang pertanggungan (UP), berupa sejumlah uang yang akan cair jika terjadi risiko meninggal dunia. Kita bisa mengetahui nilai UP dengan menghitung Nilai Hidup Manusia. Jika kamu ingin mengetahui berapa besarannya, manfaatkan kalkulator berikut ini untuk menghitungnya:             Perlu diketahui, asuransi memiliki sejumlah risiko, terutama mengenai risiko kerugian investasi. Jika produk yang kamu pilih berbentuk unit link, maka ada risiko kerugian investasi di dalamnya. Artinya, ada kemungkinan kamu perlu membayar premi lebih lama dari ketentuan awal jika terjadi risiko kerugian tersebut. Kalau kamu tidak mengisi ulang saldo unit link yang kosong, bisa-bisa polis kamu lapse. Maka dari itu, pastikan sebelum memilih produknya kamu sudah membaca polisnya secara rinci. Mau cara yang lebih simple? Manfaatkan fitur perbandingan asuransi terbaik di Lifepal! Simak video di bawah ini untuk mendapatkan tips memilih asuransi kesehatan terbaik:  Pertanyaan seputar produk Bank BRI Apakah itu BRI Junio? Bagi orang tua yang ingin melatih anaknya menabung, sangat bisa menggunakan Junio. Produk dari BRI ini memang khusus untuk anak-anak dengan berbagai fitur dan fasilitas menarik khas anak-anak. Yuk, cek info selengkapnya di artikel ini. Kenapa penting untuk memiliki asuransi? Perlindungan finansial asuransi penting, agar tidak terbebani pengeluaran mendadak yang menguras tabungan. Pilih produk asuransi sesuai kebutuhan, yaitu asuransi kesehatan, asuransi jiwa, asuransi mobil, asuransi motor, asuransi rumah, dan lainnya. Cari tahu di Lifepal. Sesuai namanya, BritAma Rencana, tabungan ini hadir untuk membantu nasabah mewujudkan rencana atau impiannya seperti membeli kendaraan atau rumah.  Tabungan investasi ini memiliki setoran tetap bulanan yang dilengkapi dengan fasilitas perlindungan asuransi jiwa bagi nasabah. Terdapat dua pilihan rencana menabung yaitu BritAma Rencana Plan A dan BritAma Rencana Plan B. Untuk mendapatkan informasi lebih jelas, kamu bisa mengunjungi Kc atau KCP BRI terdekat. Adapun keunggulan dari produk tabungan BritAma Rencana adalah: Persyaratan untuk membuka tabungan ini adalah: Produk ini adalah tabungan dalam mata uang asing yang menawarkan kemudahan transaksi dan nilai tukar yang kompetitif.  Tersedia dalam 10 jenis mata uang meliputi US$, AUD, SGD, CNY, EUR, AED, HKD, JPY, SAR, dan GB. Keunggulan BritAma Valas adalah: Persyaratan membuka tabungan ini adalah: Produk ini adalah tabungan BRI yang diutamakan untuk digunakan dalam bisnis. Kenapa diutamakan untuk bisnis?  Karena BritAma Bisnis memberikan keleluasaan lebih dalam bertransaksi, kejelasan lebih dalam pencatatan transaksi, dan keuntungan yang lebih untuk menunjang transaksi kebutuhan bisnis nasabah. Keunggulan BritAma Bisnis yaitu: Persyaratan membuka rekening BritAma Bisnis adalah: Kamu yang masih muda dan berencana menjalankan rukun Islam yang kelima ini bisa memanfaatkan Tabungan Haji BRI.  Produk ini diperuntukkan bagi nasabah individu sebagai persiapan Biaya Penyelenggaraan Ibadah Haji (BPIH). Keunggulan Tabungan Haji BRi antara lain: Persyaratan membuka rekening Tabungan Haji BRI yaitu: Tabungan untuk siswa/pelajar yang diterbitkan oleh Bank BRI ini menawarkan kemudahan dan kesederhanaan dalam persyaratan serta fitur menarik.  Produk ini sengaja diciptakan untuk menarik minat pelajar dan melestarikan budaya menabung sejak dini. Adapun keunggulan lain dari Tabungan BRI Simpel antara lain: Sementara, persyaratan untuk mengajukan tabungan ini adalah: TabunganKu merupakan produk simpanan untuk nasabah perorangan dengan persyaratan mudah dan ringan.  Produk TabunganKu bukan hanya punya BRI ,karena TabunganKu juga diterbitkan secara bersama oleh bank-bank di Indonesia yang bertujuan untuk menumbuhkan budaya menabung serta meningkatkan kesejahteraan masyarakat. Adapun kelebihan dan kekurangan dari TabunganKu antara lain: Bagi orang tua yang ingin melatih anaknya menabung, sangat bisa menggunakan Junio. Produk dari BRI ini memang khusus untuk anak-anak dengan berbagai fitur dan fasilitas menarik khas anak-anak. Keunggulan Junio antara lain: Persyaratan pembukaan tabungan Junio yaitu: Penasaran dengan berapa uang yang kamu bisa dapatkan dari menabung di bank? Cek dengan kalkulator menabung bulanan Lifepal berikut. Kalau kamu masih punya pertanyaan terkait manfaat produk simpanan perbankan dan butuh tips pengelolaan keuangan, konsultasikan saja di Lifepal. BRI juga memiliki banyak produk sesuai kebutuhan nasabah selain tabungan. Produk-produk berikut juga menjadi penopang bisnis BRI lho!  Berikut sejumlah produk bank BRI yang perlu kamu tahu dan mungkin bisa kamu manfaatkan kelak. Sebagai instansi keuangan milik pemerintah yang unggul dalam jasa pelayanan perbankan, Bank BRI juga memiliki produk proteksi asuransi untuk seluruh masyarakat. Asuransi BRI terbagi menjadi tiga jenis produk perlindungan, yaitu: BRI punya banyak produk pinjaman yang bisa mewujudkan impian nasabahnya. Beberapa produk pinjaman BRI adalah: Investasi juga menjadi bagian dari produk Bank BRI. Produk investasi yang tersedia di BRI terdiri atas 3 kategori yaitu Dana Pensiun Lembaga Keuangan (DPLK), reksa dana, dan Surat Berharga Negara (SBN) Ritel atau obligasi. Nah itu tadi produk Bank BRI yang ternyata gak cuma tabungan aja. Kamu bisa memilih menggunakan produk BRI yang sesuai kebutuhan ya! Sudah siap pilih? Tips dari Lifepal! Salah satu produk yang ditawarkan Bank BRI adalah tabungan. Tapi, BRI tidak cuma menawarkan produk tabungan. BRI memiliki segudang produk yang disesuaikan dengan target nasabahnya yaitu individu, korporasi, dan UMKM. UMKM menjadi salah satu nasabah prioritas BRI karena perbankan BUMN ini memang punya fokus bisnis untuk sektor tersebut. Sekadar informasi, terdapat pula produk bank BRI syariah yang bisa disesuaikan dengan kebutuhan nasabah. Jangan lupa untuk selalu menjaga kesehatan tubuh, sebab biaya pengobatan kamu tidaklah murah. Oleh karena itu, mari mulai melakukan gaya hidup sehat. Selain itu, kamu pun tetap harus menjaminnya dengan memiliki asuransi kesehatan. Semoga informasi ini bermanfaat! Produk asuransi akan memberikan uang pertanggungan (UP), berupa sejumlah uang yang akan cair jika terjadi risiko meninggal dunia. Kita bisa mengetahui nilai UP dengan menghitung Nilai Hidup Manusia. Jika kamu ingin mengetahui berapa besarannya, manfaatkan kalkulator berikut ini untuk menghitungnya: Perlu diketahui, asuransi memiliki sejumlah risiko, terutama mengenai risiko kerugian investasi. Jika produk yang kamu pilih berbentuk unit link, maka ada risiko kerugian investasi di dalamnya. Artinya, ada kemungkinan kamu perlu membayar premi lebih lama dari ketentuan awal jika terjadi risiko kerugian tersebut. Kalau kamu tidak mengisi ulang saldo unit link yang kosong, bisa-bisa polis kamu lapse. Maka dari itu, pastikan sebelum memilih produknya kamu sudah membaca polisnya secara rinci. Mau cara yang lebih simple? Manfaatkan fitur perbandingan asuransi terbaik di Lifepal! Simak video di bawah ini untuk mendapatkan tips memilih asuransi kesehatan terbaik:  Apakah itu BRI Junio? Bagi orang tua yang ingin melatih anaknya menabung, sangat bisa menggunakan Junio. Produk dari BRI ini memang khusus untuk anak-anak dengan berbagai fitur dan fasilitas menarik khas anak-anak. Yuk, cek info selengkapnya di artikel ini. Kenapa penting untuk memiliki asuransi? Perlindungan finansial asuransi penting, agar tidak terbebani pengeluaran mendadak yang menguras tabungan. Pilih produk asuransi sesuai kebutuhan, yaitu asuransi kesehatan, asuransi jiwa, asuransi mobil, asuransi motor, asuransi rumah, dan lainnya. Cari tahu di Lifepal. Dapatkan Tips dan Informasi Terpercaya untuk Keuangan dan Asuransimu CIBIS 9 17th Floor jl TB Simatupang No.2 Cilandak Timur, Pasar Minggu Jakarta Selatan 12560 Copyright © 2024 Lifepal-- Dikelola oleh PT Anugrah Atma Adiguna, pialang asuransi berizin dan diawasi oleh OJK sesuai KEP-018/KMK.17/1992 dan anggota APPARINDO 060-2001/APPARINDO/2024. Lifepal berusaha untuk menyajikan informasi yang akurat dan terbaru namun dapat berbeda dari informasi yang diberikan oleh penyedia layanan / institusi keuangan. Keseluruhan informasi diberikan tanpa jaminan, kami menyarankan untuk melakukan verifikasi sebelum melakukan keputusan finansial Anda."
Tanggapan PT. Bank Rakyat Indonesia (Persero) Tbk. atas ...,https://mediakonsumen.com/2023/02/20/tanggapan/tanggapan-pt-bank-rakyat-indonesia-persero-tbk-atas-pengaduan-ibu-ana-rahmawati,2024-08-15,2023-02-20,"Situs Konsumen No.1 di Indonesia 



 Sebelumnya kami menyampaikan terima kasih atas kepercayaan yang telah diberikan kepada Bank BRI dan mohon maaf atas kekurangnyamanan yang Ibu Ana Rahmawati alami. Terkait dengan laporan yang Ibu sampaikan pada tanggal 12 Februari 2023 pada Media Konsumen dengan judul “Mohon Bantuan Mediasi Terkait Masalah Salah Transfer Sesama Rekening BRI”, kami sampaikan bahwa kami sudah menghubungi Ibu serta penjelasan kami telah diterima secara baik. Mengingatkan kembali saat transaksi perlu dipastikan pada proses verifikasi telah sesuai nominal dan rekening tujuan. Kami sangat menghargai setiap masukan serta keluhan yang disampaikan dan kami berkomitmen untuk terus melakukan perbaikan demi peningkatan kualitas layanan Bank BRI. Untuk melakukan pengecekan status pengaduan dapat melalui Fitur Pengaduan di Pusat Bantuan BRImo atau layanan WhatsApp Sabrina 0812-12-14017 dan Bank BRI tidak pernah meminta data rahasia seperti Password, PIN, kode OTP, CVV/CVC dan M-Token. Demikian disampaikan, terima kasih. Salam, PT. Bank Rakyat Indonesia (Persero) Tbk.
Jl. Jendral Sudirman Kav 44-46
Jakarta 10320 						
			Assalamualaikum Wr. Wb. Kepada Yth. PT. Bank Republik Indonesia Di tempat Mohon bantuannya dari pihak Bank BRI terkait masalah yang...Baca Selengkapnya
  Hak konsumen untuk didengar pendapat dan keluhannya atas barang dan/atau jasa yang digunakan, dijamin oleh Pasal 4 d Undang-Undang Perlindungan Konsumen. Woi DEFAULT CARA BAYAR itu kita yg atur sendiri. Mau CC,gopay,gopaylater bisa kita pilih. Jd akan otomatis terpilih yg mana... Hati-hati dengan GoPay Later! iya, kelihatannya sih cantik dan canggih tapi zonx, mendingan beli manual aja. rugi 7.5 juta ga bisa dibuka sampai sekarang... Brankas Chubb Secure Line Home Safes Opal Lava, Baru 2 Tahun Sudah Rusak dan Tidak Bisa Diperbaiki Apa ada kaitan nya sama orang d dana ya jadi bisa hilang dan tanpa pemberitahuan ,, untuk pusat bantuan tidak... Hilangnya Saldo DANA Premium terkait Transaksi yang Tidak Pernah Saya Lakukan di Lazada Akun dana bahaya untuk perlindungan sama pertanggung jawaban nya tidak ada dari pihak terkait Hilangnya Saldo DANA Premium terkait Transaksi yang Tidak Pernah Saya Lakukan di Lazada Saya ucapkan terima kasih kepada Media Konsumen jika surat ini dimuat. Karena jujur, saya sangat tidak terima dengan tindakan TikTok  Lupa password Anda?  Lupa password? Silakan masukkan alamat email Anda. Anda akan menerima email berisi tautan untuk membuat password baru. Kembali ke halaman Login"
