article_title,article_link,article_date_accessed,article_date_published,article_content
RUPST BRI: Susunan Direksi Tetap dan Hanya Satu ...,https://infobanknews.com/rupst-bri-susunan-direksi-tetap-dan-hanya-satu-komisaris-yang-diganti/,2024-08-21,2024-03-01,"Jakarta – PT Bank Rakyat Indonesia (Persero) Tbk (BBRI) pada hari ini (1/3) telah melangsungkan rapat umum pemegang saham tahunan (RUPST) 2023. Salah satu agendanya adalah perubahan direksi dan komisaris perusahaan. Dalam RUPST tersebut, para pemegang saham memutuskan untuk memberhentikan dengan hormat dan mengangkat kembali Wakil Direktur Utama, Catur Budi Harto, Direktur Bisnis Wholesale dan Kelembagaan, Agus Noorsanto, serta Direktur Manajemen Risiko, Agus Sudiarto. Tidak hanya itu, para pemegang saham juga memberhentikan dengan hormat Hendrikus Ivo sebagai Komisaris Independen dan mengangkat Haryo Baskoro Wicaksono sebagai Komisaris Independen. “Anggota dewan komisaris yang diangkat itu baru dapat melaksanakan tugas dan fungsi dalam jabatannya setelah mendapatkan persetujuan dari OJK atas penilaian kemampuan dan kepatutan fit and proper test dan memenuhi ketentuan peraturan perundang-undangan yang berlaku,” ucap Direktur Utama BBRI, Sunarso dalam Konferensi Pers Virtual di Jakarta, 1 Maret 2024. Selain itu, BBRI juga melakukan perubahan nomenklatur jabatan untuk Direktur Bisnis Kecil dan Menengah menjadi Direktur Commercial, Small, and Medium Business. Lalu, Direktur Jaringan dan Layanan menjadi Direktur Retail Funding and Distribution. Sehingga berdasarkan perubahan tersebut, susunan direksi dan komisaris BBRI menjadi sebagai berikut: Itulah jajaran komisaris dan direksi terbaru hasil RUSPT BRI 2023. (*) ... ... ... Connect with us Copyright @ 2023 Infobanknews.comAll right reserved News UpdatePerbankanMoneter & FiskalKeuanganPasar Modal Ekonomi & BisnisShariah InsightInfo BPRMarket Update EntertainmentOtomotifPoliticFood & Travel RedaksiPedoman Media SiberKarirIklanMedia PartnerPrivacy PolicyDisclaimer InfobanknewsInfobankstoreInfobankdataInfobankeventInfobanktvUmkm Go Digital"
BRI tidak rombak jajaran direksi dalam RUPST 2024,https://www.antaranews.com/berita/3991251/bri-tidak-rombak-jajaran-direksi-dalam-rupst-2024,2024-08-21,2024-03-01,"Pewarta: Bayu SaputraEditor: Faisal Yunianto								Copyright © ANTARA 2024 

 

Kirim
Komentar menjadi tanggung-jawab Anda sesuai UU ITE.
"
"BRI (BBRI) Rombak Pengurus, Ini Susunan Komisaris dan ...",https://finansial.bisnis.com/read/20240301/90/1745660/bri-bbri-rombak-pengurus-ini-susunan-komisaris-dan-direksi-terbaru,2024-08-21,2024-03-01,"Nyaman tanpa iklan. Langganan BisnisPro Nyaman tanpa iklan. Langganan BisnisPro Nyaman tanpa iklan. Langganan BisnisPro Bisnis.com, JAKARTA – Rapat umum pemegang saham tahunan (RUPST) PT Bank Rakyat Indonesia (Persero) Tbk. (BBRI) telah memutuskan untuk mengubah jajaran kepengurusan di BRI. Adapun, RUPST BRI yang digelar pada Jumat (1/3/2024) itu memutuskan untuk memberhentikan dengan hormat Hendrikus Ivo dari jabatannya sebagai Komisaris Independen BRI. Kemudian, RUPST mengangkat Haryo Baskoro Wicaksono sebagai Komisaris Independen baru di BRI. ""Haryo Baskoro Wicaksono baru menjalankan tugasnya sebagai Komisaris Independen BRI setelah mendapatkan persetujuan OJK [Otoritas Jasa Keuangan] dan berdasarkan fit and proper test,"" ujar Direktur Utama BRI Sunarso dalam konferensi pers RUPST BRI pada Jumat (1/3/2024). Selain itu, RUPST juga mengubah nomenklatur jabatan atau direktorat di BRI. Direktorat Bisnis Kecil dan Menengah diubah menjadi Direktorat Commercial Small and Medium Business. Lalu, Direktorat Jaringan dan Layanan diubah menjadi Direktorat Retail Funding and Distribution.  ""RUPST pun kemudian mengalihkan penugasan nama-nama berikut direktur di direktorat tersebut,"" kata Sunarso. Amam Sukriyanto menjadi Direktur Commercial, Small, and Medium Business BRI. Lalu, Andrijanto menjadi Direktur Retail Funding and Distribution BRI.  Baca Juga Ke depannya, dengan perubahan struktur pengurus serta nomenklatur direktorat, BRI pun akan terus berupaya melaju. ""Perseroan berkomitmen fokus ke bisnis retail banking dan meningkatkan kontribusi perusahaan anak,"" tutur Sunarso.  Dewan Komisaris Komisaris Utama: Kartika Wirjoatmodjo Wakil Komisaris Utama/Independen: Rofikoh Rokhim Komisaris: Awan Nurmawan Nuh Komisaris: Rabin Indrajad Hattari Komisaris Independen: Dwi Ria Latifa  Komisaris Independen: Heri Sunaryadi  Komisaris Independen: Paripurna Poerwoko Sugarda Komisaris Independen: Agus Riswanto Komisaris Independen: Nurmaria Rosa Komisaris Independen: Haryo Baskoro Wicaksono* Dewan Direksi Direktur Utama: Sunarso Wakil Direktur Utama: Catur Budi Harto Direktur Keuangan: Viviana Dyah Ayu Retno K Direktur Bisnis Wholesale dan Kelembagaan: Agus Noorsanto Direktur Bisnis Mikro: Supari Direktur Digital dan Teknologi Informasi: Arga M. Nugraha Direktur Commercial, Small, and Medium Business: Amam Sukriyanto Direktur Retail Funding and Distribution: Andrijanto Direktur Human Capital: Agus Winardono Direktur Manajemen Risiko: Agus Sudiarto Direktur Bisnis Konsumer: Handayani Direktur Kepatuhan: A. Solichin Lutfiyanto Cek Berita dan Artikel yang lain di Google
            News dan WA Channel Nyaman tanpa iklan. Langganan BisnisPro Nyaman tanpa iklan. Langganan BisnisPro Nyaman tanpa iklan. Langganan BisnisPro Nyaman tanpa iklan. Langganan BisnisPro Nyaman tanpa iklan. Langganan BisnisPro"
BRI Umumkan Susunan Direksi Baru di RUPST 2024,https://biz.kompas.com/read/2024/03/02/090916328/bri-umumkan-susunan-direksi-baru-di-rupst-2024,2024-08-21,2024-03-02,"BRI Umumkan Susunan Direksi Baru di RUPST 2024 JAKARTA, KOMPAS.com - PT Bank Rakyat Indonesia (Persero) Tbk atau BRI mengumumkan susunan direksi baru di Rapat Umum Pemegang Saham Tahunan (RUPST) 2024 di Jakarta, Jumat (1/3/2024). RUPST tersebut memberhentikan dengan hormat dan mengangkat kembali Catur Budi Harto sebagai Wakil Direktur Utama BRI, Agus Noorsanto sebagai Direktur Bisnis Wholesale dan Kelembagaan, dan Agus Sudiarto sebagai Direktur Manajemen Risiko. Kemudian, RUPST memberhentikan Komisaris Independen Hendrikus Ivo sebagai Komisaris Independen. Pada kesempatan itu, Direktur Utama BRI Sunarso mengucapkan terima kasih kepada Hendrikus Ivo atas dedikasinya sebagai komisaris independen. Sebagai pengganti, Haryo Baskoro Wicaksono diangkat menjadi komisaris independen. Haryo baru bisa melaksanakan tugas dan fungsi dalam jabatannya setelah mendapat persetujuan dari Otoritas Jasa Keuangan (OJK). RUPST juga memutuskan nomenklatur jabatan atau nama direktorat di BRI. Pertama, Direktur Bisnis Kecil dan Menengah berubah jadi Direktur Commercial, Small, and Medium Business. Kedua, Direktur Jaringan dan Layanan menjadi Direktur Retail Funding and Distribution. RUPST juga mengalihkan penugasan Amam Sukriyanto dari Direktur Bisnis Kecil dan Menengah menjadi Direktur Commercial, Small, and Medium Business. Selanjutnya, Andrijanto dari Direktur Jaringan dan Layanan menjadi Direktur Retail Funding and Distribution. Berikut adalah susunan baru dewan komisaris dan direksi BRI. Dewan Komisaris Dewan Direksi Bagikan dividen Rp 48,1 triliun Dalam RUPST, BRI menyetujui pembagian dividen sebesar 80 persen dari laba bersih Rp 60,43 triliun. Jumlah ini setara dengan Rp 48,10 triliun atau Rp 319 per lembar saham. Sunarso mengatakan, jumlah tersebut sudah termasuk dengan dividen interim yang dibagikan BRI sebesar Rp 12,66 triliun atau Rp 84 per lembar saham pada 18 Januari 2024. Jika dirinci, pemerintah selaku pemilik 53 persen saham BRI mendapatkan dividen interim Rp 6,77 triliun, sedangkan publik mendapatkan Rp 5,89 triliun. Selanjutnya, terdapat sisa dividen tunai Rp 35,43 triliun atau Rp 235 per saham. Dari jumlah tersebut, pemerintah mendapatkan Rp 18,94 triliun. Sisanya Rp 16,49 triliun diberikan untuk publik. “Atas sisa laba sebesar 20 persen atau Rp 11,99 triliun, BRI akan menggunakannya sebagai saldo sisa laba ditahan,” kata Sunarso. YOGARTA AWAWA PRABANING ARKA/KOMPAS.COM Direktur Utama BRI Sunarso.  Sunarso memaparkan, capaian positif BRI tersebut ditopang penyaluran kredit BRI sebesar Rp 1.266,4 triliun atau tumbuh 11,18 persen secara tahunan. Segmen usaha mikro kecil dan menengah (UMKM) masih menjadi mayoritas penyaluran kredit BRI, yakni Rp 1.068 triliun atau berkontribusi sebesar 84,4 persen. Sunarso optimistis, BRI dapat membagikan dividen jumbo secara konsisten hingga lima tahun ke depan. Pasalnya, BRI memiliki rasio kecukupan modal atau capital adequacy ratio (CAR) sebesar 27,3 persen. Angka tersebut tergolong aman karena berdasarkan ketentuan untuk menanggung segala potensi risiko membutuhkan CAR sebesar 17,5 persen. Dengan demikian, BRI memiliki kelonggaran CAR sebesar 10 persen. Dengan asumsi pertumbuhan bisnis mengonsumsi CAR sebesar 2 persen per tahun, BRI belum membutuhkan tambahan modal hingga 5 tahun ke depan. ""Hal tersebut membuat BRI memiliki kelonggaran untuk membagikan dividen dengan porsi cukup besar dari laba yang dihasilkan,” tuturnya. Copyright 2008 - 2024 PT. Kompas Cyber Media (Kompas Gramedia Digital Group). All Rights Reserved."
"Gelar RUPST, Sunarso Kembali Ditunjuk Jadi Dirut BRI",https://ekonomi.republika.co.id/berita/rrgb3o423/gelar-rupst-sunarso-kembali-ditunjuk-jadi-dirut-bri,2024-08-21,2023-03-13,"RUPST sepakat mengangkat kembali direksi yang masa jabatannya telah habis  REPUBLIKA.CO.ID, JAKARTA -- PT Bank Rakyat Indonesia (Persero) Tbk atau BRI telah mendapat restu dari pemegang saham untuk mengubah struktur kepengurusan Perseroan. Melalui Rapat Umum Pemegang Saham Tahunan (RUPST), Sunarso kembali ditunjuk sebagai direktur utama Perseroan.  


   Selain Sunarso, kursi direksi lainnya juga masih dipercayai kepada direktur terdahulu di periode sebelumnya. RUPST sepakat mengangkat kembali direksi yang masa jabatannya telah habis, antara lain Supari sebagai Direktur Bisnis, dan Ahmad Solichin sebagai Direktur Kepatuhan.
Baca Juga
 

Harga Murah, Bos BRI: Momentum Tepat Buyback Saham
 
BRI Bagikan Dividen Rp 43,5 Triliun
 
Ikuti Kursus Gratis Road to IELTS dari British Council

    Direktur Utama BRI, Sunarso, mengatakan RUPST juga menyetujui perubahan pada susunan komisaris. ""RUPST BRI menyetujui untuk memberhentikan dengan hormat Hadiyanto sebagai komisaris karena habis masa tugasnya,"" kata Sunarso saat konferensi pers RUPST Tahun Buku 2022, Senin (13/3/2023).     RUPST juga menyepakati Awan Nurmawan Nuh sebagai Komisaris BRI. Awan sebelumnya menjabat sebagai Irjen Kementerian Keuangan. Komisaris, dan anggota dewan komisaris baru dapat menjalankan tugas setelah fit and proper test. 








   Dengan demikian, susunan Komisaris dan Direksi BRI hasil RUPST hari ini adalah sebagai berikut: Dewan Komisaris   Komisaris Utama: Kartika Wirjoatmodjo   Wakil Komisaris Utama/Independen: Rofikoh Rokhim   Komisaris: Rabin Indrajad Hattari   Komisaris: Awan Nurmawan Nuh   Komisaris Independen: Hendrikus Ivo   Komisaris Independen: Dwi Ria Latifa   Komisaris Independen: Heri Sunaryadi   Komisaris Independen: Paripurna Poerwoko Sugarda   Komisaris Independen: Agus Riswanto   Komisaris Independen: Nurmaria Rosa Dewan Direksi   Direktur Utama: Sunarso   Wakil Direktur Utama: Catur Budi Harto   Direktur Bisnis Mikro: Supari   Direktur Bisnis Kecil dan Menengah: Amam Sukriyanto   Direktur Bisnis Konsumer: Handayani   Direktur Human Capital: Agus Winardono   Direktur Keuangan: Viviana Dyah Ayu Retno K   Direktur Digital dan Teknologi Informasi: Arga M. Nugraha   Direktur Manajemen Risiko: Agus Sudiarto   Direktur Bisnis Wholesale dan Kelembagaan: Agus Noorsanto   Direktur Jaringan dan Layanan: Andrijanto   Direktur Kepatuhan: A. Solichin Lutfiyanto.





			Ikuti Whatsapp Channel Republika 

 REPUBLIKA.CO.ID, JAKARTA -- PT Bank Rakyat Indonesia (Persero) Tbk atau BRI telah mendapat restu dari pemegang saham untuk mengubah struktur kepengurusan Perseroan. Melalui Rapat Umum Pemegang Saham Tahunan (RUPST), Sunarso kembali ditunjuk sebagai direktur utama Perseroan.     Selain Sunarso, kursi direksi lainnya juga masih dipercayai kepada direktur terdahulu di periode sebelumnya. RUPST sepakat mengangkat kembali direksi yang masa jabatannya telah habis, antara lain Supari sebagai Direktur Bisnis, dan Ahmad Solichin sebagai Direktur Kepatuhan.    Direktur Utama BRI, Sunarso, mengatakan RUPST juga menyetujui perubahan pada susunan komisaris. ""RUPST BRI menyetujui untuk memberhentikan dengan hormat Hadiyanto sebagai komisaris karena habis masa tugasnya,"" kata Sunarso saat konferensi pers RUPST Tahun Buku 2022, Senin (13/3/2023).      RUPST juga menyepakati Awan Nurmawan Nuh sebagai Komisaris BRI. Awan sebelumnya menjabat sebagai Irjen Kementerian Keuangan. Komisaris, dan anggota dewan komisaris baru dapat menjalankan tugas setelah fit and proper test.    Dengan demikian, susunan Komisaris dan Direksi BRI hasil RUPST hari ini adalah sebagai berikut:  Dewan Komisaris    Komisaris Utama: Kartika Wirjoatmodjo    Wakil Komisaris Utama/Independen: Rofikoh Rokhim    Komisaris: Rabin Indrajad Hattari    Komisaris: Awan Nurmawan Nuh    Komisaris Independen: Hendrikus Ivo    Komisaris Independen: Dwi Ria Latifa    Komisaris Independen: Heri Sunaryadi    Komisaris Independen: Paripurna Poerwoko Sugarda    Komisaris Independen: Agus Riswanto    Komisaris Independen: Nurmaria Rosa  Dewan Direksi    Direktur Utama: Sunarso    Wakil Direktur Utama: Catur Budi Harto    Direktur Bisnis Mikro: Supari    Direktur Bisnis Kecil dan Menengah: Amam Sukriyanto    Direktur Bisnis Konsumer: Handayani    Direktur Human Capital: Agus Winardono    Direktur Keuangan: Viviana Dyah Ayu Retno K    Direktur Digital dan Teknologi Informasi: Arga M. Nugraha    Direktur Manajemen Risiko: Agus Sudiarto    Direktur Bisnis Wholesale dan Kelembagaan: Agus Noorsanto    Direktur Jaringan dan Layanan: Andrijanto    Direktur Kepatuhan: A. Solichin Lutfiyanto. (QS. Al-An'am ayat 96) Jl. Warung Buncit Raya No 37 Jakarta Selatan 12510  Phone: 021 780 3747  Email:
[email protected] (Redaksi)
[email protected] ( Marketing ) 
[email protected] ( Kerjasama ) 
[email protected] ( Customer Care )
           Copyright © 2023. Republika.co.id. All rights reserved."
"Gelar RUPST, BRI Angkat Kembali Tiga Direksi ... - Keuangan",https://keuangan.kontan.co.id/news/gelar-rupst-bri-angkat-kembali-tiga-direksi-dan-mengganti-satu-komisaris,2024-08-21,2024-03-01,"Reporter: Adrianus Octaviano | Editor: Herlina Kartika Dewi KONTAN.CO.ID - JAKARTA. PT Bank Rakyat Indonesia Tbk (BBRI) melaksanakan Rapat Umum Pemegang Saham Tahunan (RUPST) 2023 pada Jumat, 1 Maret 2023. Salah satu agenda dalam RUPST tersebut adalah perubahan jajaran pengurus.  Direktur Utama BRI Sunarso mengungkapkan, dalam RUPST tersebut telah disepakati pengangkatan kembali direksi yang masa jabatannya habis. Beberapa di antaranya adalah Wakil Direktur Utama Catur Budi Harto, Direktur Bisnis Wholesale dan Kelembagaan Agus Noorsanto, dan Direktur Manajemen Risiko Agus Sudiarto.  Sementara itu, RUPST juga memberhentikan dengan hormat Komisaris Independen Hendrikus Ivo yang telah menduduki posisi jabatan tersebut sejak tahun 2019.  Sebagai penggantinya, Haryo Baskoro Wicaksono diangkat menjadi komisaris independen dari bank yang fokus pada kredit wong cilik ini. Sunarso pun mengungkapkan terima kasih pada Hendrikus Ivo atas dedikasinya sebagai komisaris independen.  Baca Juga: Sah! BRI Bakal Membagikan Dividen Senilai Rp 48,1 Triliun dari Laba 2023   “Haryo Bagus Wicaksono baru bisa melaksanakan tugas dan fungsi dalam jabatannya setelah mendapat persetujuan dari Otoritas Jasa Keuangan (OJK),” ujarnya dalam konferensi pers, Jumat (1/3).  Sementara itu, RUPST juga memutuskan adanya perubahan nomenklatur jabatan atau nama direktorat di BRI. Pertama, Direktur Bisnis Kecil dan Menengah berubah jadi Direktur Commercial, Small, and Medium Bussines. Kedua, Direktur Jaringan dan Layanan menjadi Direktur Retail Funding and Distribution.  Dengan demikian, Aman Sukriyanto yang semula Direktur Bisnis Kecil dan Menengah berubah berubah menjadi Direktur Commercial, Small, and Medium Bussines. Sementara, Andrijanto  yang semula Direktur Jaringan dan Layanan menjadi Direktur Retail Funding and Distribution.  Berikut susunan dewan komisaris dan direksi BRI:  Dewan Komisaris  Komisaris Utama: Kartika Wirjoatmodjo Wakil Komisaris Utama/Independen: Rofikoh Rokhim Komisaris: Rabin Indrajad Hattari Komisaris: Awan Nurmawan Komisaris Independen: Haryo Baskoro Wicaksono* Komisaris Independen: Dwi Ria Latifa Komisaris Independen: Heri Sunaryadi Komisaris Independen: Paripurna Poerwoko Sugarda Komisaris Independen: Agus Riswanto Komisaris Independen: Nurmaria Rosa   Dewan Direksi  Direktur Utama: Sunarso Wakil Direktur Utama: Catur Budi Harto Direktur Bisnis Mikro: Supari Direktur Commercial, Small, and Medium Bussines: Amam Sukriyanto Direktur Bisnis Konsumer: Handayani Direktur Human Capital: Agus Winardono Direktur Keuangan: Viviana Dyah Ayu Retno K Direktur Digital dan Teknologi Informasi: Arga M. Nugraha Direktur Manajemen Risiko: Agus Sudiarto Direktur Bisnis Wholesale dan Kelembagaan: Agus Noorsanto Direktur Retail Funding and Distribution: Andrijanto Direktur Kepatuhan: A. Solichin Lutfiyanto   *menunggu persetujuan dari OJK  Cek Berita dan Artikel yang lain di Google News"
"Sunarso dirut baru Bank BRI, ini profilnya",https://www.antaranews.com/berita/1041466/sunarso-dirut-baru-bank-bri-ini-profilnya,2024-08-21,2019-09-02,"Pewarta: Royke SinagaEditor: Ahmad Wijaya								Copyright © ANTARA 2019 

 

Kirim
Komentar menjadi tanggung-jawab Anda sesuai UU ITE.
"
Profil Dirut BRI Sunarso yang Putuskan BRI Kembali Jadi ...,https://bisnis.tempo.co/read/1742916/profil-dirut-bri-sunarso-yang-putuskan-bri-kembali-jadi-sponsor-liga-1-musim-20232024,2024-08-21,2023-06-30,"Lupa Kata Sandi? Klik di Sini atau Masuk melalui Belum Memiliki Akun Daftar di Sini atau Daftar melalui Sudah Memiliki Akun Masuk di Sini Konfirmasi Email Kami telah mengirimkan link aktivasi melalui email ke rudihamdani@gmail.com. Klik link aktivasi dan dapatkan akses membaca 2 artikel gratis non Laput di koran dan Majalah Tempo Jika Anda tidak menerima email,
Kirimkan Lagi Sekarang Pencarian Terpopuler Reporter Andika Dwi Editor Martha Warta Silaban Jumat, 30 Juni 2023 11:19 WIB 

                      Bagikan
                    
 TEMPO.CO, Jakarta - Direktur Utama Bank Rakyat Indonesia (BRI), Sunarso, menyatakan BRI akan kembali menjadi sponsor utama Liga 1. Hal ini merupakan ketiga kalinya bagi BRI menjadi sponsor dengan berbagai pertimbangan. Keputusan orang nomor satu di BRI ini didasarkan atas economic value atau nilai ekonomi dari perhelatan akbar tersebut. Lantas, bagaimana kiprah dan profil Sunarso? Sunarso bukanlah nama baru di jajaran dewan direksi BRI. Sunarso pernah menjabat Wakil Direktur sejak 2015. Kemudian, ia ditetapkan sebagai Dirut menggantikan Suprajarto melalui Rapat Umum Pemegang Saham Luar Biasa (RUPSLB) di Jakarta, pada Senin, 2 September 2019.  Baca juga: Jadwal Siaran Langsung Liga 1 2024-2025 Pekan Ketiga dan Top Skornya Dilansir dari Antara, pria kelahiran Pasuruan pada 7 November 1963 itu sempat menduduki kursi Direktur Utama PT Pegadaian (Persero) pada Oktober 2017 sampai Januari 2019. Namun, ia kembali ditunjuk menjadi salah pimpinan tertinggi bank plat merah tersebut.  Sunarso mengawali pendidikan di perguruan tinggi dengan meraih gelar Sarjana Pertanian dari Institut Pertanian Bogor (IPB) pada 1988. Bos BRI itu juga melanjutkan pascasarjana hingga memperoleh gelar Master of Business Administration dari Universitas Indonesia (UI) pada 2002.  Pria yang menerbitkan buku berjudul Strategi Pembangunan Pertanian yang Visioner dan Integratif itu tercatat mengikuti berbagai program pelatihan di London Business School, Melbourne University, University of Chicago, University of New South Wales, dan Northwestern University.  Berita Selanjutnya Zulhas Sebut Impor Ilegal seperti Kuman: Tambah Kuat, Tambah Canggih 5 menit lalu Tempo Channel Dapatkan kabar pilihan editor dan breaking news di Tempo.co WhatsApp Channel. Artikel Terkait Jadwal Siaran Langsung Liga 1 2024-2025 Pekan Ketiga dan Top Skornya Jadwal Persib Bandung: Hadapi Arema FC di Pekan Ketiga Liga 1, Hodak Berharap Cedera David da Silva Tak Serius Persib Bandung Ditahan Dewa United 2-2 pada Pekan Kedua Liga 1, Simak Komentar Bojan Hodak dan Ciro Alves Klasemen Liga 1 2024-2025 setelah Jadwal Pekan Kedua Usai, Juga Rekap Hasil dan Top Skornya Rekap Hasil, Klasemen, dan Top Skor Liga 1 Pekan Kedua: Persib Bandung Ditahan Dewa United, Persik Kediri Menang Hasil Liga 1 Pekan Kedua: Dewa United vs Persib Bandung 2-2, Egy Maulana Vikri Cetak Gol Penyelamat Tangsel Warrior Rekomendasi Artikel Video Pilihan Jadwal Siaran Langsung Liga 1 2024-2025 Pekan Ketiga dan Top Skornya 4 jam lalu Jadwal Liga 1 2004-2025 akan memasuki pekan ketiga. Rangkaian pertandingannya akan berlangsung Jumat hingga Selasa, 23 - 27 Agustus 2024. Jadwal Persib Bandung: Hadapi Arema FC di Pekan Ketiga Liga 1, Hodak Berharap Cedera David da Silva Tak Serius 1 hari lalu Jadwal Persib Bandung pada pekan ketiga Liga 1 2024-2025 akan menampilkan pertandingan melawan Arema FC. David da Silva cedera. Persib Bandung Ditahan Dewa United 2-2 pada Pekan Kedua Liga 1, Simak Komentar Bojan Hodak dan Ciro Alves 1 hari lalu Persib Bandung hanya mampu bermain 2-2 dengan Dewa United dalam pertandingan pekan kedua Liga 1 2024-2025. Apa kata Bojan Hodak dan Ciro Alves?  Klasemen Liga 1 2024-2025 setelah Jadwal Pekan Kedua Usai, Juga Rekap Hasil dan Top Skornya 1 hari lalu Rangkaian pertandingan pekan kedua Liga 1 2024-2025 sudah tuntas digelar. Tiga klub, yakni PSM Makassar, Borneo FC, dan Bali United terus menang. Rekap Hasil, Klasemen, dan Top Skor Liga 1 Pekan Kedua: Persib Bandung Ditahan Dewa United, Persik Kediri Menang 1 hari lalu Hasil Liga 1 pekan kedua: Persik Kediri menang di kandang PSS Sleman, sedangkan Persib Bandung tertahan di markas Dewa United.  Hasil Liga 1 Pekan Kedua: Dewa United vs Persib Bandung 2-2, Egy Maulana Vikri Cetak Gol Penyelamat Tangsel Warrior 1 hari lalu Gol Egy Maulana Vikri menyelamatkan Dewa United dari kekalahan atas Persib Bandung pada pekan kedua Liga 1 2024-2025. Hasil Liga 1: PSS Sleman vs Persik Kediri 0-2, Gol Ramiro Fergonzi dan Supriadi Bawa Macan Putih Menang 1 hari lalu Kemenangan atas PSS Sleman membuat Persik Kediri naik ke urutan kedelapan klasemen sementara Liga 1 2024-2025. Prediksi PSS Sleman vs Persik Kediri di Liga 1 Hari Ini: Jadwal Live, Komentar Pelatih, H2H, Perkiraan Formasi 2 hari lalu Duel PSS Sleman vs Persik Kediri pada pekan kedua Liga 1 2024-2025 diprediksi akan berakhir seri. Jadwal Persib Bandung di Liga 1 Malam Ini: Bojan Hodak Sebut Dewa United Kuat di Sektor Gelandang 2 hari lalu Bojan Hodak meminta Persib Bandung untuk mewaspadai lini tengah Dewa United dalam laga pekan kedua Liga 1 malam ini. Jadwal Bola Senin 19 Agustus 2024: Persib di Liga 1, Tottenham di Liga Inggris, Como di Liga Italia, dan Atletico di Liga Spanyol 2 hari lalu Jadwal bola pada Senin hingga Selasa dinihari, 19-20 Agustus 2024, akan menampilkan pertandingan Liga 1, Liga Inggris, Liga Spanyol, dan Liga Italia. Terpopuler di Bisnis Massa Demo di Kawasan Patung Kuda: Katanya UU Cipta Kerja Datangkan Investasi, Ternyata Banyak Buruh Kena PHK 22 jam lalu Daftar Formasi CPNS Kementan 2024 untuk Lulusan SMK hingga S2 22 jam lalu Profil Suswono, Menteri Pertanian Era SBY yang Jadi Cawagub Jakarta Pendamping Ridwan Kamil 21 jam lalu Daftar Formasi CPNS BRIN 2024 dan Persyaratan Pendidikannya 6 jam lalu Forest Watch: IKN Menggusur Masyarakat Adat dan Merusak Lingkungan, Hutan Mangrove Dibabat  8 jam lalu  3 jam lalu Terkini: Lion Air Group Sebar 50 Tiket Gratis Setiap Hari; Profil Suswono, Menteri Pertanian Era SBY yang Dampingi Ridwan Kamil 20 jam lalu Jokowi Gelar Karpet Merah untuk Tenaga Kerja Asing di IKN, Respons Kemnaker? 16 jam lalu Daftar Formasi CPNS Arsip Nasional Republik Indonesia 2024 dan Kisaran Gajinya  2 jam lalu Daftar Formasi CPNS Kemenparekraf 2024 dan Kisaran Gajinya  5 jam lalu 
    Terkini di Bisnis   Zulhas Sebut Impor Ilegal seperti Kuman: Tambah Kuat, Tambah Canggih 5 menit lalu Sri Mulyani Perkenalkan Keponakan Prabowo yang Menjadi Wakil Menteri Keuangan ke DPR 16 menit lalu Syarat dan Cara Pakai Nilai SKD 2023 untuk Daftar Seleksi CPNS 2024  39 menit lalu Sambut Peserta AZEC, Bahlil Janjikan Pengurangan Emisi 1 jam lalu Cara Cek Formasi CPNS 2024 dan Link Alternatifnya 1 jam lalu Samuel Sekuritas: IHSG Sesi I Menguat ke Level 7.560,4, Saham BBRI Diperdagangkan 31.486 Kali 1 jam lalu Daftar Formasi CPNS Arsip Nasional Republik Indonesia 2024 dan Kisaran Gajinya  2 jam lalu Transaksi Judi Online Diprediksi Mencapai Rp 400 Triliun pada Akhir 2024, Ini 3 Strategi Satgas 2 jam lalu Zulhas Ungkap Ada 35-40 Persen Barang Impor Tak Terdata: Hambatan RI jadi Negara Maju 2 jam lalu Terkini Bisnis: Formasi CPNS BRIN 2024, Forest Watch Kritik Pembangunan IKN 3 jam lalu Simak berita harian lebih mendalam di Majalah Tempo Digital. LAPORAN UTAMA LAPORAN NASIONAL Informasi Trustworthy News Jaringan Media Media Sosial Unduh Aplikasi Tempo"
"BRI Life Tunjuk Aris Hartanto Jadi Dirut, Berikut Susunan ...",https://infobanknews.com/bri-life-tunjuk-aris-hartanto-jadi-dirut-berikut-susunan-direksi-dan-komisaris-terbaru/,2024-08-21,2024-05-06,"Jakarta – PT Asuransi BRI Life (BRI Life) menggelar Rapat Umum Pemegang Saham Tahunan (RUPST) pada 26 April 2024 lalu. Para pemegang saham menyepakati penunjukkan Aris Hartanto sebagai Direktur Utama BRI Life. Perubahan susunan direksi dan komisaris menjadi salah satu mata acara dalam RUPST yang dihelat secara hybrid dan dipimpin Muhammad Syafri Rozi, Komisaris Utama BRI Life, tersebut. Selain di jajaran direksi, susunan komisaris juga mengalami perubahan. Satu nama baru masuk sebagai komisaris, yakni Lau Soon Liang. Aris Hartanto sebelumnya menjabat sebagai Regional CEO Wilayah Medan PT Bank Rakyat Indonesia (Persero) Tbk atau BRI. Sedangkn Lau Soon Liang saat ini juga menjabat sebagai Emerging Market Chief Growth Officer, FWD Group. “BRI Life menyampaikan apresiasi yang setinggi-tingginya atas disahkannya Aris Hartanto sebagai Direktur Utama BRI Life, dan Lau Soon Liang sebagai Komisaris dalam RUPST BRI Life yang digelar pada 26 April 2024. Keduanya akan efektif berperan mengawal laju bisnis BRI Life, setelah penilaian kemampuan dan kepatutan disetujui oleh OJK,” jelas Head Of Corporate Secretary BRI Life Ade Nasution dalam keterangan resmi, Senin, 6 Mei 2024. Adapun dari sisi kinerja bisnis, per akhir 2023, nilai premi baru ekuivalen yang disetahunkan atau Annualized Premium Equivalent (APE) BRI Life tercatat sebesar Rp3,1 triliun. Rinciannya, sebesar 91 persen disumbang oleh produk tradisional dan 9 persen unit link. BRI Life juga tercatat mempunyai fundamental kuat dan sehat. Salah satuny tercermin dari Risk-Based Capital (RBC) yang mencapai 524 persen, jauh diatas batas minimum yang dipersyaratkan OJK yakni sebesar 120 persen. Sepanjang tahun lalu, BRI Life mampu membukukan laba bersih sebesar Rp463,3 miliar. Raihan itu melonjak 55,4 persen year on year (yoy, ketimbang Rp344,3 di tahun sebelumnya. Ade menambahkan, dengan tren positif kinerja keuangan BRI Life yang meningkat tahun lalu dan pertumbuhan bisnis asuransi jiwa nasional yang diproyeksi tetap tumbuh pada 2024, serta dukungan dari BRI sebagai perusahaan induk, BRI Life optimis kinerjanya akan semakin optimal. “Direksi menyampaikan keyakinannya bahwa BRI Life optimis dapat memberikan kontribusi sebesar Rp1,5 triliun kepada BRI Group,” tutupnya. Adapun berdasarkan hasil RUPST kali ini, maka susunan Anggota Dewan Komisaris, Anggota Direksi dan Dewan Pengawas Syariah PT Asuransi BRI Life sebagai berikut: Dewan Komisaris: *) Efektif setelah penilaian kemampuan dan kepatutan  disetujui OJK. Direksi   : *) Efektif setelah penilaian kemampuan dan kepatuhan disetujui OJK. Dewan Pengawas Syariah  ... ... ... Connect with us Copyright @ 2023 Infobanknews.comAll right reserved News UpdatePerbankanMoneter & FiskalKeuanganPasar Modal Ekonomi & BisnisShariah InsightInfo BPRMarket Update EntertainmentOtomotifPoliticFood & Travel RedaksiPedoman Media SiberKarirIklanMedia PartnerPrivacy PolicyDisclaimer InfobanknewsInfobankstoreInfobankdataInfobankeventInfobanktvUmkm Go Digital"
Dirut BRI Sunarso Raih The Most Committed CEO ...,https://finansial.bisnis.com/read/20231130/90/1719721/dirut-bri-sunarso-raih-the-most-committed-ceo-bisnis-indonesia-top-bumn-awards-2023,2024-08-21,2023-11-30,"Nyaman tanpa iklan. Langganan BisnisPro Nyaman tanpa iklan. Langganan BisnisPro Nyaman tanpa iklan. Langganan BisnisPro Bisnis.com, JAKARTA — Direktur Utama PT Bank Rakyat Indonesia (Persero) Tbk. (BBRI) Sunarso meraih penghargaan di Bisnis Indonesia TOP BUMN Awards 2023 yakni special award sebagai The Most Committed Chief Executive Officer State-Owned Enterprises In Driving Technological Change. TOP BUMN Awards 2023 merupakan acara yang digelar Bisnis Indonesia Group sebagai bentuk apresiasi kepada Badan Usaha Milik Negara (BUMN). Pada tahun ini, gelaran TOP BUMN Awards mengambil tajuk Competitiveness, Innovation, and Prosperity. Para penerima penghargaan dinilai berdasarkan kinerja, gagasan, inovasi, serta transformasi bisnis perusahaan, di tengah situasi ekonomi global dan domestik yang dinamis. Sunarso berkiprah di BRI sejak ditunjuk dalam rapat umum pemegang saham luar biasa (RUPSLB) BRI pada 2019. Sebelum menjabat sebagai Direktur Utama BRI, Sunarso sudah cukup lama malang-melintang di dunia perbankan, terutama pelat merah. Pada Mei 2010, dia ditunjuk sebagai Direktur Commercial & Business Banking PT Bank Mandiri (Persero) Tbk. Jabatan tersebut dia pegang hingga Maret 2015. Setelah itu, Sunarso menjabat sebagai Wakil Direktur BRI hingga Oktober 2017. Lalu, dia ditunjuk untuk menduduki kursi Direktur Utama PT Pegadaian (Persero) hingga Oktober 2017. Baca Juga Sunarso kemudian kembali ke jajaran direksi BBRI setelah dipilih menjadi Wakil Direktur Utama bank pelat merah tersebut untuk kedua kalinya pada Januari 2019. Pria kelahiran Pasuruan 7 November 1963 merupakan lulusan Sarjana Agronomi Institut Pertanian Bogor (IPB). Setelah itu, Sunarso melanjutkan studinya ke jenjang S2 dengan gelar Magister Administrasi Bisnis di Universitas Indonesia. Seiring dengan kepemimpinan Sunarso, BRI telah mencatatkan kinerja moncer. Hingga kuartal III/2023, BRI telah meraih laba bersih konsolidasi Rp44,21 triliun pada kuartal III/2023. Capaian laba ini melonjak 12,47% secara tahunan (year on year/yoy) dari periode yang sama tahun sebelumnya sebesar Rp38,31 triliun.   Dari sisi intermediasi, BRI telah menyalurkan kredit sebesar Rp1.184,68 triliun pada kuartal III/2023, naik 12,32% yoy dari yang sebelumnya Rp1.054,72. Aset bank milik pemerintah ini pun naik 9,93% persen yoy menjadi Rp1.851,96 triliun dibanding sebelumnya Rp1.684,60 triliun. Sementara itu, dari sisi pendanaan, BRI tercatat mendapatkan dana pihak ketiga (DPK) Rp1.290,29 triliun pada kuartal III/2023, naik 13,21% yoy. Dana murah atau current account savings account (CASA) BRI naik 10,11% persen menjadi Rp821,14 triliun pada kuartal III/2023 dibanding periode yang sama tahun lalu yaitu Rp745,73 triliun pada kuartal III/2022. Cek Berita dan Artikel yang lain di Google
            News dan WA Channel Nyaman tanpa iklan. Langganan BisnisPro Nyaman tanpa iklan. Langganan BisnisPro Nyaman tanpa iklan. Langganan BisnisPro Nyaman tanpa iklan. Langganan BisnisPro Nyaman tanpa iklan. Langganan BisnisPro"
Direktur Utama BRI Dinobatkan Sebagai Pemimpin ... - Ekonomi,https://ekonomi.republika.co.id/berita/rwhfx6463/direktur-utama-bri-dinobatkan-sebagai-pemimpin-terpopuler-media-pemberitaan-online-2023,2024-08-21,2023-06-19,"BRI juga mendapatkan penghargaan Lembaga Humas Terbaik, Sub-Kategori BUMN.  REPUBLIKA.CO.ID, JAKARTA -- Penerapan praktik komunikasi terbaik terus dilakukan oleh berbagai pihak. Apresiasi terhadap mereka salah satunya diberikan dalam ajang The 1st INDONESIA GPR AWARDS (IGA) 2023 yang memberikan penghargaan kepada insan kehumasan atas berbagai program komunikasi yang unggul.  



Ajang tersebut menjadi kompetisi sekaligus apresiasi bagi praktisi kehumasan (government public relations) pemerintah di lingkungan Kementerian, Lembaga, Pemerintah Daerah, Perguruan Tinggi Negeri, BUMN, Anak Usaha BUMN, dan BUMD se-Indonesia.
Baca Juga
 

Sebanyak 20 ribu Tiket FIFA Matchday Indonesia Vs Argentina Ludes Dibeli Nasabah BRI
 
BRI Dukung Implementasi UU PPSK untuk Kemajuan Teknologi Jasa Keuangan
 
BRI Bogor Lengkapi Perangkat Digital Permudah Nasabah

 
Pada malam penganugerahan acara yang bertema 'Komunikasi Publik untuk Peradaban Bangsa, belum lama ini di Makassar, Direktur Utama BRI Sunarso dinobatkan sebagai Pemimpin Terpopuler di Media Pemberitaan Online tahun 2023. Kategori terpopuler tersebut ditentukan melalui proses media monitoring secara kualitatif dan kuantitatif dengan menggandeng NoLimit, sebuah perusahaan media monitoring terkemuka. 
Selain itu, PT Bank Rakyat Indonesia (Persero) Tbk atau BRI juga berhasil mendapatkan penghargaan sebagai Lembaga Humas Pemerintah Terbaik, Sub-Kategori BUMN. Hal ini menunjukkan keberhasilan BRI dalam mengomunikasikan isu kepada publik. 









Atas penghargaan tersebut, Direktur Utama BRI Sunarso mendedikasikan penghargaan tersebut untuk insan Brilian (pekerja BRI) dan nasabah BRI. Menurutnya, hal ini akan menjadi pelecut semangat perseroan dalam berkomitmen mendukung keterbukaan dalam komunikasi publilk.
Sunarso mengungkapkan bahwa ke depan, BRI akan terus mengedepankan transparansi dalam berkomunikasi demi meningkatkan reputasi dan mengomunikasikan kinerja perseroan. Sunarso melanjutkan, membangun komunikasi yang berani dan terukur adalah poin penting yang selama ini dijaga. Terlebih di era digital, tak dapat dimungkiri memunculkan tantangan dan nilai-nilai baru dalam setiap aspek, termasuk di bidang kehumasan.
BRI sendiri senantiasa aktif mengkampanyekan informasi publik kepada khalayak luas di berbagai kanal media. Hal ini diimbangi dengan mengedepankan transparansi, akuntabilitas, serta dengan tetap mewujudkan tata kelola perusahaan yang baik.
Sebagai informasi, proses penjurian IGA 2023 dilakukan oleh dewan juri yang terdiri dari pakar lima orang juri. Mereka adalah Asmono Wikan (Founder dan CEO PR INDONESIA Group), Emilia Bassar (CEO Center for Public Relations, Outreach and Communication), Jojo Suharjo Nugroho (Ketua umum Asosiasi Perusahaan Public Relations (APPRI)), Maria Wongsonagoro (PR Consultant), dan Janette Maria Pinariya (Wakil Rektor 1 LSPR).





			Ikuti Whatsapp Channel Republika 

 REPUBLIKA.CO.ID, JAKARTA -- Penerapan praktik komunikasi terbaik terus dilakukan oleh berbagai pihak. Apresiasi terhadap mereka salah satunya diberikan dalam ajang The 1st INDONESIA GPR AWARDS (IGA) 2023 yang memberikan penghargaan kepada insan kehumasan atas berbagai program komunikasi yang unggul.  
Ajang tersebut menjadi kompetisi sekaligus apresiasi bagi praktisi kehumasan (government public relations) pemerintah di lingkungan Kementerian, Lembaga, Pemerintah Daerah, Perguruan Tinggi Negeri, BUMN, Anak Usaha BUMN, dan BUMD se-Indonesia.
Baca Juga
 

Sebanyak 20 ribu Tiket FIFA Matchday Indonesia Vs Argentina Ludes Dibeli Nasabah BRI
 
BRI Dukung Implementasi UU PPSK untuk Kemajuan Teknologi Jasa Keuangan
 
BRI Bogor Lengkapi Perangkat Digital Permudah Nasabah

 
Pada malam penganugerahan acara yang bertema 'Komunikasi Publik untuk Peradaban Bangsa, belum lama ini di Makassar, Direktur Utama BRI Sunarso dinobatkan sebagai Pemimpin Terpopuler di Media Pemberitaan Online tahun 2023. Kategori terpopuler tersebut ditentukan melalui proses media monitoring secara kualitatif dan kuantitatif dengan menggandeng NoLimit, sebuah perusahaan media monitoring terkemuka. 
Selain itu, PT Bank Rakyat Indonesia (Persero) Tbk atau BRI juga berhasil mendapatkan penghargaan sebagai Lembaga Humas Pemerintah Terbaik, Sub-Kategori BUMN. Hal ini menunjukkan keberhasilan BRI dalam mengomunikasikan isu kepada publik. 









Atas penghargaan tersebut, Direktur Utama BRI Sunarso mendedikasikan penghargaan tersebut untuk insan Brilian (pekerja BRI) dan nasabah BRI. Menurutnya, hal ini akan menjadi pelecut semangat perseroan dalam berkomitmen mendukung keterbukaan dalam komunikasi publilk.
Sunarso mengungkapkan bahwa ke depan, BRI akan terus mengedepankan transparansi dalam berkomunikasi demi meningkatkan reputasi dan mengomunikasikan kinerja perseroan. Sunarso melanjutkan, membangun komunikasi yang berani dan terukur adalah poin penting yang selama ini dijaga. Terlebih di era digital, tak dapat dimungkiri memunculkan tantangan dan nilai-nilai baru dalam setiap aspek, termasuk di bidang kehumasan.
BRI sendiri senantiasa aktif mengkampanyekan informasi publik kepada khalayak luas di berbagai kanal media. Hal ini diimbangi dengan mengedepankan transparansi, akuntabilitas, serta dengan tetap mewujudkan tata kelola perusahaan yang baik.
Sebagai informasi, proses penjurian IGA 2023 dilakukan oleh dewan juri yang terdiri dari pakar lima orang juri. Mereka adalah Asmono Wikan (Founder dan CEO PR INDONESIA Group), Emilia Bassar (CEO Center for Public Relations, Outreach and Communication), Jojo Suharjo Nugroho (Ketua umum Asosiasi Perusahaan Public Relations (APPRI)), Maria Wongsonagoro (PR Consultant), dan Janette Maria Pinariya (Wakil Rektor 1 LSPR).





			Ikuti Whatsapp Channel Republika 

 Ajang tersebut menjadi kompetisi sekaligus apresiasi bagi praktisi kehumasan (government public relations) pemerintah di lingkungan Kementerian, Lembaga, Pemerintah Daerah, Perguruan Tinggi Negeri, BUMN, Anak Usaha BUMN, dan BUMD se-Indonesia. 
Pada malam penganugerahan acara yang bertema 'Komunikasi Publik untuk Peradaban Bangsa, belum lama ini di Makassar, Direktur Utama BRI Sunarso dinobatkan sebagai Pemimpin Terpopuler di Media Pemberitaan Online tahun 2023. Kategori terpopuler tersebut ditentukan melalui proses media monitoring secara kualitatif dan kuantitatif dengan menggandeng NoLimit, sebuah perusahaan media monitoring terkemuka. 
Selain itu, PT Bank Rakyat Indonesia (Persero) Tbk atau BRI juga berhasil mendapatkan penghargaan sebagai Lembaga Humas Pemerintah Terbaik, Sub-Kategori BUMN. Hal ini menunjukkan keberhasilan BRI dalam mengomunikasikan isu kepada publik. 









Atas penghargaan tersebut, Direktur Utama BRI Sunarso mendedikasikan penghargaan tersebut untuk insan Brilian (pekerja BRI) dan nasabah BRI. Menurutnya, hal ini akan menjadi pelecut semangat perseroan dalam berkomitmen mendukung keterbukaan dalam komunikasi publilk.
Sunarso mengungkapkan bahwa ke depan, BRI akan terus mengedepankan transparansi dalam berkomunikasi demi meningkatkan reputasi dan mengomunikasikan kinerja perseroan. Sunarso melanjutkan, membangun komunikasi yang berani dan terukur adalah poin penting yang selama ini dijaga. Terlebih di era digital, tak dapat dimungkiri memunculkan tantangan dan nilai-nilai baru dalam setiap aspek, termasuk di bidang kehumasan.
BRI sendiri senantiasa aktif mengkampanyekan informasi publik kepada khalayak luas di berbagai kanal media. Hal ini diimbangi dengan mengedepankan transparansi, akuntabilitas, serta dengan tetap mewujudkan tata kelola perusahaan yang baik.
Sebagai informasi, proses penjurian IGA 2023 dilakukan oleh dewan juri yang terdiri dari pakar lima orang juri. Mereka adalah Asmono Wikan (Founder dan CEO PR INDONESIA Group), Emilia Bassar (CEO Center for Public Relations, Outreach and Communication), Jojo Suharjo Nugroho (Ketua umum Asosiasi Perusahaan Public Relations (APPRI)), Maria Wongsonagoro (PR Consultant), dan Janette Maria Pinariya (Wakil Rektor 1 LSPR).





			Ikuti Whatsapp Channel Republika 

 Pada malam penganugerahan acara yang bertema 'Komunikasi Publik untuk Peradaban Bangsa, belum lama ini di Makassar, Direktur Utama BRI Sunarso dinobatkan sebagai Pemimpin Terpopuler di Media Pemberitaan Online tahun 2023. Kategori terpopuler tersebut ditentukan melalui proses media monitoring secara kualitatif dan kuantitatif dengan menggandeng NoLimit, sebuah perusahaan media monitoring terkemuka.  
Selain itu, PT Bank Rakyat Indonesia (Persero) Tbk atau BRI juga berhasil mendapatkan penghargaan sebagai Lembaga Humas Pemerintah Terbaik, Sub-Kategori BUMN. Hal ini menunjukkan keberhasilan BRI dalam mengomunikasikan isu kepada publik. 









Atas penghargaan tersebut, Direktur Utama BRI Sunarso mendedikasikan penghargaan tersebut untuk insan Brilian (pekerja BRI) dan nasabah BRI. Menurutnya, hal ini akan menjadi pelecut semangat perseroan dalam berkomitmen mendukung keterbukaan dalam komunikasi publilk.
Sunarso mengungkapkan bahwa ke depan, BRI akan terus mengedepankan transparansi dalam berkomunikasi demi meningkatkan reputasi dan mengomunikasikan kinerja perseroan. Sunarso melanjutkan, membangun komunikasi yang berani dan terukur adalah poin penting yang selama ini dijaga. Terlebih di era digital, tak dapat dimungkiri memunculkan tantangan dan nilai-nilai baru dalam setiap aspek, termasuk di bidang kehumasan.
BRI sendiri senantiasa aktif mengkampanyekan informasi publik kepada khalayak luas di berbagai kanal media. Hal ini diimbangi dengan mengedepankan transparansi, akuntabilitas, serta dengan tetap mewujudkan tata kelola perusahaan yang baik.
Sebagai informasi, proses penjurian IGA 2023 dilakukan oleh dewan juri yang terdiri dari pakar lima orang juri. Mereka adalah Asmono Wikan (Founder dan CEO PR INDONESIA Group), Emilia Bassar (CEO Center for Public Relations, Outreach and Communication), Jojo Suharjo Nugroho (Ketua umum Asosiasi Perusahaan Public Relations (APPRI)), Maria Wongsonagoro (PR Consultant), dan Janette Maria Pinariya (Wakil Rektor 1 LSPR).





			Ikuti Whatsapp Channel Republika 

 Selain itu, PT Bank Rakyat Indonesia (Persero) Tbk atau BRI juga berhasil mendapatkan penghargaan sebagai Lembaga Humas Pemerintah Terbaik, Sub-Kategori BUMN. Hal ini menunjukkan keberhasilan BRI dalam mengomunikasikan isu kepada publik. 
Atas penghargaan tersebut, Direktur Utama BRI Sunarso mendedikasikan penghargaan tersebut untuk insan Brilian (pekerja BRI) dan nasabah BRI. Menurutnya, hal ini akan menjadi pelecut semangat perseroan dalam berkomitmen mendukung keterbukaan dalam komunikasi publilk.
Sunarso mengungkapkan bahwa ke depan, BRI akan terus mengedepankan transparansi dalam berkomunikasi demi meningkatkan reputasi dan mengomunikasikan kinerja perseroan. Sunarso melanjutkan, membangun komunikasi yang berani dan terukur adalah poin penting yang selama ini dijaga. Terlebih di era digital, tak dapat dimungkiri memunculkan tantangan dan nilai-nilai baru dalam setiap aspek, termasuk di bidang kehumasan.
BRI sendiri senantiasa aktif mengkampanyekan informasi publik kepada khalayak luas di berbagai kanal media. Hal ini diimbangi dengan mengedepankan transparansi, akuntabilitas, serta dengan tetap mewujudkan tata kelola perusahaan yang baik.
Sebagai informasi, proses penjurian IGA 2023 dilakukan oleh dewan juri yang terdiri dari pakar lima orang juri. Mereka adalah Asmono Wikan (Founder dan CEO PR INDONESIA Group), Emilia Bassar (CEO Center for Public Relations, Outreach and Communication), Jojo Suharjo Nugroho (Ketua umum Asosiasi Perusahaan Public Relations (APPRI)), Maria Wongsonagoro (PR Consultant), dan Janette Maria Pinariya (Wakil Rektor 1 LSPR).





			Ikuti Whatsapp Channel Republika 

 Atas penghargaan tersebut, Direktur Utama BRI Sunarso mendedikasikan penghargaan tersebut untuk insan Brilian (pekerja BRI) dan nasabah BRI. Menurutnya, hal ini akan menjadi pelecut semangat perseroan dalam berkomitmen mendukung keterbukaan dalam komunikasi publilk. 
Sunarso mengungkapkan bahwa ke depan, BRI akan terus mengedepankan transparansi dalam berkomunikasi demi meningkatkan reputasi dan mengomunikasikan kinerja perseroan. Sunarso melanjutkan, membangun komunikasi yang berani dan terukur adalah poin penting yang selama ini dijaga. Terlebih di era digital, tak dapat dimungkiri memunculkan tantangan dan nilai-nilai baru dalam setiap aspek, termasuk di bidang kehumasan.
BRI sendiri senantiasa aktif mengkampanyekan informasi publik kepada khalayak luas di berbagai kanal media. Hal ini diimbangi dengan mengedepankan transparansi, akuntabilitas, serta dengan tetap mewujudkan tata kelola perusahaan yang baik.
Sebagai informasi, proses penjurian IGA 2023 dilakukan oleh dewan juri yang terdiri dari pakar lima orang juri. Mereka adalah Asmono Wikan (Founder dan CEO PR INDONESIA Group), Emilia Bassar (CEO Center for Public Relations, Outreach and Communication), Jojo Suharjo Nugroho (Ketua umum Asosiasi Perusahaan Public Relations (APPRI)), Maria Wongsonagoro (PR Consultant), dan Janette Maria Pinariya (Wakil Rektor 1 LSPR).





			Ikuti Whatsapp Channel Republika 

 Sunarso mengungkapkan bahwa ke depan, BRI akan terus mengedepankan transparansi dalam berkomunikasi demi meningkatkan reputasi dan mengomunikasikan kinerja perseroan. Sunarso melanjutkan, membangun komunikasi yang berani dan terukur adalah poin penting yang selama ini dijaga. Terlebih di era digital, tak dapat dimungkiri memunculkan tantangan dan nilai-nilai baru dalam setiap aspek, termasuk di bidang kehumasan. 
BRI sendiri senantiasa aktif mengkampanyekan informasi publik kepada khalayak luas di berbagai kanal media. Hal ini diimbangi dengan mengedepankan transparansi, akuntabilitas, serta dengan tetap mewujudkan tata kelola perusahaan yang baik.
Sebagai informasi, proses penjurian IGA 2023 dilakukan oleh dewan juri yang terdiri dari pakar lima orang juri. Mereka adalah Asmono Wikan (Founder dan CEO PR INDONESIA Group), Emilia Bassar (CEO Center for Public Relations, Outreach and Communication), Jojo Suharjo Nugroho (Ketua umum Asosiasi Perusahaan Public Relations (APPRI)), Maria Wongsonagoro (PR Consultant), dan Janette Maria Pinariya (Wakil Rektor 1 LSPR).





			Ikuti Whatsapp Channel Republika 

 BRI sendiri senantiasa aktif mengkampanyekan informasi publik kepada khalayak luas di berbagai kanal media. Hal ini diimbangi dengan mengedepankan transparansi, akuntabilitas, serta dengan tetap mewujudkan tata kelola perusahaan yang baik. 
Sebagai informasi, proses penjurian IGA 2023 dilakukan oleh dewan juri yang terdiri dari pakar lima orang juri. Mereka adalah Asmono Wikan (Founder dan CEO PR INDONESIA Group), Emilia Bassar (CEO Center for Public Relations, Outreach and Communication), Jojo Suharjo Nugroho (Ketua umum Asosiasi Perusahaan Public Relations (APPRI)), Maria Wongsonagoro (PR Consultant), dan Janette Maria Pinariya (Wakil Rektor 1 LSPR).





			Ikuti Whatsapp Channel Republika 

 Sebagai informasi, proses penjurian IGA 2023 dilakukan oleh dewan juri yang terdiri dari pakar lima orang juri. Mereka adalah Asmono Wikan (Founder dan CEO PR INDONESIA Group), Emilia Bassar (CEO Center for Public Relations, Outreach and Communication), Jojo Suharjo Nugroho (Ketua umum Asosiasi Perusahaan Public Relations (APPRI)), Maria Wongsonagoro (PR Consultant), dan Janette Maria Pinariya (Wakil Rektor 1 LSPR). (QS. Al-An'am ayat 96) Jl. Warung Buncit Raya No 37 Jakarta Selatan 12510  Phone: 021 780 3747  Email:
[email protected] (Redaksi)
[email protected] ( Marketing ) 
[email protected] ( Kerjasama ) 
[email protected] ( Customer Care )
           Copyright © 2023. Republika.co.id. All rights reserved."
BRI Finance Angkat Wahyudi Darmawan Jadi Direktur Utama,https://money.kompas.com/read/2023/11/08/051740126/bri-finance-angkat-wahyudi-darmawan-jadi-direktur-utama,2024-08-21,2023-11-08,"BRI Finance Angkat Wahyudi Darmawan Jadi Direktur Utama Tim Redaksi JAKARTA, KOMPAS.com - PT BRI Multifinance Indonesia (BRI Finance) mengangkat Wahyudi Darmawan sebagai direktur utama. Direktur Operasional dan Sekretaris Perusahaan BRI Finance Willy Halim Sugiardi mengatakan, hadirnya Wahyudi Darmawan akan mendorong Perseroan mewujudkan pertumbuhan berkelanjutan. “Terlebih, BRI Finance diproyeksikan untuk tumbuh berkelanjutan sebagai perusahaan pembiayaan terdepan dengan layanan terintegrasi. Hal ini menjadi tantangan besar bagi perseroan dalam mengawal aspirasi besar tersebut di tengah ketidakpastian ekonomi,” ujar Willy. Baca juga: BRI Finance Cetak Laba Rp 51,26 Miliar pada Semester I-2023 Adapun, Direktur Utama BRI Finance Wahyudi Darmawan sebelumnya menjabat sebagai Regional CEO Palembang PT Bank Rakyat Indonesia (Persero) Tbk. Wahyudi Darmawan telah menjajaki posisi strategis lainnya yang akan menunjang kinerja sebagai direktur utama. Adapun susunan Dewan Komisaris dan Dewan Direksi BRI Finance sebagai berikut: Baca juga: BRI Finance Catat Pendapatan Rp 890,60 Miliar Tahun 2022 Demikian adalah susunan Dewan Komisaris dan Dewan Direksi BRI Finance. Sebagai catatan, pengangkatan Diah Defawati Ande sebagai Komisaris Independen dan Wahyudi Darmawan sebagai Direktur Utama efektif setelah memenuhi ketentuan regulator.  Keduanya telah memperoleh persetujuan kemampuan dan kepatutan oleh regulator. Baca juga: Obligasi II BRI Finance Oversubscribe 342 Persen                Copyright 2008 - 2024 PT. Kompas Cyber Media (Kompas Gramedia Digital Group). All Rights Reserved."
"BRI Umumkan Jajaran Pengurus Baru, Satu Komisaris ...",https://bisnis.tempo.co/read/1840195/bri-umumkan-jajaran-pengurus-baru-satu-komisaris-independen-diganti,2024-08-21,2024-03-02,"Lupa Kata Sandi? Klik di Sini atau Masuk melalui Belum Memiliki Akun Daftar di Sini atau Daftar melalui Sudah Memiliki Akun Masuk di Sini Konfirmasi Email Kami telah mengirimkan link aktivasi melalui email ke rudihamdani@gmail.com. Klik link aktivasi dan dapatkan akses membaca 2 artikel gratis non Laput di koran dan Majalah Tempo Jika Anda tidak menerima email,
Kirimkan Lagi Sekarang Pencarian Terpopuler Reporter Annisa Febiola Editor Grace gandhi Sabtu, 2 Maret 2024 16:21 WIB 

                      Bagikan
                    
 TEMPO.CO, Jakarta - PT Bank Rakyat Indonesia (Persero) Tbk. atau BRI mengumumkan perubahan struktur pengurus perseroan. Perubahan ini telah dibahas dalam Rapat Umum Pemegang Saham (RUPS) Tahunan BRI pada Jumat, 1 Maret 2024.  ""Hasil keputusan RUPS Tahunan kali ini juga disetujui perubahan pengurus perseroan,"" kata Direktur Utama BRI Sunarso dalam konferensi pers pada Jumat. Baca juga: Gelar RUPSLB, Indonesia AirAsia Umumkan Direktur dan Komisaris Utama Baru  Melalui keputusan RUPS Tahunan, BRI memberhentikan dengan hormat dan mengangkat kembali Wakil Direktur Utama Catur Budi Harto sebaga Direktur Bisnis dan Wholesale & Kelembagaan Agus Noorsanto, serta Direktur Manajemen Risiko Agus Sudiarto. Kemudian, RUPS Tahunan juga memberhentikan dengan hormat Hendrikus Ivo sebagai komisaris independen. Lalu, mengangkat Haryo Baskoro Wicaksono sebagai komisaris independen. ""Selanjutnya, dalam RUPS Tahunan mengubah nomenklatur jabatan atau nama direktorat di BRI,"" ujar Sunarso. Jajaran Direksi dan Komisaris BRI Baca juga:  OJK Bekukan PT Maju Raya Sejahtera, Belum Dapat Izin Sudah Beroperasi Dewan Komisaris Komisaris Utama: Kartika Wirjoatmodjo Wakil Komisaris Utama/Independen: Rofikoh Rokhim Komisaris: Awan Nurmawan Nuh dan Rabin Indrajad Hattari Komisaris Independen: Dwi Ria Latifa, Heri Sunaryadi, Paripurna Poerwoko Sugarda, Agus Riswanto, Nurmaria Sarosa dan Haryo Baskoro Wicaksono. Selanjutnya: Dewan Direksi.... 

12
Selanjutnya
  Berita Selanjutnya Zulhas Sebut Impor Ilegal seperti Kuman: Tambah Kuat, Tambah Canggih 5 menit lalu Tempo Channel Dapatkan kabar pilihan editor dan breaking news di Tempo.co WhatsApp Channel. Artikel Terkait Gelar RUPSLB, Indonesia AirAsia Umumkan Direktur dan Komisaris Utama Baru   OJK Bekukan PT Maju Raya Sejahtera, Belum Dapat Izin Sudah Beroperasi Pria Berkaus Polisi Rampok Gerai BRI di Riau, Bawa Kabur Rp 70 Juta BRI Danareksa Optimistis IHSG Bisa Tembus 8.000 hingga Akhir Tahun 10 Perusahaan dengan Pendapatan Terbesar Versi Fortune Indonesia, Didominasi Sektor Energi  Kebijakan Baru BRI Bagi Pemilik Rekening Dormant Rekomendasi Artikel Video Pilihan Gelar RUPSLB, Indonesia AirAsia Umumkan Direktur dan Komisaris Utama Baru  4 jam lalu  PT AirAsia Indonesia Tbk. mengumumkan jajaran direksi baru hasil Rapat Umum Pemegang Saham Luar Biasa (RUPSLB).   OJK Bekukan PT Maju Raya Sejahtera, Belum Dapat Izin Sudah Beroperasi 23 jam lalu Otoritas Jasa Keuangan telah membekukan kegiatan usaha perusahaan modal ventura, PT Maju Raya Sejahtera, yang berlokasi di Jakarta. OJK membekukan perusahaan tersebut melalui surat Nomor S-35/PL.1/2024 tanggal 7 Agustus 2024.  Pria Berkaus Polisi Rampok Gerai BRI di Riau, Bawa Kabur Rp 70 Juta 4 hari lalu Polda Riau menembak seorang pria berkaus Polisi Lalu Lintas yang merampok Gerai BRI Link di Pangkalan Kerinci BRI Danareksa Optimistis IHSG Bisa Tembus 8.000 hingga Akhir Tahun 6 hari lalu Direktur Utama BRI Danareksa Sekuritas Laksono Widodo yakin IHSG dapat menguat hingga level 8.000 hingga akhir tahun. 10 Perusahaan dengan Pendapatan Terbesar Versi Fortune Indonesia, Didominasi Sektor Energi  6 hari lalu Daftar top 10 perusahaan terbesar di Indonesia berdasarkan pendapatannya menurut Fortune Indonesia Kebijakan Baru BRI Bagi Pemilik Rekening Dormant 7 hari lalu BRI memberlakukan kebijakan baru terkait perubahan batas waktu Kebijakan Baru BRI Bagi Pemilik Rekening Dormant 7 hari lalu BRI memberlakukan kebijakan baru terkait perubahan batas waktu Terpopuler: Jokowi Sebut Prabowo Setujui Anggaran IKN; Scammer Ubah Nomor Telepon Hotel, Bank, dan Money Changer  8 hari lalu Presiden Jokowi mengatakan presiden terpilih Prabowo Subianto telah menyetujui anggaran untuk percepatan pembangunan infrastruktur di IKN. Deskripsi Alamat Kantor Cabang Disusupi Scammer di Google Maps, Ini Tindakan Perbankan  8 hari lalu Sejumlah deskripsi alamat kantor cabang perbankan di Google Maps disusupi oleh scammer dengan cara menuliskan nomor palsu.  Maybank Gandeng BRI Danareksa Sekuritas, Genjot Industri Pasar Modal 11 hari lalu PT Maybank Asset Management menjalin kerja sama strategis dengan PT BRI Danareksa Sekuritas Indonesia untuk mendorong pertumbuhan industri pasar modal di Indonesia Terpopuler di Bisnis Massa Demo di Kawasan Patung Kuda: Katanya UU Cipta Kerja Datangkan Investasi, Ternyata Banyak Buruh Kena PHK 22 jam lalu Daftar Formasi CPNS Kementan 2024 untuk Lulusan SMK hingga S2 22 jam lalu Profil Suswono, Menteri Pertanian Era SBY yang Jadi Cawagub Jakarta Pendamping Ridwan Kamil 21 jam lalu Daftar Formasi CPNS BRIN 2024 dan Persyaratan Pendidikannya 6 jam lalu Forest Watch: IKN Menggusur Masyarakat Adat dan Merusak Lingkungan, Hutan Mangrove Dibabat  8 jam lalu  3 jam lalu Terkini: Lion Air Group Sebar 50 Tiket Gratis Setiap Hari; Profil Suswono, Menteri Pertanian Era SBY yang Dampingi Ridwan Kamil 20 jam lalu Jokowi Gelar Karpet Merah untuk Tenaga Kerja Asing di IKN, Respons Kemnaker? 16 jam lalu Daftar Formasi CPNS Arsip Nasional Republik Indonesia 2024 dan Kisaran Gajinya  2 jam lalu Daftar Formasi CPNS Kemenparekraf 2024 dan Kisaran Gajinya  5 jam lalu 
    Terkini di Bisnis   Zulhas Sebut Impor Ilegal seperti Kuman: Tambah Kuat, Tambah Canggih 5 menit lalu Sri Mulyani Perkenalkan Keponakan Prabowo yang Menjadi Wakil Menteri Keuangan ke DPR 16 menit lalu Syarat dan Cara Pakai Nilai SKD 2023 untuk Daftar Seleksi CPNS 2024  39 menit lalu Sambut Peserta AZEC, Bahlil Janjikan Pengurangan Emisi 1 jam lalu Cara Cek Formasi CPNS 2024 dan Link Alternatifnya 1 jam lalu Samuel Sekuritas: IHSG Sesi I Menguat ke Level 7.560,4, Saham BBRI Diperdagangkan 31.486 Kali 1 jam lalu Daftar Formasi CPNS Arsip Nasional Republik Indonesia 2024 dan Kisaran Gajinya  2 jam lalu Transaksi Judi Online Diprediksi Mencapai Rp 400 Triliun pada Akhir 2024, Ini 3 Strategi Satgas 2 jam lalu Zulhas Ungkap Ada 35-40 Persen Barang Impor Tak Terdata: Hambatan RI jadi Negara Maju 2 jam lalu Terkini Bisnis: Formasi CPNS BRIN 2024, Forest Watch Kritik Pembangunan IKN 3 jam lalu Simak berita harian lebih mendalam di Majalah Tempo Digital. LAPORAN UTAMA LAPORAN NASIONAL Informasi Trustworthy News Jaringan Media Media Sosial Unduh Aplikasi Tempo"
Mantan Bankir BRI Ditunjuk Jadi Dirut BRI Manajemen ...,https://www.theiconomics.com/change-management/bankir-bri-ditunjuk-jadi-dirut-bri-manajemen-investasi-simak-sepak-terjang-tina-meilina/,2024-08-21,2024-06-23,"© Copyright ICONOMICS. All Rights Reserved. Tina Meilina ditunjuk menjadi Direktur Utama PT BRI Manajemen Investasi (BRI-MI) yang efektif per tanggal 11 Juni 2024.
Komisaris Utama BRI-MI Tri Hartono menyambut baik penunjukan Tina Meilina sebagai Direktur Utama BRI-MI. Menurut Tri, dengan rekam jejak yang kuat, Tina dapat membawa BRI-MI tumbuh kuat dan mampu menjawab tantangan pasar dan kebutuhan investor. “Kami antusias menyambut Tina Meilina sebagai Direktur Utama. Kami meyakini pengalaman dan keahlian yang dimilikinya dapat menjadi aset yang sangat berharga bagi perusahaan dalam mencapai tujuan strategis, yakni senantiasa bertumbuh dan semakin kuat dalam menghadapi tantangan ke depan,” kata Tri dalam keterangan resminya. Tina Meilina bergabung dengan BRI-MI sejak Desember 2023 dan menjabat sebagai SEVP Product & Alternative Investment. Sebelum bergabung dengan BRI-MI, peraih gelar Sarjana Agribisnis dari Institut Pertanian Bogor (IPB) ini berkarir di PT Bank Rakyat Indonesia (Persero) Tbk sejak 2009. Posisi terakhir Tina di Bank BRI ialah sebagai Executive Vice President Kepala Divisi Wealth Management BRI. Tina memegang sejumlah sertifikasi antara lain, Izin Wakil Manajer Investasi (WMI) pada 2023, Wakil Agen Penjual Efek Reksa Dana (WAPERD) pada 2022, dan Wakil Perantara Pedagang Efek Pemasaran (WPPE-P) pada 2021.
Selain itu, ada juga Certified Wealth Manager (CWM) pada tahun 2019 & Certified Financial Planner (CFP) pada tahun 2014. Sertifikasi itu menegaskan kompetensi dan kapasitasnya pada industri pasar modal. Tina Meilina menyampaikan berterima kasih kepada seluruh pemangku kepentingan atas kepercayaan untuk senantiasa memperkuat BRI-MI sebagai salah satu manajer investasi terbesar dan tepercaya di Indonesia. Terpilihnya Tina sebagai Dirut, maka susunan Dewan Komisaris dan Direksi BRI-MI terkini adalah sebagai berikut:
Komisaris Utama:  Tri Hartono
Komisaris Independen:  Kahlil Rowter
Direktur Utama: Tina Meilina
Direktur Sales & Marketing: Upik Susiyawati
Direktur Finance & Operasi: Ira Irmalia Sjam.      Save my name, email, and website in this browser for the next time I comment.  

  Δ"
Mantan Bankir BRI Ditunjuk Jadi Dirut BRI Manajemen ...,https://www.theiconomics.com/change-management/bankir-bri-ditunjuk-jadi-dirut-bri-manajemen-investasi-simak-sepak-terjang-tina-meilina/,2024-08-21,2024-06-23,"© Copyright ICONOMICS. All Rights Reserved. Tina Meilina ditunjuk menjadi Direktur Utama PT BRI Manajemen Investasi (BRI-MI) yang efektif per tanggal 11 Juni 2024.
Komisaris Utama BRI-MI Tri Hartono menyambut baik penunjukan Tina Meilina sebagai Direktur Utama BRI-MI. Menurut Tri, dengan rekam jejak yang kuat, Tina dapat membawa BRI-MI tumbuh kuat dan mampu menjawab tantangan pasar dan kebutuhan investor. “Kami antusias menyambut Tina Meilina sebagai Direktur Utama. Kami meyakini pengalaman dan keahlian yang dimilikinya dapat menjadi aset yang sangat berharga bagi perusahaan dalam mencapai tujuan strategis, yakni senantiasa bertumbuh dan semakin kuat dalam menghadapi tantangan ke depan,” kata Tri dalam keterangan resminya. Tina Meilina bergabung dengan BRI-MI sejak Desember 2023 dan menjabat sebagai SEVP Product & Alternative Investment. Sebelum bergabung dengan BRI-MI, peraih gelar Sarjana Agribisnis dari Institut Pertanian Bogor (IPB) ini berkarir di PT Bank Rakyat Indonesia (Persero) Tbk sejak 2009. Posisi terakhir Tina di Bank BRI ialah sebagai Executive Vice President Kepala Divisi Wealth Management BRI. Tina memegang sejumlah sertifikasi antara lain, Izin Wakil Manajer Investasi (WMI) pada 2023, Wakil Agen Penjual Efek Reksa Dana (WAPERD) pada 2022, dan Wakil Perantara Pedagang Efek Pemasaran (WPPE-P) pada 2021.
Selain itu, ada juga Certified Wealth Manager (CWM) pada tahun 2019 & Certified Financial Planner (CFP) pada tahun 2014. Sertifikasi itu menegaskan kompetensi dan kapasitasnya pada industri pasar modal. Tina Meilina menyampaikan berterima kasih kepada seluruh pemangku kepentingan atas kepercayaan untuk senantiasa memperkuat BRI-MI sebagai salah satu manajer investasi terbesar dan tepercaya di Indonesia. Terpilihnya Tina sebagai Dirut, maka susunan Dewan Komisaris dan Direksi BRI-MI terkini adalah sebagai berikut:
Komisaris Utama:  Tri Hartono
Komisaris Independen:  Kahlil Rowter
Direktur Utama: Tina Meilina
Direktur Sales & Marketing: Upik Susiyawati
Direktur Finance & Operasi: Ira Irmalia Sjam.      Save my name, email, and website in this browser for the next time I comment.  

  Δ"
"Jajaran Komisaris dan Direksi BRI Insurance Terbaru, Ini ...",https://www.liputan6.com/bisnis/read/5589426/jajaran-komisaris-dan-direksi-bri-insurance-terbaru-ini-daftarnya,2024-08-21,2024-05-06," liputan6 Berikut susunan Kepengurusan PT BRI Asuransi Indonesia atau BRI Insurance yang baru Diperbarui 07 Mei 2024, 19:57 WIBDiterbitkan 06 Mei 2024, 13:30 WIB Liputan6.com, Jakarta Rapat Umum Pemegang Saham Tahunan 2024 (RUPST) PT. BRI Asuransi Indonesia atau BRI Insurance telah digelar pada hari Senin, tanggal 29 April 2024 lalu. Salah satu agenda utama dalam kegiatan RUPST adalah Persetujuan Laporan Tahunan dan Pengesahan Laporan Keuangan Perseroan tahun 2023. ""Dalam laporan kinerja keuangan Perseroan tahun 2023 dimaksud antara lain disampaikan bahwa secara umum kinerja keuangan Perseroan tahun 2023 mengalami banyak peningkatan yang signifikan dibandingkan kinerja kauangan tahun sebelumnya,"" kata Direktur Utama R. Budi Legowo dikutip Senin (6/5/2024). Baca Juga Angka-angka rasio kesehatan kinerja keuangan Perusahaan juga mengalami peningkatan kualitas yang signifikan dibanding tahun sebelumnya, yang antara lain tercermin dalam angka-angka Loss Ratio, Profit Margin, Combined Ratio, Underwriting Yield, RBC dan BOPO. Advertisement Di samping itu, pertumbuhan kinerja Perseroan tahun 2023 yang signifikan juga tercatat pada premi bruto yang tumbuh 26,6%, laba bersih tumbuh 29,25% dan aset tumbuh 31,81%. RUPST tahun 2024 mencatat Laba Bersih Perseroan Hasil Konsolidasi tahun buku 2023 sebesar Rp 483 miliar. Angka tersebut terdiri dari Laba Konvensional sebesar Rp 474 miliar dan Syariah Rp 9 miliar. Dari Laba Bersih Konvensional disetujui 25% atau sebesar Rp 118 miliar sebagai Dividen Tunai. Sementara 75% atau sebesar Rp 355 miliar sebagai Saldo Laba (retained earnings). Dalam RUPST tahun 2024 tersebut, selain menyampaikan laporan kinerja Perseroan, juga menyampaikan beberapa hal penting terkait dengan kemajuan Perusahaan dan beberapa tantangan Perusahaan serta ruang perbaikan yang masih harus dibenahi untuk kemajuan Perusahaan. Sementara itu, Komisaris Utama BRI Asuransi Indonesia, Kris Hananto, selaku pimpinan rapat menyampaikan apresiasi kepada Manajemen Perusahaan atas hasil kinerja Perusahaan tahun 2023.  Dalam agenda kegiatan RUPST memutuskan susunan Kepengurusan PT BRI Asuransi Indonesia yang baru adalah sebagai berikut Untuk Recky Plangiten dan Benny Imam Syafii, jabatan kepengurusan Perseroan efektif setelah mendapat persetujuan dari OJK.    * Follow Official WhatsApp Channel Liputan6.com untuk mendapatkan berita-berita terkini dengan mengklik tautan ini. PT Asuransi BRI Life melakukan perombakan pengurus. Hal ini tertuang dalam hasilRapat Umum Pemegang Saham Tahunan (RUPST) yang berlangsung di akhir April 2024. Dalam perombakan ini terjadi pergantian direktur utama dan juga komisaris. Head Of Corporate Secretary BRI Life Ade Nasution menjelaskan, BRI Life resmi mengangkat Aris Hartanto sebagai Direktur Utama menggantikan Iwan Pasila. Pergantian ini karena Iwan Pasila kini telah menjabat sebagai Deputi Komisioner Bidang Pengawasan Perasuransian, Penjaminan, dan Dana Pensiun OJK. Sedangkan Aris Hartanto sebelumnya menjabat sebagai Regional CEO Wilayah Medan PT Bank Rakyat Indonesia (Persero) Tbk. Selain itu, BRI Life menunjuk Lau Soon Liang sebagai Komisaris dalam RUPST BRI Life. Saat ini, dia juga menjabat sebagai Emerging Market Chief Growth Officer, FWD Group. ""Keduanya akan efektif berperan mengawal laju bisnis BRI Life, setelah penilaian kemampuan dan kepatutan disetujui oleh OJK,"" tutur Ade Nasution di Jakarta, Senin (6/5/2024). BRI Life mencatatkan laba bersih sebesar Rp 463,3 miliar sampai akhir tahun 2023. Perolehan laba bersih meningkat 55,4 persen dibandingkan tahun sebelumnya yakni sebesar Rp 344,3 miliar. Selanjutnya, pertumbuhan nilai premi baru ekuivalen yang disetahunkan atau Annualized Premium Equivalent (APE) BRI Life tercatat Rp3,1 triliun dengan komposisi 91 persen adalah produk tradisional dan 9 persen unit link di sepanjang 2023. Sementara Risk-Based Capital (RBC) Perseroan mencapai 524 persen. Angka ini jauh diatas batas minimum yang dipersyaratkan OJK yakni sebesar 120 persen, dimana hal tersebut menunjukan kondisi perusahaan yang sehat. ""Memperhatikan tren pertumbuhan kinerja keuangan BRI Life yang meningkat sepanjang tahun 2023, dan pertumbuhan bisnis asuransi jiwa nasional yang diyakini tetap tumbuh di tahun 2024, Direksi menyampaikan keyakinannya bahwa BRI Life optimis dapat memberikan kontribusi sebesar Rp1,5 triliun kepada BRI Group,"" ucap Ade.   Advertisement Berikut susunan terbaru Anggota Dewan Komisaris, Anggota Direksi dan Dewan Pengawas Syariah BRI Life: Dewan Komisaris: Komisaris Utama : Muhammad Syafri Rozi Komisaris Independen : Eko Wahyudi Komisaris Independen : Hari Siaga Amijarso Komisaris : Lau Soon Liang Komisaris Independen : Ubaidillah Nugraha; Direksi: Direktur Utama : Aris Hartanto Direktur Kepatuhan dan Legal : I Dewa Gede Agung Direktur Keuangan : Lim Chet Ming Direktur Operasional : Yosie William Iroth Direktur Pemasaran : Sutadi Dewan Pengawas Syariah   Ketua Dewan : Mohamad Hidayat Anggota Dewan : Agus Haryadi Anggota Dewan : Siti Haniatunnisa. Reporter: Sulaeman   Sumber: Merdeka.com * Fakta atau Hoaks? Untuk mengetahui kebenaran informasi yang beredar, silakan WhatsApp ke nomor Cek Fakta Liputan6.com 0811 9787 670 hanya dengan ketik kata kunci yang diinginkan. Advertisement Advertisement Advertisement Advertisement"
Direktur Utama BRI Sunarso Dinobatkan Sebagai The Best ...,https://aspek.id/direktur-utama-bri-sunarso-dinobatkan-sebagai-the-best-ceo/,2024-08-21,2024-06-27,"ASPEK.ID, JAKARTA – PT Bank Rakyat Indonesia (Persero) Tbk kembali mengukir prestasi gemilang di ajang The Finance Asia Awards and Asia’s Best Companies Poll Gala Dinner 2024. Dalam acara yang diselenggarakan Finance Asia di Hong Kong pada Kamis (27/6/2024) itu, BRI meraih 11 penghargaan. Penghargaan-penghargaan tersebut merupakan bentuk apresiasi atas kinerja positif BRI di sepanjang tahun lalu. Direktur Utama BRI Sunarso yang hadir menerima langsung pada acara tersebut mengungkapkan penghargaan ini tak lepas dari komitmen perseroan yang terus mengusung misi menciptakan economic value dan social value dengan terus fokus pada pemberdayaan Usaha Mikro, Kecil dan Menengah (UMKM). “Penghargaan ini kami persembahkan kepada lebih dari 110 ribu Insan BRILian (Pekerja BRI) yang selama ini telah memberikan komitmen dan dedikasi yang kuat sehingga BRI dapat terus mengambil peran dalam roda perekonomian Indonesia. “Kami juga mempersembahkan penghargaan ini kepada seluruh UMKM yang menjadi tulang punggung ekonomi Indonesia atas semangat berjuang dan pantang menyerah di kondisi yang tidak mudah,” ujar Sunarso. Dari 11 penghargaan yang diterima BRI, 7 penghargaan diantaranya diperoleh dari kategori Asia’s Best Companies dan 4 penghargaan diperoleh dalam kategori FinanceAsia Awards. Untuk Asia’s Best Companies BRI mendapatkan Best CEO (gold) untuk Direktur Utama BRI Sunarso, Best Managed Company (gold), Best Investor Relations (gold), Best CFO (silver) untuk Direktur Keuangan BRI Viviana Dyah Ayu, Most Commited to DEI (silver), Most Commited to ESG (silver) dan Best Large Cap Company (Bronze). Sementara itu, 4 penghargaan yang diperoleh dalam kategori FinanceAsia Awards diantaranya Best Bank For Financial Inclusion (winner), Best Commercial Bank – SMEs (winner), Best Sustainable Bank (highly commended) dan Most Innovative Technology (highly commended). Sebagai informasi, FinanceAsia merupakan majalah ekonomi dan keuangan terkemuka di Asia Pasifik yang berbasis di Hong Kong. Didirikan pada tahun 1996, FinanceAsia memberikan ulasan mendalam mengenai perkembangan ekonomi di wilayah Asia Pasifik, termasuk aksi-aksi korporasi seperti merger dan akuisisi. Di sepanjang bulan Juni 2024 tercatat BRI mendapatkan 3 pengakuan dan penghargaan bergengsi di level internasional. Pertama, pada Kamis (13/06) BRI dinobatkan oleh Forbes sebagai perusahaan terbesar dalam daftar The Global 2000. Forbes International mencatat, BRI unggul dengan penjualan sebesar US14,95 miliar, laba US$3,6 miliar, aset mencapai US$125,45 miliar, dan nilai pasar sebesar US$46,5 miliar. Forbes Global 2000 tahun 2024, memuat data kinerja perusahaan dalam 12 bulan terakhir hingga 17 Mei 2024. Pada daftar tersebut, BRI menempati peringkat 308 dunia mengungguli perusahaan multinasional lain seperti Starbucks, Renault, hingga Uber dan Nissan Motor. Selanjutnya, pada hari Selasa (18/06) Fortune mengumumkan daftar Fortune Southeast Asia 500 untuk pertama kalinya. Daftar ini berisikan 500 perusahaan terbesar di Asia Tenggara yang dinilai berdasarkan revenue, profit dan aset. Dalam daftar Fortune Southeast Asia 500, prestasi kembali diraih oleh BRI. Perseroan menduduki peringkat pertama untuk industri keuangan di Indonesia. Di Asia Tenggara, BRI menduduki peringkat 4 untuk kategori keuangan, dan berada di peringkat 15 diantara 500 perusahaan dalam daftar tersebut. Mengutip website Fortune, BRI mencatatkan revenue sebesar $14,9 milyar, profit sebesar $3,9 milyar dan aset sebesar $127,6 milyar. “Di tengah ketidakpastian ekonomi global serta era suku bunga tinggi, keberhasilan BRI mendapatkan pengakuan dari Forbes, Fortune dan Finance Asia membuktikan bahwa dunia internasional mengakui serta mengapresiasi strategic response yang diambil BRI dalam menghadapi tantangan. “Hal tersebut terbukti berhasil menjadi landasan dalam pencapaian kinerja yang positif bagi BRI yang menjadi leader di industri perbankan di Indonesia serta semakin menunjukkan pengaruh di industri keuangan regional dan global,” pungkas Sunarso.* Jakarta - Menteri Pekerjaan Umum dan Perumahan Rakyat (PUPR) Basuki Hadimuljono mengungkapkan, hidup dan tinggal di Ibu Kota Nusantara (IKN),... Jakarta - Kementerian Komunikasi dan Informatika mendorong pengembangan masyarakat digital yang memiliki perilaku positif di ruang digital atau digital citizenship.... ""Merdeka!” pekik Suparmin, Ketua RT. 12, RW. 4, Kelurahan Tanjung Perak, Surabaya, menggema dengan sound system sederhana diikuti gema pekik...  © 2024 Aspek.id | PT. Aspek Citra Media  © 2024 Aspek.id | PT. Aspek Citra Media Login to your account below 

 

 

Remember Me
 



 Please enter your username or email address to reset your password. 

 



"
Direktur Utama BRI Sunarso Dinobatkan Sebagai The Best ...,https://www.sulselsatu.com/2024/06/27/ekonomi/direktur-utama-bri-sunarso-dinobatkan-sebagai-the-best-ceo-bri-borong-11-penghargaan-internasional-dari-finance-asia.html,2024-08-21,2024-06-27,"Kamis, 27 Juni 2024 19:55 SULSELSATU.com, HONG KONG – PT. Bank Rakyat Indonesia (Persero) Tbk terus menunjukkan kiprah di industri keuangan global. Yang terbaru, berkat kinerja positif di sepanjang tahun lalu membuat BRI mendapatkan 11 penghargaan dari Finance Asia pada ajang The Finance Asia Awards and Asia’s Best Companies Poll Gala Dinner 2024 yang diselenggarakan pada Kamis (27/06) di Hong Kong. Direktur Utama BRI Sunarso yang hadir menerima langsung pada acara tersebut mengungkapkan penghargaan ini tak lepas dari komitmen perseroan yang terus mengusung misi menciptakan economic value dan social value dengan terus fokus pada pemberdayaan Usaha Mikro, Kecil dan Menengah (UMKM).  “Penghargaan ini kami persembahkan kepada lebih dari 110 ribu Insan BRILian (Pekerja BRI) yang selama ini telah memberikan komitmen dan dedikasi yang kuat sehingga BRI dapat terus mengambil peran dalam roda perekonomian Indonesia. Kami juga mempersembahkan penghargaan ini kepada seluruh UMKM yang menjadi tulang punggung ekonomi Indonesia atas semangat berjuang dan pantang menyerah di kondisi yang tidak mudah,” ujar Sunarso. Baca Juga : Harumkan Nama Indonesia di Industri Keuangan Global, Ini Sederet Penghargaan Internasional BRI di Bulan Juni 2024 Dari 11 penghargaan yang diterima BRI, 7 penghargaan diantaranya diperoleh dari kategori Asia’s Best Companies dan 4 penghargaan diperoleh dalam kategori FinanceAsia Awards. Untuk Asia’s Best Companies BRI mendapatkan Best CEO (gold) untuk Direktur Utama BRI Sunarso, Best Managed Company (gold), Best Investor Relations (gold), Best CFO (silver) untuk Direktur Keuangan BRI Viviana Dyah Ayu, Most Commited to DEI (silver), Most Commited to ESG (silver) dan Best Large Cap Company (Bronze). Sementara itu, 4 penghargaan yang diperoleh dalam kategori FinanceAsia Awards diantaranya Best Bank For Financial Inclusion (winner), Best Commercial Bank – SMEs (winner), Best Sustainable Bank (highly commended) dan Most Innovative Technology (highly commended) Sebagai informasi, FinanceAsia merupakan majalah ekonomi dan keuangan terkemuka di Asia Pasifik yang berbasis di Hong Kong. Didirikan pada tahun 1996, FinanceAsia memberikan ulasan mendalam mengenai perkembangan ekonomi di wilayah Asia Pasifik, termasuk aksi-aksi korporasi seperti merger dan akuisisi. Di sepanjang bulan Juni 2024 tercatat BRI mendapatkan 3 pengakuan dan penghargaan bergengsi di level internasional. Pertama, pada Kamis (13/06) BRI dinobatkan oleh Forbes sebagai perusahaan terbesar dalam daftar The Global 2000. Forbes International mencatat, BRI unggul dengan penjualan sebesar US14,95 miliar, laba US$3,6 miliar, aset mencapai US$125,45 miliar, dan nilai pasar sebesar US$46,5 miliar. Baca Juga : Forbes Kembali Nobatkan BRI Sebagai Perusahaan Terbesar di Indonesia Forbes Global 2000 tahun 2024, memuat data kinerja perusahaan dalam 12 bulan terakhir hingga 17 Mei 2024. Pada daftar tersebut, BRI menempati peringkat 308 dunia mengungguli perusahaan multinasional lain seperti Starbucks, Renault, hingga Uber dan Nissan Motor. Selanjutnya, pada hari Selasa (18/06) Fortune mengumumkan daftar Fortune Southeast Asia 500 untuk pertama kalinya. Daftar ini berisikan 500 perusahaan terbesar di Asia Tenggara yang dinilai berdasarkan revenue, profit dan aset. Dalam daftar Fortune Southeast Asia 500, prestasi kembali diraih oleh BRI. Perseroan menduduki peringkat pertama untuk industri keuangan di Indonesia. Di Asia Tenggara, BRI menduduki peringkat 4 untuk kategori keuangan, dan berada di peringkat 15 diantara 500 perusahaan dalam daftar tersebut.  Baca Juga : Catatkan Kinerja Impresif di Masa Sulit, Global Finance Nobatkan BRI Sebagai World’s Best Banks 2022 Mengutip website Fortune, BRI mencatatkan revenue sebesar $14,9 milyar, profit sebesar $3,9 milyar dan aset sebesar $127,6 milyar. “Di tengah ketidakpastian ekonomi global serta era suku bunga tinggi, keberhasilan BRI mendapatkan pengakuan dari Forbes, Fortune dan Finance Asia membuktikan bahwa dunia internasional mengakui serta mengapresiasi strategic response yang diambil BRI dalam menghadapi tantangan. Hal tersebut terbukti berhasil menjadi landasan dalam pencapaian kinerja yang positif bagi BRI yang menjadi leader di industri perbankan di Indonesia serta semakin menunjukkan pengaruh di industri keuangan regional dan global,” pungkas Sunarso. Cek berita dan artikel yang lain di Google News  Youtube Sulselsatu  Komentar  Terbaru Copyright © 2017 - 2024 SuryaLoe - Sulselsatu All Rights Reserved"
Aris Hartanto Jabat Direktur Utama BRI Life,https://mediaasuransinews.co.id/asuransi/aris-hartanto-jabat-direktur-utama-bri-life/,2024-08-21,2024-05-10,"Media Asuransi, JAKARTA – Hasil Rapat Umum Pemegang Saham Tahunan (RUPST) PT Asuransi BRI Life memutuskan untuk melakukan perubahan dan pengesahan susunan jajaran komisaris dan direksi perseroan. RUPST memutuskan mengangkat Aris Hartanto, yang sebelumnya menjabat sebagai Regional CEO Wilayah Medan PT Bank Rakyat Indonesia (Persero) Tbk, sebagai direktur utama dan Lau Soon Liang yang saat ini sebagai Emerging Market Chief Growth Officer FWD Group sebagai komisaris. |Baca juga: Kementerian BUMN & IFG Angkat Dwi Pujiastuti Handayani sebagai Komisaris Jasindo “BRI Life menyampaikan apresiasi yang setinggi-tingginya atas disahkannya Aris Hartanto sebagai Direktur Utama BRI Life, dan Lau Soon Liang  sebagai Komisaris dalam RUPST BRI Life. Keduanya akan efektif berperan mengawal laju bisnis BRI Life, setelah penilaian kemampuan dan kepatutan disetujui oleh OJK,” tutur Head Of Corporate Secretary BRI Life, Ade Nasution, dalam keterangan resmi, Jumat, 10 Mei 2024. |Baca juga: Kinerja 2023 Positif, Laba BRI Life Meningkat 55,5% Ade menambahkan, hingga akhir 2023, annual premium equivalent (APE) BRI Life tercatat Rp3,1 triliun dengan komposisi 91 persen adalah produk tradisional dan sembilan persen unitlink. Sementara Risk-Based Capital (RBC) perseroan mencapai 524 persen, atau di atas batas minimum yang dipersyaratkan OJK yakni sebesar 120 persen. |Baca juga: Allianz Bersinergi dengan GIFT dan doctorSHARE untuk Pelayanan Kesehatan di Pulau-Pulau Terpencil “Memperhatikan tren pertumbuhan kinerja keuangan BRI Life yang meningkat sepanjang 2023 dan pertumbuhan bisnis asuransi jiwa nasional yang diyakini tetap tumbuh di 2024, serta didukung Bank BRI selaku induk perusahaan, direksi menyampaikan keyakinannya BRI Life dapat memberikan kontribusi sebesar Rp1,5 triliun kepada BRI Group,” pungkas Ade. |Baca juga: Industri Asuransi Umum Siap Terapkan PSAK 117 Berdasarkan RUPS ini, maka susunan Anggota Dewan Komisaris, Anggota Direksi dan Dewan Pengawas Syariah PT Asuransi BRI Life sebagai berikut: Komisaris Utama: Muhammad Syafri Rozi.
Komisaris Independen: Eko Wahyudi.
Komisaris Independen: Hari Siaga Amijarso.
Komisaris: Lau Soon Liang.*
Komisaris Independen : Ubaidillah Nugraha. *) Efektif setelah penilaian kemampuan dan kepatutan  disetujui OJK.i Direktur Utama: Aris Hartanto.*
Direktur Kepatuhan dan Legal: I Dewa Gede Agung.
Direktur Keuangan : Lim Chet Ming.
Direktur Operasional : Yosie William Iroth.
Direktur Pemasaran: Sutadi. *) Efektif setelah penilaian kemampuan dan kepatuhan disetujui OJK. Ketua Dewan: Mohamad Hidayat.
Anggota Dewan: Agus Haryadi.
Anggota Dewan: Siti Haniatunnisa. Editor: S. Edi Santosa | Cek Berita dan Artikel yang lain di Google News Oleh: Budi Sartono Soetiardjo Oleh: Budi Sartono Soetiardjo Oleh: Ersa Tri Wahyuni, PhD
  Oleh: Ersa Tri Wahyuni, PhD
  Oleh Budi Sartono Soetiardjo Oleh Budi Sartono Soetiardjo Oleh: Budi Sartono Soetiardjo Oleh: Budi Sartono Soetiardjo Oleh: Eko Sulistyo dan Wahyudin Rahman Oleh: Eko Sulistyo dan Wahyudin Rahman Jl. KH Wahid Hasyim 12 G, Lantai 3,
Jakarta Pusat 10340. 
Telepon: 021-3910197,
Fax: 021 3910 297."
"RUPSLB, BRI Angkat Kembali Sunarso Jadi Wakil Direktur ...",https://economy.okezone.com/read/2019/01/03/278/1999542/rupslb-bri-angkat-kembali-sunarso-jadi-wakil-direktur-utama,2024-08-21,2019-01-03,"JAKARTA - PT Bank Rakyat Indonesia (Persero) Tbk (BRI) merombak beberapa jajaran komisaris dan direksi. Hal itu berdasarkan hasil Rapat Umum Pemegang Saham Luar Biasa (RUPSLB) yang diselenggarakan pada hari ini.
Bank milik negara ini kembali mengangkat Sunarso sebagai Wakil Direktur Utama BRI, setelah sebelumnya mengisi jabatan sebagai Direktur Utama Pegadaian. Sunarso sendiri sebelumnya pernah menjabat sebagai Wakil Direktur Utama PT BRI (Persero) Tbk sejak 2015 hingga 2017.  
Selain itu, juga memberhentikan Kuswiyoto sebagai Direksi Perseroan, yang sebelumnya menjabat sebagai Direktur Corporate Banking.
Tak hanya itu secara resmi BRI juga memberhentikan Jeffry Wurangian sebagai Komisaris BRI. Seperti diketahui Jeffry memang tengah mencalonkan diri sebagai Calon Legislatif (Caleg) DPR-RI Daerah Pemilihan Sulawesi Utara. Posisi Komisaris yang ditinggalkan Jeffry Wurangian pun dibiarkan kosong.
Baca Juga: KUR Beri Keuntungan 2 Kali Lipat bagi Nasabah
 
""Hasil RUPSLB menambah nomenlaktur Wakil Direktur Utama dan mengangkat Sunarso sebagai Wakil Direktur Utama Perseroan. Pengangkatan berlaku aktif setelah fit and proper test oleh OJK (Otoritas Jasa Keuangan),"" ujar Direktur Konsumer BRI Handayani dalam konferensi pers di Gedung Pusat BRI, Jakarta, Kamis (3/1/2019).
Sementara itu, Direktur Utama BRI Suprajarto menyatakan tak tahu menahu soal kembalinya Sunarso ke jabatan Wakil Direktur Utama. Kata dia, penunjukan merupakan wewenang Kementerian BUMN.
""Soal alasan penunjukan Sunarso kembali, itu bagian Kementerian BUMN. Kita baru tahunya tadi,"" katanya dalam kesempatan yang sama.

Dengan keputusan tersebut, berikut Jajaran Direksi dan Komisaris BRI :
Direktur Utama : Suprajarto
Wakil Direktur Utama: Sunarso
Direktur Ritel dan Menengah : Supari
Direktur Mikro dan Kecil : Priyastomo
Direktur Konsumer : Handayani
Direktur Jaringan dan Layanan : Osbal Saragi Rumahorbo
Direktur Keuangan : Haru Koesmahargyo
Direktur IT : Indra Utoyo
Direktur Hubungan Kelembagaan : Sis Apik Wijayanto
Direktur Human Capital : R Sophia Alizsa
Direktur Managemen Resiko : Mohammad Irfan
Direktur Kepatuhan : Achmad Solichin Lutfiyanto.
Baca Juga: Bank BRI Siapkan Layanan Open Account Via Digital di 2019
 
Adapun pada jajaran Komisaris :
Komisaris Utama : Andrinof A Chaniago
Wakil Komisaris Utama : Gatot Trihargo
Komisaris Independen : A. Fuad Rahmany
Komisaris Independen : A. Sonny Keraf
Komisaris Independen : Rofikoh Rokhim
Komisaris Independen : Mahmud
Komisaris : Nicolaus Teguh Budi Harjanto
Komisaris : Hadiyanto






Follow Berita Okezone di Google News


Dapatkan berita up to date dengan semua berita terkini dari Okezone hanya dengan satu akun di
ORION, daftar sekarang dengan
klik disini
dan nantikan kejutan menarik lainnya

(kmj)




Follow WhatsApp Channel Okezone untuk update berita terbaru setiap hari

Follow



#Saham BBRI
#PT Bank Rakyat Indonesia Tbk (BBRI) 
#Bank BRI





















 Bank milik negara ini kembali mengangkat Sunarso sebagai Wakil Direktur Utama BRI, setelah sebelumnya mengisi jabatan sebagai Direktur Utama Pegadaian. Sunarso sendiri sebelumnya pernah menjabat sebagai Wakil Direktur Utama PT BRI (Persero) Tbk sejak 2015 hingga 2017.  
Selain itu, juga memberhentikan Kuswiyoto sebagai Direksi Perseroan, yang sebelumnya menjabat sebagai Direktur Corporate Banking.
Tak hanya itu secara resmi BRI juga memberhentikan Jeffry Wurangian sebagai Komisaris BRI. Seperti diketahui Jeffry memang tengah mencalonkan diri sebagai Calon Legislatif (Caleg) DPR-RI Daerah Pemilihan Sulawesi Utara. Posisi Komisaris yang ditinggalkan Jeffry Wurangian pun dibiarkan kosong.
Baca Juga: KUR Beri Keuntungan 2 Kali Lipat bagi Nasabah
 
""Hasil RUPSLB menambah nomenlaktur Wakil Direktur Utama dan mengangkat Sunarso sebagai Wakil Direktur Utama Perseroan. Pengangkatan berlaku aktif setelah fit and proper test oleh OJK (Otoritas Jasa Keuangan),"" ujar Direktur Konsumer BRI Handayani dalam konferensi pers di Gedung Pusat BRI, Jakarta, Kamis (3/1/2019).
Sementara itu, Direktur Utama BRI Suprajarto menyatakan tak tahu menahu soal kembalinya Sunarso ke jabatan Wakil Direktur Utama. Kata dia, penunjukan merupakan wewenang Kementerian BUMN.
""Soal alasan penunjukan Sunarso kembali, itu bagian Kementerian BUMN. Kita baru tahunya tadi,"" katanya dalam kesempatan yang sama.

Dengan keputusan tersebut, berikut Jajaran Direksi dan Komisaris BRI :
Direktur Utama : Suprajarto
Wakil Direktur Utama: Sunarso
Direktur Ritel dan Menengah : Supari
Direktur Mikro dan Kecil : Priyastomo
Direktur Konsumer : Handayani
Direktur Jaringan dan Layanan : Osbal Saragi Rumahorbo
Direktur Keuangan : Haru Koesmahargyo
Direktur IT : Indra Utoyo
Direktur Hubungan Kelembagaan : Sis Apik Wijayanto
Direktur Human Capital : R Sophia Alizsa
Direktur Managemen Resiko : Mohammad Irfan
Direktur Kepatuhan : Achmad Solichin Lutfiyanto.
Baca Juga: Bank BRI Siapkan Layanan Open Account Via Digital di 2019
 
Adapun pada jajaran Komisaris :
Komisaris Utama : Andrinof A Chaniago
Wakil Komisaris Utama : Gatot Trihargo
Komisaris Independen : A. Fuad Rahmany
Komisaris Independen : A. Sonny Keraf
Komisaris Independen : Rofikoh Rokhim
Komisaris Independen : Mahmud
Komisaris : Nicolaus Teguh Budi Harjanto
Komisaris : Hadiyanto






Follow Berita Okezone di Google News


Dapatkan berita up to date dengan semua berita terkini dari Okezone hanya dengan satu akun di
ORION, daftar sekarang dengan
klik disini
dan nantikan kejutan menarik lainnya

(kmj)




Follow WhatsApp Channel Okezone untuk update berita terbaru setiap hari

Follow



#Saham BBRI
#PT Bank Rakyat Indonesia Tbk (BBRI) 
#Bank BRI





















 Selain itu, juga memberhentikan Kuswiyoto sebagai Direksi Perseroan, yang sebelumnya menjabat sebagai Direktur Corporate Banking.
Tak hanya itu secara resmi BRI juga memberhentikan Jeffry Wurangian sebagai Komisaris BRI. Seperti diketahui Jeffry memang tengah mencalonkan diri sebagai Calon Legislatif (Caleg) DPR-RI Daerah Pemilihan Sulawesi Utara. Posisi Komisaris yang ditinggalkan Jeffry Wurangian pun dibiarkan kosong.
Baca Juga: KUR Beri Keuntungan 2 Kali Lipat bagi Nasabah
 
""Hasil RUPSLB menambah nomenlaktur Wakil Direktur Utama dan mengangkat Sunarso sebagai Wakil Direktur Utama Perseroan. Pengangkatan berlaku aktif setelah fit and proper test oleh OJK (Otoritas Jasa Keuangan),"" ujar Direktur Konsumer BRI Handayani dalam konferensi pers di Gedung Pusat BRI, Jakarta, Kamis (3/1/2019).
Sementara itu, Direktur Utama BRI Suprajarto menyatakan tak tahu menahu soal kembalinya Sunarso ke jabatan Wakil Direktur Utama. Kata dia, penunjukan merupakan wewenang Kementerian BUMN.
""Soal alasan penunjukan Sunarso kembali, itu bagian Kementerian BUMN. Kita baru tahunya tadi,"" katanya dalam kesempatan yang sama.

Dengan keputusan tersebut, berikut Jajaran Direksi dan Komisaris BRI :
Direktur Utama : Suprajarto
Wakil Direktur Utama: Sunarso
Direktur Ritel dan Menengah : Supari
Direktur Mikro dan Kecil : Priyastomo
Direktur Konsumer : Handayani
Direktur Jaringan dan Layanan : Osbal Saragi Rumahorbo
Direktur Keuangan : Haru Koesmahargyo
Direktur IT : Indra Utoyo
Direktur Hubungan Kelembagaan : Sis Apik Wijayanto
Direktur Human Capital : R Sophia Alizsa
Direktur Managemen Resiko : Mohammad Irfan
Direktur Kepatuhan : Achmad Solichin Lutfiyanto.
Baca Juga: Bank BRI Siapkan Layanan Open Account Via Digital di 2019
 
Adapun pada jajaran Komisaris :
Komisaris Utama : Andrinof A Chaniago
Wakil Komisaris Utama : Gatot Trihargo
Komisaris Independen : A. Fuad Rahmany
Komisaris Independen : A. Sonny Keraf
Komisaris Independen : Rofikoh Rokhim
Komisaris Independen : Mahmud
Komisaris : Nicolaus Teguh Budi Harjanto
Komisaris : Hadiyanto






Follow Berita Okezone di Google News


Dapatkan berita up to date dengan semua berita terkini dari Okezone hanya dengan satu akun di
ORION, daftar sekarang dengan
klik disini
dan nantikan kejutan menarik lainnya

(kmj)




Follow WhatsApp Channel Okezone untuk update berita terbaru setiap hari

Follow



#Saham BBRI
#PT Bank Rakyat Indonesia Tbk (BBRI) 
#Bank BRI





















 Tak hanya itu secara resmi BRI juga memberhentikan Jeffry Wurangian sebagai Komisaris BRI. Seperti diketahui Jeffry memang tengah mencalonkan diri sebagai Calon Legislatif (Caleg) DPR-RI Daerah Pemilihan Sulawesi Utara. Posisi Komisaris yang ditinggalkan Jeffry Wurangian pun dibiarkan kosong.
Baca Juga: KUR Beri Keuntungan 2 Kali Lipat bagi Nasabah
 
""Hasil RUPSLB menambah nomenlaktur Wakil Direktur Utama dan mengangkat Sunarso sebagai Wakil Direktur Utama Perseroan. Pengangkatan berlaku aktif setelah fit and proper test oleh OJK (Otoritas Jasa Keuangan),"" ujar Direktur Konsumer BRI Handayani dalam konferensi pers di Gedung Pusat BRI, Jakarta, Kamis (3/1/2019).
Sementara itu, Direktur Utama BRI Suprajarto menyatakan tak tahu menahu soal kembalinya Sunarso ke jabatan Wakil Direktur Utama. Kata dia, penunjukan merupakan wewenang Kementerian BUMN.
""Soal alasan penunjukan Sunarso kembali, itu bagian Kementerian BUMN. Kita baru tahunya tadi,"" katanya dalam kesempatan yang sama.

Dengan keputusan tersebut, berikut Jajaran Direksi dan Komisaris BRI :
Direktur Utama : Suprajarto
Wakil Direktur Utama: Sunarso
Direktur Ritel dan Menengah : Supari
Direktur Mikro dan Kecil : Priyastomo
Direktur Konsumer : Handayani
Direktur Jaringan dan Layanan : Osbal Saragi Rumahorbo
Direktur Keuangan : Haru Koesmahargyo
Direktur IT : Indra Utoyo
Direktur Hubungan Kelembagaan : Sis Apik Wijayanto
Direktur Human Capital : R Sophia Alizsa
Direktur Managemen Resiko : Mohammad Irfan
Direktur Kepatuhan : Achmad Solichin Lutfiyanto.
Baca Juga: Bank BRI Siapkan Layanan Open Account Via Digital di 2019
 
Adapun pada jajaran Komisaris :
Komisaris Utama : Andrinof A Chaniago
Wakil Komisaris Utama : Gatot Trihargo
Komisaris Independen : A. Fuad Rahmany
Komisaris Independen : A. Sonny Keraf
Komisaris Independen : Rofikoh Rokhim
Komisaris Independen : Mahmud
Komisaris : Nicolaus Teguh Budi Harjanto
Komisaris : Hadiyanto






Follow Berita Okezone di Google News


Dapatkan berita up to date dengan semua berita terkini dari Okezone hanya dengan satu akun di
ORION, daftar sekarang dengan
klik disini
dan nantikan kejutan menarik lainnya

(kmj)




Follow WhatsApp Channel Okezone untuk update berita terbaru setiap hari

Follow



#Saham BBRI
#PT Bank Rakyat Indonesia Tbk (BBRI) 
#Bank BRI





















 Baca Juga: KUR Beri Keuntungan 2 Kali Lipat bagi Nasabah
 
""Hasil RUPSLB menambah nomenlaktur Wakil Direktur Utama dan mengangkat Sunarso sebagai Wakil Direktur Utama Perseroan. Pengangkatan berlaku aktif setelah fit and proper test oleh OJK (Otoritas Jasa Keuangan),"" ujar Direktur Konsumer BRI Handayani dalam konferensi pers di Gedung Pusat BRI, Jakarta, Kamis (3/1/2019).
Sementara itu, Direktur Utama BRI Suprajarto menyatakan tak tahu menahu soal kembalinya Sunarso ke jabatan Wakil Direktur Utama. Kata dia, penunjukan merupakan wewenang Kementerian BUMN.
""Soal alasan penunjukan Sunarso kembali, itu bagian Kementerian BUMN. Kita baru tahunya tadi,"" katanya dalam kesempatan yang sama.

Dengan keputusan tersebut, berikut Jajaran Direksi dan Komisaris BRI :
Direktur Utama : Suprajarto
Wakil Direktur Utama: Sunarso
Direktur Ritel dan Menengah : Supari
Direktur Mikro dan Kecil : Priyastomo
Direktur Konsumer : Handayani
Direktur Jaringan dan Layanan : Osbal Saragi Rumahorbo
Direktur Keuangan : Haru Koesmahargyo
Direktur IT : Indra Utoyo
Direktur Hubungan Kelembagaan : Sis Apik Wijayanto
Direktur Human Capital : R Sophia Alizsa
Direktur Managemen Resiko : Mohammad Irfan
Direktur Kepatuhan : Achmad Solichin Lutfiyanto.
Baca Juga: Bank BRI Siapkan Layanan Open Account Via Digital di 2019
 
Adapun pada jajaran Komisaris :
Komisaris Utama : Andrinof A Chaniago
Wakil Komisaris Utama : Gatot Trihargo
Komisaris Independen : A. Fuad Rahmany
Komisaris Independen : A. Sonny Keraf
Komisaris Independen : Rofikoh Rokhim
Komisaris Independen : Mahmud
Komisaris : Nicolaus Teguh Budi Harjanto
Komisaris : Hadiyanto






Follow Berita Okezone di Google News


Dapatkan berita up to date dengan semua berita terkini dari Okezone hanya dengan satu akun di
ORION, daftar sekarang dengan
klik disini
dan nantikan kejutan menarik lainnya

(kmj)




Follow WhatsApp Channel Okezone untuk update berita terbaru setiap hari

Follow



#Saham BBRI
#PT Bank Rakyat Indonesia Tbk (BBRI) 
#Bank BRI





















  
""Hasil RUPSLB menambah nomenlaktur Wakil Direktur Utama dan mengangkat Sunarso sebagai Wakil Direktur Utama Perseroan. Pengangkatan berlaku aktif setelah fit and proper test oleh OJK (Otoritas Jasa Keuangan),"" ujar Direktur Konsumer BRI Handayani dalam konferensi pers di Gedung Pusat BRI, Jakarta, Kamis (3/1/2019).
Sementara itu, Direktur Utama BRI Suprajarto menyatakan tak tahu menahu soal kembalinya Sunarso ke jabatan Wakil Direktur Utama. Kata dia, penunjukan merupakan wewenang Kementerian BUMN.
""Soal alasan penunjukan Sunarso kembali, itu bagian Kementerian BUMN. Kita baru tahunya tadi,"" katanya dalam kesempatan yang sama.

Dengan keputusan tersebut, berikut Jajaran Direksi dan Komisaris BRI :
Direktur Utama : Suprajarto
Wakil Direktur Utama: Sunarso
Direktur Ritel dan Menengah : Supari
Direktur Mikro dan Kecil : Priyastomo
Direktur Konsumer : Handayani
Direktur Jaringan dan Layanan : Osbal Saragi Rumahorbo
Direktur Keuangan : Haru Koesmahargyo
Direktur IT : Indra Utoyo
Direktur Hubungan Kelembagaan : Sis Apik Wijayanto
Direktur Human Capital : R Sophia Alizsa
Direktur Managemen Resiko : Mohammad Irfan
Direktur Kepatuhan : Achmad Solichin Lutfiyanto.
Baca Juga: Bank BRI Siapkan Layanan Open Account Via Digital di 2019
 
Adapun pada jajaran Komisaris :
Komisaris Utama : Andrinof A Chaniago
Wakil Komisaris Utama : Gatot Trihargo
Komisaris Independen : A. Fuad Rahmany
Komisaris Independen : A. Sonny Keraf
Komisaris Independen : Rofikoh Rokhim
Komisaris Independen : Mahmud
Komisaris : Nicolaus Teguh Budi Harjanto
Komisaris : Hadiyanto






Follow Berita Okezone di Google News


Dapatkan berita up to date dengan semua berita terkini dari Okezone hanya dengan satu akun di
ORION, daftar sekarang dengan
klik disini
dan nantikan kejutan menarik lainnya

(kmj)




Follow WhatsApp Channel Okezone untuk update berita terbaru setiap hari

Follow



#Saham BBRI
#PT Bank Rakyat Indonesia Tbk (BBRI) 
#Bank BRI





















 ""Hasil RUPSLB menambah nomenlaktur Wakil Direktur Utama dan mengangkat Sunarso sebagai Wakil Direktur Utama Perseroan. Pengangkatan berlaku aktif setelah fit and proper test oleh OJK (Otoritas Jasa Keuangan),"" ujar Direktur Konsumer BRI Handayani dalam konferensi pers di Gedung Pusat BRI, Jakarta, Kamis (3/1/2019).
Sementara itu, Direktur Utama BRI Suprajarto menyatakan tak tahu menahu soal kembalinya Sunarso ke jabatan Wakil Direktur Utama. Kata dia, penunjukan merupakan wewenang Kementerian BUMN.
""Soal alasan penunjukan Sunarso kembali, itu bagian Kementerian BUMN. Kita baru tahunya tadi,"" katanya dalam kesempatan yang sama.

Dengan keputusan tersebut, berikut Jajaran Direksi dan Komisaris BRI :
Direktur Utama : Suprajarto
Wakil Direktur Utama: Sunarso
Direktur Ritel dan Menengah : Supari
Direktur Mikro dan Kecil : Priyastomo
Direktur Konsumer : Handayani
Direktur Jaringan dan Layanan : Osbal Saragi Rumahorbo
Direktur Keuangan : Haru Koesmahargyo
Direktur IT : Indra Utoyo
Direktur Hubungan Kelembagaan : Sis Apik Wijayanto
Direktur Human Capital : R Sophia Alizsa
Direktur Managemen Resiko : Mohammad Irfan
Direktur Kepatuhan : Achmad Solichin Lutfiyanto.
Baca Juga: Bank BRI Siapkan Layanan Open Account Via Digital di 2019
 
Adapun pada jajaran Komisaris :
Komisaris Utama : Andrinof A Chaniago
Wakil Komisaris Utama : Gatot Trihargo
Komisaris Independen : A. Fuad Rahmany
Komisaris Independen : A. Sonny Keraf
Komisaris Independen : Rofikoh Rokhim
Komisaris Independen : Mahmud
Komisaris : Nicolaus Teguh Budi Harjanto
Komisaris : Hadiyanto






Follow Berita Okezone di Google News


Dapatkan berita up to date dengan semua berita terkini dari Okezone hanya dengan satu akun di
ORION, daftar sekarang dengan
klik disini
dan nantikan kejutan menarik lainnya

(kmj)




Follow WhatsApp Channel Okezone untuk update berita terbaru setiap hari

Follow



#Saham BBRI
#PT Bank Rakyat Indonesia Tbk (BBRI) 
#Bank BRI





















 Sementara itu, Direktur Utama BRI Suprajarto menyatakan tak tahu menahu soal kembalinya Sunarso ke jabatan Wakil Direktur Utama. Kata dia, penunjukan merupakan wewenang Kementerian BUMN.
""Soal alasan penunjukan Sunarso kembali, itu bagian Kementerian BUMN. Kita baru tahunya tadi,"" katanya dalam kesempatan yang sama.

Dengan keputusan tersebut, berikut Jajaran Direksi dan Komisaris BRI :
Direktur Utama : Suprajarto
Wakil Direktur Utama: Sunarso
Direktur Ritel dan Menengah : Supari
Direktur Mikro dan Kecil : Priyastomo
Direktur Konsumer : Handayani
Direktur Jaringan dan Layanan : Osbal Saragi Rumahorbo
Direktur Keuangan : Haru Koesmahargyo
Direktur IT : Indra Utoyo
Direktur Hubungan Kelembagaan : Sis Apik Wijayanto
Direktur Human Capital : R Sophia Alizsa
Direktur Managemen Resiko : Mohammad Irfan
Direktur Kepatuhan : Achmad Solichin Lutfiyanto.
Baca Juga: Bank BRI Siapkan Layanan Open Account Via Digital di 2019
 
Adapun pada jajaran Komisaris :
Komisaris Utama : Andrinof A Chaniago
Wakil Komisaris Utama : Gatot Trihargo
Komisaris Independen : A. Fuad Rahmany
Komisaris Independen : A. Sonny Keraf
Komisaris Independen : Rofikoh Rokhim
Komisaris Independen : Mahmud
Komisaris : Nicolaus Teguh Budi Harjanto
Komisaris : Hadiyanto






Follow Berita Okezone di Google News


Dapatkan berita up to date dengan semua berita terkini dari Okezone hanya dengan satu akun di
ORION, daftar sekarang dengan
klik disini
dan nantikan kejutan menarik lainnya

(kmj)




Follow WhatsApp Channel Okezone untuk update berita terbaru setiap hari

Follow



#Saham BBRI
#PT Bank Rakyat Indonesia Tbk (BBRI) 
#Bank BRI





















 ""Soal alasan penunjukan Sunarso kembali, itu bagian Kementerian BUMN. Kita baru tahunya tadi,"" katanya dalam kesempatan yang sama.

Dengan keputusan tersebut, berikut Jajaran Direksi dan Komisaris BRI :
Direktur Utama : Suprajarto
Wakil Direktur Utama: Sunarso
Direktur Ritel dan Menengah : Supari
Direktur Mikro dan Kecil : Priyastomo
Direktur Konsumer : Handayani
Direktur Jaringan dan Layanan : Osbal Saragi Rumahorbo
Direktur Keuangan : Haru Koesmahargyo
Direktur IT : Indra Utoyo
Direktur Hubungan Kelembagaan : Sis Apik Wijayanto
Direktur Human Capital : R Sophia Alizsa
Direktur Managemen Resiko : Mohammad Irfan
Direktur Kepatuhan : Achmad Solichin Lutfiyanto.
Baca Juga: Bank BRI Siapkan Layanan Open Account Via Digital di 2019
 
Adapun pada jajaran Komisaris :
Komisaris Utama : Andrinof A Chaniago
Wakil Komisaris Utama : Gatot Trihargo
Komisaris Independen : A. Fuad Rahmany
Komisaris Independen : A. Sonny Keraf
Komisaris Independen : Rofikoh Rokhim
Komisaris Independen : Mahmud
Komisaris : Nicolaus Teguh Budi Harjanto
Komisaris : Hadiyanto






Follow Berita Okezone di Google News


Dapatkan berita up to date dengan semua berita terkini dari Okezone hanya dengan satu akun di
ORION, daftar sekarang dengan
klik disini
dan nantikan kejutan menarik lainnya

(kmj)




Follow WhatsApp Channel Okezone untuk update berita terbaru setiap hari

Follow



#Saham BBRI
#PT Bank Rakyat Indonesia Tbk (BBRI) 
#Bank BRI





















 
Dengan keputusan tersebut, berikut Jajaran Direksi dan Komisaris BRI :
Direktur Utama : Suprajarto
Wakil Direktur Utama: Sunarso
Direktur Ritel dan Menengah : Supari
Direktur Mikro dan Kecil : Priyastomo
Direktur Konsumer : Handayani
Direktur Jaringan dan Layanan : Osbal Saragi Rumahorbo
Direktur Keuangan : Haru Koesmahargyo
Direktur IT : Indra Utoyo
Direktur Hubungan Kelembagaan : Sis Apik Wijayanto
Direktur Human Capital : R Sophia Alizsa
Direktur Managemen Resiko : Mohammad Irfan
Direktur Kepatuhan : Achmad Solichin Lutfiyanto.
Baca Juga: Bank BRI Siapkan Layanan Open Account Via Digital di 2019
 
Adapun pada jajaran Komisaris :
Komisaris Utama : Andrinof A Chaniago
Wakil Komisaris Utama : Gatot Trihargo
Komisaris Independen : A. Fuad Rahmany
Komisaris Independen : A. Sonny Keraf
Komisaris Independen : Rofikoh Rokhim
Komisaris Independen : Mahmud
Komisaris : Nicolaus Teguh Budi Harjanto
Komisaris : Hadiyanto






Follow Berita Okezone di Google News


Dapatkan berita up to date dengan semua berita terkini dari Okezone hanya dengan satu akun di
ORION, daftar sekarang dengan
klik disini
dan nantikan kejutan menarik lainnya

(kmj)




Follow WhatsApp Channel Okezone untuk update berita terbaru setiap hari

Follow



#Saham BBRI
#PT Bank Rakyat Indonesia Tbk (BBRI) 
#Bank BRI





















 Dengan keputusan tersebut, berikut Jajaran Direksi dan Komisaris BRI :
Direktur Utama : Suprajarto
Wakil Direktur Utama: Sunarso
Direktur Ritel dan Menengah : Supari
Direktur Mikro dan Kecil : Priyastomo
Direktur Konsumer : Handayani
Direktur Jaringan dan Layanan : Osbal Saragi Rumahorbo
Direktur Keuangan : Haru Koesmahargyo
Direktur IT : Indra Utoyo
Direktur Hubungan Kelembagaan : Sis Apik Wijayanto
Direktur Human Capital : R Sophia Alizsa
Direktur Managemen Resiko : Mohammad Irfan
Direktur Kepatuhan : Achmad Solichin Lutfiyanto.
Baca Juga: Bank BRI Siapkan Layanan Open Account Via Digital di 2019
 
Adapun pada jajaran Komisaris :
Komisaris Utama : Andrinof A Chaniago
Wakil Komisaris Utama : Gatot Trihargo
Komisaris Independen : A. Fuad Rahmany
Komisaris Independen : A. Sonny Keraf
Komisaris Independen : Rofikoh Rokhim
Komisaris Independen : Mahmud
Komisaris : Nicolaus Teguh Budi Harjanto
Komisaris : Hadiyanto






Follow Berita Okezone di Google News


Dapatkan berita up to date dengan semua berita terkini dari Okezone hanya dengan satu akun di
ORION, daftar sekarang dengan
klik disini
dan nantikan kejutan menarik lainnya

(kmj)




Follow WhatsApp Channel Okezone untuk update berita terbaru setiap hari

Follow



#Saham BBRI
#PT Bank Rakyat Indonesia Tbk (BBRI) 
#Bank BRI





















 Direktur Utama : Suprajarto
Wakil Direktur Utama: Sunarso
Direktur Ritel dan Menengah : Supari
Direktur Mikro dan Kecil : Priyastomo
Direktur Konsumer : Handayani
Direktur Jaringan dan Layanan : Osbal Saragi Rumahorbo
Direktur Keuangan : Haru Koesmahargyo
Direktur IT : Indra Utoyo
Direktur Hubungan Kelembagaan : Sis Apik Wijayanto
Direktur Human Capital : R Sophia Alizsa
Direktur Managemen Resiko : Mohammad Irfan
Direktur Kepatuhan : Achmad Solichin Lutfiyanto.
Baca Juga: Bank BRI Siapkan Layanan Open Account Via Digital di 2019
 
Adapun pada jajaran Komisaris :
Komisaris Utama : Andrinof A Chaniago
Wakil Komisaris Utama : Gatot Trihargo
Komisaris Independen : A. Fuad Rahmany
Komisaris Independen : A. Sonny Keraf
Komisaris Independen : Rofikoh Rokhim
Komisaris Independen : Mahmud
Komisaris : Nicolaus Teguh Budi Harjanto
Komisaris : Hadiyanto






Follow Berita Okezone di Google News


Dapatkan berita up to date dengan semua berita terkini dari Okezone hanya dengan satu akun di
ORION, daftar sekarang dengan
klik disini
dan nantikan kejutan menarik lainnya

(kmj)




Follow WhatsApp Channel Okezone untuk update berita terbaru setiap hari

Follow



#Saham BBRI
#PT Bank Rakyat Indonesia Tbk (BBRI) 
#Bank BRI





















 Wakil Direktur Utama: Sunarso
Direktur Ritel dan Menengah : Supari
Direktur Mikro dan Kecil : Priyastomo
Direktur Konsumer : Handayani
Direktur Jaringan dan Layanan : Osbal Saragi Rumahorbo
Direktur Keuangan : Haru Koesmahargyo
Direktur IT : Indra Utoyo
Direktur Hubungan Kelembagaan : Sis Apik Wijayanto
Direktur Human Capital : R Sophia Alizsa
Direktur Managemen Resiko : Mohammad Irfan
Direktur Kepatuhan : Achmad Solichin Lutfiyanto.
Baca Juga: Bank BRI Siapkan Layanan Open Account Via Digital di 2019
 
Adapun pada jajaran Komisaris :
Komisaris Utama : Andrinof A Chaniago
Wakil Komisaris Utama : Gatot Trihargo
Komisaris Independen : A. Fuad Rahmany
Komisaris Independen : A. Sonny Keraf
Komisaris Independen : Rofikoh Rokhim
Komisaris Independen : Mahmud
Komisaris : Nicolaus Teguh Budi Harjanto
Komisaris : Hadiyanto






Follow Berita Okezone di Google News


Dapatkan berita up to date dengan semua berita terkini dari Okezone hanya dengan satu akun di
ORION, daftar sekarang dengan
klik disini
dan nantikan kejutan menarik lainnya

(kmj)




Follow WhatsApp Channel Okezone untuk update berita terbaru setiap hari

Follow



#Saham BBRI
#PT Bank Rakyat Indonesia Tbk (BBRI) 
#Bank BRI





















 Direktur Ritel dan Menengah : Supari
Direktur Mikro dan Kecil : Priyastomo
Direktur Konsumer : Handayani
Direktur Jaringan dan Layanan : Osbal Saragi Rumahorbo
Direktur Keuangan : Haru Koesmahargyo
Direktur IT : Indra Utoyo
Direktur Hubungan Kelembagaan : Sis Apik Wijayanto
Direktur Human Capital : R Sophia Alizsa
Direktur Managemen Resiko : Mohammad Irfan
Direktur Kepatuhan : Achmad Solichin Lutfiyanto.
Baca Juga: Bank BRI Siapkan Layanan Open Account Via Digital di 2019
 
Adapun pada jajaran Komisaris :
Komisaris Utama : Andrinof A Chaniago
Wakil Komisaris Utama : Gatot Trihargo
Komisaris Independen : A. Fuad Rahmany
Komisaris Independen : A. Sonny Keraf
Komisaris Independen : Rofikoh Rokhim
Komisaris Independen : Mahmud
Komisaris : Nicolaus Teguh Budi Harjanto
Komisaris : Hadiyanto






Follow Berita Okezone di Google News


Dapatkan berita up to date dengan semua berita terkini dari Okezone hanya dengan satu akun di
ORION, daftar sekarang dengan
klik disini
dan nantikan kejutan menarik lainnya

(kmj)




Follow WhatsApp Channel Okezone untuk update berita terbaru setiap hari

Follow



#Saham BBRI
#PT Bank Rakyat Indonesia Tbk (BBRI) 
#Bank BRI





















 Direktur Mikro dan Kecil : Priyastomo
Direktur Konsumer : Handayani
Direktur Jaringan dan Layanan : Osbal Saragi Rumahorbo
Direktur Keuangan : Haru Koesmahargyo
Direktur IT : Indra Utoyo
Direktur Hubungan Kelembagaan : Sis Apik Wijayanto
Direktur Human Capital : R Sophia Alizsa
Direktur Managemen Resiko : Mohammad Irfan
Direktur Kepatuhan : Achmad Solichin Lutfiyanto.
Baca Juga: Bank BRI Siapkan Layanan Open Account Via Digital di 2019
 
Adapun pada jajaran Komisaris :
Komisaris Utama : Andrinof A Chaniago
Wakil Komisaris Utama : Gatot Trihargo
Komisaris Independen : A. Fuad Rahmany
Komisaris Independen : A. Sonny Keraf
Komisaris Independen : Rofikoh Rokhim
Komisaris Independen : Mahmud
Komisaris : Nicolaus Teguh Budi Harjanto
Komisaris : Hadiyanto






Follow Berita Okezone di Google News


Dapatkan berita up to date dengan semua berita terkini dari Okezone hanya dengan satu akun di
ORION, daftar sekarang dengan
klik disini
dan nantikan kejutan menarik lainnya

(kmj)




Follow WhatsApp Channel Okezone untuk update berita terbaru setiap hari

Follow



#Saham BBRI
#PT Bank Rakyat Indonesia Tbk (BBRI) 
#Bank BRI





















 Direktur Konsumer : Handayani
Direktur Jaringan dan Layanan : Osbal Saragi Rumahorbo
Direktur Keuangan : Haru Koesmahargyo
Direktur IT : Indra Utoyo
Direktur Hubungan Kelembagaan : Sis Apik Wijayanto
Direktur Human Capital : R Sophia Alizsa
Direktur Managemen Resiko : Mohammad Irfan
Direktur Kepatuhan : Achmad Solichin Lutfiyanto.
Baca Juga: Bank BRI Siapkan Layanan Open Account Via Digital di 2019
 
Adapun pada jajaran Komisaris :
Komisaris Utama : Andrinof A Chaniago
Wakil Komisaris Utama : Gatot Trihargo
Komisaris Independen : A. Fuad Rahmany
Komisaris Independen : A. Sonny Keraf
Komisaris Independen : Rofikoh Rokhim
Komisaris Independen : Mahmud
Komisaris : Nicolaus Teguh Budi Harjanto
Komisaris : Hadiyanto






Follow Berita Okezone di Google News


Dapatkan berita up to date dengan semua berita terkini dari Okezone hanya dengan satu akun di
ORION, daftar sekarang dengan
klik disini
dan nantikan kejutan menarik lainnya

(kmj)




Follow WhatsApp Channel Okezone untuk update berita terbaru setiap hari

Follow



#Saham BBRI
#PT Bank Rakyat Indonesia Tbk (BBRI) 
#Bank BRI





















 Direktur Jaringan dan Layanan : Osbal Saragi Rumahorbo
Direktur Keuangan : Haru Koesmahargyo
Direktur IT : Indra Utoyo
Direktur Hubungan Kelembagaan : Sis Apik Wijayanto
Direktur Human Capital : R Sophia Alizsa
Direktur Managemen Resiko : Mohammad Irfan
Direktur Kepatuhan : Achmad Solichin Lutfiyanto.
Baca Juga: Bank BRI Siapkan Layanan Open Account Via Digital di 2019
 
Adapun pada jajaran Komisaris :
Komisaris Utama : Andrinof A Chaniago
Wakil Komisaris Utama : Gatot Trihargo
Komisaris Independen : A. Fuad Rahmany
Komisaris Independen : A. Sonny Keraf
Komisaris Independen : Rofikoh Rokhim
Komisaris Independen : Mahmud
Komisaris : Nicolaus Teguh Budi Harjanto
Komisaris : Hadiyanto






Follow Berita Okezone di Google News


Dapatkan berita up to date dengan semua berita terkini dari Okezone hanya dengan satu akun di
ORION, daftar sekarang dengan
klik disini
dan nantikan kejutan menarik lainnya

(kmj)




Follow WhatsApp Channel Okezone untuk update berita terbaru setiap hari

Follow



#Saham BBRI
#PT Bank Rakyat Indonesia Tbk (BBRI) 
#Bank BRI





















 Direktur Keuangan : Haru Koesmahargyo
Direktur IT : Indra Utoyo
Direktur Hubungan Kelembagaan : Sis Apik Wijayanto
Direktur Human Capital : R Sophia Alizsa
Direktur Managemen Resiko : Mohammad Irfan
Direktur Kepatuhan : Achmad Solichin Lutfiyanto.
Baca Juga: Bank BRI Siapkan Layanan Open Account Via Digital di 2019
 
Adapun pada jajaran Komisaris :
Komisaris Utama : Andrinof A Chaniago
Wakil Komisaris Utama : Gatot Trihargo
Komisaris Independen : A. Fuad Rahmany
Komisaris Independen : A. Sonny Keraf
Komisaris Independen : Rofikoh Rokhim
Komisaris Independen : Mahmud
Komisaris : Nicolaus Teguh Budi Harjanto
Komisaris : Hadiyanto






Follow Berita Okezone di Google News


Dapatkan berita up to date dengan semua berita terkini dari Okezone hanya dengan satu akun di
ORION, daftar sekarang dengan
klik disini
dan nantikan kejutan menarik lainnya

(kmj)




Follow WhatsApp Channel Okezone untuk update berita terbaru setiap hari

Follow



#Saham BBRI
#PT Bank Rakyat Indonesia Tbk (BBRI) 
#Bank BRI





















 Direktur IT : Indra Utoyo
Direktur Hubungan Kelembagaan : Sis Apik Wijayanto
Direktur Human Capital : R Sophia Alizsa
Direktur Managemen Resiko : Mohammad Irfan
Direktur Kepatuhan : Achmad Solichin Lutfiyanto.
Baca Juga: Bank BRI Siapkan Layanan Open Account Via Digital di 2019
 
Adapun pada jajaran Komisaris :
Komisaris Utama : Andrinof A Chaniago
Wakil Komisaris Utama : Gatot Trihargo
Komisaris Independen : A. Fuad Rahmany
Komisaris Independen : A. Sonny Keraf
Komisaris Independen : Rofikoh Rokhim
Komisaris Independen : Mahmud
Komisaris : Nicolaus Teguh Budi Harjanto
Komisaris : Hadiyanto






Follow Berita Okezone di Google News


Dapatkan berita up to date dengan semua berita terkini dari Okezone hanya dengan satu akun di
ORION, daftar sekarang dengan
klik disini
dan nantikan kejutan menarik lainnya

(kmj)




Follow WhatsApp Channel Okezone untuk update berita terbaru setiap hari

Follow



#Saham BBRI
#PT Bank Rakyat Indonesia Tbk (BBRI) 
#Bank BRI





















 Direktur Hubungan Kelembagaan : Sis Apik Wijayanto
Direktur Human Capital : R Sophia Alizsa
Direktur Managemen Resiko : Mohammad Irfan
Direktur Kepatuhan : Achmad Solichin Lutfiyanto.
Baca Juga: Bank BRI Siapkan Layanan Open Account Via Digital di 2019
 
Adapun pada jajaran Komisaris :
Komisaris Utama : Andrinof A Chaniago
Wakil Komisaris Utama : Gatot Trihargo
Komisaris Independen : A. Fuad Rahmany
Komisaris Independen : A. Sonny Keraf
Komisaris Independen : Rofikoh Rokhim
Komisaris Independen : Mahmud
Komisaris : Nicolaus Teguh Budi Harjanto
Komisaris : Hadiyanto






Follow Berita Okezone di Google News


Dapatkan berita up to date dengan semua berita terkini dari Okezone hanya dengan satu akun di
ORION, daftar sekarang dengan
klik disini
dan nantikan kejutan menarik lainnya

(kmj)




Follow WhatsApp Channel Okezone untuk update berita terbaru setiap hari

Follow



#Saham BBRI
#PT Bank Rakyat Indonesia Tbk (BBRI) 
#Bank BRI





















 Direktur Human Capital : R Sophia Alizsa
Direktur Managemen Resiko : Mohammad Irfan
Direktur Kepatuhan : Achmad Solichin Lutfiyanto.
Baca Juga: Bank BRI Siapkan Layanan Open Account Via Digital di 2019
 
Adapun pada jajaran Komisaris :
Komisaris Utama : Andrinof A Chaniago
Wakil Komisaris Utama : Gatot Trihargo
Komisaris Independen : A. Fuad Rahmany
Komisaris Independen : A. Sonny Keraf
Komisaris Independen : Rofikoh Rokhim
Komisaris Independen : Mahmud
Komisaris : Nicolaus Teguh Budi Harjanto
Komisaris : Hadiyanto






Follow Berita Okezone di Google News


Dapatkan berita up to date dengan semua berita terkini dari Okezone hanya dengan satu akun di
ORION, daftar sekarang dengan
klik disini
dan nantikan kejutan menarik lainnya

(kmj)




Follow WhatsApp Channel Okezone untuk update berita terbaru setiap hari

Follow



#Saham BBRI
#PT Bank Rakyat Indonesia Tbk (BBRI) 
#Bank BRI





















 Direktur Managemen Resiko : Mohammad Irfan
Direktur Kepatuhan : Achmad Solichin Lutfiyanto.
Baca Juga: Bank BRI Siapkan Layanan Open Account Via Digital di 2019
 
Adapun pada jajaran Komisaris :
Komisaris Utama : Andrinof A Chaniago
Wakil Komisaris Utama : Gatot Trihargo
Komisaris Independen : A. Fuad Rahmany
Komisaris Independen : A. Sonny Keraf
Komisaris Independen : Rofikoh Rokhim
Komisaris Independen : Mahmud
Komisaris : Nicolaus Teguh Budi Harjanto
Komisaris : Hadiyanto






Follow Berita Okezone di Google News


Dapatkan berita up to date dengan semua berita terkini dari Okezone hanya dengan satu akun di
ORION, daftar sekarang dengan
klik disini
dan nantikan kejutan menarik lainnya

(kmj)




Follow WhatsApp Channel Okezone untuk update berita terbaru setiap hari

Follow



#Saham BBRI
#PT Bank Rakyat Indonesia Tbk (BBRI) 
#Bank BRI





















 Direktur Kepatuhan : Achmad Solichin Lutfiyanto.
Baca Juga: Bank BRI Siapkan Layanan Open Account Via Digital di 2019
 
Adapun pada jajaran Komisaris :
Komisaris Utama : Andrinof A Chaniago
Wakil Komisaris Utama : Gatot Trihargo
Komisaris Independen : A. Fuad Rahmany
Komisaris Independen : A. Sonny Keraf
Komisaris Independen : Rofikoh Rokhim
Komisaris Independen : Mahmud
Komisaris : Nicolaus Teguh Budi Harjanto
Komisaris : Hadiyanto






Follow Berita Okezone di Google News


Dapatkan berita up to date dengan semua berita terkini dari Okezone hanya dengan satu akun di
ORION, daftar sekarang dengan
klik disini
dan nantikan kejutan menarik lainnya

(kmj)




Follow WhatsApp Channel Okezone untuk update berita terbaru setiap hari

Follow



#Saham BBRI
#PT Bank Rakyat Indonesia Tbk (BBRI) 
#Bank BRI





















 Baca Juga: Bank BRI Siapkan Layanan Open Account Via Digital di 2019
 
Adapun pada jajaran Komisaris :
Komisaris Utama : Andrinof A Chaniago
Wakil Komisaris Utama : Gatot Trihargo
Komisaris Independen : A. Fuad Rahmany
Komisaris Independen : A. Sonny Keraf
Komisaris Independen : Rofikoh Rokhim
Komisaris Independen : Mahmud
Komisaris : Nicolaus Teguh Budi Harjanto
Komisaris : Hadiyanto






Follow Berita Okezone di Google News


Dapatkan berita up to date dengan semua berita terkini dari Okezone hanya dengan satu akun di
ORION, daftar sekarang dengan
klik disini
dan nantikan kejutan menarik lainnya

(kmj)




Follow WhatsApp Channel Okezone untuk update berita terbaru setiap hari

Follow



#Saham BBRI
#PT Bank Rakyat Indonesia Tbk (BBRI) 
#Bank BRI





















  
Adapun pada jajaran Komisaris :
Komisaris Utama : Andrinof A Chaniago
Wakil Komisaris Utama : Gatot Trihargo
Komisaris Independen : A. Fuad Rahmany
Komisaris Independen : A. Sonny Keraf
Komisaris Independen : Rofikoh Rokhim
Komisaris Independen : Mahmud
Komisaris : Nicolaus Teguh Budi Harjanto
Komisaris : Hadiyanto






Follow Berita Okezone di Google News


Dapatkan berita up to date dengan semua berita terkini dari Okezone hanya dengan satu akun di
ORION, daftar sekarang dengan
klik disini
dan nantikan kejutan menarik lainnya

(kmj)




Follow WhatsApp Channel Okezone untuk update berita terbaru setiap hari

Follow



#Saham BBRI
#PT Bank Rakyat Indonesia Tbk (BBRI) 
#Bank BRI





















 Adapun pada jajaran Komisaris :
Komisaris Utama : Andrinof A Chaniago
Wakil Komisaris Utama : Gatot Trihargo
Komisaris Independen : A. Fuad Rahmany
Komisaris Independen : A. Sonny Keraf
Komisaris Independen : Rofikoh Rokhim
Komisaris Independen : Mahmud
Komisaris : Nicolaus Teguh Budi Harjanto
Komisaris : Hadiyanto






Follow Berita Okezone di Google News


Dapatkan berita up to date dengan semua berita terkini dari Okezone hanya dengan satu akun di
ORION, daftar sekarang dengan
klik disini
dan nantikan kejutan menarik lainnya

(kmj)




Follow WhatsApp Channel Okezone untuk update berita terbaru setiap hari

Follow



#Saham BBRI
#PT Bank Rakyat Indonesia Tbk (BBRI) 
#Bank BRI





















 Komisaris Utama : Andrinof A Chaniago
Wakil Komisaris Utama : Gatot Trihargo
Komisaris Independen : A. Fuad Rahmany
Komisaris Independen : A. Sonny Keraf
Komisaris Independen : Rofikoh Rokhim
Komisaris Independen : Mahmud
Komisaris : Nicolaus Teguh Budi Harjanto
Komisaris : Hadiyanto






Follow Berita Okezone di Google News


Dapatkan berita up to date dengan semua berita terkini dari Okezone hanya dengan satu akun di
ORION, daftar sekarang dengan
klik disini
dan nantikan kejutan menarik lainnya

(kmj)




Follow WhatsApp Channel Okezone untuk update berita terbaru setiap hari

Follow



#Saham BBRI
#PT Bank Rakyat Indonesia Tbk (BBRI) 
#Bank BRI





















 Wakil Komisaris Utama : Gatot Trihargo
Komisaris Independen : A. Fuad Rahmany
Komisaris Independen : A. Sonny Keraf
Komisaris Independen : Rofikoh Rokhim
Komisaris Independen : Mahmud
Komisaris : Nicolaus Teguh Budi Harjanto
Komisaris : Hadiyanto






Follow Berita Okezone di Google News


Dapatkan berita up to date dengan semua berita terkini dari Okezone hanya dengan satu akun di
ORION, daftar sekarang dengan
klik disini
dan nantikan kejutan menarik lainnya

(kmj)




Follow WhatsApp Channel Okezone untuk update berita terbaru setiap hari

Follow



#Saham BBRI
#PT Bank Rakyat Indonesia Tbk (BBRI) 
#Bank BRI





















 Komisaris Independen : A. Fuad Rahmany
Komisaris Independen : A. Sonny Keraf
Komisaris Independen : Rofikoh Rokhim
Komisaris Independen : Mahmud
Komisaris : Nicolaus Teguh Budi Harjanto
Komisaris : Hadiyanto






Follow Berita Okezone di Google News


Dapatkan berita up to date dengan semua berita terkini dari Okezone hanya dengan satu akun di
ORION, daftar sekarang dengan
klik disini
dan nantikan kejutan menarik lainnya

(kmj)




Follow WhatsApp Channel Okezone untuk update berita terbaru setiap hari

Follow



#Saham BBRI
#PT Bank Rakyat Indonesia Tbk (BBRI) 
#Bank BRI





















 Komisaris Independen : A. Sonny Keraf
Komisaris Independen : Rofikoh Rokhim
Komisaris Independen : Mahmud
Komisaris : Nicolaus Teguh Budi Harjanto
Komisaris : Hadiyanto






Follow Berita Okezone di Google News


Dapatkan berita up to date dengan semua berita terkini dari Okezone hanya dengan satu akun di
ORION, daftar sekarang dengan
klik disini
dan nantikan kejutan menarik lainnya

(kmj)




Follow WhatsApp Channel Okezone untuk update berita terbaru setiap hari

Follow



#Saham BBRI
#PT Bank Rakyat Indonesia Tbk (BBRI) 
#Bank BRI





















 Komisaris Independen : Rofikoh Rokhim
Komisaris Independen : Mahmud
Komisaris : Nicolaus Teguh Budi Harjanto
Komisaris : Hadiyanto






Follow Berita Okezone di Google News


Dapatkan berita up to date dengan semua berita terkini dari Okezone hanya dengan satu akun di
ORION, daftar sekarang dengan
klik disini
dan nantikan kejutan menarik lainnya

(kmj)




Follow WhatsApp Channel Okezone untuk update berita terbaru setiap hari

Follow



#Saham BBRI
#PT Bank Rakyat Indonesia Tbk (BBRI) 
#Bank BRI





















 Komisaris Independen : Mahmud
Komisaris : Nicolaus Teguh Budi Harjanto
Komisaris : Hadiyanto






Follow Berita Okezone di Google News


Dapatkan berita up to date dengan semua berita terkini dari Okezone hanya dengan satu akun di
ORION, daftar sekarang dengan
klik disini
dan nantikan kejutan menarik lainnya

(kmj)




Follow WhatsApp Channel Okezone untuk update berita terbaru setiap hari

Follow



#Saham BBRI
#PT Bank Rakyat Indonesia Tbk (BBRI) 
#Bank BRI





















 Komisaris : Nicolaus Teguh Budi Harjanto
Komisaris : Hadiyanto






Follow Berita Okezone di Google News


Dapatkan berita up to date dengan semua berita terkini dari Okezone hanya dengan satu akun di
ORION, daftar sekarang dengan
klik disini
dan nantikan kejutan menarik lainnya

(kmj)




Follow WhatsApp Channel Okezone untuk update berita terbaru setiap hari

Follow



#Saham BBRI
#PT Bank Rakyat Indonesia Tbk (BBRI) 
#Bank BRI





















 Komisaris : Hadiyanto






Follow Berita Okezone di Google News


Dapatkan berita up to date dengan semua berita terkini dari Okezone hanya dengan satu akun di
ORION, daftar sekarang dengan
klik disini
dan nantikan kejutan menarik lainnya

(kmj)




Follow WhatsApp Channel Okezone untuk update berita terbaru setiap hari

Follow



#Saham BBRI
#PT Bank Rakyat Indonesia Tbk (BBRI) 
#Bank BRI





















  
Follow Berita Okezone di Google News
 
Dapatkan berita up to date dengan semua berita terkini dari Okezone hanya dengan satu akun di
ORION, daftar sekarang dengan
klik disini
dan nantikan kejutan menarik lainnya
 (kmj) Berita Terkait  Bagikan Artikel Ini   Berita Lainnya © 2007 - 2024 Okezone.com, All Rights Reserved"
"RUPSLB, BRI Angkat Kembali Sunarso Jadi Wakil Direktur ...",https://economy.okezone.com/read/2019/01/03/278/1999542/rupslb-bri-angkat-kembali-sunarso-jadi-wakil-direktur-utama,2024-08-21,2019-01-03,"JAKARTA - PT Bank Rakyat Indonesia (Persero) Tbk (BRI) merombak beberapa jajaran komisaris dan direksi. Hal itu berdasarkan hasil Rapat Umum Pemegang Saham Luar Biasa (RUPSLB) yang diselenggarakan pada hari ini.
Bank milik negara ini kembali mengangkat Sunarso sebagai Wakil Direktur Utama BRI, setelah sebelumnya mengisi jabatan sebagai Direktur Utama Pegadaian. Sunarso sendiri sebelumnya pernah menjabat sebagai Wakil Direktur Utama PT BRI (Persero) Tbk sejak 2015 hingga 2017.  
Selain itu, juga memberhentikan Kuswiyoto sebagai Direksi Perseroan, yang sebelumnya menjabat sebagai Direktur Corporate Banking.
Tak hanya itu secara resmi BRI juga memberhentikan Jeffry Wurangian sebagai Komisaris BRI. Seperti diketahui Jeffry memang tengah mencalonkan diri sebagai Calon Legislatif (Caleg) DPR-RI Daerah Pemilihan Sulawesi Utara. Posisi Komisaris yang ditinggalkan Jeffry Wurangian pun dibiarkan kosong.
Baca Juga: KUR Beri Keuntungan 2 Kali Lipat bagi Nasabah
 
""Hasil RUPSLB menambah nomenlaktur Wakil Direktur Utama dan mengangkat Sunarso sebagai Wakil Direktur Utama Perseroan. Pengangkatan berlaku aktif setelah fit and proper test oleh OJK (Otoritas Jasa Keuangan),"" ujar Direktur Konsumer BRI Handayani dalam konferensi pers di Gedung Pusat BRI, Jakarta, Kamis (3/1/2019).
Sementara itu, Direktur Utama BRI Suprajarto menyatakan tak tahu menahu soal kembalinya Sunarso ke jabatan Wakil Direktur Utama. Kata dia, penunjukan merupakan wewenang Kementerian BUMN.
""Soal alasan penunjukan Sunarso kembali, itu bagian Kementerian BUMN. Kita baru tahunya tadi,"" katanya dalam kesempatan yang sama.

Dengan keputusan tersebut, berikut Jajaran Direksi dan Komisaris BRI :
Direktur Utama : Suprajarto
Wakil Direktur Utama: Sunarso
Direktur Ritel dan Menengah : Supari
Direktur Mikro dan Kecil : Priyastomo
Direktur Konsumer : Handayani
Direktur Jaringan dan Layanan : Osbal Saragi Rumahorbo
Direktur Keuangan : Haru Koesmahargyo
Direktur IT : Indra Utoyo
Direktur Hubungan Kelembagaan : Sis Apik Wijayanto
Direktur Human Capital : R Sophia Alizsa
Direktur Managemen Resiko : Mohammad Irfan
Direktur Kepatuhan : Achmad Solichin Lutfiyanto.
Baca Juga: Bank BRI Siapkan Layanan Open Account Via Digital di 2019
 
Adapun pada jajaran Komisaris :
Komisaris Utama : Andrinof A Chaniago
Wakil Komisaris Utama : Gatot Trihargo
Komisaris Independen : A. Fuad Rahmany
Komisaris Independen : A. Sonny Keraf
Komisaris Independen : Rofikoh Rokhim
Komisaris Independen : Mahmud
Komisaris : Nicolaus Teguh Budi Harjanto
Komisaris : Hadiyanto






Follow Berita Okezone di Google News


Dapatkan berita up to date dengan semua berita terkini dari Okezone hanya dengan satu akun di
ORION, daftar sekarang dengan
klik disini
dan nantikan kejutan menarik lainnya

(kmj)




Follow WhatsApp Channel Okezone untuk update berita terbaru setiap hari

Follow



#Saham BBRI
#PT Bank Rakyat Indonesia Tbk (BBRI) 
#Bank BRI





















 Bank milik negara ini kembali mengangkat Sunarso sebagai Wakil Direktur Utama BRI, setelah sebelumnya mengisi jabatan sebagai Direktur Utama Pegadaian. Sunarso sendiri sebelumnya pernah menjabat sebagai Wakil Direktur Utama PT BRI (Persero) Tbk sejak 2015 hingga 2017.  
Selain itu, juga memberhentikan Kuswiyoto sebagai Direksi Perseroan, yang sebelumnya menjabat sebagai Direktur Corporate Banking.
Tak hanya itu secara resmi BRI juga memberhentikan Jeffry Wurangian sebagai Komisaris BRI. Seperti diketahui Jeffry memang tengah mencalonkan diri sebagai Calon Legislatif (Caleg) DPR-RI Daerah Pemilihan Sulawesi Utara. Posisi Komisaris yang ditinggalkan Jeffry Wurangian pun dibiarkan kosong.
Baca Juga: KUR Beri Keuntungan 2 Kali Lipat bagi Nasabah
 
""Hasil RUPSLB menambah nomenlaktur Wakil Direktur Utama dan mengangkat Sunarso sebagai Wakil Direktur Utama Perseroan. Pengangkatan berlaku aktif setelah fit and proper test oleh OJK (Otoritas Jasa Keuangan),"" ujar Direktur Konsumer BRI Handayani dalam konferensi pers di Gedung Pusat BRI, Jakarta, Kamis (3/1/2019).
Sementara itu, Direktur Utama BRI Suprajarto menyatakan tak tahu menahu soal kembalinya Sunarso ke jabatan Wakil Direktur Utama. Kata dia, penunjukan merupakan wewenang Kementerian BUMN.
""Soal alasan penunjukan Sunarso kembali, itu bagian Kementerian BUMN. Kita baru tahunya tadi,"" katanya dalam kesempatan yang sama.

Dengan keputusan tersebut, berikut Jajaran Direksi dan Komisaris BRI :
Direktur Utama : Suprajarto
Wakil Direktur Utama: Sunarso
Direktur Ritel dan Menengah : Supari
Direktur Mikro dan Kecil : Priyastomo
Direktur Konsumer : Handayani
Direktur Jaringan dan Layanan : Osbal Saragi Rumahorbo
Direktur Keuangan : Haru Koesmahargyo
Direktur IT : Indra Utoyo
Direktur Hubungan Kelembagaan : Sis Apik Wijayanto
Direktur Human Capital : R Sophia Alizsa
Direktur Managemen Resiko : Mohammad Irfan
Direktur Kepatuhan : Achmad Solichin Lutfiyanto.
Baca Juga: Bank BRI Siapkan Layanan Open Account Via Digital di 2019
 
Adapun pada jajaran Komisaris :
Komisaris Utama : Andrinof A Chaniago
Wakil Komisaris Utama : Gatot Trihargo
Komisaris Independen : A. Fuad Rahmany
Komisaris Independen : A. Sonny Keraf
Komisaris Independen : Rofikoh Rokhim
Komisaris Independen : Mahmud
Komisaris : Nicolaus Teguh Budi Harjanto
Komisaris : Hadiyanto






Follow Berita Okezone di Google News


Dapatkan berita up to date dengan semua berita terkini dari Okezone hanya dengan satu akun di
ORION, daftar sekarang dengan
klik disini
dan nantikan kejutan menarik lainnya

(kmj)




Follow WhatsApp Channel Okezone untuk update berita terbaru setiap hari

Follow



#Saham BBRI
#PT Bank Rakyat Indonesia Tbk (BBRI) 
#Bank BRI





















 Selain itu, juga memberhentikan Kuswiyoto sebagai Direksi Perseroan, yang sebelumnya menjabat sebagai Direktur Corporate Banking.
Tak hanya itu secara resmi BRI juga memberhentikan Jeffry Wurangian sebagai Komisaris BRI. Seperti diketahui Jeffry memang tengah mencalonkan diri sebagai Calon Legislatif (Caleg) DPR-RI Daerah Pemilihan Sulawesi Utara. Posisi Komisaris yang ditinggalkan Jeffry Wurangian pun dibiarkan kosong.
Baca Juga: KUR Beri Keuntungan 2 Kali Lipat bagi Nasabah
 
""Hasil RUPSLB menambah nomenlaktur Wakil Direktur Utama dan mengangkat Sunarso sebagai Wakil Direktur Utama Perseroan. Pengangkatan berlaku aktif setelah fit and proper test oleh OJK (Otoritas Jasa Keuangan),"" ujar Direktur Konsumer BRI Handayani dalam konferensi pers di Gedung Pusat BRI, Jakarta, Kamis (3/1/2019).
Sementara itu, Direktur Utama BRI Suprajarto menyatakan tak tahu menahu soal kembalinya Sunarso ke jabatan Wakil Direktur Utama. Kata dia, penunjukan merupakan wewenang Kementerian BUMN.
""Soal alasan penunjukan Sunarso kembali, itu bagian Kementerian BUMN. Kita baru tahunya tadi,"" katanya dalam kesempatan yang sama.

Dengan keputusan tersebut, berikut Jajaran Direksi dan Komisaris BRI :
Direktur Utama : Suprajarto
Wakil Direktur Utama: Sunarso
Direktur Ritel dan Menengah : Supari
Direktur Mikro dan Kecil : Priyastomo
Direktur Konsumer : Handayani
Direktur Jaringan dan Layanan : Osbal Saragi Rumahorbo
Direktur Keuangan : Haru Koesmahargyo
Direktur IT : Indra Utoyo
Direktur Hubungan Kelembagaan : Sis Apik Wijayanto
Direktur Human Capital : R Sophia Alizsa
Direktur Managemen Resiko : Mohammad Irfan
Direktur Kepatuhan : Achmad Solichin Lutfiyanto.
Baca Juga: Bank BRI Siapkan Layanan Open Account Via Digital di 2019
 
Adapun pada jajaran Komisaris :
Komisaris Utama : Andrinof A Chaniago
Wakil Komisaris Utama : Gatot Trihargo
Komisaris Independen : A. Fuad Rahmany
Komisaris Independen : A. Sonny Keraf
Komisaris Independen : Rofikoh Rokhim
Komisaris Independen : Mahmud
Komisaris : Nicolaus Teguh Budi Harjanto
Komisaris : Hadiyanto






Follow Berita Okezone di Google News


Dapatkan berita up to date dengan semua berita terkini dari Okezone hanya dengan satu akun di
ORION, daftar sekarang dengan
klik disini
dan nantikan kejutan menarik lainnya

(kmj)




Follow WhatsApp Channel Okezone untuk update berita terbaru setiap hari

Follow



#Saham BBRI
#PT Bank Rakyat Indonesia Tbk (BBRI) 
#Bank BRI





















 Tak hanya itu secara resmi BRI juga memberhentikan Jeffry Wurangian sebagai Komisaris BRI. Seperti diketahui Jeffry memang tengah mencalonkan diri sebagai Calon Legislatif (Caleg) DPR-RI Daerah Pemilihan Sulawesi Utara. Posisi Komisaris yang ditinggalkan Jeffry Wurangian pun dibiarkan kosong.
Baca Juga: KUR Beri Keuntungan 2 Kali Lipat bagi Nasabah
 
""Hasil RUPSLB menambah nomenlaktur Wakil Direktur Utama dan mengangkat Sunarso sebagai Wakil Direktur Utama Perseroan. Pengangkatan berlaku aktif setelah fit and proper test oleh OJK (Otoritas Jasa Keuangan),"" ujar Direktur Konsumer BRI Handayani dalam konferensi pers di Gedung Pusat BRI, Jakarta, Kamis (3/1/2019).
Sementara itu, Direktur Utama BRI Suprajarto menyatakan tak tahu menahu soal kembalinya Sunarso ke jabatan Wakil Direktur Utama. Kata dia, penunjukan merupakan wewenang Kementerian BUMN.
""Soal alasan penunjukan Sunarso kembali, itu bagian Kementerian BUMN. Kita baru tahunya tadi,"" katanya dalam kesempatan yang sama.

Dengan keputusan tersebut, berikut Jajaran Direksi dan Komisaris BRI :
Direktur Utama : Suprajarto
Wakil Direktur Utama: Sunarso
Direktur Ritel dan Menengah : Supari
Direktur Mikro dan Kecil : Priyastomo
Direktur Konsumer : Handayani
Direktur Jaringan dan Layanan : Osbal Saragi Rumahorbo
Direktur Keuangan : Haru Koesmahargyo
Direktur IT : Indra Utoyo
Direktur Hubungan Kelembagaan : Sis Apik Wijayanto
Direktur Human Capital : R Sophia Alizsa
Direktur Managemen Resiko : Mohammad Irfan
Direktur Kepatuhan : Achmad Solichin Lutfiyanto.
Baca Juga: Bank BRI Siapkan Layanan Open Account Via Digital di 2019
 
Adapun pada jajaran Komisaris :
Komisaris Utama : Andrinof A Chaniago
Wakil Komisaris Utama : Gatot Trihargo
Komisaris Independen : A. Fuad Rahmany
Komisaris Independen : A. Sonny Keraf
Komisaris Independen : Rofikoh Rokhim
Komisaris Independen : Mahmud
Komisaris : Nicolaus Teguh Budi Harjanto
Komisaris : Hadiyanto






Follow Berita Okezone di Google News


Dapatkan berita up to date dengan semua berita terkini dari Okezone hanya dengan satu akun di
ORION, daftar sekarang dengan
klik disini
dan nantikan kejutan menarik lainnya

(kmj)




Follow WhatsApp Channel Okezone untuk update berita terbaru setiap hari

Follow



#Saham BBRI
#PT Bank Rakyat Indonesia Tbk (BBRI) 
#Bank BRI





















 Baca Juga: KUR Beri Keuntungan 2 Kali Lipat bagi Nasabah
 
""Hasil RUPSLB menambah nomenlaktur Wakil Direktur Utama dan mengangkat Sunarso sebagai Wakil Direktur Utama Perseroan. Pengangkatan berlaku aktif setelah fit and proper test oleh OJK (Otoritas Jasa Keuangan),"" ujar Direktur Konsumer BRI Handayani dalam konferensi pers di Gedung Pusat BRI, Jakarta, Kamis (3/1/2019).
Sementara itu, Direktur Utama BRI Suprajarto menyatakan tak tahu menahu soal kembalinya Sunarso ke jabatan Wakil Direktur Utama. Kata dia, penunjukan merupakan wewenang Kementerian BUMN.
""Soal alasan penunjukan Sunarso kembali, itu bagian Kementerian BUMN. Kita baru tahunya tadi,"" katanya dalam kesempatan yang sama.

Dengan keputusan tersebut, berikut Jajaran Direksi dan Komisaris BRI :
Direktur Utama : Suprajarto
Wakil Direktur Utama: Sunarso
Direktur Ritel dan Menengah : Supari
Direktur Mikro dan Kecil : Priyastomo
Direktur Konsumer : Handayani
Direktur Jaringan dan Layanan : Osbal Saragi Rumahorbo
Direktur Keuangan : Haru Koesmahargyo
Direktur IT : Indra Utoyo
Direktur Hubungan Kelembagaan : Sis Apik Wijayanto
Direktur Human Capital : R Sophia Alizsa
Direktur Managemen Resiko : Mohammad Irfan
Direktur Kepatuhan : Achmad Solichin Lutfiyanto.
Baca Juga: Bank BRI Siapkan Layanan Open Account Via Digital di 2019
 
Adapun pada jajaran Komisaris :
Komisaris Utama : Andrinof A Chaniago
Wakil Komisaris Utama : Gatot Trihargo
Komisaris Independen : A. Fuad Rahmany
Komisaris Independen : A. Sonny Keraf
Komisaris Independen : Rofikoh Rokhim
Komisaris Independen : Mahmud
Komisaris : Nicolaus Teguh Budi Harjanto
Komisaris : Hadiyanto






Follow Berita Okezone di Google News


Dapatkan berita up to date dengan semua berita terkini dari Okezone hanya dengan satu akun di
ORION, daftar sekarang dengan
klik disini
dan nantikan kejutan menarik lainnya

(kmj)




Follow WhatsApp Channel Okezone untuk update berita terbaru setiap hari

Follow



#Saham BBRI
#PT Bank Rakyat Indonesia Tbk (BBRI) 
#Bank BRI





















  
""Hasil RUPSLB menambah nomenlaktur Wakil Direktur Utama dan mengangkat Sunarso sebagai Wakil Direktur Utama Perseroan. Pengangkatan berlaku aktif setelah fit and proper test oleh OJK (Otoritas Jasa Keuangan),"" ujar Direktur Konsumer BRI Handayani dalam konferensi pers di Gedung Pusat BRI, Jakarta, Kamis (3/1/2019).
Sementara itu, Direktur Utama BRI Suprajarto menyatakan tak tahu menahu soal kembalinya Sunarso ke jabatan Wakil Direktur Utama. Kata dia, penunjukan merupakan wewenang Kementerian BUMN.
""Soal alasan penunjukan Sunarso kembali, itu bagian Kementerian BUMN. Kita baru tahunya tadi,"" katanya dalam kesempatan yang sama.

Dengan keputusan tersebut, berikut Jajaran Direksi dan Komisaris BRI :
Direktur Utama : Suprajarto
Wakil Direktur Utama: Sunarso
Direktur Ritel dan Menengah : Supari
Direktur Mikro dan Kecil : Priyastomo
Direktur Konsumer : Handayani
Direktur Jaringan dan Layanan : Osbal Saragi Rumahorbo
Direktur Keuangan : Haru Koesmahargyo
Direktur IT : Indra Utoyo
Direktur Hubungan Kelembagaan : Sis Apik Wijayanto
Direktur Human Capital : R Sophia Alizsa
Direktur Managemen Resiko : Mohammad Irfan
Direktur Kepatuhan : Achmad Solichin Lutfiyanto.
Baca Juga: Bank BRI Siapkan Layanan Open Account Via Digital di 2019
 
Adapun pada jajaran Komisaris :
Komisaris Utama : Andrinof A Chaniago
Wakil Komisaris Utama : Gatot Trihargo
Komisaris Independen : A. Fuad Rahmany
Komisaris Independen : A. Sonny Keraf
Komisaris Independen : Rofikoh Rokhim
Komisaris Independen : Mahmud
Komisaris : Nicolaus Teguh Budi Harjanto
Komisaris : Hadiyanto






Follow Berita Okezone di Google News


Dapatkan berita up to date dengan semua berita terkini dari Okezone hanya dengan satu akun di
ORION, daftar sekarang dengan
klik disini
dan nantikan kejutan menarik lainnya

(kmj)




Follow WhatsApp Channel Okezone untuk update berita terbaru setiap hari

Follow



#Saham BBRI
#PT Bank Rakyat Indonesia Tbk (BBRI) 
#Bank BRI





















 ""Hasil RUPSLB menambah nomenlaktur Wakil Direktur Utama dan mengangkat Sunarso sebagai Wakil Direktur Utama Perseroan. Pengangkatan berlaku aktif setelah fit and proper test oleh OJK (Otoritas Jasa Keuangan),"" ujar Direktur Konsumer BRI Handayani dalam konferensi pers di Gedung Pusat BRI, Jakarta, Kamis (3/1/2019).
Sementara itu, Direktur Utama BRI Suprajarto menyatakan tak tahu menahu soal kembalinya Sunarso ke jabatan Wakil Direktur Utama. Kata dia, penunjukan merupakan wewenang Kementerian BUMN.
""Soal alasan penunjukan Sunarso kembali, itu bagian Kementerian BUMN. Kita baru tahunya tadi,"" katanya dalam kesempatan yang sama.

Dengan keputusan tersebut, berikut Jajaran Direksi dan Komisaris BRI :
Direktur Utama : Suprajarto
Wakil Direktur Utama: Sunarso
Direktur Ritel dan Menengah : Supari
Direktur Mikro dan Kecil : Priyastomo
Direktur Konsumer : Handayani
Direktur Jaringan dan Layanan : Osbal Saragi Rumahorbo
Direktur Keuangan : Haru Koesmahargyo
Direktur IT : Indra Utoyo
Direktur Hubungan Kelembagaan : Sis Apik Wijayanto
Direktur Human Capital : R Sophia Alizsa
Direktur Managemen Resiko : Mohammad Irfan
Direktur Kepatuhan : Achmad Solichin Lutfiyanto.
Baca Juga: Bank BRI Siapkan Layanan Open Account Via Digital di 2019
 
Adapun pada jajaran Komisaris :
Komisaris Utama : Andrinof A Chaniago
Wakil Komisaris Utama : Gatot Trihargo
Komisaris Independen : A. Fuad Rahmany
Komisaris Independen : A. Sonny Keraf
Komisaris Independen : Rofikoh Rokhim
Komisaris Independen : Mahmud
Komisaris : Nicolaus Teguh Budi Harjanto
Komisaris : Hadiyanto






Follow Berita Okezone di Google News


Dapatkan berita up to date dengan semua berita terkini dari Okezone hanya dengan satu akun di
ORION, daftar sekarang dengan
klik disini
dan nantikan kejutan menarik lainnya

(kmj)




Follow WhatsApp Channel Okezone untuk update berita terbaru setiap hari

Follow



#Saham BBRI
#PT Bank Rakyat Indonesia Tbk (BBRI) 
#Bank BRI





















 Sementara itu, Direktur Utama BRI Suprajarto menyatakan tak tahu menahu soal kembalinya Sunarso ke jabatan Wakil Direktur Utama. Kata dia, penunjukan merupakan wewenang Kementerian BUMN.
""Soal alasan penunjukan Sunarso kembali, itu bagian Kementerian BUMN. Kita baru tahunya tadi,"" katanya dalam kesempatan yang sama.

Dengan keputusan tersebut, berikut Jajaran Direksi dan Komisaris BRI :
Direktur Utama : Suprajarto
Wakil Direktur Utama: Sunarso
Direktur Ritel dan Menengah : Supari
Direktur Mikro dan Kecil : Priyastomo
Direktur Konsumer : Handayani
Direktur Jaringan dan Layanan : Osbal Saragi Rumahorbo
Direktur Keuangan : Haru Koesmahargyo
Direktur IT : Indra Utoyo
Direktur Hubungan Kelembagaan : Sis Apik Wijayanto
Direktur Human Capital : R Sophia Alizsa
Direktur Managemen Resiko : Mohammad Irfan
Direktur Kepatuhan : Achmad Solichin Lutfiyanto.
Baca Juga: Bank BRI Siapkan Layanan Open Account Via Digital di 2019
 
Adapun pada jajaran Komisaris :
Komisaris Utama : Andrinof A Chaniago
Wakil Komisaris Utama : Gatot Trihargo
Komisaris Independen : A. Fuad Rahmany
Komisaris Independen : A. Sonny Keraf
Komisaris Independen : Rofikoh Rokhim
Komisaris Independen : Mahmud
Komisaris : Nicolaus Teguh Budi Harjanto
Komisaris : Hadiyanto






Follow Berita Okezone di Google News


Dapatkan berita up to date dengan semua berita terkini dari Okezone hanya dengan satu akun di
ORION, daftar sekarang dengan
klik disini
dan nantikan kejutan menarik lainnya

(kmj)




Follow WhatsApp Channel Okezone untuk update berita terbaru setiap hari

Follow



#Saham BBRI
#PT Bank Rakyat Indonesia Tbk (BBRI) 
#Bank BRI





















 ""Soal alasan penunjukan Sunarso kembali, itu bagian Kementerian BUMN. Kita baru tahunya tadi,"" katanya dalam kesempatan yang sama.

Dengan keputusan tersebut, berikut Jajaran Direksi dan Komisaris BRI :
Direktur Utama : Suprajarto
Wakil Direktur Utama: Sunarso
Direktur Ritel dan Menengah : Supari
Direktur Mikro dan Kecil : Priyastomo
Direktur Konsumer : Handayani
Direktur Jaringan dan Layanan : Osbal Saragi Rumahorbo
Direktur Keuangan : Haru Koesmahargyo
Direktur IT : Indra Utoyo
Direktur Hubungan Kelembagaan : Sis Apik Wijayanto
Direktur Human Capital : R Sophia Alizsa
Direktur Managemen Resiko : Mohammad Irfan
Direktur Kepatuhan : Achmad Solichin Lutfiyanto.
Baca Juga: Bank BRI Siapkan Layanan Open Account Via Digital di 2019
 
Adapun pada jajaran Komisaris :
Komisaris Utama : Andrinof A Chaniago
Wakil Komisaris Utama : Gatot Trihargo
Komisaris Independen : A. Fuad Rahmany
Komisaris Independen : A. Sonny Keraf
Komisaris Independen : Rofikoh Rokhim
Komisaris Independen : Mahmud
Komisaris : Nicolaus Teguh Budi Harjanto
Komisaris : Hadiyanto






Follow Berita Okezone di Google News


Dapatkan berita up to date dengan semua berita terkini dari Okezone hanya dengan satu akun di
ORION, daftar sekarang dengan
klik disini
dan nantikan kejutan menarik lainnya

(kmj)




Follow WhatsApp Channel Okezone untuk update berita terbaru setiap hari

Follow



#Saham BBRI
#PT Bank Rakyat Indonesia Tbk (BBRI) 
#Bank BRI





















 
Dengan keputusan tersebut, berikut Jajaran Direksi dan Komisaris BRI :
Direktur Utama : Suprajarto
Wakil Direktur Utama: Sunarso
Direktur Ritel dan Menengah : Supari
Direktur Mikro dan Kecil : Priyastomo
Direktur Konsumer : Handayani
Direktur Jaringan dan Layanan : Osbal Saragi Rumahorbo
Direktur Keuangan : Haru Koesmahargyo
Direktur IT : Indra Utoyo
Direktur Hubungan Kelembagaan : Sis Apik Wijayanto
Direktur Human Capital : R Sophia Alizsa
Direktur Managemen Resiko : Mohammad Irfan
Direktur Kepatuhan : Achmad Solichin Lutfiyanto.
Baca Juga: Bank BRI Siapkan Layanan Open Account Via Digital di 2019
 
Adapun pada jajaran Komisaris :
Komisaris Utama : Andrinof A Chaniago
Wakil Komisaris Utama : Gatot Trihargo
Komisaris Independen : A. Fuad Rahmany
Komisaris Independen : A. Sonny Keraf
Komisaris Independen : Rofikoh Rokhim
Komisaris Independen : Mahmud
Komisaris : Nicolaus Teguh Budi Harjanto
Komisaris : Hadiyanto






Follow Berita Okezone di Google News


Dapatkan berita up to date dengan semua berita terkini dari Okezone hanya dengan satu akun di
ORION, daftar sekarang dengan
klik disini
dan nantikan kejutan menarik lainnya

(kmj)




Follow WhatsApp Channel Okezone untuk update berita terbaru setiap hari

Follow



#Saham BBRI
#PT Bank Rakyat Indonesia Tbk (BBRI) 
#Bank BRI





















 Dengan keputusan tersebut, berikut Jajaran Direksi dan Komisaris BRI :
Direktur Utama : Suprajarto
Wakil Direktur Utama: Sunarso
Direktur Ritel dan Menengah : Supari
Direktur Mikro dan Kecil : Priyastomo
Direktur Konsumer : Handayani
Direktur Jaringan dan Layanan : Osbal Saragi Rumahorbo
Direktur Keuangan : Haru Koesmahargyo
Direktur IT : Indra Utoyo
Direktur Hubungan Kelembagaan : Sis Apik Wijayanto
Direktur Human Capital : R Sophia Alizsa
Direktur Managemen Resiko : Mohammad Irfan
Direktur Kepatuhan : Achmad Solichin Lutfiyanto.
Baca Juga: Bank BRI Siapkan Layanan Open Account Via Digital di 2019
 
Adapun pada jajaran Komisaris :
Komisaris Utama : Andrinof A Chaniago
Wakil Komisaris Utama : Gatot Trihargo
Komisaris Independen : A. Fuad Rahmany
Komisaris Independen : A. Sonny Keraf
Komisaris Independen : Rofikoh Rokhim
Komisaris Independen : Mahmud
Komisaris : Nicolaus Teguh Budi Harjanto
Komisaris : Hadiyanto






Follow Berita Okezone di Google News


Dapatkan berita up to date dengan semua berita terkini dari Okezone hanya dengan satu akun di
ORION, daftar sekarang dengan
klik disini
dan nantikan kejutan menarik lainnya

(kmj)




Follow WhatsApp Channel Okezone untuk update berita terbaru setiap hari

Follow



#Saham BBRI
#PT Bank Rakyat Indonesia Tbk (BBRI) 
#Bank BRI





















 Direktur Utama : Suprajarto
Wakil Direktur Utama: Sunarso
Direktur Ritel dan Menengah : Supari
Direktur Mikro dan Kecil : Priyastomo
Direktur Konsumer : Handayani
Direktur Jaringan dan Layanan : Osbal Saragi Rumahorbo
Direktur Keuangan : Haru Koesmahargyo
Direktur IT : Indra Utoyo
Direktur Hubungan Kelembagaan : Sis Apik Wijayanto
Direktur Human Capital : R Sophia Alizsa
Direktur Managemen Resiko : Mohammad Irfan
Direktur Kepatuhan : Achmad Solichin Lutfiyanto.
Baca Juga: Bank BRI Siapkan Layanan Open Account Via Digital di 2019
 
Adapun pada jajaran Komisaris :
Komisaris Utama : Andrinof A Chaniago
Wakil Komisaris Utama : Gatot Trihargo
Komisaris Independen : A. Fuad Rahmany
Komisaris Independen : A. Sonny Keraf
Komisaris Independen : Rofikoh Rokhim
Komisaris Independen : Mahmud
Komisaris : Nicolaus Teguh Budi Harjanto
Komisaris : Hadiyanto






Follow Berita Okezone di Google News


Dapatkan berita up to date dengan semua berita terkini dari Okezone hanya dengan satu akun di
ORION, daftar sekarang dengan
klik disini
dan nantikan kejutan menarik lainnya

(kmj)




Follow WhatsApp Channel Okezone untuk update berita terbaru setiap hari

Follow



#Saham BBRI
#PT Bank Rakyat Indonesia Tbk (BBRI) 
#Bank BRI





















 Wakil Direktur Utama: Sunarso
Direktur Ritel dan Menengah : Supari
Direktur Mikro dan Kecil : Priyastomo
Direktur Konsumer : Handayani
Direktur Jaringan dan Layanan : Osbal Saragi Rumahorbo
Direktur Keuangan : Haru Koesmahargyo
Direktur IT : Indra Utoyo
Direktur Hubungan Kelembagaan : Sis Apik Wijayanto
Direktur Human Capital : R Sophia Alizsa
Direktur Managemen Resiko : Mohammad Irfan
Direktur Kepatuhan : Achmad Solichin Lutfiyanto.
Baca Juga: Bank BRI Siapkan Layanan Open Account Via Digital di 2019
 
Adapun pada jajaran Komisaris :
Komisaris Utama : Andrinof A Chaniago
Wakil Komisaris Utama : Gatot Trihargo
Komisaris Independen : A. Fuad Rahmany
Komisaris Independen : A. Sonny Keraf
Komisaris Independen : Rofikoh Rokhim
Komisaris Independen : Mahmud
Komisaris : Nicolaus Teguh Budi Harjanto
Komisaris : Hadiyanto






Follow Berita Okezone di Google News


Dapatkan berita up to date dengan semua berita terkini dari Okezone hanya dengan satu akun di
ORION, daftar sekarang dengan
klik disini
dan nantikan kejutan menarik lainnya

(kmj)




Follow WhatsApp Channel Okezone untuk update berita terbaru setiap hari

Follow



#Saham BBRI
#PT Bank Rakyat Indonesia Tbk (BBRI) 
#Bank BRI





















 Direktur Ritel dan Menengah : Supari
Direktur Mikro dan Kecil : Priyastomo
Direktur Konsumer : Handayani
Direktur Jaringan dan Layanan : Osbal Saragi Rumahorbo
Direktur Keuangan : Haru Koesmahargyo
Direktur IT : Indra Utoyo
Direktur Hubungan Kelembagaan : Sis Apik Wijayanto
Direktur Human Capital : R Sophia Alizsa
Direktur Managemen Resiko : Mohammad Irfan
Direktur Kepatuhan : Achmad Solichin Lutfiyanto.
Baca Juga: Bank BRI Siapkan Layanan Open Account Via Digital di 2019
 
Adapun pada jajaran Komisaris :
Komisaris Utama : Andrinof A Chaniago
Wakil Komisaris Utama : Gatot Trihargo
Komisaris Independen : A. Fuad Rahmany
Komisaris Independen : A. Sonny Keraf
Komisaris Independen : Rofikoh Rokhim
Komisaris Independen : Mahmud
Komisaris : Nicolaus Teguh Budi Harjanto
Komisaris : Hadiyanto






Follow Berita Okezone di Google News


Dapatkan berita up to date dengan semua berita terkini dari Okezone hanya dengan satu akun di
ORION, daftar sekarang dengan
klik disini
dan nantikan kejutan menarik lainnya

(kmj)




Follow WhatsApp Channel Okezone untuk update berita terbaru setiap hari

Follow



#Saham BBRI
#PT Bank Rakyat Indonesia Tbk (BBRI) 
#Bank BRI





















 Direktur Mikro dan Kecil : Priyastomo
Direktur Konsumer : Handayani
Direktur Jaringan dan Layanan : Osbal Saragi Rumahorbo
Direktur Keuangan : Haru Koesmahargyo
Direktur IT : Indra Utoyo
Direktur Hubungan Kelembagaan : Sis Apik Wijayanto
Direktur Human Capital : R Sophia Alizsa
Direktur Managemen Resiko : Mohammad Irfan
Direktur Kepatuhan : Achmad Solichin Lutfiyanto.
Baca Juga: Bank BRI Siapkan Layanan Open Account Via Digital di 2019
 
Adapun pada jajaran Komisaris :
Komisaris Utama : Andrinof A Chaniago
Wakil Komisaris Utama : Gatot Trihargo
Komisaris Independen : A. Fuad Rahmany
Komisaris Independen : A. Sonny Keraf
Komisaris Independen : Rofikoh Rokhim
Komisaris Independen : Mahmud
Komisaris : Nicolaus Teguh Budi Harjanto
Komisaris : Hadiyanto






Follow Berita Okezone di Google News


Dapatkan berita up to date dengan semua berita terkini dari Okezone hanya dengan satu akun di
ORION, daftar sekarang dengan
klik disini
dan nantikan kejutan menarik lainnya

(kmj)




Follow WhatsApp Channel Okezone untuk update berita terbaru setiap hari

Follow



#Saham BBRI
#PT Bank Rakyat Indonesia Tbk (BBRI) 
#Bank BRI





















 Direktur Konsumer : Handayani
Direktur Jaringan dan Layanan : Osbal Saragi Rumahorbo
Direktur Keuangan : Haru Koesmahargyo
Direktur IT : Indra Utoyo
Direktur Hubungan Kelembagaan : Sis Apik Wijayanto
Direktur Human Capital : R Sophia Alizsa
Direktur Managemen Resiko : Mohammad Irfan
Direktur Kepatuhan : Achmad Solichin Lutfiyanto.
Baca Juga: Bank BRI Siapkan Layanan Open Account Via Digital di 2019
 
Adapun pada jajaran Komisaris :
Komisaris Utama : Andrinof A Chaniago
Wakil Komisaris Utama : Gatot Trihargo
Komisaris Independen : A. Fuad Rahmany
Komisaris Independen : A. Sonny Keraf
Komisaris Independen : Rofikoh Rokhim
Komisaris Independen : Mahmud
Komisaris : Nicolaus Teguh Budi Harjanto
Komisaris : Hadiyanto






Follow Berita Okezone di Google News


Dapatkan berita up to date dengan semua berita terkini dari Okezone hanya dengan satu akun di
ORION, daftar sekarang dengan
klik disini
dan nantikan kejutan menarik lainnya

(kmj)




Follow WhatsApp Channel Okezone untuk update berita terbaru setiap hari

Follow



#Saham BBRI
#PT Bank Rakyat Indonesia Tbk (BBRI) 
#Bank BRI





















 Direktur Jaringan dan Layanan : Osbal Saragi Rumahorbo
Direktur Keuangan : Haru Koesmahargyo
Direktur IT : Indra Utoyo
Direktur Hubungan Kelembagaan : Sis Apik Wijayanto
Direktur Human Capital : R Sophia Alizsa
Direktur Managemen Resiko : Mohammad Irfan
Direktur Kepatuhan : Achmad Solichin Lutfiyanto.
Baca Juga: Bank BRI Siapkan Layanan Open Account Via Digital di 2019
 
Adapun pada jajaran Komisaris :
Komisaris Utama : Andrinof A Chaniago
Wakil Komisaris Utama : Gatot Trihargo
Komisaris Independen : A. Fuad Rahmany
Komisaris Independen : A. Sonny Keraf
Komisaris Independen : Rofikoh Rokhim
Komisaris Independen : Mahmud
Komisaris : Nicolaus Teguh Budi Harjanto
Komisaris : Hadiyanto






Follow Berita Okezone di Google News


Dapatkan berita up to date dengan semua berita terkini dari Okezone hanya dengan satu akun di
ORION, daftar sekarang dengan
klik disini
dan nantikan kejutan menarik lainnya

(kmj)




Follow WhatsApp Channel Okezone untuk update berita terbaru setiap hari

Follow



#Saham BBRI
#PT Bank Rakyat Indonesia Tbk (BBRI) 
#Bank BRI





















 Direktur Keuangan : Haru Koesmahargyo
Direktur IT : Indra Utoyo
Direktur Hubungan Kelembagaan : Sis Apik Wijayanto
Direktur Human Capital : R Sophia Alizsa
Direktur Managemen Resiko : Mohammad Irfan
Direktur Kepatuhan : Achmad Solichin Lutfiyanto.
Baca Juga: Bank BRI Siapkan Layanan Open Account Via Digital di 2019
 
Adapun pada jajaran Komisaris :
Komisaris Utama : Andrinof A Chaniago
Wakil Komisaris Utama : Gatot Trihargo
Komisaris Independen : A. Fuad Rahmany
Komisaris Independen : A. Sonny Keraf
Komisaris Independen : Rofikoh Rokhim
Komisaris Independen : Mahmud
Komisaris : Nicolaus Teguh Budi Harjanto
Komisaris : Hadiyanto






Follow Berita Okezone di Google News


Dapatkan berita up to date dengan semua berita terkini dari Okezone hanya dengan satu akun di
ORION, daftar sekarang dengan
klik disini
dan nantikan kejutan menarik lainnya

(kmj)




Follow WhatsApp Channel Okezone untuk update berita terbaru setiap hari

Follow



#Saham BBRI
#PT Bank Rakyat Indonesia Tbk (BBRI) 
#Bank BRI





















 Direktur IT : Indra Utoyo
Direktur Hubungan Kelembagaan : Sis Apik Wijayanto
Direktur Human Capital : R Sophia Alizsa
Direktur Managemen Resiko : Mohammad Irfan
Direktur Kepatuhan : Achmad Solichin Lutfiyanto.
Baca Juga: Bank BRI Siapkan Layanan Open Account Via Digital di 2019
 
Adapun pada jajaran Komisaris :
Komisaris Utama : Andrinof A Chaniago
Wakil Komisaris Utama : Gatot Trihargo
Komisaris Independen : A. Fuad Rahmany
Komisaris Independen : A. Sonny Keraf
Komisaris Independen : Rofikoh Rokhim
Komisaris Independen : Mahmud
Komisaris : Nicolaus Teguh Budi Harjanto
Komisaris : Hadiyanto






Follow Berita Okezone di Google News


Dapatkan berita up to date dengan semua berita terkini dari Okezone hanya dengan satu akun di
ORION, daftar sekarang dengan
klik disini
dan nantikan kejutan menarik lainnya

(kmj)




Follow WhatsApp Channel Okezone untuk update berita terbaru setiap hari

Follow



#Saham BBRI
#PT Bank Rakyat Indonesia Tbk (BBRI) 
#Bank BRI





















 Direktur Hubungan Kelembagaan : Sis Apik Wijayanto
Direktur Human Capital : R Sophia Alizsa
Direktur Managemen Resiko : Mohammad Irfan
Direktur Kepatuhan : Achmad Solichin Lutfiyanto.
Baca Juga: Bank BRI Siapkan Layanan Open Account Via Digital di 2019
 
Adapun pada jajaran Komisaris :
Komisaris Utama : Andrinof A Chaniago
Wakil Komisaris Utama : Gatot Trihargo
Komisaris Independen : A. Fuad Rahmany
Komisaris Independen : A. Sonny Keraf
Komisaris Independen : Rofikoh Rokhim
Komisaris Independen : Mahmud
Komisaris : Nicolaus Teguh Budi Harjanto
Komisaris : Hadiyanto






Follow Berita Okezone di Google News


Dapatkan berita up to date dengan semua berita terkini dari Okezone hanya dengan satu akun di
ORION, daftar sekarang dengan
klik disini
dan nantikan kejutan menarik lainnya

(kmj)




Follow WhatsApp Channel Okezone untuk update berita terbaru setiap hari

Follow



#Saham BBRI
#PT Bank Rakyat Indonesia Tbk (BBRI) 
#Bank BRI





















 Direktur Human Capital : R Sophia Alizsa
Direktur Managemen Resiko : Mohammad Irfan
Direktur Kepatuhan : Achmad Solichin Lutfiyanto.
Baca Juga: Bank BRI Siapkan Layanan Open Account Via Digital di 2019
 
Adapun pada jajaran Komisaris :
Komisaris Utama : Andrinof A Chaniago
Wakil Komisaris Utama : Gatot Trihargo
Komisaris Independen : A. Fuad Rahmany
Komisaris Independen : A. Sonny Keraf
Komisaris Independen : Rofikoh Rokhim
Komisaris Independen : Mahmud
Komisaris : Nicolaus Teguh Budi Harjanto
Komisaris : Hadiyanto






Follow Berita Okezone di Google News


Dapatkan berita up to date dengan semua berita terkini dari Okezone hanya dengan satu akun di
ORION, daftar sekarang dengan
klik disini
dan nantikan kejutan menarik lainnya

(kmj)




Follow WhatsApp Channel Okezone untuk update berita terbaru setiap hari

Follow



#Saham BBRI
#PT Bank Rakyat Indonesia Tbk (BBRI) 
#Bank BRI





















 Direktur Managemen Resiko : Mohammad Irfan
Direktur Kepatuhan : Achmad Solichin Lutfiyanto.
Baca Juga: Bank BRI Siapkan Layanan Open Account Via Digital di 2019
 
Adapun pada jajaran Komisaris :
Komisaris Utama : Andrinof A Chaniago
Wakil Komisaris Utama : Gatot Trihargo
Komisaris Independen : A. Fuad Rahmany
Komisaris Independen : A. Sonny Keraf
Komisaris Independen : Rofikoh Rokhim
Komisaris Independen : Mahmud
Komisaris : Nicolaus Teguh Budi Harjanto
Komisaris : Hadiyanto






Follow Berita Okezone di Google News


Dapatkan berita up to date dengan semua berita terkini dari Okezone hanya dengan satu akun di
ORION, daftar sekarang dengan
klik disini
dan nantikan kejutan menarik lainnya

(kmj)




Follow WhatsApp Channel Okezone untuk update berita terbaru setiap hari

Follow



#Saham BBRI
#PT Bank Rakyat Indonesia Tbk (BBRI) 
#Bank BRI





















 Direktur Kepatuhan : Achmad Solichin Lutfiyanto.
Baca Juga: Bank BRI Siapkan Layanan Open Account Via Digital di 2019
 
Adapun pada jajaran Komisaris :
Komisaris Utama : Andrinof A Chaniago
Wakil Komisaris Utama : Gatot Trihargo
Komisaris Independen : A. Fuad Rahmany
Komisaris Independen : A. Sonny Keraf
Komisaris Independen : Rofikoh Rokhim
Komisaris Independen : Mahmud
Komisaris : Nicolaus Teguh Budi Harjanto
Komisaris : Hadiyanto






Follow Berita Okezone di Google News


Dapatkan berita up to date dengan semua berita terkini dari Okezone hanya dengan satu akun di
ORION, daftar sekarang dengan
klik disini
dan nantikan kejutan menarik lainnya

(kmj)




Follow WhatsApp Channel Okezone untuk update berita terbaru setiap hari

Follow



#Saham BBRI
#PT Bank Rakyat Indonesia Tbk (BBRI) 
#Bank BRI





















 Baca Juga: Bank BRI Siapkan Layanan Open Account Via Digital di 2019
 
Adapun pada jajaran Komisaris :
Komisaris Utama : Andrinof A Chaniago
Wakil Komisaris Utama : Gatot Trihargo
Komisaris Independen : A. Fuad Rahmany
Komisaris Independen : A. Sonny Keraf
Komisaris Independen : Rofikoh Rokhim
Komisaris Independen : Mahmud
Komisaris : Nicolaus Teguh Budi Harjanto
Komisaris : Hadiyanto






Follow Berita Okezone di Google News


Dapatkan berita up to date dengan semua berita terkini dari Okezone hanya dengan satu akun di
ORION, daftar sekarang dengan
klik disini
dan nantikan kejutan menarik lainnya

(kmj)




Follow WhatsApp Channel Okezone untuk update berita terbaru setiap hari

Follow



#Saham BBRI
#PT Bank Rakyat Indonesia Tbk (BBRI) 
#Bank BRI





















  
Adapun pada jajaran Komisaris :
Komisaris Utama : Andrinof A Chaniago
Wakil Komisaris Utama : Gatot Trihargo
Komisaris Independen : A. Fuad Rahmany
Komisaris Independen : A. Sonny Keraf
Komisaris Independen : Rofikoh Rokhim
Komisaris Independen : Mahmud
Komisaris : Nicolaus Teguh Budi Harjanto
Komisaris : Hadiyanto






Follow Berita Okezone di Google News


Dapatkan berita up to date dengan semua berita terkini dari Okezone hanya dengan satu akun di
ORION, daftar sekarang dengan
klik disini
dan nantikan kejutan menarik lainnya

(kmj)




Follow WhatsApp Channel Okezone untuk update berita terbaru setiap hari

Follow



#Saham BBRI
#PT Bank Rakyat Indonesia Tbk (BBRI) 
#Bank BRI





















 Adapun pada jajaran Komisaris :
Komisaris Utama : Andrinof A Chaniago
Wakil Komisaris Utama : Gatot Trihargo
Komisaris Independen : A. Fuad Rahmany
Komisaris Independen : A. Sonny Keraf
Komisaris Independen : Rofikoh Rokhim
Komisaris Independen : Mahmud
Komisaris : Nicolaus Teguh Budi Harjanto
Komisaris : Hadiyanto






Follow Berita Okezone di Google News


Dapatkan berita up to date dengan semua berita terkini dari Okezone hanya dengan satu akun di
ORION, daftar sekarang dengan
klik disini
dan nantikan kejutan menarik lainnya

(kmj)




Follow WhatsApp Channel Okezone untuk update berita terbaru setiap hari

Follow



#Saham BBRI
#PT Bank Rakyat Indonesia Tbk (BBRI) 
#Bank BRI





















 Komisaris Utama : Andrinof A Chaniago
Wakil Komisaris Utama : Gatot Trihargo
Komisaris Independen : A. Fuad Rahmany
Komisaris Independen : A. Sonny Keraf
Komisaris Independen : Rofikoh Rokhim
Komisaris Independen : Mahmud
Komisaris : Nicolaus Teguh Budi Harjanto
Komisaris : Hadiyanto






Follow Berita Okezone di Google News


Dapatkan berita up to date dengan semua berita terkini dari Okezone hanya dengan satu akun di
ORION, daftar sekarang dengan
klik disini
dan nantikan kejutan menarik lainnya

(kmj)




Follow WhatsApp Channel Okezone untuk update berita terbaru setiap hari

Follow



#Saham BBRI
#PT Bank Rakyat Indonesia Tbk (BBRI) 
#Bank BRI





















 Wakil Komisaris Utama : Gatot Trihargo
Komisaris Independen : A. Fuad Rahmany
Komisaris Independen : A. Sonny Keraf
Komisaris Independen : Rofikoh Rokhim
Komisaris Independen : Mahmud
Komisaris : Nicolaus Teguh Budi Harjanto
Komisaris : Hadiyanto






Follow Berita Okezone di Google News


Dapatkan berita up to date dengan semua berita terkini dari Okezone hanya dengan satu akun di
ORION, daftar sekarang dengan
klik disini
dan nantikan kejutan menarik lainnya

(kmj)




Follow WhatsApp Channel Okezone untuk update berita terbaru setiap hari

Follow



#Saham BBRI
#PT Bank Rakyat Indonesia Tbk (BBRI) 
#Bank BRI





















 Komisaris Independen : A. Fuad Rahmany
Komisaris Independen : A. Sonny Keraf
Komisaris Independen : Rofikoh Rokhim
Komisaris Independen : Mahmud
Komisaris : Nicolaus Teguh Budi Harjanto
Komisaris : Hadiyanto






Follow Berita Okezone di Google News


Dapatkan berita up to date dengan semua berita terkini dari Okezone hanya dengan satu akun di
ORION, daftar sekarang dengan
klik disini
dan nantikan kejutan menarik lainnya

(kmj)




Follow WhatsApp Channel Okezone untuk update berita terbaru setiap hari

Follow



#Saham BBRI
#PT Bank Rakyat Indonesia Tbk (BBRI) 
#Bank BRI





















 Komisaris Independen : A. Sonny Keraf
Komisaris Independen : Rofikoh Rokhim
Komisaris Independen : Mahmud
Komisaris : Nicolaus Teguh Budi Harjanto
Komisaris : Hadiyanto






Follow Berita Okezone di Google News


Dapatkan berita up to date dengan semua berita terkini dari Okezone hanya dengan satu akun di
ORION, daftar sekarang dengan
klik disini
dan nantikan kejutan menarik lainnya

(kmj)




Follow WhatsApp Channel Okezone untuk update berita terbaru setiap hari

Follow



#Saham BBRI
#PT Bank Rakyat Indonesia Tbk (BBRI) 
#Bank BRI





















 Komisaris Independen : Rofikoh Rokhim
Komisaris Independen : Mahmud
Komisaris : Nicolaus Teguh Budi Harjanto
Komisaris : Hadiyanto






Follow Berita Okezone di Google News


Dapatkan berita up to date dengan semua berita terkini dari Okezone hanya dengan satu akun di
ORION, daftar sekarang dengan
klik disini
dan nantikan kejutan menarik lainnya

(kmj)




Follow WhatsApp Channel Okezone untuk update berita terbaru setiap hari

Follow



#Saham BBRI
#PT Bank Rakyat Indonesia Tbk (BBRI) 
#Bank BRI





















 Komisaris Independen : Mahmud
Komisaris : Nicolaus Teguh Budi Harjanto
Komisaris : Hadiyanto






Follow Berita Okezone di Google News


Dapatkan berita up to date dengan semua berita terkini dari Okezone hanya dengan satu akun di
ORION, daftar sekarang dengan
klik disini
dan nantikan kejutan menarik lainnya

(kmj)




Follow WhatsApp Channel Okezone untuk update berita terbaru setiap hari

Follow



#Saham BBRI
#PT Bank Rakyat Indonesia Tbk (BBRI) 
#Bank BRI





















 Komisaris : Nicolaus Teguh Budi Harjanto
Komisaris : Hadiyanto






Follow Berita Okezone di Google News


Dapatkan berita up to date dengan semua berita terkini dari Okezone hanya dengan satu akun di
ORION, daftar sekarang dengan
klik disini
dan nantikan kejutan menarik lainnya

(kmj)




Follow WhatsApp Channel Okezone untuk update berita terbaru setiap hari

Follow



#Saham BBRI
#PT Bank Rakyat Indonesia Tbk (BBRI) 
#Bank BRI





















 Komisaris : Hadiyanto






Follow Berita Okezone di Google News


Dapatkan berita up to date dengan semua berita terkini dari Okezone hanya dengan satu akun di
ORION, daftar sekarang dengan
klik disini
dan nantikan kejutan menarik lainnya

(kmj)




Follow WhatsApp Channel Okezone untuk update berita terbaru setiap hari

Follow



#Saham BBRI
#PT Bank Rakyat Indonesia Tbk (BBRI) 
#Bank BRI





















  
Follow Berita Okezone di Google News
 
Dapatkan berita up to date dengan semua berita terkini dari Okezone hanya dengan satu akun di
ORION, daftar sekarang dengan
klik disini
dan nantikan kejutan menarik lainnya
 (kmj) Berita Terkait  Bagikan Artikel Ini   Berita Lainnya © 2007 - 2024 Okezone.com, All Rights Reserved"
Direksi BRI Kompak Borong Saham Siratkan Bentuk ...,https://www.balipost.com/news/2024/06/12/404006/Direksi-BRI-Kompak-Borong-Saham...html,2024-08-21,2024-06-13,"    28.8 CDenpasar, BaliRabu, 21 Agustus 2024e-PaperIklanKalenderPojokSurat PembacaEnglish                       BALIPOST.com       NewsBaliBadungBangliBulelengDenpasarGianyarJembranaKarangasemKlungkungTabananPeristiwaInternasionalNasionalPolitikHukumSosbudBudayaSosialSpiritualEkonomiMakroMikroPertanianPendidikanProfilPariwisataBali Wonderful IndonesiaGayaFashionHiburanKesehatanKulinerOlahragaTeknologiMultimediaPhotoVideoAnimasiInfografisLiveRadio SWIB 106.8 FMRadio Genta Bali FM 96.1Radio Singaraja FM 92.0Radio Global FM 96.5Opini    Ekonomi > Direksi BRI Kompak Borong Saham Siratkan Bentuk Optimisme KinerjaEkonomiMakroNasionalDireksi BRI Kompak Borong Saham Siratkan Bentuk Optimisme Kinerja Rabu, 12 Juni 2024 | 17:39:03Jajaran direksi BRI. (BP/Dokumen BRI)JAKARTA, BALIPOST.com – Aksi borong saham dilakukan oleh Direksi PT. Bank Rakyat Indonesia (Persero) Tbk. Mengutip keterbukaan informasi Bursa Efek Indonesia (BEI) pada 12 Juni 2024, tercatat tiga direktur BRI yakni Wakil Direktur Utama BRI Catur Budi Harto, Direktur Keuangan BRI Viviana Dyah Ayu dan Direktur Bisnis Mikro Supari melakukan pembelian saham BBRI dengan nominal yang beragam.Pada tanggal 7 Juni 2024 tercatat Catur Budi Harto membeli 230.000 saham BBRI, sehingga kepemilikan sahamnya saat ini sebanyak 4.045.557 saham. Pada tanggal yang sama, yakni 7 Juni 2024 Viviana juga membeli 280.000 saham BBRI sehingga saat ini Viviana memiliki 3.659.500 saham BBRI. Selang 3 hari, yakni pada tanggal 10 Juni 2024 Supari membeli 213.300 saham BBRI, yang membuat Supari saat ini memiliki 4.970.914 saham BBRI.Baca juga:  BRI Jadi Akselerator Implementasi ESG Melalui Role ModelingTerkait dengan hal tersebut, Corporate Secretary BRI Agustya Hendy Bernadi mengungkapkan bahwa pembelian saham BBRI oleh direksi ini bersifat pribadi. “Tujuan transaksi untuk investasi,” imbuh Hendy.Saham BBRI sendiri tengah berada dalam tekanan. Secara year to date, kinerja saham BBRI tercatat terkoreksi 23%. Gerak saham BBRI yang melemah belakangan ini berbanding terbalik dengan kinerja perseroan yang menguat dan bertumbuh positif.Terungkap oleh Analis RHB Sekuritas yang menilai potensi kenaikan harga saham bakal lebih besar karena risikonya sudah diperhitungkan. Hal tersebut dipaparkan oleh Analis RHB Sekuritas Andrey Wijaya, dan David Chong dalam riset yang dipublikasikan pada Selasa (11/6/2024).Berdasarkan laporan keuangan, BRI berhasil mencatat peningkatan pertumbuhan laba tercepat di sepanjang empat bulan pertama tahun 2024, sekaligus menjadi yang tertinggi diantara perbankan Big Caps sejenis lainnya.Baca juga:  Kasus Obesitas Nasional Tumbuh DrastisPerolehan laba BBRI untuk kinerja Januari sampai April (4M24) (Bank Only) meningkat 4,5% secara tahunan (year-on-year/yoy) yang didorong oleh pertumbuhan pinjaman yang kuat, dan efektivitas biaya kredit (Cost of Credit/CoC).Pertumbuhan pinjaman berhasil tumbuh 12% yoy pada April, angka ini juga meninggi dibandingkan dengan Maret kemarin yang hanya meningkat 10,9% yoy.Andrey dan David menyoroti perihal pencapaian kinerja bank pelat merah BBRI yang menarik, ia menyebut pertumbuhan tersebut merupakan yang tercepat di sektor ini. “CoC 4M24 turun menjadi 3,7% (3M24; 3,8%), dengan ekspektasi akan turun di bawah 3% untuk sepanjang tahun. Rasio CASA dan LDR tetap stabil,” papar mereka dalam risetnya.Laba empat bulan pertama tahun 2024 yang meningkat 4,5% tersebut juga sesuai dengan ekspektasi analis. Setara dengan 28% dari perkiraan untuk di sepanjang tahun.Baca juga:  Liga Jasa Keuangan 2023, Tim Basket Putra dan Putri BRI Raih JuaraAtas dasar potensi yang amat menarik tersebut, RHB Sekuritas mempertahankan dan menegaskan rekomendasi Buy/Beli saham BBRI dengan target harga dapat mencapai Rp6.300/saham dengan potensi kenaikan 40%. sejalan dengan kinerja yang amat baik.Di sisi lain, sebanyak 33 analis kompakmerekomendasikan Buy, Beli saham BBRI berdasarkan konsensus Bloomberg. Sementara tidak ada satupun analis rekomendasikan Sell. Seluruhnya kompak menyematkan rating Buy. Konsensus Bloomberg menghasilkan target harga potensial Rp6.105/saham untuk 12 bulan ke depan.Terbaru, Jayden Vantarakis, Analis Macquarie memberikan rekomendasi buy dengan target harga dapat mencapai Rp6.630/saham. Lebih optimis, Erni M. Siahaan, Analis Ciptadana Sekuritas memberikan rekomendasi buy dengan target harga Rp7.000/saham. (Adv/balipost)  BAGIKAN Facebook Twitter   tweet Ewik Mendala BERITA TERKAITDARI PENULIS EkonomiCiptakan Perputaran Ekonomi Rp10,42 triliun, BRI Kembali Jadi Sponsor Utama Liga 1 2024-2025 EkonomiJadi Perusahaan Pembayar Pajak Terbesar, BRI Diapresiasi Oleh Negara EkonomiBRI Borong Penghargaan di Malam Apresiasi Emiten 2024 EkonomiBrand Value BRI Meroket 30 Persen Jadi USD11,25 Miliar MikroTriwulan II 2024, Simpanan BRI Tumbuh 11,61 Persen EkonomiIndeks Bisnis UMKM BRI Triwulan II 2024: Bisnis UMKM Mulai Membaik dan Prospektif MikroIni, Cerita Desa Cikaso yang Raih Juara Desa BRILian EkonomiDi Bawah Rasio Perbankan Nasional, Ini Jurus BRI Kelola NPL UMKM Tetap Rendah EkonomiBRI Kembali Ditunjuk KSEI Sebagai Bank Pembayaran dan Bank Administrator RDNTINGGALKAN BALASAN Batal balasanPlease enter your comment! Please enter your name here You have entered an incorrect email address!Please enter your email address here CAPCHA * 6  −    =  2          RADIO STREAMINGIkuti Kami173,303FansSuka21,009PengikutMengikuti6,115PengikutMengikuti4,560PelangganBerlangganan  CuacaDenpasarscattered clouds   enter location  27.8 ° C  27.8 °  27.8 °  78%  8.2kmh  40%Kam 28 °Jum 28 °Sab 26 °Ming 27 °Sen 28 °  Iklan BarisCLAS-00009-01-12-2019 Ayo mulai pesan! Beriklan baris cetak dan online segera akan tampil di portal balipost.comCLAS-00008-01-12-2019 Ayo mulai pesan! Beriklan baris cetak dan online segera akan tampil di portal balipost.comCLAS-00007-01-12-2019 Ayo mulai pesan! Beriklan baris cetak dan online segera akan tampil di portal balipost.comCLAS-00006-01-12-2019 Ayo mulai pesan! Beriklan baris cetak dan online segera akan tampil di portal balipost.comCLAS-00005-01-12-2019 Ayo mulai pesan! Beriklan baris cetak dan online segera akan tampil di portal balipost.com  Tentang KamiBali Post Portal Media adalah portal berita pertama dengan konten  hiburan, fashion, musik, video dan audio news yang terkini dan terupdate.IKUTI KAMI                    Media SiberMedia PartnerPrivacy PolicyCopyrightDisclaimerTentang Kami © BALIPOST.com   28.8 CDenpasar, BaliRabu, 21 Agustus 2024e-PaperIklanKalenderPojokSurat PembacaEnglish                       BALIPOST.com       NewsBaliBadungBangliBulelengDenpasarGianyarJembranaKarangasemKlungkungTabananPeristiwaInternasionalNasionalPolitikHukumSosbudBudayaSosialSpiritualEkonomiMakroMikroPertanianPendidikanProfilPariwisataBali Wonderful IndonesiaGayaFashionHiburanKesehatanKulinerOlahragaTeknologiMultimediaPhotoVideoAnimasiInfografisLiveRadio SWIB 106.8 FMRadio Genta Bali FM 96.1Radio Singaraja FM 92.0Radio Global FM 96.5Opini    Ekonomi > Direksi BRI Kompak Borong Saham Siratkan Bentuk Optimisme KinerjaEkonomiMakroNasionalDireksi BRI Kompak Borong Saham Siratkan Bentuk Optimisme Kinerja Rabu, 12 Juni 2024 | 17:39:03Jajaran direksi BRI. (BP/Dokumen BRI)JAKARTA, BALIPOST.com – Aksi borong saham dilakukan oleh Direksi PT. Bank Rakyat Indonesia (Persero) Tbk. Mengutip keterbukaan informasi Bursa Efek Indonesia (BEI) pada 12 Juni 2024, tercatat tiga direktur BRI yakni Wakil Direktur Utama BRI Catur Budi Harto, Direktur Keuangan BRI Viviana Dyah Ayu dan Direktur Bisnis Mikro Supari melakukan pembelian saham BBRI dengan nominal yang beragam.Pada tanggal 7 Juni 2024 tercatat Catur Budi Harto membeli 230.000 saham BBRI, sehingga kepemilikan sahamnya saat ini sebanyak 4.045.557 saham. Pada tanggal yang sama, yakni 7 Juni 2024 Viviana juga membeli 280.000 saham BBRI sehingga saat ini Viviana memiliki 3.659.500 saham BBRI. Selang 3 hari, yakni pada tanggal 10 Juni 2024 Supari membeli 213.300 saham BBRI, yang membuat Supari saat ini memiliki 4.970.914 saham BBRI.Baca juga:  BRI Jadi Akselerator Implementasi ESG Melalui Role ModelingTerkait dengan hal tersebut, Corporate Secretary BRI Agustya Hendy Bernadi mengungkapkan bahwa pembelian saham BBRI oleh direksi ini bersifat pribadi. “Tujuan transaksi untuk investasi,” imbuh Hendy.Saham BBRI sendiri tengah berada dalam tekanan. Secara year to date, kinerja saham BBRI tercatat terkoreksi 23%. Gerak saham BBRI yang melemah belakangan ini berbanding terbalik dengan kinerja perseroan yang menguat dan bertumbuh positif.Terungkap oleh Analis RHB Sekuritas yang menilai potensi kenaikan harga saham bakal lebih besar karena risikonya sudah diperhitungkan. Hal tersebut dipaparkan oleh Analis RHB Sekuritas Andrey Wijaya, dan David Chong dalam riset yang dipublikasikan pada Selasa (11/6/2024).Berdasarkan laporan keuangan, BRI berhasil mencatat peningkatan pertumbuhan laba tercepat di sepanjang empat bulan pertama tahun 2024, sekaligus menjadi yang tertinggi diantara perbankan Big Caps sejenis lainnya.Baca juga:  Kasus Obesitas Nasional Tumbuh DrastisPerolehan laba BBRI untuk kinerja Januari sampai April (4M24) (Bank Only) meningkat 4,5% secara tahunan (year-on-year/yoy) yang didorong oleh pertumbuhan pinjaman yang kuat, dan efektivitas biaya kredit (Cost of Credit/CoC).Pertumbuhan pinjaman berhasil tumbuh 12% yoy pada April, angka ini juga meninggi dibandingkan dengan Maret kemarin yang hanya meningkat 10,9% yoy.Andrey dan David menyoroti perihal pencapaian kinerja bank pelat merah BBRI yang menarik, ia menyebut pertumbuhan tersebut merupakan yang tercepat di sektor ini. “CoC 4M24 turun menjadi 3,7% (3M24; 3,8%), dengan ekspektasi akan turun di bawah 3% untuk sepanjang tahun. Rasio CASA dan LDR tetap stabil,” papar mereka dalam risetnya.Laba empat bulan pertama tahun 2024 yang meningkat 4,5% tersebut juga sesuai dengan ekspektasi analis. Setara dengan 28% dari perkiraan untuk di sepanjang tahun.Baca juga:  Liga Jasa Keuangan 2023, Tim Basket Putra dan Putri BRI Raih JuaraAtas dasar potensi yang amat menarik tersebut, RHB Sekuritas mempertahankan dan menegaskan rekomendasi Buy/Beli saham BBRI dengan target harga dapat mencapai Rp6.300/saham dengan potensi kenaikan 40%. sejalan dengan kinerja yang amat baik.Di sisi lain, sebanyak 33 analis kompakmerekomendasikan Buy, Beli saham BBRI berdasarkan konsensus Bloomberg. Sementara tidak ada satupun analis rekomendasikan Sell. Seluruhnya kompak menyematkan rating Buy. Konsensus Bloomberg menghasilkan target harga potensial Rp6.105/saham untuk 12 bulan ke depan.Terbaru, Jayden Vantarakis, Analis Macquarie memberikan rekomendasi buy dengan target harga dapat mencapai Rp6.630/saham. Lebih optimis, Erni M. Siahaan, Analis Ciptadana Sekuritas memberikan rekomendasi buy dengan target harga Rp7.000/saham. (Adv/balipost)  BAGIKAN Facebook Twitter   tweet Ewik Mendala BERITA TERKAITDARI PENULIS EkonomiCiptakan Perputaran Ekonomi Rp10,42 triliun, BRI Kembali Jadi Sponsor Utama Liga 1 2024-2025 EkonomiJadi Perusahaan Pembayar Pajak Terbesar, BRI Diapresiasi Oleh Negara EkonomiBRI Borong Penghargaan di Malam Apresiasi Emiten 2024 EkonomiBrand Value BRI Meroket 30 Persen Jadi USD11,25 Miliar MikroTriwulan II 2024, Simpanan BRI Tumbuh 11,61 Persen EkonomiIndeks Bisnis UMKM BRI Triwulan II 2024: Bisnis UMKM Mulai Membaik dan Prospektif MikroIni, Cerita Desa Cikaso yang Raih Juara Desa BRILian EkonomiDi Bawah Rasio Perbankan Nasional, Ini Jurus BRI Kelola NPL UMKM Tetap Rendah EkonomiBRI Kembali Ditunjuk KSEI Sebagai Bank Pembayaran dan Bank Administrator RDNTINGGALKAN BALASAN Batal balasanPlease enter your comment! Please enter your name here You have entered an incorrect email address!Please enter your email address here CAPCHA * 6  −    =  2          RADIO STREAMINGIkuti Kami173,303FansSuka21,009PengikutMengikuti6,115PengikutMengikuti4,560PelangganBerlangganan  CuacaDenpasarscattered clouds   enter location  27.8 ° C  27.8 °  27.8 °  78%  8.2kmh  40%Kam 28 °Jum 28 °Sab 26 °Ming 27 °Sen 28 °  Iklan BarisCLAS-00009-01-12-2019 Ayo mulai pesan! Beriklan baris cetak dan online segera akan tampil di portal balipost.comCLAS-00008-01-12-2019 Ayo mulai pesan! Beriklan baris cetak dan online segera akan tampil di portal balipost.comCLAS-00007-01-12-2019 Ayo mulai pesan! Beriklan baris cetak dan online segera akan tampil di portal balipost.comCLAS-00006-01-12-2019 Ayo mulai pesan! Beriklan baris cetak dan online segera akan tampil di portal balipost.comCLAS-00005-01-12-2019 Ayo mulai pesan! Beriklan baris cetak dan online segera akan tampil di portal balipost.com  Tentang KamiBali Post Portal Media adalah portal berita pertama dengan konten  hiburan, fashion, musik, video dan audio news yang terkini dan terupdate.IKUTI KAMI                    Media SiberMedia PartnerPrivacy PolicyCopyrightDisclaimerTentang Kami © BALIPOST.com Ekonomi > Direksi BRI Kompak Borong Saham Siratkan Bentuk Optimisme Kinerja   Pada tanggal 7 Juni 2024 tercatat Catur Budi Harto membeli 230.000 saham BBRI, sehingga kepemilikan sahamnya saat ini sebanyak 4.045.557 saham. Pada tanggal yang sama, yakni 7 Juni 2024 Viviana juga membeli 280.000 saham BBRI sehingga saat ini Viviana memiliki 3.659.500 saham BBRI. Selang 3 hari, yakni pada tanggal 10 Juni 2024 Supari membeli 213.300 saham BBRI, yang membuat Supari saat ini memiliki 4.970.914 saham BBRI. Terkait dengan hal tersebut, Corporate Secretary BRI Agustya Hendy Bernadi mengungkapkan bahwa pembelian saham BBRI oleh direksi ini bersifat pribadi. “Tujuan transaksi untuk investasi,” imbuh Hendy. Saham BBRI sendiri tengah berada dalam tekanan. Secara year to date, kinerja saham BBRI tercatat terkoreksi 23%. Gerak saham BBRI yang melemah belakangan ini berbanding terbalik dengan kinerja perseroan yang menguat dan bertumbuh positif. Terungkap oleh Analis RHB Sekuritas yang menilai potensi kenaikan harga saham bakal lebih besar karena risikonya sudah diperhitungkan. Hal tersebut dipaparkan oleh Analis RHB Sekuritas Andrey Wijaya, dan David Chong dalam riset yang dipublikasikan pada Selasa (11/6/2024). Berdasarkan laporan keuangan, BRI berhasil mencatat peningkatan pertumbuhan laba tercepat di sepanjang empat bulan pertama tahun 2024, sekaligus menjadi yang tertinggi diantara perbankan Big Caps sejenis lainnya. Perolehan laba BBRI untuk kinerja Januari sampai April (4M24) (Bank Only) meningkat 4,5% secara tahunan (year-on-year/yoy) yang didorong oleh pertumbuhan pinjaman yang kuat, dan efektivitas biaya kredit (Cost of Credit/CoC). Pertumbuhan pinjaman berhasil tumbuh 12% yoy pada April, angka ini juga meninggi dibandingkan dengan Maret kemarin yang hanya meningkat 10,9% yoy. Andrey dan David menyoroti perihal pencapaian kinerja bank pelat merah BBRI yang menarik, ia menyebut pertumbuhan tersebut merupakan yang tercepat di sektor ini. “CoC 4M24 turun menjadi 3,7% (3M24; 3,8%), dengan ekspektasi akan turun di bawah 3% untuk sepanjang tahun. Rasio CASA dan LDR tetap stabil,” papar mereka dalam risetnya. Laba empat bulan pertama tahun 2024 yang meningkat 4,5% tersebut juga sesuai dengan ekspektasi analis. Setara dengan 28% dari perkiraan untuk di sepanjang tahun. Atas dasar potensi yang amat menarik tersebut, RHB Sekuritas mempertahankan dan menegaskan rekomendasi Buy/Beli saham BBRI dengan target harga dapat mencapai Rp6.300/saham dengan potensi kenaikan 40%. sejalan dengan kinerja yang amat baik. Di sisi lain, sebanyak 33 analis kompakmerekomendasikan Buy, Beli saham BBRI berdasarkan konsensus Bloomberg. Sementara tidak ada satupun analis rekomendasikan Sell. Seluruhnya kompak menyematkan rating Buy. Konsensus Bloomberg menghasilkan target harga potensial Rp6.105/saham untuk 12 bulan ke depan. Terbaru, Jayden Vantarakis, Analis Macquarie memberikan rekomendasi buy dengan target harga dapat mencapai Rp6.630/saham. Lebih optimis, Erni M. Siahaan, Analis Ciptadana Sekuritas memberikan rekomendasi buy dengan target harga Rp7.000/saham. (Adv/balipost) CAPCHA * 6  −    =  2           "
"Teratas di Industri Keuangan, BRI jadi Bank Terbesar Versi ...",https://radarbekasi.id/2024/08/19/teratas-di-industri-keuangan-bri-jadi-bank-terbesar-versi-fortune-indonesia-100-dan-fortune-southeast-asia-500-tahun-2024/,2024-08-21,2024-08-19,"RADARBEKASI.ID, BEKASI – PT Bank Rakyat Indonesia (Persero) Tbk atau BRI kembali mencatatkan prestasi di industri keuangan nasional. BRI berhasil menjadi bank dengan posisi teratas dalam daftar Fortune Indonesia 100 atas kinerja tahun 2023.
Dari seluruh Perusahaan BRI sendiri menempati posisi ke-4. Peringkat Fortune Indonesia 100 sendiri ditentukan berdasarkan pendapatan, laba bersih, asset, ekuitas, kapitalisasi pasar dan laba bersih terhadap pendapatan.
BRI yang menjadi bank dengan peringkat teratas pada daftar tersebut, tak lepas dari catatan kinerja solid pada tahun 2023. Dimana Perseroan mencatat pendapatan sebesar Rp241 triliun, laba bersih sebesar Rp60,1 triliun, asset sebesar Rp1.965 triliun, ekuitas Rp311 triliun, dan kapitalisasi pasar Rp682 triliun.
Sebelumnya pada Juni 2024 lalu dalam Fortune Southeast Asia 500, BRI dinobatkan sebagai perusahaan keempat terbesar untuk kategori finansial dan menduduki peringkat 15 sebagai perusahaan terbesar di Asia Tenggara. Capaian ini menempatkan BRI sebagai bank terbesar di Indonesia sekaligus sebagai salah satu perusahaan terbesar di Asia Tenggara.
BACA JUGA: 79 Tahun RI, Berikut Sederet Kontribusi BRI untuk Negeri  
Keberhasilan BRI dalam mencatatkan prestasi ini turut mendapatkan apresiasi dari Menteri BUMN RI Erick Thohir.
“Alhamdulillah 19 BUMN masuk dalam jajaran perusahaan dengan pendapatan terbesar versi Fortune Indonesia 100. Ini menunjukkan BUMN memiliki peran penting sebagai lokomotif penggerak ekonomi Indonesia,” jelas Erick dalam keterangannya, Kamis (15/8/2024).
Pada kesempatan terpisah, Direktur Utama BRI Sunarso mengungkapkan bahwa kinerja cemerlang pada tahun 2023 dan capaian positif tersebut juga akan memotivasi BRI untuk kembali mencatatkan kinerja positif di tahun 2024.
Hal ini terlihat dari Kinerja Keuangan BRI Group pada Triwulan II 2024 yang berhasil mencatatkan kinerja positif dan berkelanjutan.
“Dengan pertumbuhan yang selektif dan prudent, dalam 6 bulan pertama tahun ini BRI secara konsolidasian berhasil mencetak laba Rp29,90 triliun,” jelasnya.
Sunarso mengungkapkan bahwa kinerja positif BRI Group tersebut tak terlepas dari pertumbuhan penyaluran kredit dan penghimpunan Dana Pihak Ketiga (DPK) yang tumbuh double digit.
“Hingga akhir Triwulan II 2024, penyaluran kredit BRI tercatat Rp1.336,78 triliun atau tumbuh 11,20% year on year (yoy). Segmen UMKM masih mendominasi penyaluran kredit BRI, dengan porsi mencapai 81,96% dari total penyaluran kredit BRI, atau sekitar Rp1.095,64 triliun,” ungkapnya.
“Pencapaian dan apresiasi tersebut kami dedikasikan kepada seluruh nasabah BRI, utamanya untuk pelaku UMKM yang menjadi tulang punggung perekonomian Indonesia, serta seluruh Insan BRILian (pekerja BRI) yang telah memberikan kontribusi terbaiknya. Pencapaian tersebut juga akan memotivasi BRI untuk terus meng-create economic value serta men-deliver social value kepada seluruh stakeholders,” pungkas Sunarso. (oke/*)
 

Berita Terkait

Program Zero Waste to Landfill BRI, Aksi Nyata BRI Menuju Zero Emission 2050  
PLN Bekasi Beri Diskon Biaya Tambah Daya hingga Akhir Agustus 2024  
PLN Bekasi Sukses Amankan Pasokan Listrik Selama Upacara HUT ke-79 RI di Alun-Alun M Hasibuan
Kado HUT ke-79 RI, Program Light Up The Dream PLN Bekasi Berikan Listrik Gratis Keluarga Kurang Mampu    
Rayakan HUT ke-79 RI, BRI Hadirkan Bazaar UMKM BRILiaN Pada Gelaran BRILiaN Independence Week   
Waroeng Steak and Shake Buka Outlet Pertama di Cikarang




BBRI BRI Fortune Penghargaan Perusahaan Terbesar  
 Dari seluruh Perusahaan BRI sendiri menempati posisi ke-4. Peringkat Fortune Indonesia 100 sendiri ditentukan berdasarkan pendapatan, laba bersih, asset, ekuitas, kapitalisasi pasar dan laba bersih terhadap pendapatan. BRI yang menjadi bank dengan peringkat teratas pada daftar tersebut, tak lepas dari catatan kinerja solid pada tahun 2023. Dimana Perseroan mencatat pendapatan sebesar Rp241 triliun, laba bersih sebesar Rp60,1 triliun, asset sebesar Rp1.965 triliun, ekuitas Rp311 triliun, dan kapitalisasi pasar Rp682 triliun.
Sebelumnya pada Juni 2024 lalu dalam Fortune Southeast Asia 500, BRI dinobatkan sebagai perusahaan keempat terbesar untuk kategori finansial dan menduduki peringkat 15 sebagai perusahaan terbesar di Asia Tenggara. Capaian ini menempatkan BRI sebagai bank terbesar di Indonesia sekaligus sebagai salah satu perusahaan terbesar di Asia Tenggara.
BACA JUGA: 79 Tahun RI, Berikut Sederet Kontribusi BRI untuk Negeri  
Keberhasilan BRI dalam mencatatkan prestasi ini turut mendapatkan apresiasi dari Menteri BUMN RI Erick Thohir.
“Alhamdulillah 19 BUMN masuk dalam jajaran perusahaan dengan pendapatan terbesar versi Fortune Indonesia 100. Ini menunjukkan BUMN memiliki peran penting sebagai lokomotif penggerak ekonomi Indonesia,” jelas Erick dalam keterangannya, Kamis (15/8/2024).
Pada kesempatan terpisah, Direktur Utama BRI Sunarso mengungkapkan bahwa kinerja cemerlang pada tahun 2023 dan capaian positif tersebut juga akan memotivasi BRI untuk kembali mencatatkan kinerja positif di tahun 2024.
Hal ini terlihat dari Kinerja Keuangan BRI Group pada Triwulan II 2024 yang berhasil mencatatkan kinerja positif dan berkelanjutan.
“Dengan pertumbuhan yang selektif dan prudent, dalam 6 bulan pertama tahun ini BRI secara konsolidasian berhasil mencetak laba Rp29,90 triliun,” jelasnya.
Sunarso mengungkapkan bahwa kinerja positif BRI Group tersebut tak terlepas dari pertumbuhan penyaluran kredit dan penghimpunan Dana Pihak Ketiga (DPK) yang tumbuh double digit.
“Hingga akhir Triwulan II 2024, penyaluran kredit BRI tercatat Rp1.336,78 triliun atau tumbuh 11,20% year on year (yoy). Segmen UMKM masih mendominasi penyaluran kredit BRI, dengan porsi mencapai 81,96% dari total penyaluran kredit BRI, atau sekitar Rp1.095,64 triliun,” ungkapnya.
“Pencapaian dan apresiasi tersebut kami dedikasikan kepada seluruh nasabah BRI, utamanya untuk pelaku UMKM yang menjadi tulang punggung perekonomian Indonesia, serta seluruh Insan BRILian (pekerja BRI) yang telah memberikan kontribusi terbaiknya. Pencapaian tersebut juga akan memotivasi BRI untuk terus meng-create economic value serta men-deliver social value kepada seluruh stakeholders,” pungkas Sunarso. (oke/*)
 

Berita Terkait

Program Zero Waste to Landfill BRI, Aksi Nyata BRI Menuju Zero Emission 2050  
PLN Bekasi Beri Diskon Biaya Tambah Daya hingga Akhir Agustus 2024  
PLN Bekasi Sukses Amankan Pasokan Listrik Selama Upacara HUT ke-79 RI di Alun-Alun M Hasibuan
Kado HUT ke-79 RI, Program Light Up The Dream PLN Bekasi Berikan Listrik Gratis Keluarga Kurang Mampu    
Rayakan HUT ke-79 RI, BRI Hadirkan Bazaar UMKM BRILiaN Pada Gelaran BRILiaN Independence Week   
Waroeng Steak and Shake Buka Outlet Pertama di Cikarang




BBRI BRI Fortune Penghargaan Perusahaan Terbesar  
 Sebelumnya pada Juni 2024 lalu dalam Fortune Southeast Asia 500, BRI dinobatkan sebagai perusahaan keempat terbesar untuk kategori finansial dan menduduki peringkat 15 sebagai perusahaan terbesar di Asia Tenggara. Capaian ini menempatkan BRI sebagai bank terbesar di Indonesia sekaligus sebagai salah satu perusahaan terbesar di Asia Tenggara.
BACA JUGA: 79 Tahun RI, Berikut Sederet Kontribusi BRI untuk Negeri  
Keberhasilan BRI dalam mencatatkan prestasi ini turut mendapatkan apresiasi dari Menteri BUMN RI Erick Thohir.
“Alhamdulillah 19 BUMN masuk dalam jajaran perusahaan dengan pendapatan terbesar versi Fortune Indonesia 100. Ini menunjukkan BUMN memiliki peran penting sebagai lokomotif penggerak ekonomi Indonesia,” jelas Erick dalam keterangannya, Kamis (15/8/2024).
Pada kesempatan terpisah, Direktur Utama BRI Sunarso mengungkapkan bahwa kinerja cemerlang pada tahun 2023 dan capaian positif tersebut juga akan memotivasi BRI untuk kembali mencatatkan kinerja positif di tahun 2024.
Hal ini terlihat dari Kinerja Keuangan BRI Group pada Triwulan II 2024 yang berhasil mencatatkan kinerja positif dan berkelanjutan.
“Dengan pertumbuhan yang selektif dan prudent, dalam 6 bulan pertama tahun ini BRI secara konsolidasian berhasil mencetak laba Rp29,90 triliun,” jelasnya.
Sunarso mengungkapkan bahwa kinerja positif BRI Group tersebut tak terlepas dari pertumbuhan penyaluran kredit dan penghimpunan Dana Pihak Ketiga (DPK) yang tumbuh double digit.
“Hingga akhir Triwulan II 2024, penyaluran kredit BRI tercatat Rp1.336,78 triliun atau tumbuh 11,20% year on year (yoy). Segmen UMKM masih mendominasi penyaluran kredit BRI, dengan porsi mencapai 81,96% dari total penyaluran kredit BRI, atau sekitar Rp1.095,64 triliun,” ungkapnya.
“Pencapaian dan apresiasi tersebut kami dedikasikan kepada seluruh nasabah BRI, utamanya untuk pelaku UMKM yang menjadi tulang punggung perekonomian Indonesia, serta seluruh Insan BRILian (pekerja BRI) yang telah memberikan kontribusi terbaiknya. Pencapaian tersebut juga akan memotivasi BRI untuk terus meng-create economic value serta men-deliver social value kepada seluruh stakeholders,” pungkas Sunarso. (oke/*)
 

Berita Terkait

Program Zero Waste to Landfill BRI, Aksi Nyata BRI Menuju Zero Emission 2050  
PLN Bekasi Beri Diskon Biaya Tambah Daya hingga Akhir Agustus 2024  
PLN Bekasi Sukses Amankan Pasokan Listrik Selama Upacara HUT ke-79 RI di Alun-Alun M Hasibuan
Kado HUT ke-79 RI, Program Light Up The Dream PLN Bekasi Berikan Listrik Gratis Keluarga Kurang Mampu    
Rayakan HUT ke-79 RI, BRI Hadirkan Bazaar UMKM BRILiaN Pada Gelaran BRILiaN Independence Week   
Waroeng Steak and Shake Buka Outlet Pertama di Cikarang




BBRI BRI Fortune Penghargaan Perusahaan Terbesar  
 BACA JUGA: 79 Tahun RI, Berikut Sederet Kontribusi BRI untuk Negeri  
Keberhasilan BRI dalam mencatatkan prestasi ini turut mendapatkan apresiasi dari Menteri BUMN RI Erick Thohir.
“Alhamdulillah 19 BUMN masuk dalam jajaran perusahaan dengan pendapatan terbesar versi Fortune Indonesia 100. Ini menunjukkan BUMN memiliki peran penting sebagai lokomotif penggerak ekonomi Indonesia,” jelas Erick dalam keterangannya, Kamis (15/8/2024).
Pada kesempatan terpisah, Direktur Utama BRI Sunarso mengungkapkan bahwa kinerja cemerlang pada tahun 2023 dan capaian positif tersebut juga akan memotivasi BRI untuk kembali mencatatkan kinerja positif di tahun 2024.
Hal ini terlihat dari Kinerja Keuangan BRI Group pada Triwulan II 2024 yang berhasil mencatatkan kinerja positif dan berkelanjutan.
“Dengan pertumbuhan yang selektif dan prudent, dalam 6 bulan pertama tahun ini BRI secara konsolidasian berhasil mencetak laba Rp29,90 triliun,” jelasnya.
Sunarso mengungkapkan bahwa kinerja positif BRI Group tersebut tak terlepas dari pertumbuhan penyaluran kredit dan penghimpunan Dana Pihak Ketiga (DPK) yang tumbuh double digit.
“Hingga akhir Triwulan II 2024, penyaluran kredit BRI tercatat Rp1.336,78 triliun atau tumbuh 11,20% year on year (yoy). Segmen UMKM masih mendominasi penyaluran kredit BRI, dengan porsi mencapai 81,96% dari total penyaluran kredit BRI, atau sekitar Rp1.095,64 triliun,” ungkapnya.
“Pencapaian dan apresiasi tersebut kami dedikasikan kepada seluruh nasabah BRI, utamanya untuk pelaku UMKM yang menjadi tulang punggung perekonomian Indonesia, serta seluruh Insan BRILian (pekerja BRI) yang telah memberikan kontribusi terbaiknya. Pencapaian tersebut juga akan memotivasi BRI untuk terus meng-create economic value serta men-deliver social value kepada seluruh stakeholders,” pungkas Sunarso. (oke/*)
 

Berita Terkait

Program Zero Waste to Landfill BRI, Aksi Nyata BRI Menuju Zero Emission 2050  
PLN Bekasi Beri Diskon Biaya Tambah Daya hingga Akhir Agustus 2024  
PLN Bekasi Sukses Amankan Pasokan Listrik Selama Upacara HUT ke-79 RI di Alun-Alun M Hasibuan
Kado HUT ke-79 RI, Program Light Up The Dream PLN Bekasi Berikan Listrik Gratis Keluarga Kurang Mampu    
Rayakan HUT ke-79 RI, BRI Hadirkan Bazaar UMKM BRILiaN Pada Gelaran BRILiaN Independence Week   
Waroeng Steak and Shake Buka Outlet Pertama di Cikarang




BBRI BRI Fortune Penghargaan Perusahaan Terbesar  
 Keberhasilan BRI dalam mencatatkan prestasi ini turut mendapatkan apresiasi dari Menteri BUMN RI Erick Thohir.
“Alhamdulillah 19 BUMN masuk dalam jajaran perusahaan dengan pendapatan terbesar versi Fortune Indonesia 100. Ini menunjukkan BUMN memiliki peran penting sebagai lokomotif penggerak ekonomi Indonesia,” jelas Erick dalam keterangannya, Kamis (15/8/2024).
Pada kesempatan terpisah, Direktur Utama BRI Sunarso mengungkapkan bahwa kinerja cemerlang pada tahun 2023 dan capaian positif tersebut juga akan memotivasi BRI untuk kembali mencatatkan kinerja positif di tahun 2024.
Hal ini terlihat dari Kinerja Keuangan BRI Group pada Triwulan II 2024 yang berhasil mencatatkan kinerja positif dan berkelanjutan.
“Dengan pertumbuhan yang selektif dan prudent, dalam 6 bulan pertama tahun ini BRI secara konsolidasian berhasil mencetak laba Rp29,90 triliun,” jelasnya.
Sunarso mengungkapkan bahwa kinerja positif BRI Group tersebut tak terlepas dari pertumbuhan penyaluran kredit dan penghimpunan Dana Pihak Ketiga (DPK) yang tumbuh double digit.
“Hingga akhir Triwulan II 2024, penyaluran kredit BRI tercatat Rp1.336,78 triliun atau tumbuh 11,20% year on year (yoy). Segmen UMKM masih mendominasi penyaluran kredit BRI, dengan porsi mencapai 81,96% dari total penyaluran kredit BRI, atau sekitar Rp1.095,64 triliun,” ungkapnya.
“Pencapaian dan apresiasi tersebut kami dedikasikan kepada seluruh nasabah BRI, utamanya untuk pelaku UMKM yang menjadi tulang punggung perekonomian Indonesia, serta seluruh Insan BRILian (pekerja BRI) yang telah memberikan kontribusi terbaiknya. Pencapaian tersebut juga akan memotivasi BRI untuk terus meng-create economic value serta men-deliver social value kepada seluruh stakeholders,” pungkas Sunarso. (oke/*)
 

Berita Terkait

Program Zero Waste to Landfill BRI, Aksi Nyata BRI Menuju Zero Emission 2050  
PLN Bekasi Beri Diskon Biaya Tambah Daya hingga Akhir Agustus 2024  
PLN Bekasi Sukses Amankan Pasokan Listrik Selama Upacara HUT ke-79 RI di Alun-Alun M Hasibuan
Kado HUT ke-79 RI, Program Light Up The Dream PLN Bekasi Berikan Listrik Gratis Keluarga Kurang Mampu    
Rayakan HUT ke-79 RI, BRI Hadirkan Bazaar UMKM BRILiaN Pada Gelaran BRILiaN Independence Week   
Waroeng Steak and Shake Buka Outlet Pertama di Cikarang




BBRI BRI Fortune Penghargaan Perusahaan Terbesar  
 “Alhamdulillah 19 BUMN masuk dalam jajaran perusahaan dengan pendapatan terbesar versi Fortune Indonesia 100. Ini menunjukkan BUMN memiliki peran penting sebagai lokomotif penggerak ekonomi Indonesia,” jelas Erick dalam keterangannya, Kamis (15/8/2024).
Pada kesempatan terpisah, Direktur Utama BRI Sunarso mengungkapkan bahwa kinerja cemerlang pada tahun 2023 dan capaian positif tersebut juga akan memotivasi BRI untuk kembali mencatatkan kinerja positif di tahun 2024.
Hal ini terlihat dari Kinerja Keuangan BRI Group pada Triwulan II 2024 yang berhasil mencatatkan kinerja positif dan berkelanjutan.
“Dengan pertumbuhan yang selektif dan prudent, dalam 6 bulan pertama tahun ini BRI secara konsolidasian berhasil mencetak laba Rp29,90 triliun,” jelasnya.
Sunarso mengungkapkan bahwa kinerja positif BRI Group tersebut tak terlepas dari pertumbuhan penyaluran kredit dan penghimpunan Dana Pihak Ketiga (DPK) yang tumbuh double digit.
“Hingga akhir Triwulan II 2024, penyaluran kredit BRI tercatat Rp1.336,78 triliun atau tumbuh 11,20% year on year (yoy). Segmen UMKM masih mendominasi penyaluran kredit BRI, dengan porsi mencapai 81,96% dari total penyaluran kredit BRI, atau sekitar Rp1.095,64 triliun,” ungkapnya.
“Pencapaian dan apresiasi tersebut kami dedikasikan kepada seluruh nasabah BRI, utamanya untuk pelaku UMKM yang menjadi tulang punggung perekonomian Indonesia, serta seluruh Insan BRILian (pekerja BRI) yang telah memberikan kontribusi terbaiknya. Pencapaian tersebut juga akan memotivasi BRI untuk terus meng-create economic value serta men-deliver social value kepada seluruh stakeholders,” pungkas Sunarso. (oke/*)
 

Berita Terkait

Program Zero Waste to Landfill BRI, Aksi Nyata BRI Menuju Zero Emission 2050  
PLN Bekasi Beri Diskon Biaya Tambah Daya hingga Akhir Agustus 2024  
PLN Bekasi Sukses Amankan Pasokan Listrik Selama Upacara HUT ke-79 RI di Alun-Alun M Hasibuan
Kado HUT ke-79 RI, Program Light Up The Dream PLN Bekasi Berikan Listrik Gratis Keluarga Kurang Mampu    
Rayakan HUT ke-79 RI, BRI Hadirkan Bazaar UMKM BRILiaN Pada Gelaran BRILiaN Independence Week   
Waroeng Steak and Shake Buka Outlet Pertama di Cikarang




BBRI BRI Fortune Penghargaan Perusahaan Terbesar  
 Pada kesempatan terpisah, Direktur Utama BRI Sunarso mengungkapkan bahwa kinerja cemerlang pada tahun 2023 dan capaian positif tersebut juga akan memotivasi BRI untuk kembali mencatatkan kinerja positif di tahun 2024.
Hal ini terlihat dari Kinerja Keuangan BRI Group pada Triwulan II 2024 yang berhasil mencatatkan kinerja positif dan berkelanjutan.
“Dengan pertumbuhan yang selektif dan prudent, dalam 6 bulan pertama tahun ini BRI secara konsolidasian berhasil mencetak laba Rp29,90 triliun,” jelasnya.
Sunarso mengungkapkan bahwa kinerja positif BRI Group tersebut tak terlepas dari pertumbuhan penyaluran kredit dan penghimpunan Dana Pihak Ketiga (DPK) yang tumbuh double digit.
“Hingga akhir Triwulan II 2024, penyaluran kredit BRI tercatat Rp1.336,78 triliun atau tumbuh 11,20% year on year (yoy). Segmen UMKM masih mendominasi penyaluran kredit BRI, dengan porsi mencapai 81,96% dari total penyaluran kredit BRI, atau sekitar Rp1.095,64 triliun,” ungkapnya.
“Pencapaian dan apresiasi tersebut kami dedikasikan kepada seluruh nasabah BRI, utamanya untuk pelaku UMKM yang menjadi tulang punggung perekonomian Indonesia, serta seluruh Insan BRILian (pekerja BRI) yang telah memberikan kontribusi terbaiknya. Pencapaian tersebut juga akan memotivasi BRI untuk terus meng-create economic value serta men-deliver social value kepada seluruh stakeholders,” pungkas Sunarso. (oke/*)
 

Berita Terkait

Program Zero Waste to Landfill BRI, Aksi Nyata BRI Menuju Zero Emission 2050  
PLN Bekasi Beri Diskon Biaya Tambah Daya hingga Akhir Agustus 2024  
PLN Bekasi Sukses Amankan Pasokan Listrik Selama Upacara HUT ke-79 RI di Alun-Alun M Hasibuan
Kado HUT ke-79 RI, Program Light Up The Dream PLN Bekasi Berikan Listrik Gratis Keluarga Kurang Mampu    
Rayakan HUT ke-79 RI, BRI Hadirkan Bazaar UMKM BRILiaN Pada Gelaran BRILiaN Independence Week   
Waroeng Steak and Shake Buka Outlet Pertama di Cikarang




BBRI BRI Fortune Penghargaan Perusahaan Terbesar  
 Hal ini terlihat dari Kinerja Keuangan BRI Group pada Triwulan II 2024 yang berhasil mencatatkan kinerja positif dan berkelanjutan.
“Dengan pertumbuhan yang selektif dan prudent, dalam 6 bulan pertama tahun ini BRI secara konsolidasian berhasil mencetak laba Rp29,90 triliun,” jelasnya.
Sunarso mengungkapkan bahwa kinerja positif BRI Group tersebut tak terlepas dari pertumbuhan penyaluran kredit dan penghimpunan Dana Pihak Ketiga (DPK) yang tumbuh double digit.
“Hingga akhir Triwulan II 2024, penyaluran kredit BRI tercatat Rp1.336,78 triliun atau tumbuh 11,20% year on year (yoy). Segmen UMKM masih mendominasi penyaluran kredit BRI, dengan porsi mencapai 81,96% dari total penyaluran kredit BRI, atau sekitar Rp1.095,64 triliun,” ungkapnya.
“Pencapaian dan apresiasi tersebut kami dedikasikan kepada seluruh nasabah BRI, utamanya untuk pelaku UMKM yang menjadi tulang punggung perekonomian Indonesia, serta seluruh Insan BRILian (pekerja BRI) yang telah memberikan kontribusi terbaiknya. Pencapaian tersebut juga akan memotivasi BRI untuk terus meng-create economic value serta men-deliver social value kepada seluruh stakeholders,” pungkas Sunarso. (oke/*)
 

Berita Terkait

Program Zero Waste to Landfill BRI, Aksi Nyata BRI Menuju Zero Emission 2050  
PLN Bekasi Beri Diskon Biaya Tambah Daya hingga Akhir Agustus 2024  
PLN Bekasi Sukses Amankan Pasokan Listrik Selama Upacara HUT ke-79 RI di Alun-Alun M Hasibuan
Kado HUT ke-79 RI, Program Light Up The Dream PLN Bekasi Berikan Listrik Gratis Keluarga Kurang Mampu    
Rayakan HUT ke-79 RI, BRI Hadirkan Bazaar UMKM BRILiaN Pada Gelaran BRILiaN Independence Week   
Waroeng Steak and Shake Buka Outlet Pertama di Cikarang




BBRI BRI Fortune Penghargaan Perusahaan Terbesar  
 “Dengan pertumbuhan yang selektif dan prudent, dalam 6 bulan pertama tahun ini BRI secara konsolidasian berhasil mencetak laba Rp29,90 triliun,” jelasnya.
Sunarso mengungkapkan bahwa kinerja positif BRI Group tersebut tak terlepas dari pertumbuhan penyaluran kredit dan penghimpunan Dana Pihak Ketiga (DPK) yang tumbuh double digit.
“Hingga akhir Triwulan II 2024, penyaluran kredit BRI tercatat Rp1.336,78 triliun atau tumbuh 11,20% year on year (yoy). Segmen UMKM masih mendominasi penyaluran kredit BRI, dengan porsi mencapai 81,96% dari total penyaluran kredit BRI, atau sekitar Rp1.095,64 triliun,” ungkapnya.
“Pencapaian dan apresiasi tersebut kami dedikasikan kepada seluruh nasabah BRI, utamanya untuk pelaku UMKM yang menjadi tulang punggung perekonomian Indonesia, serta seluruh Insan BRILian (pekerja BRI) yang telah memberikan kontribusi terbaiknya. Pencapaian tersebut juga akan memotivasi BRI untuk terus meng-create economic value serta men-deliver social value kepada seluruh stakeholders,” pungkas Sunarso. (oke/*)
 

Berita Terkait

Program Zero Waste to Landfill BRI, Aksi Nyata BRI Menuju Zero Emission 2050  
PLN Bekasi Beri Diskon Biaya Tambah Daya hingga Akhir Agustus 2024  
PLN Bekasi Sukses Amankan Pasokan Listrik Selama Upacara HUT ke-79 RI di Alun-Alun M Hasibuan
Kado HUT ke-79 RI, Program Light Up The Dream PLN Bekasi Berikan Listrik Gratis Keluarga Kurang Mampu    
Rayakan HUT ke-79 RI, BRI Hadirkan Bazaar UMKM BRILiaN Pada Gelaran BRILiaN Independence Week   
Waroeng Steak and Shake Buka Outlet Pertama di Cikarang




BBRI BRI Fortune Penghargaan Perusahaan Terbesar  
 Sunarso mengungkapkan bahwa kinerja positif BRI Group tersebut tak terlepas dari pertumbuhan penyaluran kredit dan penghimpunan Dana Pihak Ketiga (DPK) yang tumbuh double digit.
“Hingga akhir Triwulan II 2024, penyaluran kredit BRI tercatat Rp1.336,78 triliun atau tumbuh 11,20% year on year (yoy). Segmen UMKM masih mendominasi penyaluran kredit BRI, dengan porsi mencapai 81,96% dari total penyaluran kredit BRI, atau sekitar Rp1.095,64 triliun,” ungkapnya.
“Pencapaian dan apresiasi tersebut kami dedikasikan kepada seluruh nasabah BRI, utamanya untuk pelaku UMKM yang menjadi tulang punggung perekonomian Indonesia, serta seluruh Insan BRILian (pekerja BRI) yang telah memberikan kontribusi terbaiknya. Pencapaian tersebut juga akan memotivasi BRI untuk terus meng-create economic value serta men-deliver social value kepada seluruh stakeholders,” pungkas Sunarso. (oke/*)
 

Berita Terkait

Program Zero Waste to Landfill BRI, Aksi Nyata BRI Menuju Zero Emission 2050  
PLN Bekasi Beri Diskon Biaya Tambah Daya hingga Akhir Agustus 2024  
PLN Bekasi Sukses Amankan Pasokan Listrik Selama Upacara HUT ke-79 RI di Alun-Alun M Hasibuan
Kado HUT ke-79 RI, Program Light Up The Dream PLN Bekasi Berikan Listrik Gratis Keluarga Kurang Mampu    
Rayakan HUT ke-79 RI, BRI Hadirkan Bazaar UMKM BRILiaN Pada Gelaran BRILiaN Independence Week   
Waroeng Steak and Shake Buka Outlet Pertama di Cikarang




BBRI BRI Fortune Penghargaan Perusahaan Terbesar  
 “Hingga akhir Triwulan II 2024, penyaluran kredit BRI tercatat Rp1.336,78 triliun atau tumbuh 11,20% year on year (yoy). Segmen UMKM masih mendominasi penyaluran kredit BRI, dengan porsi mencapai 81,96% dari total penyaluran kredit BRI, atau sekitar Rp1.095,64 triliun,” ungkapnya.
“Pencapaian dan apresiasi tersebut kami dedikasikan kepada seluruh nasabah BRI, utamanya untuk pelaku UMKM yang menjadi tulang punggung perekonomian Indonesia, serta seluruh Insan BRILian (pekerja BRI) yang telah memberikan kontribusi terbaiknya. Pencapaian tersebut juga akan memotivasi BRI untuk terus meng-create economic value serta men-deliver social value kepada seluruh stakeholders,” pungkas Sunarso. (oke/*)
 

Berita Terkait

Program Zero Waste to Landfill BRI, Aksi Nyata BRI Menuju Zero Emission 2050  
PLN Bekasi Beri Diskon Biaya Tambah Daya hingga Akhir Agustus 2024  
PLN Bekasi Sukses Amankan Pasokan Listrik Selama Upacara HUT ke-79 RI di Alun-Alun M Hasibuan
Kado HUT ke-79 RI, Program Light Up The Dream PLN Bekasi Berikan Listrik Gratis Keluarga Kurang Mampu    
Rayakan HUT ke-79 RI, BRI Hadirkan Bazaar UMKM BRILiaN Pada Gelaran BRILiaN Independence Week   
Waroeng Steak and Shake Buka Outlet Pertama di Cikarang




BBRI BRI Fortune Penghargaan Perusahaan Terbesar  
 “Pencapaian dan apresiasi tersebut kami dedikasikan kepada seluruh nasabah BRI, utamanya untuk pelaku UMKM yang menjadi tulang punggung perekonomian Indonesia, serta seluruh Insan BRILian (pekerja BRI) yang telah memberikan kontribusi terbaiknya. Pencapaian tersebut juga akan memotivasi BRI untuk terus meng-create economic value serta men-deliver social value kepada seluruh stakeholders,” pungkas Sunarso. (oke/*)
 

Berita Terkait

Program Zero Waste to Landfill BRI, Aksi Nyata BRI Menuju Zero Emission 2050  
PLN Bekasi Beri Diskon Biaya Tambah Daya hingga Akhir Agustus 2024  
PLN Bekasi Sukses Amankan Pasokan Listrik Selama Upacara HUT ke-79 RI di Alun-Alun M Hasibuan
Kado HUT ke-79 RI, Program Light Up The Dream PLN Bekasi Berikan Listrik Gratis Keluarga Kurang Mampu    
Rayakan HUT ke-79 RI, BRI Hadirkan Bazaar UMKM BRILiaN Pada Gelaran BRILiaN Independence Week   
Waroeng Steak and Shake Buka Outlet Pertama di Cikarang




BBRI BRI Fortune Penghargaan Perusahaan Terbesar  
  

Berita Terkait

Program Zero Waste to Landfill BRI, Aksi Nyata BRI Menuju Zero Emission 2050  
PLN Bekasi Beri Diskon Biaya Tambah Daya hingga Akhir Agustus 2024  
PLN Bekasi Sukses Amankan Pasokan Listrik Selama Upacara HUT ke-79 RI di Alun-Alun M Hasibuan
Kado HUT ke-79 RI, Program Light Up The Dream PLN Bekasi Berikan Listrik Gratis Keluarga Kurang Mampu    
Rayakan HUT ke-79 RI, BRI Hadirkan Bazaar UMKM BRILiaN Pada Gelaran BRILiaN Independence Week   
Waroeng Steak and Shake Buka Outlet Pertama di Cikarang




BBRI BRI Fortune Penghargaan Perusahaan Terbesar  
 RADARBEKASI.ID, BEKASI – Sejalan dengan komitmennya dalam mendukung pembangunan berkelanjutan, BRI meluncurkan program inovatif Zero… RADARBEKASI.ID, BEKASI – Meriahkan Hari Ulang Tahun (HUT) Kemerdekaan ke-79 Republik Indonesia (RI), PT PLN… RADARBEKASI.ID, BEKASI – PT PLN (Persero) Unit Pelaksana Pelayanan Pelanggan (UP3) Bekasi berhasil mengamankan pasokan…   RADARBEKASI.ID, BEKASI – Peringati Hari Ulang Tahun (HUT) ke-79 Republik Indonesia, PT Perusahaan Listrik… RADARBEKASI.ID, BEKASI – PT Bank Rakyat Indonesia (Persero) Tbk turut memeriahkan Hari Ulang Tahun ke-79… RADARBEKASI.ID, BEKASI  – Waroeng Steak and Shake di bawah naungan PT Waroeng Steak Indonesia membuka…"
"Kinerja Solid, BRI Sukses Jadi Bank Terbesar di Indonesia",https://m.industry.co.id/read/135486/kinerja-solid-bri-sukses-jadi-bank-terbesar-di-indonesia,2024-08-21,2024-08-20,"Rabu, 21 Agustus 2024 - 15:10 WIB  Find and Follow Us      Oleh : Candra Mata | Selasa, 20 Agustus 2024 - 06:08 WIB INDUSTRY.co.id - Jakarta - PT Bank Rakyat Indonesia (Persero) Tbk atau BRI kembali mencatatkan prestasi di industri keuangan nasional, setelah menjadi bank dengan posisi teratas dalam daftar Fortune Indonesia 100 atas kinerja tahun 2023. Dari seluruh perusahaan, BRI sendiri menempati posisi ke-4. Peringkat Fortune Indonesia 100 ini ditentukan berdasarkan pendapatan, laba bersih, aset, ekuitas, kapitalisasi pasar, dan laba bersih terhadap pendapatan. BRI yang menjadi bank dengan peringkat teratas pada daftar tersebut, tak lepas dari catatan kinerja solid pada tahun 2023, di mana Perseroan mencatat pendapatan sebesar Rp241 triliun, laba bersih sebesar Rp60,1 triliun, aset sebesar Rp1.965 triliun, ekuitas Rp311 triliun, dan kapitalisasi pasar Rp682 triliun. Sebelumnya pada Juni 2024 lalu dalam Fortune Southeast Asia 500, BRI dinobatkan sebagai perusahaan keempat terbesar untuk kategori finansial dan menduduki peringkat 15 sebagai perusahaan terbesar di Asia Tenggara.  Capaian ini menempatkan BRI sebagai bank terbesar di Indonesia sekaligus sebagai salah satu perusahaan terbesar di Asia Tenggara. Keberhasilan BRI dalam mencatatkan prestasi ini turut mendapatkan apresiasi dari Menteri BUMN RI Erick Thohir. ""Alhamdulillah 19 BUMN masuk dalam jajaran perusahaan dengan pendapatan terbesar versi Fortune Indonesia 100. Ini menunjukkan BUMN memiliki peran penting sebagai lokomotif penggerak ekonomi Indonesia,"" ujar Erick, Kamis (15/8). Pada kesempatan terpisah, Direktur Utama BRI Sunarso mengungkapkan bahwa kinerja cemerlang pada tahun 2023 dan capaian positif tersebut akan memotivasi BRI untuk kembali mencatatkan kinerja positif di tahun 2024. Hal ini terlihat dari Kinerja Keuangan BRI Group pada Triwulan II 2024 yang berhasil mencatatkan kinerja positif dan berkelanjutan. “Dengan pertumbuhan yang selektif dan prudent, dalam 6 bulan pertama tahun ini BRI secara konsolidasian berhasil mencetak laba Rp29,90 triliun”, jelasnya. Sunarso mengungkapkan bahwa kinerja positif BRI Group tersebut tak terlepas dari pertumbuhan penyaluran kredit dan penghimpunan Dana Pihak Ketiga (DPK) yang tumbuh double digit.  “Hingga akhir Triwulan II 2024, penyaluran kredit BRI tercatat Rp1.336,78 triliun atau tumbuh 11,20 persen year on year (yoy). Segmen UMKM masih mendominasi penyaluran kredit BRI, dengan porsi mencapai 81,96 persen dari total penyaluran kredit BRI, atau sekitar Rp1.095,64 triliun,” ungkap Sunarso. Sunarso menambahkan, pencapaian dan apresiasi tersebut dedikasikan kepada seluruh nasabah BRI, utamanya untuk pelaku UMKM yang menjadi tulang punggung perekonomian Indonesia, serta seluruh Insan BRILian (pekerja BRI) yang telah memberikan kontribusi terbaiknya. “Pencapaian tersebut juga akan memotivasi BRI untuk terus meng-create economic value serta men-deliver social value kepada seluruh stakeholders”, pungkasnya. Rabu, 21 Agustus 2024 - 14:31 WIB Memahami bahwa produktivitas tenaga kerja Indonesia yang terus meningkat hingga mencapai IDR 86.55 juta per pekerja per tahun pada 2022, serta peningkatan penggunaan internet dengan 77% dari… Rabu, 21 Agustus 2024 - 14:22 WIB Vatikan-Organisasi pemuda lintas agama berkunjung ke Vatikan. Kunjungan ini menandai dimulainya kampanye Dokumen Abu Dhabi oleh kelompok ini. Rombongan dipimpin oleh Ketum GP Ansor, Addin Jauharudin… Rabu, 21 Agustus 2024 - 14:02 WIB Jakarta – Untuk memperkuat hubungan bilateral dan ekonomi antara Indonesia dan China, Kamar Dagang China bersama Peraga Expo menggelar dua pameran dengan tema berbeda yakni pameran Indonesia… Rabu, 21 Agustus 2024 - 13:50 WIB Denpasar - Para pelaku usaha depot air minum isi ulang (DAMIU) di Bali terlihat sangat antusias mengikuti seminar dan pelatihan terkait manajemen higiene dan sanitasi yang diselenggarakan Asosiasi… Rabu, 21 Agustus 2024 - 12:10 WIB Setelah resmi diakuisisi oleh ONE Global Capital, One Global Resorts Green Square telah menunjukkan performa luar biasa dengan mencapai tingkat hunian (okupansi) 100% hanya dalam kurun waktu… Majalah Industry © Copyright 2016 - 2021 Industry.co.id. All Right Reserved  Find and Follow Us       Download Apps on  "
"Teratas di Industri Keuangan, BRI Jadi Bank Terbesar ...",https://www.sulselsatu.com/2024/08/19/adventorial/teratas-di-industri-keuangan-bri-jadi-bank-terbesar-versi-fortune-indonesia-100-dan-fortune-southeast-asia-500-tahun-2024.html,2024-08-21,2024-08-19,"Senin, 19 Agustus 2024 12:31 SULSELSATU.com, JAKARTA – PT Bank Rakyat Indonesia (Persero) Tbk atau BRI kembali mencatatkan prestasi di industri keuangan nasional. BRI berhasil menjadi bank dengan posisi teratas dalam daftar Fortune Indonesia 100 atas kinerja tahun 2023.  Dari seluruh Perusahaan BRI sendiri menempati posisi ke-4. Peringkat Fortune Indonesia 100 sendiri ditentukan berdasarkan pendapatan, laba bersih, asset, ekuitas, kapitalisasi pasar dan laba bersih terhadap pendapatan. BRI yang menjadi bank dengan peringkat teratas pada daftar tersebut, tak lepas dari catatan kinerja solid pada tahun 2023. Dimana Perseroan mencatat pendapatan sebesar Rp241 triliun, laba bersih sebesar Rp60,1 triliun, asset sebesar Rp1.965 triliun, ekuitas Rp311 triliun, dan kapitalisasi pasar Rp682 triliun. Baca Juga : Program Zero Waste to Landfill BRI, Aksi Nyata BRI Menuju Zero Emission 2050 Sebelumnya pada Juni 2024 lalu dalam Fortune Southeast Asia 500, BRI dinobatkan sebagai perusahaan keempat terbesar untuk kategori finansial dan menduduki peringkat 15 sebagai perusahaan terbesar di Asia Tenggara. Capaian ini menempatkan BRI sebagai bank terbesar di Indonesia sekaligus sebagai salah satu perusahaan terbesar di Asia Tenggara. Keberhasilan BRI dalam mencatatkan prestasi ini turut mendapatkan apresiasi dari Menteri BUMN RI Erick Thohir. “Alhamdulillah 19 BUMN masuk dalam jajaran perusahaan dengan pendapatan terbesar versi Fortune Indonesia 100. Ini menunjukkan BUMN memiliki peran penting sebagai lokomotif penggerak ekonomi Indonesia,” jelas Erick dalam keterangannya, Kamis (15/8/2024). Pada kesempatan terpisah, Direktur Utama BRI Sunarso mengungkapkan bahwa kinerja cemerlang pada tahun 2023 dan capaian positif tersebut juga akan memotivasi BRI untuk kembali mencatatkan kinerja positif di tahun 2024. Hal ini terlihat dari Kinerja Keuangan BRI Group pada Triwulan II 2024 yang berhasil mencatatkan kinerja positif dan berkelanjutan.  Baca Juga : Rayakan HUT ke-79 RI, BRI Hadirkan Bazaar UMKM BRILiaN Pada Gelaran BRILiaN Independence Week “Dengan pertumbuhan yang selektif dan prudent, dalam 6 bulan pertama tahun ini BRI secara konsolidasian berhasil mencetak laba Rp29,90 triliun”, jelasnya. Sunarso mengungkapkan bahwa kinerja positif BRI Group tersebut tak terlepas dari pertumbuhan penyaluran kredit dan penghimpunan Dana Pihak Ketiga (DPK) yang tumbuh double digit.  “Hingga akhir Triwulan II 2024, penyaluran kredit BRI tercatat Rp1.336,78 triliun atau tumbuh 11,20% year on year (yoy). Segmen UMKM masih mendominasi penyaluran kredit BRI, dengan porsi mencapai 81,96% dari total penyaluran kredit BRI, atau sekitar Rp1.095,64 triliun,” ungkapnya. Baca Juga : Peringati HUT ke-79 RI, BRI Kembali Berikan Beasiswa Bagi Paskibraka Tingkat Pusat “Pencapaian dan apresiasi tersebut kami dedikasikan kepada seluruh nasabah BRI, utamanya untuk pelaku UMKM yang menjadi tulang punggung perekonomian Indonesia, serta seluruh Insan BRILian (pekerja BRI) yang telah memberikan kontribusi terbaiknya. Pencapaian tersebut juga akan memotivasi BRI untuk terus meng-create economic value serta men-deliver social value kepada seluruh stakeholders”, pungkas Sunarso.  Cek berita dan artikel yang lain di Google News  Youtube Sulselsatu  Komentar  Terbaru Copyright © 2017 - 2024 SuryaLoe - Sulselsatu All Rights Reserved"
"Teratas di Industri Keuangan, BRI Jadi Bank Terbesar Versi ...",https://radarsulbar.fajar.co.id/2024/08/19/teratas-di-industri-keuangan-bri-jadi-bank-terbesar-versi-fortune-indonesia-100-dan-fortune-southeast-asia-500-tahun-2024/,2024-08-21,2024-08-19,"JAKARTA, RADAR SULBAR – PT Bank Rakyat Indonesia (Persero) Tbk atau BRI kembali mencatatkan prestasi di industri keuangan nasional. BRI berhasil menjadi bank dengan posisi teratas dalam daftar Fortune Indonesia 100 atas kinerja tahun 2023. Dari seluruh Perusahaan BRI sendiri menempati posisi ke-4. Peringkat Fortune Indonesia 100 sendiri ditentukan berdasarkan pendapatan, laba bersih, asset, ekuitas, kapitalisasi pasar dan laba bersih terhadap pendapatan. BRI yang menjadi bank dengan peringkat teratas pada daftar tersebut, tak lepas dari catatan kinerja solid pada tahun 2023. Dimana Perseroan mencatat pendapatan sebesar Rp241 triliun, laba bersih sebesar Rp60,1 triliun, asset sebesar Rp1.965 triliun, ekuitas Rp311 triliun, dan kapitalisasi pasar Rp682 triliun. Sebelumnya pada Juni 2024 lalu dalam Fortune Southeast Asia 500, BRI dinobatkan sebagai perusahaan keempat terbesar untuk kategori finansial dan menduduki peringkat 15 sebagai perusahaan terbesar di Asia Tenggara. Capaian ini menempatkan BRI sebagai bank terbesar di Indonesia sekaligus sebagai salah satu perusahaan terbesar di Asia Tenggara. Keberhasilan BRI dalam mencatatkan prestasi ini turut mendapatkan apresiasi dari Menteri BUMN RI Erick Thohir. “Alhamdulillah 19 BUMN masuk dalam jajaran perusahaan dengan pendapatan terbesar versi Fortune Indonesia 100. Ini menunjukkan BUMN memiliki peran penting sebagai lokomotif penggerak ekonomi Indonesia,” jelas Erick dalam keterangannya, Kamis (15/8/2024). Pada kesempatan terpisah, Direktur Utama BRI Sunarso mengungkapkan bahwa kinerja cemerlang pada tahun 2023 dan capaian positif tersebut juga akan memotivasi BRI untuk kembali mencatatkan kinerja positif di tahun 2024. Hal ini terlihat dari Kinerja Keuangan BRI Group pada Triwulan II 2024 yang berhasil mencatatkan kinerja positif dan berkelanjutan. “Dengan pertumbuhan yang selektif dan prudent, dalam 6 bulan pertama tahun ini BRI secara konsolidasian berhasil mencetak laba Rp29,90 triliun”, jelasnya. Sunarso mengungkapkan bahwa kinerja positif BRI Group tersebut tak terlepas dari pertumbuhan penyaluran kredit dan penghimpunan Dana Pihak Ketiga (DPK) yang tumbuh double digit. “Hingga akhir Triwulan II 2024, penyaluran kredit BRI tercatat Rp1.336,78 triliun atau tumbuh 11,20% year on year (yoy). Segmen UMKM masih mendominasi penyaluran kredit BRI, dengan porsi mencapai 81,96% dari total penyaluran kredit BRI, atau sekitar Rp1.095,64 triliun,” ungkapnya. “Pencapaian dan apresiasi tersebut kami dedikasikan kepada seluruh nasabah BRI, utamanya untuk pelaku UMKM yang menjadi tulang punggung perekonomian Indonesia, serta seluruh Insan BRILian (pekerja BRI) yang telah memberikan kontribusi terbaiknya. Pencapaian tersebut juga akan memotivasi BRI untuk terus meng-create­ economic value serta men-deliver social value kepada seluruh stakeholders”, pungkas Sunarso. (*)"
Sunarso Diangkat Jadi Dirut Bank BRI Gantikan Suprajarto,https://bumntrack.co.id/sunarso-diangkat-jadi-dirut-bank-bri-gantikan-suprajarto/,2024-08-21,2019-09-02,"Jakarta, Bumntrack.co.id – Dalam Rapat Umum Pemegang Saham Luar Biasa (RUPSLB) Bank BRI, pemegang saham menyetujui mundurnya Suprajarto sebagai dirut dan mengangkat Sunarso sebagai Direktur Utama. Selain itu, RUPSLB juga memberhentikan dengan hormat empat direksi lainnya. “RUPSLB Bank BRI menyetujui penunjukan Sunarso sebagai Direktur Utama, menggantikan Suprajarto. Selain itu, juga ditetapkan pengurus baru yaitu Catur Budi Harto, Herdy Rosady Harman, Agus Sudiarto, Agus Noorsanto dan Azizatun Azhimah sebagai Direksi Bank BRI serta Loeke Larasati Agoestina sebagai Komisaris Bank BRI,” kata Corporate Secretary PT BRI, Hari Purnomo di Jakarta, Senin (2/9). Pada saat yang sama, lanjutnya, RUPSLB 2019 juga memberhentikan dengan hormat Sis Apik Wijayanto, Osbal Saragi Rumahorbo, R.Sophia Alizsa dan Mohammad Irfan sebagai Direksi Bank BRI. Atas perubahan tersebut susunan Dewan Komisaris dan Direksi Bank BRI menjadi, sebagai berikut: Dewan Komisaris  Komisaris Utama/Komisaris Independen    : Andrinof A. Chaniago Wakil Komisaris Utama                                   : Wahyu Kuncoro Komisaris Independen                                    : A. Fuad Rahmany Komisaris Independen                                    : Hendrikus Ivo Komisaris Independen                                    : A. Sonny Keraf Komisaris Independen                                    : Rofikoh Rokhim         Komisaris                                                           : Hadiyanto Komisaris                                                           : Nicolaus Teguh Budi Harjanto Komisaris                                                           : Loeke Larasati Agoestina* Direksi  Direktur Utama                                          : Sunarso* Wakil Direktur Utama                              : Catur Budi Harto* Direktur Bisnis Kecil, Ritel dan Menengah : Priyastomo Direktur Bisnis Mikro                                      : Supari Direktur Konsumer                                          : Handayani Direktur Jaringan dan Layanan                    : Ahmad Solichin Lutfiyanto Direktur Keuangan                                          : Haru Koesmahargyo Direktur Digital, Teknologi Informasi dan Operasi  : Indra Utoyo Direktur Hubungan Kelembagaan dan BUMN  : Agus Noorsanto* Direktur Human Capital                                  : Herdy Rosadi Harman* Direktur Manajemen Risiko                            : Agus Sudiarto* Direktur Kepatuhan                                          : Azizatun Azhimah*"
"Luar Biasa! Jokowi Sanjung Sunarso, Katanya Dirut BRI Itu ...",https://infobanknews.com/luar-biasa-jokowi-sanjung-sunarso-katanya-dirut-bri-itu-layak-dapat-nobel/,2024-08-21,2024-03-08,"Jakarta – Hati Dirut BRI Sunarso saat ini sepertinya sedang berbunga-bunga. Pasalnya, dia habis dipuji oleh Presiden Jokowi. Tak tangung-tanggung. Jokowi memujinya setinggi langit. Menurut Jokowi, kinerja BRI di bawah kepemimpinan Sunarso sangat ciamik. Khususnya dalam memimpin holding ultra mikro atau UMi. Holding ini mampu meningkatkan aksebilitas pelaku usaha ultra mikro dan mikro ke layanan keuangan resmi. Jokowi mengaku senang dengan pertumbuhan jumlah nasabah ultra mikro dengan kehadiran UMi. Ia menyebutkan, saat ini jumlah nasabah UMi telah mencapai 8,2 juta orang. Selain itu, anggota holding UMi, PNM, melalui PNM Mekaar telah memiliki 15,2 juta nasabah. Angka itu jauh lebih tinggi dari posisi 2015, di mana pada tahun itu jumlah nasabah PNM Mekaar baru mencapai kisaran 400.000. “Sekarang sudah sampai 15,2 juta nasabah (PNM Mekaar),” ujar Jokowi, dalam gelaran BRI Microfinance Outlook 2024, di Jakarta, Kamis, 7 Maret 2024. Saking senangnya, Jokowi sampai berseloroh jika Sunarso sebagai komandan tertinggi di BRI layak menerima Penghargaan Nobel. Penghargaan tertinggi yang diberikan kepada individu yang dinilai telah berkontribusi besar ke masyarakat. Jokowi membandingkan dengan Muhammad Yunus, bankir asal Bangladesh, yang mendapatkan Penghargaan Nobel atas jasanya mengembangkan konsep pembiayaan bagi pelaku usaha ultra mikro tahun 2006. Kala itu, melalui Grameen Bank, Yunus memberikan pembiayaan ultra mikro kepada sekitar 6,5 juta nasabah. “Bapak Muhammad Yunus dapat Nobel karena Grameen Bank memiliki 6,5 juta, ini harusnya Pak Dirut, Pak Sunarso, sudah diberikan Nobel seharusnya. Yang 6,5 juta dapat (Nobel), masa yang tadi PNM Mekaar 15,2 juta kemudian UMi bisa 8,2 juta, KUR-nya 16 juta, angka yang tidak kecil,” tutur Jokowi. Menurut Jokowi, mengelola pembiayaan untuk pelaku usaha ultra mikro bukan hal yang mudah. Sebelumnya, segmen tersebut digarap oleh pelaku keuangan tidak resmi seperti rentenir. “Sekarang diambil oleh BRI, ini juga yang kita apresiasi,” ujar Jokowi. Berdasarkan data Biro Riset Infobank yang diolah dari holding UMi, pencapaian holding UMi hingga Desember 2023 memang spektakuler. Tercatat, jumlah debitur mikro dan ultra mikro lebih dari 37 juta, debitur PNM yang naik kelas lebih dari 1,2 juta, rekening simpanan mikro lebih dari 173 juta, outlet co-location Senyum 1.018 outlet, dan agen BRIlink lebih dari 741 agen. Sejatinya tak hanya kinerja ultra mikro. Berdasarkan data Biro Riset Infobank, secara keseluruhan, kinerja BRI memang ciamik. Tahun 2023, BRI berhasil membukukan laba bersih tahun berjalan secara konsolidasian sebesar Rp60,4 triliun. Perolehan laba bank pelat merah tersebut naik 17,5 persen secara year on year (yoy) dari periode sama tahun sebelumnya sebesar Rp51,40 triliun. Pencapaian kinerja top tersebut ditopang oleh penyaluran kredit BRI sebesar Rp1.266,4 triliun, tumbuh 11,2 persen yoy pada periode Desember 2023. Kinerja moncer BRI berimbas positif bagi para pemegang saham. Sebab, di tahun 2024 ini, BRI akan membagikan dividen jumbo sebesar Rp48,1 triliun atau sebesar 80% dari laba tahun buku 2023. Dengan demikian, nilai dividen per saham dari BRI mencapai Rp319 per saham mengacu jumlah saham yang beredar sebanyak 151,55 miliar lembar. Jumlah tersebut termasuk dividen interim yang telah dibagikan kepada pemegang saham pada 18 Januari 2024 sejumlah Rp12,66 triliun atau sebesar Rp84 per saham. “Dengan demikian, sisa jumlah dividen tunai yang akan dibayarkan kepada pemegang saham sekurang-kurangnya sebesar Rp35,43 triliun atau sebesar Rp235 per saham,” tulis Manajemen BRI di keterbukaan informasi. (DW) ... ... ... Connect with us Copyright @ 2023 Infobanknews.comAll right reserved News UpdatePerbankanMoneter & FiskalKeuanganPasar Modal Ekonomi & BisnisShariah InsightInfo BPRMarket Update EntertainmentOtomotifPoliticFood & Travel RedaksiPedoman Media SiberKarirIklanMedia PartnerPrivacy PolicyDisclaimer InfobanknewsInfobankstoreInfobankdataInfobankeventInfobanktvUmkm Go Digital"
Profil Dirut BRI Sunarso yang Putuskan BRI Kembali Jadi ...,https://bisnis.tempo.co/read/1742916/profil-dirut-bri-sunarso-yang-putuskan-bri-kembali-jadi-sponsor-liga-1-musim-20232024,2024-08-21,2023-06-30,"Lupa Kata Sandi? Klik di Sini atau Masuk melalui Belum Memiliki Akun Daftar di Sini atau Daftar melalui Sudah Memiliki Akun Masuk di Sini Konfirmasi Email Kami telah mengirimkan link aktivasi melalui email ke rudihamdani@gmail.com. Klik link aktivasi dan dapatkan akses membaca 2 artikel gratis non Laput di koran dan Majalah Tempo Jika Anda tidak menerima email,
Kirimkan Lagi Sekarang Pencarian Terpopuler Reporter Andika Dwi Editor Martha Warta Silaban Jumat, 30 Juni 2023 11:19 WIB 

                      Bagikan
                    
 TEMPO.CO, Jakarta - Direktur Utama Bank Rakyat Indonesia (BRI), Sunarso, menyatakan BRI akan kembali menjadi sponsor utama Liga 1. Hal ini merupakan ketiga kalinya bagi BRI menjadi sponsor dengan berbagai pertimbangan. Keputusan orang nomor satu di BRI ini didasarkan atas economic value atau nilai ekonomi dari perhelatan akbar tersebut. Lantas, bagaimana kiprah dan profil Sunarso? Sunarso bukanlah nama baru di jajaran dewan direksi BRI. Sunarso pernah menjabat Wakil Direktur sejak 2015. Kemudian, ia ditetapkan sebagai Dirut menggantikan Suprajarto melalui Rapat Umum Pemegang Saham Luar Biasa (RUPSLB) di Jakarta, pada Senin, 2 September 2019.  Baca juga: Jadwal Siaran Langsung Liga 1 2024-2025 Pekan Ketiga dan Top Skornya Dilansir dari Antara, pria kelahiran Pasuruan pada 7 November 1963 itu sempat menduduki kursi Direktur Utama PT Pegadaian (Persero) pada Oktober 2017 sampai Januari 2019. Namun, ia kembali ditunjuk menjadi salah pimpinan tertinggi bank plat merah tersebut.  Sunarso mengawali pendidikan di perguruan tinggi dengan meraih gelar Sarjana Pertanian dari Institut Pertanian Bogor (IPB) pada 1988. Bos BRI itu juga melanjutkan pascasarjana hingga memperoleh gelar Master of Business Administration dari Universitas Indonesia (UI) pada 2002.  Pria yang menerbitkan buku berjudul Strategi Pembangunan Pertanian yang Visioner dan Integratif itu tercatat mengikuti berbagai program pelatihan di London Business School, Melbourne University, University of Chicago, University of New South Wales, dan Northwestern University.  Berita Selanjutnya Zulhas Sebut Impor Ilegal seperti Kuman: Tambah Kuat, Tambah Canggih 7 menit lalu Tempo Channel Dapatkan kabar pilihan editor dan breaking news di Tempo.co WhatsApp Channel. Artikel Terkait Jadwal Siaran Langsung Liga 1 2024-2025 Pekan Ketiga dan Top Skornya Jadwal Persib Bandung: Hadapi Arema FC di Pekan Ketiga Liga 1, Hodak Berharap Cedera David da Silva Tak Serius Persib Bandung Ditahan Dewa United 2-2 pada Pekan Kedua Liga 1, Simak Komentar Bojan Hodak dan Ciro Alves Klasemen Liga 1 2024-2025 setelah Jadwal Pekan Kedua Usai, Juga Rekap Hasil dan Top Skornya Rekap Hasil, Klasemen, dan Top Skor Liga 1 Pekan Kedua: Persib Bandung Ditahan Dewa United, Persik Kediri Menang Hasil Liga 1 Pekan Kedua: Dewa United vs Persib Bandung 2-2, Egy Maulana Vikri Cetak Gol Penyelamat Tangsel Warrior Rekomendasi Artikel Video Pilihan Jadwal Siaran Langsung Liga 1 2024-2025 Pekan Ketiga dan Top Skornya 4 jam lalu Jadwal Liga 1 2004-2025 akan memasuki pekan ketiga. Rangkaian pertandingannya akan berlangsung Jumat hingga Selasa, 23 - 27 Agustus 2024. Jadwal Persib Bandung: Hadapi Arema FC di Pekan Ketiga Liga 1, Hodak Berharap Cedera David da Silva Tak Serius 1 hari lalu Jadwal Persib Bandung pada pekan ketiga Liga 1 2024-2025 akan menampilkan pertandingan melawan Arema FC. David da Silva cedera. Persib Bandung Ditahan Dewa United 2-2 pada Pekan Kedua Liga 1, Simak Komentar Bojan Hodak dan Ciro Alves 1 hari lalu Persib Bandung hanya mampu bermain 2-2 dengan Dewa United dalam pertandingan pekan kedua Liga 1 2024-2025. Apa kata Bojan Hodak dan Ciro Alves?  Klasemen Liga 1 2024-2025 setelah Jadwal Pekan Kedua Usai, Juga Rekap Hasil dan Top Skornya 1 hari lalu Rangkaian pertandingan pekan kedua Liga 1 2024-2025 sudah tuntas digelar. Tiga klub, yakni PSM Makassar, Borneo FC, dan Bali United terus menang. Rekap Hasil, Klasemen, dan Top Skor Liga 1 Pekan Kedua: Persib Bandung Ditahan Dewa United, Persik Kediri Menang 1 hari lalu Hasil Liga 1 pekan kedua: Persik Kediri menang di kandang PSS Sleman, sedangkan Persib Bandung tertahan di markas Dewa United.  Hasil Liga 1 Pekan Kedua: Dewa United vs Persib Bandung 2-2, Egy Maulana Vikri Cetak Gol Penyelamat Tangsel Warrior 1 hari lalu Gol Egy Maulana Vikri menyelamatkan Dewa United dari kekalahan atas Persib Bandung pada pekan kedua Liga 1 2024-2025. Hasil Liga 1: PSS Sleman vs Persik Kediri 0-2, Gol Ramiro Fergonzi dan Supriadi Bawa Macan Putih Menang 1 hari lalu Kemenangan atas PSS Sleman membuat Persik Kediri naik ke urutan kedelapan klasemen sementara Liga 1 2024-2025. Prediksi PSS Sleman vs Persik Kediri di Liga 1 Hari Ini: Jadwal Live, Komentar Pelatih, H2H, Perkiraan Formasi 2 hari lalu Duel PSS Sleman vs Persik Kediri pada pekan kedua Liga 1 2024-2025 diprediksi akan berakhir seri. Jadwal Persib Bandung di Liga 1 Malam Ini: Bojan Hodak Sebut Dewa United Kuat di Sektor Gelandang 2 hari lalu Bojan Hodak meminta Persib Bandung untuk mewaspadai lini tengah Dewa United dalam laga pekan kedua Liga 1 malam ini. Jadwal Bola Senin 19 Agustus 2024: Persib di Liga 1, Tottenham di Liga Inggris, Como di Liga Italia, dan Atletico di Liga Spanyol 2 hari lalu Jadwal bola pada Senin hingga Selasa dinihari, 19-20 Agustus 2024, akan menampilkan pertandingan Liga 1, Liga Inggris, Liga Spanyol, dan Liga Italia. Terpopuler di Bisnis Massa Demo di Kawasan Patung Kuda: Katanya UU Cipta Kerja Datangkan Investasi, Ternyata Banyak Buruh Kena PHK 22 jam lalu Daftar Formasi CPNS Kementan 2024 untuk Lulusan SMK hingga S2 22 jam lalu Profil Suswono, Menteri Pertanian Era SBY yang Jadi Cawagub Jakarta Pendamping Ridwan Kamil 21 jam lalu Daftar Formasi CPNS BRIN 2024 dan Persyaratan Pendidikannya 6 jam lalu Forest Watch: IKN Menggusur Masyarakat Adat dan Merusak Lingkungan, Hutan Mangrove Dibabat  8 jam lalu  3 jam lalu Terkini: Lion Air Group Sebar 50 Tiket Gratis Setiap Hari; Profil Suswono, Menteri Pertanian Era SBY yang Dampingi Ridwan Kamil 20 jam lalu Jokowi Gelar Karpet Merah untuk Tenaga Kerja Asing di IKN, Respons Kemnaker? 17 jam lalu Daftar Formasi CPNS Arsip Nasional Republik Indonesia 2024 dan Kisaran Gajinya  2 jam lalu Daftar Formasi CPNS Kemenparekraf 2024 dan Kisaran Gajinya  5 jam lalu 
    Terkini di Bisnis   Zulhas Sebut Impor Ilegal seperti Kuman: Tambah Kuat, Tambah Canggih 7 menit lalu Sri Mulyani Perkenalkan Keponakan Prabowo yang Menjadi Wakil Menteri Keuangan ke DPR 18 menit lalu Syarat dan Cara Pakai Nilai SKD 2023 untuk Daftar Seleksi CPNS 2024  41 menit lalu Sambut Peserta AZEC, Bahlil Janjikan Pengurangan Emisi 1 jam lalu Cara Cek Formasi CPNS 2024 dan Link Alternatifnya 1 jam lalu Samuel Sekuritas: IHSG Sesi I Menguat ke Level 7.560,4, Saham BBRI Diperdagangkan 31.486 Kali 1 jam lalu Daftar Formasi CPNS Arsip Nasional Republik Indonesia 2024 dan Kisaran Gajinya  2 jam lalu Transaksi Judi Online Diprediksi Mencapai Rp 400 Triliun pada Akhir 2024, Ini 3 Strategi Satgas 2 jam lalu Zulhas Ungkap Ada 35-40 Persen Barang Impor Tak Terdata: Hambatan RI jadi Negara Maju 2 jam lalu Terkini Bisnis: Formasi CPNS BRIN 2024, Forest Watch Kritik Pembangunan IKN 3 jam lalu Simak berita harian lebih mendalam di Majalah Tempo Digital. LAPORAN UTAMA LAPORAN NASIONAL Informasi Trustworthy News Jaringan Media Media Sosial Unduh Aplikasi Tempo"
"Jokowi: Harusnya Pak Dirut BRI, Pak Sunarso Sudah ...",https://nasional.kompas.com/read/2024/03/07/12424451/jokowi-harusnya-pak-dirut-bri-pak-sunarso-sudah-diberi-nobel,2024-08-21,2024-03-07,"Jokowi: Harusnya Pak Dirut BRI, Pak Sunarso Sudah Diberi Nobel Tim Redaksi JAKARTA, KOMPAS.com - Presiden Joko Widodo mengatakan, Direktur Utama Bank Rakyat Indonesia (BRI) Sunarso seharusnya mendapat penghargaan nobel perdamaian. Sebab, BRI sudah mengembangkan berbagai produk kredit untuk membantu masyarakat miskin, misalnya Kredit Usaha Rakyat (KUR), Permodalan Nasional Madani Membina Ekonomi Keluarga Sejahtera (PNM Mekaar), dan tabungan UMi. Presiden lantas membandingkan produk-produk BRI tersebut sudah seperti grameen bank yang pernah dikembangkan oleh Muhammad Yunus dari India. Baca juga: Jokowi Puji Dirut BRI: Harusnya Sudah Diberi Nobel.. Muhammad Yunus pernah diberi anugerah nobel perdamaian pada 2006 karena grameen bank yang memberikan bantuan kredit untuk masyarakat miskin.   ""Saya ingat PNM Mekaar di tahun 2015 itu nasabahnya baru 400.000 kurang lebih, sekarang sudah sampai 15,2 juta. Grameen Bank, Bapak Muhammad Yunus itu dapat Nobel karena Grameen Bank memiliki nasabah 6,5 juta,"" ujar Jokowi saat memberi sambutan di acara BRI Microfinance Outlook 2024 di kawasan Gatot Subroto, Jakarta, Kamis (7/3/2024).  ""Ini harusnya Pak Dirut, Pak Sunarso sudah diberi nobel, harusnya. (Yang nasabahnya) 6,5 juta dapat, masa yang tadi PNM Mekaar 15,2 juta, kemudian UMI (nasabahnya) bisa 8,2 juta, KUR-nya saya enggak tahu. KURnya berapa? 16 juta. Angka yang tidak kecil,"" kata dia.  Kepala Negara lantas berseloroh bahwa Dirut BRI belum mendapat hadiah nobel karena tidak ada pihak yang mengusulkan. Baca juga: Dirut BRI: Holding Ultra Mikro Dorong Pertumbuhan Ekonomi Inklusif Ia pun menyarankan agar bisa diurus lebih lanjut usulan untuk menerima nobel.   ""Enggak tahu, mungkin belum dapat karena enggak ada yang mengusulkan. Mungkin bisa diurus yang urusan-urusan nobel,"" tutur Jokowi.  ""Karena yang saya tahu, saya berikan contoh PNM Mekaar dari 400.000 melompat menjadi sekarang 15,2 juta, kemudian kredit yang diberikan sudah Rp 244 triliun, dari yang sebelumnya 2015, saya ingat 2015 kurang lebih Rp 800 miliar, kemudian masuk ke Rp 244 triliun, itu angka lompatan yang besar sekali. Mestinya hal-hal seperti ini diberikan apresiasi,"" kata dia.               Copyright 2008 - 2024 PT. Kompas Cyber Media (Kompas Gramedia Digital Group). All Rights Reserved."
Dirut BRI Sunarso Raih The Most Committed CEO ...,https://finansial.bisnis.com/read/20231130/90/1719721/dirut-bri-sunarso-raih-the-most-committed-ceo-bisnis-indonesia-top-bumn-awards-2023,2024-08-21,2023-11-30,"Nyaman tanpa iklan. Langganan BisnisPro Nyaman tanpa iklan. Langganan BisnisPro Nyaman tanpa iklan. Langganan BisnisPro Bisnis.com, JAKARTA — Direktur Utama PT Bank Rakyat Indonesia (Persero) Tbk. (BBRI) Sunarso meraih penghargaan di Bisnis Indonesia TOP BUMN Awards 2023 yakni special award sebagai The Most Committed Chief Executive Officer State-Owned Enterprises In Driving Technological Change. TOP BUMN Awards 2023 merupakan acara yang digelar Bisnis Indonesia Group sebagai bentuk apresiasi kepada Badan Usaha Milik Negara (BUMN). Pada tahun ini, gelaran TOP BUMN Awards mengambil tajuk Competitiveness, Innovation, and Prosperity. Para penerima penghargaan dinilai berdasarkan kinerja, gagasan, inovasi, serta transformasi bisnis perusahaan, di tengah situasi ekonomi global dan domestik yang dinamis. Sunarso berkiprah di BRI sejak ditunjuk dalam rapat umum pemegang saham luar biasa (RUPSLB) BRI pada 2019. Sebelum menjabat sebagai Direktur Utama BRI, Sunarso sudah cukup lama malang-melintang di dunia perbankan, terutama pelat merah. Pada Mei 2010, dia ditunjuk sebagai Direktur Commercial & Business Banking PT Bank Mandiri (Persero) Tbk. Jabatan tersebut dia pegang hingga Maret 2015. Setelah itu, Sunarso menjabat sebagai Wakil Direktur BRI hingga Oktober 2017. Lalu, dia ditunjuk untuk menduduki kursi Direktur Utama PT Pegadaian (Persero) hingga Oktober 2017. Baca Juga Sunarso kemudian kembali ke jajaran direksi BBRI setelah dipilih menjadi Wakil Direktur Utama bank pelat merah tersebut untuk kedua kalinya pada Januari 2019. Pria kelahiran Pasuruan 7 November 1963 merupakan lulusan Sarjana Agronomi Institut Pertanian Bogor (IPB). Setelah itu, Sunarso melanjutkan studinya ke jenjang S2 dengan gelar Magister Administrasi Bisnis di Universitas Indonesia. Seiring dengan kepemimpinan Sunarso, BRI telah mencatatkan kinerja moncer. Hingga kuartal III/2023, BRI telah meraih laba bersih konsolidasi Rp44,21 triliun pada kuartal III/2023. Capaian laba ini melonjak 12,47% secara tahunan (year on year/yoy) dari periode yang sama tahun sebelumnya sebesar Rp38,31 triliun.   Dari sisi intermediasi, BRI telah menyalurkan kredit sebesar Rp1.184,68 triliun pada kuartal III/2023, naik 12,32% yoy dari yang sebelumnya Rp1.054,72. Aset bank milik pemerintah ini pun naik 9,93% persen yoy menjadi Rp1.851,96 triliun dibanding sebelumnya Rp1.684,60 triliun. Sementara itu, dari sisi pendanaan, BRI tercatat mendapatkan dana pihak ketiga (DPK) Rp1.290,29 triliun pada kuartal III/2023, naik 13,21% yoy. Dana murah atau current account savings account (CASA) BRI naik 10,11% persen menjadi Rp821,14 triliun pada kuartal III/2023 dibanding periode yang sama tahun lalu yaitu Rp745,73 triliun pada kuartal III/2022. Cek Berita dan Artikel yang lain di Google
            News dan WA Channel Nyaman tanpa iklan. Langganan BisnisPro Nyaman tanpa iklan. Langganan BisnisPro Nyaman tanpa iklan. Langganan BisnisPro Nyaman tanpa iklan. Langganan BisnisPro Nyaman tanpa iklan. Langganan BisnisPro"
"Sunarso dirut baru Bank BRI, ini profilnya",https://www.antaranews.com/berita/1041466/sunarso-dirut-baru-bank-bri-ini-profilnya,2024-08-21,2019-09-02,"Pewarta: Royke SinagaEditor: Ahmad Wijaya								Copyright © ANTARA 2019 

 

Kirim
Komentar menjadi tanggung-jawab Anda sesuai UU ITE.
"
"Gelar RUPST, Sunarso Kembali Ditunjuk Jadi Dirut BRI",https://ekonomi.republika.co.id/berita/rrgb3o423/gelar-rupst-sunarso-kembali-ditunjuk-jadi-dirut-bri,2024-08-21,2023-03-13,"RUPST sepakat mengangkat kembali direksi yang masa jabatannya telah habis  REPUBLIKA.CO.ID, JAKARTA -- PT Bank Rakyat Indonesia (Persero) Tbk atau BRI telah mendapat restu dari pemegang saham untuk mengubah struktur kepengurusan Perseroan. Melalui Rapat Umum Pemegang Saham Tahunan (RUPST), Sunarso kembali ditunjuk sebagai direktur utama Perseroan.  


   Selain Sunarso, kursi direksi lainnya juga masih dipercayai kepada direktur terdahulu di periode sebelumnya. RUPST sepakat mengangkat kembali direksi yang masa jabatannya telah habis, antara lain Supari sebagai Direktur Bisnis, dan Ahmad Solichin sebagai Direktur Kepatuhan.
Baca Juga
 

Harga Murah, Bos BRI: Momentum Tepat Buyback Saham
 
BRI Bagikan Dividen Rp 43,5 Triliun
 
Ikuti Kursus Gratis Road to IELTS dari British Council

    Direktur Utama BRI, Sunarso, mengatakan RUPST juga menyetujui perubahan pada susunan komisaris. ""RUPST BRI menyetujui untuk memberhentikan dengan hormat Hadiyanto sebagai komisaris karena habis masa tugasnya,"" kata Sunarso saat konferensi pers RUPST Tahun Buku 2022, Senin (13/3/2023).     RUPST juga menyepakati Awan Nurmawan Nuh sebagai Komisaris BRI. Awan sebelumnya menjabat sebagai Irjen Kementerian Keuangan. Komisaris, dan anggota dewan komisaris baru dapat menjalankan tugas setelah fit and proper test. 








   Dengan demikian, susunan Komisaris dan Direksi BRI hasil RUPST hari ini adalah sebagai berikut: Dewan Komisaris   Komisaris Utama: Kartika Wirjoatmodjo   Wakil Komisaris Utama/Independen: Rofikoh Rokhim   Komisaris: Rabin Indrajad Hattari   Komisaris: Awan Nurmawan Nuh   Komisaris Independen: Hendrikus Ivo   Komisaris Independen: Dwi Ria Latifa   Komisaris Independen: Heri Sunaryadi   Komisaris Independen: Paripurna Poerwoko Sugarda   Komisaris Independen: Agus Riswanto   Komisaris Independen: Nurmaria Rosa Dewan Direksi   Direktur Utama: Sunarso   Wakil Direktur Utama: Catur Budi Harto   Direktur Bisnis Mikro: Supari   Direktur Bisnis Kecil dan Menengah: Amam Sukriyanto   Direktur Bisnis Konsumer: Handayani   Direktur Human Capital: Agus Winardono   Direktur Keuangan: Viviana Dyah Ayu Retno K   Direktur Digital dan Teknologi Informasi: Arga M. Nugraha   Direktur Manajemen Risiko: Agus Sudiarto   Direktur Bisnis Wholesale dan Kelembagaan: Agus Noorsanto   Direktur Jaringan dan Layanan: Andrijanto   Direktur Kepatuhan: A. Solichin Lutfiyanto.





			Ikuti Whatsapp Channel Republika 

 REPUBLIKA.CO.ID, JAKARTA -- PT Bank Rakyat Indonesia (Persero) Tbk atau BRI telah mendapat restu dari pemegang saham untuk mengubah struktur kepengurusan Perseroan. Melalui Rapat Umum Pemegang Saham Tahunan (RUPST), Sunarso kembali ditunjuk sebagai direktur utama Perseroan.     Selain Sunarso, kursi direksi lainnya juga masih dipercayai kepada direktur terdahulu di periode sebelumnya. RUPST sepakat mengangkat kembali direksi yang masa jabatannya telah habis, antara lain Supari sebagai Direktur Bisnis, dan Ahmad Solichin sebagai Direktur Kepatuhan.    Direktur Utama BRI, Sunarso, mengatakan RUPST juga menyetujui perubahan pada susunan komisaris. ""RUPST BRI menyetujui untuk memberhentikan dengan hormat Hadiyanto sebagai komisaris karena habis masa tugasnya,"" kata Sunarso saat konferensi pers RUPST Tahun Buku 2022, Senin (13/3/2023).      RUPST juga menyepakati Awan Nurmawan Nuh sebagai Komisaris BRI. Awan sebelumnya menjabat sebagai Irjen Kementerian Keuangan. Komisaris, dan anggota dewan komisaris baru dapat menjalankan tugas setelah fit and proper test.    Dengan demikian, susunan Komisaris dan Direksi BRI hasil RUPST hari ini adalah sebagai berikut:  Dewan Komisaris    Komisaris Utama: Kartika Wirjoatmodjo    Wakil Komisaris Utama/Independen: Rofikoh Rokhim    Komisaris: Rabin Indrajad Hattari    Komisaris: Awan Nurmawan Nuh    Komisaris Independen: Hendrikus Ivo    Komisaris Independen: Dwi Ria Latifa    Komisaris Independen: Heri Sunaryadi    Komisaris Independen: Paripurna Poerwoko Sugarda    Komisaris Independen: Agus Riswanto    Komisaris Independen: Nurmaria Rosa  Dewan Direksi    Direktur Utama: Sunarso    Wakil Direktur Utama: Catur Budi Harto    Direktur Bisnis Mikro: Supari    Direktur Bisnis Kecil dan Menengah: Amam Sukriyanto    Direktur Bisnis Konsumer: Handayani    Direktur Human Capital: Agus Winardono    Direktur Keuangan: Viviana Dyah Ayu Retno K    Direktur Digital dan Teknologi Informasi: Arga M. Nugraha    Direktur Manajemen Risiko: Agus Sudiarto    Direktur Bisnis Wholesale dan Kelembagaan: Agus Noorsanto    Direktur Jaringan dan Layanan: Andrijanto    Direktur Kepatuhan: A. Solichin Lutfiyanto. (QS. Al-An'am ayat 96) Jl. Warung Buncit Raya No 37 Jakarta Selatan 12510  Phone: 021 780 3747  Email:
[email protected] (Redaksi)
[email protected] ( Marketing ) 
[email protected] ( Kerjasama ) 
[email protected] ( Customer Care )
           Copyright © 2023. Republika.co.id. All rights reserved."
Anggota Komisi VI DPR Sebut Dirut BRI dan Bank Mandiri ...,https://finansial.bisnis.com/read/20240320/90/1751117/anggota-komisi-vi-dpr-sebut-dirut-bri-dan-bank-mandiri-potensial-jadi-menteri,2024-08-21,2024-03-20,"Nyaman tanpa iklan. Langganan BisnisPro Nyaman tanpa iklan. Langganan BisnisPro Nyaman tanpa iklan. Langganan BisnisPro Bisnis.com, JAKARTA -- Direktur Utama PT Bank Mandiri (Persero) Tbk. (BMRI) dan PT Bank Rakyat Indonesia (Persero) Tbk. (BBRI) disebut memiliki kapabilitas dalam mengisi jabatan kursi menteri ketika menghadiri Rapat Dengar Pendapat (RDP) dengan Komisi VI DPR RI.  Hal ini disampaikan oleh Anggota Komisi VI DPR dari Fraksi PDIP Mufti Anam usai menyoroti banyaknya calon menteri yang diusulkan dalam periode pemerintahan selanjutnya. “Kalau Presiden ditetapkan, cari [Menteri) stoknya di sini banyak, yang ahli keuangan ada pak Sunarso,” ujarnya dalam agenda Evaluasi Kinerja Korporasi Tahun 2023 di DPR, Rabu (20/3/2024) Dirinya menilai Direktur Utama BRI Sunarso cocok sebagai calon Menteri Keuangan RI dan Direktur Bank Mandiri Darmawan Junaidi dirasa mampu memimpin Kementerian BUMN. “Kemudian kalau nyari menteri BUMN sangat mudah sekali di sini ada Pak Darmawan. Beliau ini tahu mencari teamwork yang hebat-hebat,” pungkasnya. Pada kesempatan yang sama, Anggota Komisi VI DPR dari Fraksi PDIP Darmadi Durianto juga mengapresiasi kinerja Sunarso dan menyebut Dirut BRI itu bisa menjadi Menteri Keuangan pemerintahan berikutnya. Baca Juga “Disampaikan Pak Mufti juga masuk akal, bahwa Pak Sunarso ini calon Menteri Keuangan karena menguasai fiskal dan moneter. Kalau lewat dari bank, sudah kuasai semuanya,” imbuhnya. Adapun, kedua Direktur yang berada dalam lokasi yang sama saat itu memilih tidak berkomentar.  Sebagaimana diketahui, berdasarkan informasi dari narasumber yang enggan disebutkan namanya oleh Bloomberg, rencana pembentukan kabinet ini masih berada pada tahap awal, dan baru akan diperdalam ketika Prabowo-Gibran resmi dinyatakan sebagai pemenang oleh KPU pada 20 Maret 2024 mendatang.   Prabowo diketahui membidik para mantan bankir untuk dijadikan sebagai menteri keuangan. Dirinya dikabarkan mencari para teknokrat yang dapat mengamankan pendanaan untuk janji-janji kampanyenya sembari menjunjung tinggi kehati-hatian fiskal. Di mana, nama yang beredar adalah Menkes Budi Gunadi Sadikin, Wakil Menteri BUMN Kartika Wirjoatmodjo, dan Dirut PT Bank Negara Indonesia (Persero) Tbk. Royke Tumilaar.  Cek Berita dan Artikel yang lain di Google
            News dan WA Channel Nyaman tanpa iklan. Langganan BisnisPro Nyaman tanpa iklan. Langganan BisnisPro Nyaman tanpa iklan. Langganan BisnisPro Nyaman tanpa iklan. Langganan BisnisPro Nyaman tanpa iklan. Langganan BisnisPro"
BRI tidak rombak jajaran direksi dalam RUPST 2024,https://www.antaranews.com/berita/3991251/bri-tidak-rombak-jajaran-direksi-dalam-rupst-2024,2024-08-21,2024-03-01,"Pewarta: Bayu SaputraEditor: Faisal Yunianto								Copyright © ANTARA 2024 

 

Kirim
Komentar menjadi tanggung-jawab Anda sesuai UU ITE.
"
RUPST BRI: Susunan Direksi Tetap dan Hanya Satu ...,https://infobanknews.com/rupst-bri-susunan-direksi-tetap-dan-hanya-satu-komisaris-yang-diganti/,2024-08-21,2024-03-01,"Jakarta – PT Bank Rakyat Indonesia (Persero) Tbk (BBRI) pada hari ini (1/3) telah melangsungkan rapat umum pemegang saham tahunan (RUPST) 2023. Salah satu agendanya adalah perubahan direksi dan komisaris perusahaan. Dalam RUPST tersebut, para pemegang saham memutuskan untuk memberhentikan dengan hormat dan mengangkat kembali Wakil Direktur Utama, Catur Budi Harto, Direktur Bisnis Wholesale dan Kelembagaan, Agus Noorsanto, serta Direktur Manajemen Risiko, Agus Sudiarto. Tidak hanya itu, para pemegang saham juga memberhentikan dengan hormat Hendrikus Ivo sebagai Komisaris Independen dan mengangkat Haryo Baskoro Wicaksono sebagai Komisaris Independen. “Anggota dewan komisaris yang diangkat itu baru dapat melaksanakan tugas dan fungsi dalam jabatannya setelah mendapatkan persetujuan dari OJK atas penilaian kemampuan dan kepatutan fit and proper test dan memenuhi ketentuan peraturan perundang-undangan yang berlaku,” ucap Direktur Utama BBRI, Sunarso dalam Konferensi Pers Virtual di Jakarta, 1 Maret 2024. Selain itu, BBRI juga melakukan perubahan nomenklatur jabatan untuk Direktur Bisnis Kecil dan Menengah menjadi Direktur Commercial, Small, and Medium Business. Lalu, Direktur Jaringan dan Layanan menjadi Direktur Retail Funding and Distribution. Sehingga berdasarkan perubahan tersebut, susunan direksi dan komisaris BBRI menjadi sebagai berikut: Itulah jajaran komisaris dan direksi terbaru hasil RUSPT BRI 2023. (*) ... ... ... Connect with us Copyright @ 2023 Infobanknews.comAll right reserved News UpdatePerbankanMoneter & FiskalKeuanganPasar Modal Ekonomi & BisnisShariah InsightInfo BPRMarket Update EntertainmentOtomotifPoliticFood & Travel RedaksiPedoman Media SiberKarirIklanMedia PartnerPrivacy PolicyDisclaimer InfobanknewsInfobankstoreInfobankdataInfobankeventInfobanktvUmkm Go Digital"
BRI Raih Peringkat 110 Global Top 1.000 Banks Rilisan ...,https://bisnis.tempo.co/read/1892392/bri-raih-peringkat-110-global-top-1-000-banks-rilisan-the-banker-ini-profil-dirut-bri-sunarso-plus-harta-kekayaannya,2024-08-21,2024-07-17,"Lupa Kata Sandi? Klik di Sini atau Masuk melalui Belum Memiliki Akun Daftar di Sini atau Daftar melalui Sudah Memiliki Akun Masuk di Sini Konfirmasi Email Kami telah mengirimkan link aktivasi melalui email ke rudihamdani@gmail.com. Klik link aktivasi dan dapatkan akses membaca 2 artikel gratis non Laput di koran dan Majalah Tempo Jika Anda tidak menerima email,
Kirimkan Lagi Sekarang Pencarian Terpopuler Reporter Michelle Gabriela  Editor S. Dian Andryanto Rabu, 17 Juli 2024 10:55 WIB 

                      Bagikan
                    
 TEMPO.CO, Jakarta - PT Bank Rakyat Indonesia (Persero) Tbk atau BRI masuk dalam daftar Top 1000 Banks 2024 yang dirilis oleh media ekonomi dan keuangan berbasis di London, yaitu The Banker, pada Rabu, 10 Juli 2024.  Dilansir dari Antara, Direktur Utama BRI Sunarso mengungkapkan seluruh penghargaan yang diperoleh BRI tak lepas dari komitmen perseroan yang terus mengusung misi menciptakan economic value dan social value dengan terus fokus pada pemberdayaan UMKM. Baca juga: BRI Hadirkan Bazaar UMKM Pada Gelaran BRILiaN Independence Week ""Hal tersebut terbukti berhasil menjadi landasan dalam pencapaian kinerja yang positif bagi BRI yang menjadi leader di industri perbankan di Indonesia serta semakin menunjukkan pengaruh di industri keuangan regional dan global,"" kata Sunarso melalui keterangan tertulisnya di Jakarta, Senin, 15 Juli 2024. Dalam daftar Top 1000 Banks 2024, tercatat 26 bank berasal dari Indonesia dan BRI menduduki peringkat teratas serta berperingkat 110 secara global. Adapun Top 1000 Banks 2024 tersebut berisikan 1000 bank terbaik di seluruh dunia, dengan parameter penilaian Tier 1 Capital, Aset, Profit pre tax, Capital Asset Ratio, Return on Capital, dan Return on Asset. Baca juga: PNM Refleksi Kemerdekaan: Mendukung UMKM Terus Maju Profil Direktur Utama BRI Sunarso bukanlah nama baru di jajaran dewan direksi BRI. Sunarso pernah menjabat Wakil Direktur sejak 2015. Kemudian, ia ditetapkan sebagai Dirut menggantikan Suprajarto melalui Rapat Umum Pemegang Saham Luar Biasa (RUPSLB) di Jakarta, pada Senin, 2 September 2019. Dilansir dari Antara, pria kelahiran Pasuruan pada 7 November 1963 itu sempat menduduki kursi Direktur Utama PT Pegadaian (Persero) pada Oktober 2017 sampai Januari 2019. Namun, ia kembali ditunjuk menjadi salah pimpinan tertinggi bank plat merah tersebut.  Sunarso mengawali pendidikan di perguruan tinggi dengan meraih gelar Sarjana Pertanian dari Institut Pertanian Bogor (IPB) pada 1988. Bos BRI itu juga melanjutkan pascasarjana hingga memperoleh gelar Master of Business Administration dari Universitas Indonesia (UI) pada 2002.  Pria yang menerbitkan buku berjudul Strategi Pembangunan Pertanian yang Visioner dan Integratif itu tercatat mengikuti berbagai program pelatihan di London Business School, Melbourne University, University of Chicago, University of New South Wales, dan Northwestern University. Karier profesional Sunarso diawali sebagai Analis Kredit di Bank Dagang Negara (BDN). Karier kemudian menanjak dan menjabat sebagai Asisten Relationship Manager serta Relationship Manager pada 1991-1996.  Pada 1999, ia memulai karier di Bank Mandiri sebagai seorang Bankir. Sejumlah tugas sempat diembannya, antara lain Senior Officer, Senior Relationship Manager, Senior Vice President (SVP) Client Service Team Manager, Assistant Vice President, SVP Group Head Plantation Spesialist, serta Executive Vice President Group Head Agro-Based Corporate Banking.  Pada akhirnya, Sunarso menduduki posisi puncak sebagai Direktur Commercial & Business Banking PT Bank Mandiri (Persero) sejak 2010 sampai 2015. Saat bertugas di Pegadaian, ia menjadi inisiator transformasi digital dan mendapat sejumlah penghargaan di bidang kepemimpinan dari BUMN. Berdasarkan data Laporan Harta Kekayaan Pejabat Negara (LHKPN) elektronik, Sunarso pertama kali menyampaikan laporan harta kekayaannya saat menjadi Wakil Direktur Utama BRI pada 30 April 2015 sebesar Rp62,8 miliar (Rp62.859.283.220).  Dalam laporan harta kekayaan terakhir pada periode 31 Desember 2021, ia tercatat memiliki harta kekayaan sebesar Rp166,7 miliar (Rp166.753.308.225). Namun, ia belum menyerahkan laporan terbaru kepada KPK untuk periode 2022. Dengan begitu, kekayaan Sunarso meningkat Rp103,9 miliar dalam kurun waktu enam tahun.  Sunarso memiliki sejumlah aset yang terlampir dalam LHKN, di antaranya berupa tanah dan bangunan dengan luas berkisar 48-10.100 meter persegi senilai Rp28,8 miliar (Rp28.874.595.300). Bidang tanah dan bangunan tersebut tersebar di Bogor, Karawang, Tangerang, Jakarta Selatan, Jakarta Pusat, dan Jakarta Selatan. Selain itu, Bos BRI juga mengoleksi sejumlah kendaraan baik roda dua maupun roda empat, dengan total Rp3,3 miliar (Rp3.391.650.000), antara lain: - Motor Honda (2008): Rp2.500.000. - Mercedes Benz 2400 (2015): Rp999.400.000. - Mitsubishi Pajero Sport (2017): Rp473.000.000. - BMW Minibus (2020): Rp800.000.000. -  Toyota Alphard 2.5 G AT (2019): Rp1.116.750.000.  Harta kekayaan Sunarso lain terdiri dari aset bergerak lainnya Rp950.000.000, surat berharga Rp68,9 miliar (Rp68.950.183.801), kas dan setara kas Rp36,6 miliar (Rp36.673.670.437), harta lain Rp27,9 miliar (Rp27.994.924.362), serta utang senilai Rp81.715.675.  MICHELLE GABRIELA  | NIA HEPPY | MELYNDA DWI PUSPITA | ANTARA Pilihan Editor: Direksi BRI Kompak Borong Saham Berita Selanjutnya Zulhas Sebut Impor Ilegal seperti Kuman: Tambah Kuat, Tambah Canggih 7 menit lalu Tempo Channel Dapatkan kabar pilihan editor dan breaking news di Tempo.co WhatsApp Channel. Artikel Terkait BRI Hadirkan Bazaar UMKM Pada Gelaran BRILiaN Independence Week PNM Refleksi Kemerdekaan: Mendukung UMKM Terus Maju BRI Jadi Bank Terbesar Versi Fortune Indonesia 100 dan Fortune Southeast Asia 500 pada 2024 Aloe Land Kampung Edukasi Aloe Vera di Nglipar, Alternatif Wisata di Gunungkidul Festival Kuliner Dua Generasi di Pura Mangkunegaran: Padukan Keindahan Budaya dan Kenikmatan Kuliner Poin-poin Pernyataan Jokowi Soal APBN 2025 Dalam Pidato di Sidang Paripurna DPR Rekomendasi Artikel Video Pilihan BRI Hadirkan Bazaar UMKM Pada Gelaran BRILiaN Independence Week 23 jam lalu Dalam rangka memeriahkan hari ulang tahun (HUT) RI ke-79, PT Bank Rakyat Indonesia (Persero) menggelar BRILiaN Independence Week (BIW) dengan tema ""Nusantara Baru Indonesia Maju"", di Kantor BRI Pusat. PNM Refleksi Kemerdekaan: Mendukung UMKM Terus Maju 1 hari lalu PNM menjalankan berbagai upaya layanan dalam membantu UMKM. Dari mulai digitalisasi hingga tata kelola likuiditas cadangan. BRI Jadi Bank Terbesar Versi Fortune Indonesia 100 dan Fortune Southeast Asia 500 pada 2024 2 hari lalu Kinerja cemerlang persero pada 2023 dan capaian positif tersebut akan memotivasi BRI untuk kembali mencatatkan kinerja positif di 2024.  Aloe Land Kampung Edukasi Aloe Vera di Nglipar, Alternatif Wisata di Gunungkidul 2 hari lalu Berkunjung ke Gunungkidul, Yogyakarta bisa kunjungi destinasi wisata alternatif selain pantai. Ada Aloe land, Kampung Edukasi Aloe Vira. Festival Kuliner Dua Generasi di Pura Mangkunegaran: Padukan Keindahan Budaya dan Kenikmatan Kuliner 3 hari lalu Suasana Pamedan Pura Mangkunegaran Solo semarak dengan gelaran Festival Kuliner Dua Generasi yang dibuka mulai Sabtu, 17 Agustus Poin-poin Pernyataan Jokowi Soal APBN 2025 Dalam Pidato di Sidang Paripurna DPR 3 hari lalu Jokowi menyampaikan pidato soal APBN 2025 dalam Sidang Paripurna DPR RI Tahun Sidang 2024-2025. Berikut poin-poin pernyataannya. Rayakan HUT RI, Ini Sederet Kontribusi BRI untuk Indonesia  4 hari lalu BRI terus berkontribusi dengan menciptakan economic value serta menghadirkan social value.  Pria Berkaus Polisi Rampok Gerai BRI di Riau, Bawa Kabur Rp 70 Juta 4 hari lalu Polda Riau menembak seorang pria berkaus Polisi Lalu Lintas yang merampok Gerai BRI Link di Pangkalan Kerinci Bunyi Lengkap Fatwa MUI tentang Penggunaan Produk Dalam Negeri 4 hari lalu Majelis Ulama Indonesia (MUI) merilis fatwa terbaru, salah satunya menganjurkan masyarakat untuk  mengutamakan penggunaan produk dalam negeri. Jokowi Masukkan Makan Bergizi Gratis Prabowo ke RAPBN 2025, Terkait Anggaran Pendidikan? 4 hari lalu Presiden Jokowi memastikan program Makan Bergizi Gratis (MBG) yang digagas Prabowo Subianto masuk dalam RAPBN 2025. Bakal terkait anggaran pendidikan? Terpopuler di Bisnis Massa Demo di Kawasan Patung Kuda: Katanya UU Cipta Kerja Datangkan Investasi, Ternyata Banyak Buruh Kena PHK 22 jam lalu Daftar Formasi CPNS Kementan 2024 untuk Lulusan SMK hingga S2 22 jam lalu Profil Suswono, Menteri Pertanian Era SBY yang Jadi Cawagub Jakarta Pendamping Ridwan Kamil 21 jam lalu Daftar Formasi CPNS BRIN 2024 dan Persyaratan Pendidikannya 6 jam lalu Forest Watch: IKN Menggusur Masyarakat Adat dan Merusak Lingkungan, Hutan Mangrove Dibabat  8 jam lalu  3 jam lalu Terkini: Lion Air Group Sebar 50 Tiket Gratis Setiap Hari; Profil Suswono, Menteri Pertanian Era SBY yang Dampingi Ridwan Kamil 20 jam lalu Jokowi Gelar Karpet Merah untuk Tenaga Kerja Asing di IKN, Respons Kemnaker? 17 jam lalu Daftar Formasi CPNS Arsip Nasional Republik Indonesia 2024 dan Kisaran Gajinya  2 jam lalu Daftar Formasi CPNS Kemenparekraf 2024 dan Kisaran Gajinya  5 jam lalu 
    Terkini di Bisnis   Zulhas Sebut Impor Ilegal seperti Kuman: Tambah Kuat, Tambah Canggih 7 menit lalu Sri Mulyani Perkenalkan Keponakan Prabowo yang Menjadi Wakil Menteri Keuangan ke DPR 19 menit lalu Syarat dan Cara Pakai Nilai SKD 2023 untuk Daftar Seleksi CPNS 2024  41 menit lalu Sambut Peserta AZEC, Bahlil Janjikan Pengurangan Emisi 1 jam lalu Cara Cek Formasi CPNS 2024 dan Link Alternatifnya 1 jam lalu Samuel Sekuritas: IHSG Sesi I Menguat ke Level 7.560,4, Saham BBRI Diperdagangkan 31.486 Kali 1 jam lalu Daftar Formasi CPNS Arsip Nasional Republik Indonesia 2024 dan Kisaran Gajinya  2 jam lalu Transaksi Judi Online Diprediksi Mencapai Rp 400 Triliun pada Akhir 2024, Ini 3 Strategi Satgas 2 jam lalu Zulhas Ungkap Ada 35-40 Persen Barang Impor Tak Terdata: Hambatan RI jadi Negara Maju 2 jam lalu Terkini Bisnis: Formasi CPNS BRIN 2024, Forest Watch Kritik Pembangunan IKN 3 jam lalu Simak berita harian lebih mendalam di Majalah Tempo Digital. LAPORAN UTAMA LAPORAN NASIONAL Informasi Trustworthy News Jaringan Media Media Sosial Unduh Aplikasi Tempo"
BRI Raih Peringkat 110 Global Top 1.000 Banks Rilisan ...,https://bisnis.tempo.co/read/1892392/bri-raih-peringkat-110-global-top-1-000-banks-rilisan-the-banker-ini-profil-dirut-bri-sunarso-plus-harta-kekayaannya,2024-08-21,2024-07-17,"Lupa Kata Sandi? Klik di Sini atau Masuk melalui Belum Memiliki Akun Daftar di Sini atau Daftar melalui Sudah Memiliki Akun Masuk di Sini Konfirmasi Email Kami telah mengirimkan link aktivasi melalui email ke rudihamdani@gmail.com. Klik link aktivasi dan dapatkan akses membaca 2 artikel gratis non Laput di koran dan Majalah Tempo Jika Anda tidak menerima email,
Kirimkan Lagi Sekarang Pencarian Terpopuler Reporter Michelle Gabriela  Editor S. Dian Andryanto Rabu, 17 Juli 2024 10:55 WIB 

                      Bagikan
                    
 TEMPO.CO, Jakarta - PT Bank Rakyat Indonesia (Persero) Tbk atau BRI masuk dalam daftar Top 1000 Banks 2024 yang dirilis oleh media ekonomi dan keuangan berbasis di London, yaitu The Banker, pada Rabu, 10 Juli 2024.  Dilansir dari Antara, Direktur Utama BRI Sunarso mengungkapkan seluruh penghargaan yang diperoleh BRI tak lepas dari komitmen perseroan yang terus mengusung misi menciptakan economic value dan social value dengan terus fokus pada pemberdayaan UMKM. Baca juga: BRI Hadirkan Bazaar UMKM Pada Gelaran BRILiaN Independence Week ""Hal tersebut terbukti berhasil menjadi landasan dalam pencapaian kinerja yang positif bagi BRI yang menjadi leader di industri perbankan di Indonesia serta semakin menunjukkan pengaruh di industri keuangan regional dan global,"" kata Sunarso melalui keterangan tertulisnya di Jakarta, Senin, 15 Juli 2024. Dalam daftar Top 1000 Banks 2024, tercatat 26 bank berasal dari Indonesia dan BRI menduduki peringkat teratas serta berperingkat 110 secara global. Adapun Top 1000 Banks 2024 tersebut berisikan 1000 bank terbaik di seluruh dunia, dengan parameter penilaian Tier 1 Capital, Aset, Profit pre tax, Capital Asset Ratio, Return on Capital, dan Return on Asset. Baca juga: PNM Refleksi Kemerdekaan: Mendukung UMKM Terus Maju Profil Direktur Utama BRI Sunarso bukanlah nama baru di jajaran dewan direksi BRI. Sunarso pernah menjabat Wakil Direktur sejak 2015. Kemudian, ia ditetapkan sebagai Dirut menggantikan Suprajarto melalui Rapat Umum Pemegang Saham Luar Biasa (RUPSLB) di Jakarta, pada Senin, 2 September 2019. Dilansir dari Antara, pria kelahiran Pasuruan pada 7 November 1963 itu sempat menduduki kursi Direktur Utama PT Pegadaian (Persero) pada Oktober 2017 sampai Januari 2019. Namun, ia kembali ditunjuk menjadi salah pimpinan tertinggi bank plat merah tersebut.  Sunarso mengawali pendidikan di perguruan tinggi dengan meraih gelar Sarjana Pertanian dari Institut Pertanian Bogor (IPB) pada 1988. Bos BRI itu juga melanjutkan pascasarjana hingga memperoleh gelar Master of Business Administration dari Universitas Indonesia (UI) pada 2002.  Pria yang menerbitkan buku berjudul Strategi Pembangunan Pertanian yang Visioner dan Integratif itu tercatat mengikuti berbagai program pelatihan di London Business School, Melbourne University, University of Chicago, University of New South Wales, dan Northwestern University. Karier profesional Sunarso diawali sebagai Analis Kredit di Bank Dagang Negara (BDN). Karier kemudian menanjak dan menjabat sebagai Asisten Relationship Manager serta Relationship Manager pada 1991-1996.  Pada 1999, ia memulai karier di Bank Mandiri sebagai seorang Bankir. Sejumlah tugas sempat diembannya, antara lain Senior Officer, Senior Relationship Manager, Senior Vice President (SVP) Client Service Team Manager, Assistant Vice President, SVP Group Head Plantation Spesialist, serta Executive Vice President Group Head Agro-Based Corporate Banking.  Pada akhirnya, Sunarso menduduki posisi puncak sebagai Direktur Commercial & Business Banking PT Bank Mandiri (Persero) sejak 2010 sampai 2015. Saat bertugas di Pegadaian, ia menjadi inisiator transformasi digital dan mendapat sejumlah penghargaan di bidang kepemimpinan dari BUMN. Berdasarkan data Laporan Harta Kekayaan Pejabat Negara (LHKPN) elektronik, Sunarso pertama kali menyampaikan laporan harta kekayaannya saat menjadi Wakil Direktur Utama BRI pada 30 April 2015 sebesar Rp62,8 miliar (Rp62.859.283.220).  Dalam laporan harta kekayaan terakhir pada periode 31 Desember 2021, ia tercatat memiliki harta kekayaan sebesar Rp166,7 miliar (Rp166.753.308.225). Namun, ia belum menyerahkan laporan terbaru kepada KPK untuk periode 2022. Dengan begitu, kekayaan Sunarso meningkat Rp103,9 miliar dalam kurun waktu enam tahun.  Sunarso memiliki sejumlah aset yang terlampir dalam LHKN, di antaranya berupa tanah dan bangunan dengan luas berkisar 48-10.100 meter persegi senilai Rp28,8 miliar (Rp28.874.595.300). Bidang tanah dan bangunan tersebut tersebar di Bogor, Karawang, Tangerang, Jakarta Selatan, Jakarta Pusat, dan Jakarta Selatan. Selain itu, Bos BRI juga mengoleksi sejumlah kendaraan baik roda dua maupun roda empat, dengan total Rp3,3 miliar (Rp3.391.650.000), antara lain: - Motor Honda (2008): Rp2.500.000. - Mercedes Benz 2400 (2015): Rp999.400.000. - Mitsubishi Pajero Sport (2017): Rp473.000.000. - BMW Minibus (2020): Rp800.000.000. -  Toyota Alphard 2.5 G AT (2019): Rp1.116.750.000.  Harta kekayaan Sunarso lain terdiri dari aset bergerak lainnya Rp950.000.000, surat berharga Rp68,9 miliar (Rp68.950.183.801), kas dan setara kas Rp36,6 miliar (Rp36.673.670.437), harta lain Rp27,9 miliar (Rp27.994.924.362), serta utang senilai Rp81.715.675.  MICHELLE GABRIELA  | NIA HEPPY | MELYNDA DWI PUSPITA | ANTARA Pilihan Editor: Direksi BRI Kompak Borong Saham Berita Selanjutnya Zulhas Sebut Impor Ilegal seperti Kuman: Tambah Kuat, Tambah Canggih 7 menit lalu Tempo Channel Dapatkan kabar pilihan editor dan breaking news di Tempo.co WhatsApp Channel. Artikel Terkait BRI Hadirkan Bazaar UMKM Pada Gelaran BRILiaN Independence Week PNM Refleksi Kemerdekaan: Mendukung UMKM Terus Maju BRI Jadi Bank Terbesar Versi Fortune Indonesia 100 dan Fortune Southeast Asia 500 pada 2024 Aloe Land Kampung Edukasi Aloe Vera di Nglipar, Alternatif Wisata di Gunungkidul Festival Kuliner Dua Generasi di Pura Mangkunegaran: Padukan Keindahan Budaya dan Kenikmatan Kuliner Poin-poin Pernyataan Jokowi Soal APBN 2025 Dalam Pidato di Sidang Paripurna DPR Rekomendasi Artikel Video Pilihan BRI Hadirkan Bazaar UMKM Pada Gelaran BRILiaN Independence Week 23 jam lalu Dalam rangka memeriahkan hari ulang tahun (HUT) RI ke-79, PT Bank Rakyat Indonesia (Persero) menggelar BRILiaN Independence Week (BIW) dengan tema ""Nusantara Baru Indonesia Maju"", di Kantor BRI Pusat. PNM Refleksi Kemerdekaan: Mendukung UMKM Terus Maju 1 hari lalu PNM menjalankan berbagai upaya layanan dalam membantu UMKM. Dari mulai digitalisasi hingga tata kelola likuiditas cadangan. BRI Jadi Bank Terbesar Versi Fortune Indonesia 100 dan Fortune Southeast Asia 500 pada 2024 2 hari lalu Kinerja cemerlang persero pada 2023 dan capaian positif tersebut akan memotivasi BRI untuk kembali mencatatkan kinerja positif di 2024.  Aloe Land Kampung Edukasi Aloe Vera di Nglipar, Alternatif Wisata di Gunungkidul 2 hari lalu Berkunjung ke Gunungkidul, Yogyakarta bisa kunjungi destinasi wisata alternatif selain pantai. Ada Aloe land, Kampung Edukasi Aloe Vira. Festival Kuliner Dua Generasi di Pura Mangkunegaran: Padukan Keindahan Budaya dan Kenikmatan Kuliner 3 hari lalu Suasana Pamedan Pura Mangkunegaran Solo semarak dengan gelaran Festival Kuliner Dua Generasi yang dibuka mulai Sabtu, 17 Agustus Poin-poin Pernyataan Jokowi Soal APBN 2025 Dalam Pidato di Sidang Paripurna DPR 3 hari lalu Jokowi menyampaikan pidato soal APBN 2025 dalam Sidang Paripurna DPR RI Tahun Sidang 2024-2025. Berikut poin-poin pernyataannya. Rayakan HUT RI, Ini Sederet Kontribusi BRI untuk Indonesia  4 hari lalu BRI terus berkontribusi dengan menciptakan economic value serta menghadirkan social value.  Pria Berkaus Polisi Rampok Gerai BRI di Riau, Bawa Kabur Rp 70 Juta 4 hari lalu Polda Riau menembak seorang pria berkaus Polisi Lalu Lintas yang merampok Gerai BRI Link di Pangkalan Kerinci Bunyi Lengkap Fatwa MUI tentang Penggunaan Produk Dalam Negeri 4 hari lalu Majelis Ulama Indonesia (MUI) merilis fatwa terbaru, salah satunya menganjurkan masyarakat untuk  mengutamakan penggunaan produk dalam negeri. Jokowi Masukkan Makan Bergizi Gratis Prabowo ke RAPBN 2025, Terkait Anggaran Pendidikan? 4 hari lalu Presiden Jokowi memastikan program Makan Bergizi Gratis (MBG) yang digagas Prabowo Subianto masuk dalam RAPBN 2025. Bakal terkait anggaran pendidikan? Terpopuler di Bisnis Massa Demo di Kawasan Patung Kuda: Katanya UU Cipta Kerja Datangkan Investasi, Ternyata Banyak Buruh Kena PHK 22 jam lalu Daftar Formasi CPNS Kementan 2024 untuk Lulusan SMK hingga S2 22 jam lalu Profil Suswono, Menteri Pertanian Era SBY yang Jadi Cawagub Jakarta Pendamping Ridwan Kamil 21 jam lalu Daftar Formasi CPNS BRIN 2024 dan Persyaratan Pendidikannya 6 jam lalu Forest Watch: IKN Menggusur Masyarakat Adat dan Merusak Lingkungan, Hutan Mangrove Dibabat  8 jam lalu  3 jam lalu Terkini: Lion Air Group Sebar 50 Tiket Gratis Setiap Hari; Profil Suswono, Menteri Pertanian Era SBY yang Dampingi Ridwan Kamil 20 jam lalu Jokowi Gelar Karpet Merah untuk Tenaga Kerja Asing di IKN, Respons Kemnaker? 17 jam lalu Daftar Formasi CPNS Arsip Nasional Republik Indonesia 2024 dan Kisaran Gajinya  2 jam lalu Daftar Formasi CPNS Kemenparekraf 2024 dan Kisaran Gajinya  5 jam lalu 
    Terkini di Bisnis   Zulhas Sebut Impor Ilegal seperti Kuman: Tambah Kuat, Tambah Canggih 7 menit lalu Sri Mulyani Perkenalkan Keponakan Prabowo yang Menjadi Wakil Menteri Keuangan ke DPR 19 menit lalu Syarat dan Cara Pakai Nilai SKD 2023 untuk Daftar Seleksi CPNS 2024  41 menit lalu Sambut Peserta AZEC, Bahlil Janjikan Pengurangan Emisi 1 jam lalu Cara Cek Formasi CPNS 2024 dan Link Alternatifnya 1 jam lalu Samuel Sekuritas: IHSG Sesi I Menguat ke Level 7.560,4, Saham BBRI Diperdagangkan 31.486 Kali 1 jam lalu Daftar Formasi CPNS Arsip Nasional Republik Indonesia 2024 dan Kisaran Gajinya  2 jam lalu Transaksi Judi Online Diprediksi Mencapai Rp 400 Triliun pada Akhir 2024, Ini 3 Strategi Satgas 2 jam lalu Zulhas Ungkap Ada 35-40 Persen Barang Impor Tak Terdata: Hambatan RI jadi Negara Maju 2 jam lalu Terkini Bisnis: Formasi CPNS BRIN 2024, Forest Watch Kritik Pembangunan IKN 3 jam lalu Simak berita harian lebih mendalam di Majalah Tempo Digital. LAPORAN UTAMA LAPORAN NASIONAL Informasi Trustworthy News Jaringan Media Media Sosial Unduh Aplikasi Tempo"
BRI Umumkan Susunan Direksi Baru di RUPST 2024,https://biz.kompas.com/read/2024/03/02/090916328/bri-umumkan-susunan-direksi-baru-di-rupst-2024,2024-08-21,2024-03-02,"BRI Umumkan Susunan Direksi Baru di RUPST 2024 JAKARTA, KOMPAS.com - PT Bank Rakyat Indonesia (Persero) Tbk atau BRI mengumumkan susunan direksi baru di Rapat Umum Pemegang Saham Tahunan (RUPST) 2024 di Jakarta, Jumat (1/3/2024). RUPST tersebut memberhentikan dengan hormat dan mengangkat kembali Catur Budi Harto sebagai Wakil Direktur Utama BRI, Agus Noorsanto sebagai Direktur Bisnis Wholesale dan Kelembagaan, dan Agus Sudiarto sebagai Direktur Manajemen Risiko. Kemudian, RUPST memberhentikan Komisaris Independen Hendrikus Ivo sebagai Komisaris Independen. Pada kesempatan itu, Direktur Utama BRI Sunarso mengucapkan terima kasih kepada Hendrikus Ivo atas dedikasinya sebagai komisaris independen. Sebagai pengganti, Haryo Baskoro Wicaksono diangkat menjadi komisaris independen. Haryo baru bisa melaksanakan tugas dan fungsi dalam jabatannya setelah mendapat persetujuan dari Otoritas Jasa Keuangan (OJK). RUPST juga memutuskan nomenklatur jabatan atau nama direktorat di BRI. Pertama, Direktur Bisnis Kecil dan Menengah berubah jadi Direktur Commercial, Small, and Medium Business. Kedua, Direktur Jaringan dan Layanan menjadi Direktur Retail Funding and Distribution. RUPST juga mengalihkan penugasan Amam Sukriyanto dari Direktur Bisnis Kecil dan Menengah menjadi Direktur Commercial, Small, and Medium Business. Selanjutnya, Andrijanto dari Direktur Jaringan dan Layanan menjadi Direktur Retail Funding and Distribution. Berikut adalah susunan baru dewan komisaris dan direksi BRI. Dewan Komisaris Dewan Direksi Bagikan dividen Rp 48,1 triliun Dalam RUPST, BRI menyetujui pembagian dividen sebesar 80 persen dari laba bersih Rp 60,43 triliun. Jumlah ini setara dengan Rp 48,10 triliun atau Rp 319 per lembar saham. Sunarso mengatakan, jumlah tersebut sudah termasuk dengan dividen interim yang dibagikan BRI sebesar Rp 12,66 triliun atau Rp 84 per lembar saham pada 18 Januari 2024. Jika dirinci, pemerintah selaku pemilik 53 persen saham BRI mendapatkan dividen interim Rp 6,77 triliun, sedangkan publik mendapatkan Rp 5,89 triliun. Selanjutnya, terdapat sisa dividen tunai Rp 35,43 triliun atau Rp 235 per saham. Dari jumlah tersebut, pemerintah mendapatkan Rp 18,94 triliun. Sisanya Rp 16,49 triliun diberikan untuk publik. “Atas sisa laba sebesar 20 persen atau Rp 11,99 triliun, BRI akan menggunakannya sebagai saldo sisa laba ditahan,” kata Sunarso. YOGARTA AWAWA PRABANING ARKA/KOMPAS.COM Direktur Utama BRI Sunarso.  Sunarso memaparkan, capaian positif BRI tersebut ditopang penyaluran kredit BRI sebesar Rp 1.266,4 triliun atau tumbuh 11,18 persen secara tahunan. Segmen usaha mikro kecil dan menengah (UMKM) masih menjadi mayoritas penyaluran kredit BRI, yakni Rp 1.068 triliun atau berkontribusi sebesar 84,4 persen. Sunarso optimistis, BRI dapat membagikan dividen jumbo secara konsisten hingga lima tahun ke depan. Pasalnya, BRI memiliki rasio kecukupan modal atau capital adequacy ratio (CAR) sebesar 27,3 persen. Angka tersebut tergolong aman karena berdasarkan ketentuan untuk menanggung segala potensi risiko membutuhkan CAR sebesar 17,5 persen. Dengan demikian, BRI memiliki kelonggaran CAR sebesar 10 persen. Dengan asumsi pertumbuhan bisnis mengonsumsi CAR sebesar 2 persen per tahun, BRI belum membutuhkan tambahan modal hingga 5 tahun ke depan. ""Hal tersebut membuat BRI memiliki kelonggaran untuk membagikan dividen dengan porsi cukup besar dari laba yang dihasilkan,” tuturnya. Copyright 2008 - 2024 PT. Kompas Cyber Media (Kompas Gramedia Digital Group). All Rights Reserved."
Mantan Dirut BRI Suprajarto Meninggal Dunia di Singapura,https://ekonomi.republika.co.id/berita/s5wht2370/mantan-dirut-bri-suprajarto-meninggal-dunia-di-singapura,2024-08-21,2023-12-19,"Suprajarto menjabat sebagai Direktur Utama Bank BRI pada 2017-2019.  REPUBLIKA.CO.ID, JAKARTA -- Direktur Utama PT Bank Rakyat Indonesia (BRI) periode 2017-2019 Suprajarto meninggal dunia pada Selasa, 19 Desember 2023, di Singapura. Berdasarkan informasi yang diterima, almarhum tutup usia pukul 09.08 waktu Singapura setelah menjalani perawatan di Singapura sejak Jumat (15/12/2023). 



“Innalillahi wa inna ilaihi raji'un. Suprajarto bin KRTH. Poerwaningrat, Selasa, 19 Desember 2023 pukul 09.08 Waktu Singapura. Mohon dimaafkan segala kesalahan Almarhum. Semoga amal ibadahnya diterima di sisi Allah SWT. Aamiin Allahumma Aamiin,” kata istri almarhum, Alia Karenina melalui keterangan yang diterima di Jakarta, Selasa.
Baca Juga
 

Tugas Berat Menanti Benjie Yap 'Sopiri' Unilever Indonesia di Tengah Aksi Boikot
 
Telur Pitan Halal Dikonsumsi Asal Syaratnya Terpenuhi
 
Pupuk Indonesia Siapkan Seribu Ton Pupuk Bersubsidi Pascaelnino di Maluku Utara

 
Almarhum Suprajarto akan diterbangkan langsung dari Singapura ke Yogyakarta. Menurut informasi, rombongan keluarga akan membawa jenazah ke rumah duka di Jalan Supadi No 1 Kotabaru, Yogjakarta.
Kemudian almarhum akan dikebumikan pada Rabu, 20 Desember 2023 di Makam Imogiri, Yogyakarta, pukul 09.00 WIB. 









Suprajarto meninggalkan seorang istri, Alia Karenina dan dua orang anak, Bryan Yoga Kusuma dan Samugraha Ditya Kusuma, beserta menantu Ghina Raida Asilia dan satu orang cucu bernama Sheralma Dinara Kusuma.
Suprajarto terakhir menjabat sebagai Komisaris Utama Bank Jatim. Bankir yang lahir di Yogyakarta pada 28 Agustus 1956 itu telah lama berkarir di dunia perbankan Tanah Air.
Ia pernah menjabat sebagai sebagai Kepala Divisi Sekretariat Bank BRI periode 2005-2006. Suprajarto juga menjabat sebagai Direktur Bidang Jaringan dan Layanan BRI periode 2007-2015.
Kemudian pada 2015-2017, ia ditunjuk untuk menduduki kursi Wakil Direktur Utama Bank BRI, hingga terpilih sebagai Direktur Utama Bank BRI pada 2017-2019.





			Ikuti Whatsapp Channel Republika 
sumber : Antara 
 REPUBLIKA.CO.ID, JAKARTA -- Direktur Utama PT Bank Rakyat Indonesia (BRI) periode 2017-2019 Suprajarto meninggal dunia pada Selasa, 19 Desember 2023, di Singapura. Berdasarkan informasi yang diterima, almarhum tutup usia pukul 09.08 waktu Singapura setelah menjalani perawatan di Singapura sejak Jumat (15/12/2023). 
“Innalillahi wa inna ilaihi raji'un. Suprajarto bin KRTH. Poerwaningrat, Selasa, 19 Desember 2023 pukul 09.08 Waktu Singapura. Mohon dimaafkan segala kesalahan Almarhum. Semoga amal ibadahnya diterima di sisi Allah SWT. Aamiin Allahumma Aamiin,” kata istri almarhum, Alia Karenina melalui keterangan yang diterima di Jakarta, Selasa.
Baca Juga
 

Tugas Berat Menanti Benjie Yap 'Sopiri' Unilever Indonesia di Tengah Aksi Boikot
 
Telur Pitan Halal Dikonsumsi Asal Syaratnya Terpenuhi
 
Pupuk Indonesia Siapkan Seribu Ton Pupuk Bersubsidi Pascaelnino di Maluku Utara

 
Almarhum Suprajarto akan diterbangkan langsung dari Singapura ke Yogyakarta. Menurut informasi, rombongan keluarga akan membawa jenazah ke rumah duka di Jalan Supadi No 1 Kotabaru, Yogjakarta.
Kemudian almarhum akan dikebumikan pada Rabu, 20 Desember 2023 di Makam Imogiri, Yogyakarta, pukul 09.00 WIB. 









Suprajarto meninggalkan seorang istri, Alia Karenina dan dua orang anak, Bryan Yoga Kusuma dan Samugraha Ditya Kusuma, beserta menantu Ghina Raida Asilia dan satu orang cucu bernama Sheralma Dinara Kusuma.
Suprajarto terakhir menjabat sebagai Komisaris Utama Bank Jatim. Bankir yang lahir di Yogyakarta pada 28 Agustus 1956 itu telah lama berkarir di dunia perbankan Tanah Air.
Ia pernah menjabat sebagai sebagai Kepala Divisi Sekretariat Bank BRI periode 2005-2006. Suprajarto juga menjabat sebagai Direktur Bidang Jaringan dan Layanan BRI periode 2007-2015.
Kemudian pada 2015-2017, ia ditunjuk untuk menduduki kursi Wakil Direktur Utama Bank BRI, hingga terpilih sebagai Direktur Utama Bank BRI pada 2017-2019.





			Ikuti Whatsapp Channel Republika 
sumber : Antara 
 “Innalillahi wa inna ilaihi raji'un. Suprajarto bin KRTH. Poerwaningrat, Selasa, 19 Desember 2023 pukul 09.08 Waktu Singapura. Mohon dimaafkan segala kesalahan Almarhum. Semoga amal ibadahnya diterima di sisi Allah SWT. Aamiin Allahumma Aamiin,” kata istri almarhum, Alia Karenina melalui keterangan yang diterima di Jakarta, Selasa. 
Almarhum Suprajarto akan diterbangkan langsung dari Singapura ke Yogyakarta. Menurut informasi, rombongan keluarga akan membawa jenazah ke rumah duka di Jalan Supadi No 1 Kotabaru, Yogjakarta.
Kemudian almarhum akan dikebumikan pada Rabu, 20 Desember 2023 di Makam Imogiri, Yogyakarta, pukul 09.00 WIB. 









Suprajarto meninggalkan seorang istri, Alia Karenina dan dua orang anak, Bryan Yoga Kusuma dan Samugraha Ditya Kusuma, beserta menantu Ghina Raida Asilia dan satu orang cucu bernama Sheralma Dinara Kusuma.
Suprajarto terakhir menjabat sebagai Komisaris Utama Bank Jatim. Bankir yang lahir di Yogyakarta pada 28 Agustus 1956 itu telah lama berkarir di dunia perbankan Tanah Air.
Ia pernah menjabat sebagai sebagai Kepala Divisi Sekretariat Bank BRI periode 2005-2006. Suprajarto juga menjabat sebagai Direktur Bidang Jaringan dan Layanan BRI periode 2007-2015.
Kemudian pada 2015-2017, ia ditunjuk untuk menduduki kursi Wakil Direktur Utama Bank BRI, hingga terpilih sebagai Direktur Utama Bank BRI pada 2017-2019.





			Ikuti Whatsapp Channel Republika 
sumber : Antara 
 Almarhum Suprajarto akan diterbangkan langsung dari Singapura ke Yogyakarta. Menurut informasi, rombongan keluarga akan membawa jenazah ke rumah duka di Jalan Supadi No 1 Kotabaru, Yogjakarta. 
Kemudian almarhum akan dikebumikan pada Rabu, 20 Desember 2023 di Makam Imogiri, Yogyakarta, pukul 09.00 WIB. 









Suprajarto meninggalkan seorang istri, Alia Karenina dan dua orang anak, Bryan Yoga Kusuma dan Samugraha Ditya Kusuma, beserta menantu Ghina Raida Asilia dan satu orang cucu bernama Sheralma Dinara Kusuma.
Suprajarto terakhir menjabat sebagai Komisaris Utama Bank Jatim. Bankir yang lahir di Yogyakarta pada 28 Agustus 1956 itu telah lama berkarir di dunia perbankan Tanah Air.
Ia pernah menjabat sebagai sebagai Kepala Divisi Sekretariat Bank BRI periode 2005-2006. Suprajarto juga menjabat sebagai Direktur Bidang Jaringan dan Layanan BRI periode 2007-2015.
Kemudian pada 2015-2017, ia ditunjuk untuk menduduki kursi Wakil Direktur Utama Bank BRI, hingga terpilih sebagai Direktur Utama Bank BRI pada 2017-2019.





			Ikuti Whatsapp Channel Republika 
sumber : Antara 
 Kemudian almarhum akan dikebumikan pada Rabu, 20 Desember 2023 di Makam Imogiri, Yogyakarta, pukul 09.00 WIB. 
Suprajarto meninggalkan seorang istri, Alia Karenina dan dua orang anak, Bryan Yoga Kusuma dan Samugraha Ditya Kusuma, beserta menantu Ghina Raida Asilia dan satu orang cucu bernama Sheralma Dinara Kusuma.
Suprajarto terakhir menjabat sebagai Komisaris Utama Bank Jatim. Bankir yang lahir di Yogyakarta pada 28 Agustus 1956 itu telah lama berkarir di dunia perbankan Tanah Air.
Ia pernah menjabat sebagai sebagai Kepala Divisi Sekretariat Bank BRI periode 2005-2006. Suprajarto juga menjabat sebagai Direktur Bidang Jaringan dan Layanan BRI periode 2007-2015.
Kemudian pada 2015-2017, ia ditunjuk untuk menduduki kursi Wakil Direktur Utama Bank BRI, hingga terpilih sebagai Direktur Utama Bank BRI pada 2017-2019.





			Ikuti Whatsapp Channel Republika 
sumber : Antara 
 Suprajarto meninggalkan seorang istri, Alia Karenina dan dua orang anak, Bryan Yoga Kusuma dan Samugraha Ditya Kusuma, beserta menantu Ghina Raida Asilia dan satu orang cucu bernama Sheralma Dinara Kusuma. 
Suprajarto terakhir menjabat sebagai Komisaris Utama Bank Jatim. Bankir yang lahir di Yogyakarta pada 28 Agustus 1956 itu telah lama berkarir di dunia perbankan Tanah Air.
Ia pernah menjabat sebagai sebagai Kepala Divisi Sekretariat Bank BRI periode 2005-2006. Suprajarto juga menjabat sebagai Direktur Bidang Jaringan dan Layanan BRI periode 2007-2015.
Kemudian pada 2015-2017, ia ditunjuk untuk menduduki kursi Wakil Direktur Utama Bank BRI, hingga terpilih sebagai Direktur Utama Bank BRI pada 2017-2019.





			Ikuti Whatsapp Channel Republika 
sumber : Antara 
 Suprajarto terakhir menjabat sebagai Komisaris Utama Bank Jatim. Bankir yang lahir di Yogyakarta pada 28 Agustus 1956 itu telah lama berkarir di dunia perbankan Tanah Air. 
Ia pernah menjabat sebagai sebagai Kepala Divisi Sekretariat Bank BRI periode 2005-2006. Suprajarto juga menjabat sebagai Direktur Bidang Jaringan dan Layanan BRI periode 2007-2015.
Kemudian pada 2015-2017, ia ditunjuk untuk menduduki kursi Wakil Direktur Utama Bank BRI, hingga terpilih sebagai Direktur Utama Bank BRI pada 2017-2019.





			Ikuti Whatsapp Channel Republika 
sumber : Antara 
 Ia pernah menjabat sebagai sebagai Kepala Divisi Sekretariat Bank BRI periode 2005-2006. Suprajarto juga menjabat sebagai Direktur Bidang Jaringan dan Layanan BRI periode 2007-2015. 
Kemudian pada 2015-2017, ia ditunjuk untuk menduduki kursi Wakil Direktur Utama Bank BRI, hingga terpilih sebagai Direktur Utama Bank BRI pada 2017-2019.





			Ikuti Whatsapp Channel Republika 
sumber : Antara 
 Kemudian pada 2015-2017, ia ditunjuk untuk menduduki kursi Wakil Direktur Utama Bank BRI, hingga terpilih sebagai Direktur Utama Bank BRI pada 2017-2019. (QS. Al-An'am ayat 96) Jl. Warung Buncit Raya No 37 Jakarta Selatan 12510  Phone: 021 780 3747  Email:
[email protected] (Redaksi)
[email protected] ( Marketing ) 
[email protected] ( Kerjasama ) 
[email protected] ( Customer Care )
           Copyright © 2023. Republika.co.id. All rights reserved."
"Kepemimpinan yang Kuat, Kunci Dirut BRI Sunarso Sabet ...",https://www.liputan6.com/bisnis/read/5181810/kepemimpinan-yang-kuat-kunci-dirut-bri-sunarso-sabet-penghargaan-internasional,2024-08-21,2023-01-17," liputan6 Sunarso dinilai mampu memimpin perseroan dengan visi yang kuat, komunikasi yang baik, dan mampu menginspirasi tim manajemen. pada 17 Jan 2023, 09:51 WIBDiperbarui 17 Jan 2023, 13:45 WIB Liputan6.com, Jakarta Kepemimpinan Dirut BRI Sunarso di bank pelat merah tersebut sudah teruji di panggung internasional. Pasalnya, Sunarso dinobatkan sebagai “The Asian Banker CEO Leadership Achievement for Indonesia Award"" oleh The Asian Banker.  Sunarso dinilai mampu memimpin perseroan dengan visi yang kuat, komunikasi yang baik, dan mampu menginspirasi tim manajemen. Dengan ketegasan dan leadership yang kuat, di bawah kepemimpinan Sunarso BRI mampu mengatasi kesulitan dan tantangan, ia mampu mendorong kinerja positif perseroan secara berkelanjutan. Baca Juga Atas capaian tersebut, Sunarso mengungkapkan bahwa penghargaan tersebut didedikasikan untuk Insan BRILian (Pekerja BRI). Pihaknya memberikan apresiasi setinggi-tingginya kepada seluruh Insan BRILian yang telah melayani masyarakat, utamanya pelaku usaha sektor UMKM atas kinerja dan kontribusi terbaiknya kepada BRI. Advertisement * Follow Official WhatsApp Channel Liputan6.com untuk mendapatkan berita-berita terkini dengan mengklik tautan ini. Sunarso juga mengungkapkan bahwa tugas seorang pemimpin adalah untuk memotivasi mereka agar energinya keluar dan memberikan kontribusi terbaik.  ""Selain itu, saya juga perlu untuk memberikan inspirasi agar pekerja bisa memaknai makna di balik pekerjaan yang selama ini dijalani setiap hari. Dan tentu, kadang pihaknya harus bersifat instruktif dengan memberikan instruksi yang jelas untuk mencapai tujuan bersama perusahaan,"" ungkapnya. Di bawah kepemimpinannya, BRI sebagai bank dengan jaringan terluas di Indonesia mampu menjalankan transformasi secara berkelanjutan. Transformasi difokuskan pada dua aspek utama, yakni digital dan culture.  “Kami terus meng-create value baru melalui digitalisasi sehingga muncul business model baru. Di area culture, kami terus arahkan menjadi performance driven culture,"" tutur Sunarso. ""Jadi seluruh Insan BRILIaN harus mampu merancang dan merencanakan suksesnya sendiri, tugas perusahaan adalah menyediakan lapangan untuk berkompetisi dan berkarya dengan sehat yang akhirnya semua orang mampu mengeluarkan potensi terbaiknya,” tambahnya. Advertisement Inisiatif BRI di bawah kepemimpinan Sunarso menjadikan perseroan mampu melewati masa sulit akibat pandemi COVID-19 dengan kinerja cemerlang. Tidak hanya itu, BRI juga semakin fokus dengan core business di sektor UMKM serta berhasil menciptakan sumber pertumbuhan baru untuk tumbuh secara berkelanjutan. Strategic response BRI yang tepat dalam mengoptimalisasi kinerja bisnis di tengah gejolak dinamika ekonomi global dan COVID-19 turut menjadi alasan The Asian Banker menobatkan BRI sebagai Best Managed Bank.  Hal tersebut tercermin dari kinerja BRI Group hingga September 2022 yang mencatatkan laba bersih sebesar Rp39,31 triliun atau melesat 106,14 persen Year on Year (YoY) dengan total aset meningkat 4,00 persen yoy menjadi Rp1.684,60 triliun. Dari aspek penyaluran kredit, hingga akhir September 2022, total kredit dan pembiayaan BRI Group tercatat sebesar Rp1.111,48 triliun atau tumbuh 7,92 persen yoy.  Secara khusus, portofolio kredit UMKM BRI tercatat meningkat sebesar 9,83 persen yoy dari Rp852,12 triliun di akhir September 2021 menjadi Rp935,86 triliun di akhir September 2022.  Hal tersebut menjadikan proporsi kredit UMKM dibandingkan total kredit BRI terus meningkat, menjadi sebesar 84,20 persen. Sementara itu, Chairman The Asian Banker Future of Finance Summit Advisory Council Alain Chevalier mengungkapkan bahwa Sunarso selama periode penilaian telah memimpin BRI dengan komitmen yang kuat untuk menumbuhkembangkan UMKM. “Dengan dipertajamnya visi menjadi The Most Valuable Banking Group in Southeast Asia dan Champion of Financial Inclusion 2025, BRI telah menunjukkan komitmen berkelanjutan untuk mendukung sektor UMKM yang telah memberikan kontribusi terhadap ketahanan perekonomian Indonesia. Proporsi pinjaman UMKM BRI pun terus meningkat secara konsisten,” ungkap Alain dalam keterangan tertulis. Tak hanya Sunarso, BRI pun berhasil menyabet gelar sebagai “Best Managed Bank in Indonesia” dalam penghargaan yang diselenggarakan setiap tiga tahun sekali tersebut.   (*)  * Fakta atau Hoaks? Untuk mengetahui kebenaran informasi yang beredar, silakan WhatsApp ke nomor Cek Fakta Liputan6.com 0811 9787 670 hanya dengan ketik kata kunci yang diinginkan. Advertisement Advertisement Advertisement Advertisement"
Somasi Desak Dirut Bank BRI Mundur Dari Jabatannya,https://trans89.com/2021/03/21/somasi-desak-dirut-bank-bri-mundur-dari-jabatannya,2024-08-21,2021-03-21,"JAKARTA, TRANS89.COM – Sejumlah mahasiswa yang tergabung dalam Solidaritas Mahasiswa Anti Korupsi (Somasi) dipimpin Utoyo Usman unjuk rasa depan kantor BRI Pusat Jalan Jenderal Sudirman, Jakarta Pusat, Jumat (19/3/2021). Aksi Somasi tersebut meminta Direktur Utama (Dirut) Bank BRI, Sunarso untuk mundur dari jabatannya karena diduga merekayasa keuangan BRI.






Massa aksi membawa spanduk bertuliskan, usut tuntas kasus dugaan rekayasa laporan keuangan BRI yang merugikan negara senilai Rp27,2 triliun, copot Dirut BRI.

Orasi Utoyo Usman meminta copot Dirut Bank BRI yang terindikasi terlibat merekayasa laporan keuangan Bank BRI.
“Kami mahasiswa meminta Dirut Bank BRI untuk bertanggung jawab atas laporan keuangan BRI yang diduga palsu,” pinta Utoyo.
Menurut Utoyo, kami disini hanya satu kata adalah untuk menegakan kebenaran dan keadilan.
“Kami membela rakyat yang saat ini susah karena ulah para oknum koruptor,” tutur Utoyo
Utoyo mengungkapkan, kami akan terus mengawal kasus ini sampai tuntas.
“Dana Rp27,2 triliun bukan jumlah yang sedikit, sangat merugikan rakyat Indonesia,” ungkap Utoyo.
Lanjut Utoyo, kami menuntut dan meminta Dirut BRI, Sunarso untuk mundur dari jabatannya karena merekayasa keuangan BRI
Peserta aksi dari Somasi tidak mendapat tanggapan dari pihak BRI Pusat, tak lama kemudian membubarkan diri dengan tertib. (Irvan/Nis)







 
 Massa aksi membawa spanduk bertuliskan, usut tuntas kasus dugaan rekayasa laporan keuangan BRI yang merugikan negara senilai Rp27,2 triliun, copot Dirut BRI.  Orasi Utoyo Usman meminta copot Dirut Bank BRI yang terindikasi terlibat merekayasa laporan keuangan Bank BRI. “Kami mahasiswa meminta Dirut Bank BRI untuk bertanggung jawab atas laporan keuangan BRI yang diduga palsu,” pinta Utoyo. Menurut Utoyo, kami disini hanya satu kata adalah untuk menegakan kebenaran dan keadilan. “Kami membela rakyat yang saat ini susah karena ulah para oknum koruptor,” tutur Utoyo Utoyo mengungkapkan, kami akan terus mengawal kasus ini sampai tuntas. “Dana Rp27,2 triliun bukan jumlah yang sedikit, sangat merugikan rakyat Indonesia,” ungkap Utoyo. Lanjut Utoyo, kami menuntut dan meminta Dirut BRI, Sunarso untuk mundur dari jabatannya karena merekayasa keuangan BRI Peserta aksi dari Somasi tidak mendapat tanggapan dari pihak BRI Pusat, tak lama kemudian membubarkan diri dengan tertib. (Irvan/Nis) Trans89.com adalah media online yang 
                    
                    menyajikan berita terbaru dan populer, baik hukum, kriminal, peristiwa, politik, bisnis, entertainment, event serta berita lainnya
                   
          © 2024 Trans89.com - All Rights Reserved.
        "
Profil Sunarso: Dirut BRI Jadi Dirut BRI,https://serikatnews.com/profil-dirut-bri-sunarso/,2024-08-21,2019-09-02,"AGRI  1577 (0)   |   BASIC-IND  938 (0)   |   BISNIS-27  477 (-5)   |   COMPOSITE  5975 (-53)   |   CONSUMER  1621 (0)   |   DBX  1411 (-16)   |   FINANCE  1361 (0)   |   I-GRADE  166 (-1)   |   IDX30  471 (-4)   |   IDX80  128 (-1)   |   IDXBASIC  1248 (-11)   |   IDXBUMN20  358 (-2)   |   IDXCYCLIC  736 (-3)   |   IDXENERGY  747 (1)   |   IDXESGL  129 (-1)   |   IDXFINANCE  1325 (-12)   |   IDXG30  135 (-1)   |   IDXHEALTH  1296 (-14)   |   IDXHIDIV20  416 (-3)   |   IDXINDUST  956 (-21)   |   IDXINFRA  871 (-0)   |   IDXMESBUMN  102 (-0)   |   IDXNONCYC  740 (-6)   |   IDXPROPERT  877 (-12)   |   IDXQ30  135 (-1)   |   IDXSMC-COM  282 (-1)   |   IDXSMC-LIQ  337 (-1)   |   IDXTECHNO  3348 (-40)   |   IDXTRANS  1056 (-1)   |   IDXV30  127 (-1)   |   INFOBANK15  952 (-11)   |   INFRASTRUC  1036 (0)   |   Investor33  406 (-3)   |   ISSI  176 (-1)   |   JII  577 (-4)   |   JII70  205 (-1)   |   KOMPAS100  1130 (-11)   |   LQ45  888 (-8)   |   MANUFACTUR  1250 (0)   |   MBX  1590 (-13)   |   MINING  1939 (0)   |   MISC-IND  1036 (0)   |   MNC36  301 (-2)   |   PEFINDO25  297 (-3)   |   PROPERTY  351 (0)   |   SMinfra18  295 (-1)   |   SRI-KEHATI  340 (-3)   |   TRADE  872 (0)   |    SERIKATNEWS.COM – PT Bank Rakyat Indonesia (Persero) Tbk (BRI) resmi mengangkat Wakil Direktur Utama Sunarso menjadi Direktur Utama. Sunarso menggantikan Suprajarto yang menjabat sejak 2017 lalu. Keputusan Kementerian Badan Usaha Milik Negara (BUMN) menunjuk Sunarso untuk menduduki posisi nomor satu di perbankan berpelat merah sepertinya dengan mempertimbangkan rekam jejaknya yang sudah lama berkecimpung di dunia jasa keuangan. Dikutip dari iNews, Sunarso menjadi Wakil Direktur Utama BRI sejak 2015. Namun, saat memasuki tahun kedua atau pada 2017, Sunarso ditunjuk menjadi Direktur Utama PT Pegadaian (Persero). Setelahnya, pada Januari lalu, Sunarso kembali ke posisi awalnya menjadi Wakil Direktur Utama BRI. Pria kelahiran tahun 1963 ini memulai kariernya di perbankan pada 1991-1997 di Bank Dagang Negara (BDN). Pada saat itu, dia menduduki posisi analis kredit, kemudian menjadi asisten relationship manager, dan menjadi relationship manager. Pada tahun 1999, dia mulai bekerja di PT Bank Mandiri (Persero) Tbk dan berbagai posisi pun telah dirasakannya, di antaranya, Senior Officer, Senior Relationship Manager, Assistant Vice President, Vice President, Senior Vice President Client Service Team Manager, Senior Vice President Group Head Plantation Specialist, hingga Executive Vice President Group Head Agro-Based Corporate Banking. Pria kelahiran Pasuruan ini merupakan Sarjana Pertanian dari Institut Pertanian Bogor pada 1988 dan gelar Master of Business Administration dari Universitas Indonesia untuk tahun 2002. Sunarso juga memperluas wawasannya dengan mengikuti berbagai program pelatihan di Melbourne University, Northwestern University, University of Chicago, London Business School, dan University of New South Wales. Dia juga aktif mengikuti berbagai pelatihan dan seminar dalam berbagai bidang, seperti Business Communication pada tahun 1993, Management Umum Perbankan Lanjutan tahun 1994, Sindikasi dan Dokumentasi Pinjaman tahun 1997, serta Credit Principles Implementation tahun 2000. SerikatNews.com adalah media kritis anak bangsa. Menyajikan informasi secara akurat. Serta setia menjadi platform ruang bertukar gagasan faktual. SERIKATNEWS.COM – Jelang pemilihan kepala daerah (Pilkada) 2024, Polres Probolinggo mengadakan Apel Gelar Pasukan Operasi Mantap Praja Semeru. Operasi tersebut SERIKATNEWS.COM – Pembangunan Infrastruktur Ibu Kota Nusantara (IKN) di Kalimantan Timur menuai banyak dukungan dari berbagai elemen. Salah satu wujud SERIKATNEWS.COM – Sejumlah ahli hukum berharap Menteri Hukum dan Hak Asasi Manusia (Menkumham) Supratman Andi Agtas yang dilantik oleh Presiden SERIKATNEWS.COM – Rangkaian acara Universitas Pelita Harapan (UPH) Festival 2024 berakhir dengan penuh semangat dalam acara Closing Celebration pada Sabtu, SERIKATNEWS.COM – Seni merupakan salah satu bentuk kreativitas dan kekayaan budaya yang perlu dilestarikan. Melalui seni, kita dapat menyampaikan nilai-nilai SERIKATNEWS.COM – Warga Grogol, Pedukuhan Mangunan, Kalurahan Kalitirto, Kapanewon Berbah, Sleman, kompak mengikuti jalan sehat dalam rangkaian semarak HUT ke-79 SERIKATNEWS.COM – Yayasan Tanwirul Hija Cangkreng Kecamatan Lenteng Kabupaten Sumenep mengadakan upacara peringatan Hari Kemerdekaan ke-79 Republik Indonesia. Acara yang SERIKATNEWS.COM – Menteri Komunikasi dan Informatika (Menkominfo) Budi Arie Setiadi menyampaikan apresiasi terhadap Presiden Republik Indonesia Joko Widodo (Jokowi) yang SERIKATNEWS.COM – Ketua Umum Projo Budi Arie Setiadi membantah keras tuduhan bahwa Presiden Joko Widodo menginginkan masa jabatan presiden tiga SERIKATNEWS.COM – Sejumlah pedagang resmi atau berizin berbondong-bondong mendatangi kantor pasar tradisional Lenteng, Kecamatan Lenteng, Kabupaten Sumenep, Kamis (15/8/2024). Kedatangan SERIKATNEWS.COM – Pelantikan anggota DPRD Sumenep terpilih periode 2024-2029 ditengarai SERIKATNEWS.COM – Kepala Satuan Lalu Lintas (Kasatlantas) Sumenep kini resmi"
Profil Sunarso: Dirut BRI Jadi Dirut BRI,https://serikatnews.com/profil-dirut-bri-sunarso/,2024-08-21,2019-09-02,"AGRI  1577 (0)   |   BASIC-IND  938 (0)   |   BISNIS-27  477 (-5)   |   COMPOSITE  5975 (-53)   |   CONSUMER  1621 (0)   |   DBX  1411 (-16)   |   FINANCE  1361 (0)   |   I-GRADE  166 (-1)   |   IDX30  471 (-4)   |   IDX80  128 (-1)   |   IDXBASIC  1248 (-11)   |   IDXBUMN20  358 (-2)   |   IDXCYCLIC  736 (-3)   |   IDXENERGY  747 (1)   |   IDXESGL  129 (-1)   |   IDXFINANCE  1325 (-12)   |   IDXG30  135 (-1)   |   IDXHEALTH  1296 (-14)   |   IDXHIDIV20  416 (-3)   |   IDXINDUST  956 (-21)   |   IDXINFRA  871 (-0)   |   IDXMESBUMN  102 (-0)   |   IDXNONCYC  740 (-6)   |   IDXPROPERT  877 (-12)   |   IDXQ30  135 (-1)   |   IDXSMC-COM  282 (-1)   |   IDXSMC-LIQ  337 (-1)   |   IDXTECHNO  3348 (-40)   |   IDXTRANS  1056 (-1)   |   IDXV30  127 (-1)   |   INFOBANK15  952 (-11)   |   INFRASTRUC  1036 (0)   |   Investor33  406 (-3)   |   ISSI  176 (-1)   |   JII  577 (-4)   |   JII70  205 (-1)   |   KOMPAS100  1130 (-11)   |   LQ45  888 (-8)   |   MANUFACTUR  1250 (0)   |   MBX  1590 (-13)   |   MINING  1939 (0)   |   MISC-IND  1036 (0)   |   MNC36  301 (-2)   |   PEFINDO25  297 (-3)   |   PROPERTY  351 (0)   |   SMinfra18  295 (-1)   |   SRI-KEHATI  340 (-3)   |   TRADE  872 (0)   |    SERIKATNEWS.COM – PT Bank Rakyat Indonesia (Persero) Tbk (BRI) resmi mengangkat Wakil Direktur Utama Sunarso menjadi Direktur Utama. Sunarso menggantikan Suprajarto yang menjabat sejak 2017 lalu. Keputusan Kementerian Badan Usaha Milik Negara (BUMN) menunjuk Sunarso untuk menduduki posisi nomor satu di perbankan berpelat merah sepertinya dengan mempertimbangkan rekam jejaknya yang sudah lama berkecimpung di dunia jasa keuangan. Dikutip dari iNews, Sunarso menjadi Wakil Direktur Utama BRI sejak 2015. Namun, saat memasuki tahun kedua atau pada 2017, Sunarso ditunjuk menjadi Direktur Utama PT Pegadaian (Persero). Setelahnya, pada Januari lalu, Sunarso kembali ke posisi awalnya menjadi Wakil Direktur Utama BRI. Pria kelahiran tahun 1963 ini memulai kariernya di perbankan pada 1991-1997 di Bank Dagang Negara (BDN). Pada saat itu, dia menduduki posisi analis kredit, kemudian menjadi asisten relationship manager, dan menjadi relationship manager. Pada tahun 1999, dia mulai bekerja di PT Bank Mandiri (Persero) Tbk dan berbagai posisi pun telah dirasakannya, di antaranya, Senior Officer, Senior Relationship Manager, Assistant Vice President, Vice President, Senior Vice President Client Service Team Manager, Senior Vice President Group Head Plantation Specialist, hingga Executive Vice President Group Head Agro-Based Corporate Banking. Pria kelahiran Pasuruan ini merupakan Sarjana Pertanian dari Institut Pertanian Bogor pada 1988 dan gelar Master of Business Administration dari Universitas Indonesia untuk tahun 2002. Sunarso juga memperluas wawasannya dengan mengikuti berbagai program pelatihan di Melbourne University, Northwestern University, University of Chicago, London Business School, dan University of New South Wales. Dia juga aktif mengikuti berbagai pelatihan dan seminar dalam berbagai bidang, seperti Business Communication pada tahun 1993, Management Umum Perbankan Lanjutan tahun 1994, Sindikasi dan Dokumentasi Pinjaman tahun 1997, serta Credit Principles Implementation tahun 2000. SerikatNews.com adalah media kritis anak bangsa. Menyajikan informasi secara akurat. Serta setia menjadi platform ruang bertukar gagasan faktual. SERIKATNEWS.COM – Jelang pemilihan kepala daerah (Pilkada) 2024, Polres Probolinggo mengadakan Apel Gelar Pasukan Operasi Mantap Praja Semeru. Operasi tersebut SERIKATNEWS.COM – Pembangunan Infrastruktur Ibu Kota Nusantara (IKN) di Kalimantan Timur menuai banyak dukungan dari berbagai elemen. Salah satu wujud SERIKATNEWS.COM – Sejumlah ahli hukum berharap Menteri Hukum dan Hak Asasi Manusia (Menkumham) Supratman Andi Agtas yang dilantik oleh Presiden SERIKATNEWS.COM – Rangkaian acara Universitas Pelita Harapan (UPH) Festival 2024 berakhir dengan penuh semangat dalam acara Closing Celebration pada Sabtu, SERIKATNEWS.COM – Seni merupakan salah satu bentuk kreativitas dan kekayaan budaya yang perlu dilestarikan. Melalui seni, kita dapat menyampaikan nilai-nilai SERIKATNEWS.COM – Warga Grogol, Pedukuhan Mangunan, Kalurahan Kalitirto, Kapanewon Berbah, Sleman, kompak mengikuti jalan sehat dalam rangkaian semarak HUT ke-79 SERIKATNEWS.COM – Yayasan Tanwirul Hija Cangkreng Kecamatan Lenteng Kabupaten Sumenep mengadakan upacara peringatan Hari Kemerdekaan ke-79 Republik Indonesia. Acara yang SERIKATNEWS.COM – Menteri Komunikasi dan Informatika (Menkominfo) Budi Arie Setiadi menyampaikan apresiasi terhadap Presiden Republik Indonesia Joko Widodo (Jokowi) yang SERIKATNEWS.COM – Ketua Umum Projo Budi Arie Setiadi membantah keras tuduhan bahwa Presiden Joko Widodo menginginkan masa jabatan presiden tiga SERIKATNEWS.COM – Sejumlah pedagang resmi atau berizin berbondong-bondong mendatangi kantor pasar tradisional Lenteng, Kecamatan Lenteng, Kabupaten Sumenep, Kamis (15/8/2024). Kedatangan SERIKATNEWS.COM – Pelantikan anggota DPRD Sumenep terpilih periode 2024-2029 ditengarai SERIKATNEWS.COM – Kepala Satuan Lalu Lintas (Kasatlantas) Sumenep kini resmi"
Dirut BRI Sunarso Dinobatkan The Best CEO in Digital Brand,https://www.balipost.com/news/2024/04/02/394427/Dirut-BRI-Sunarso-Dinobatkan-The...html,2024-08-21,2024-04-02,"    28.8 CDenpasar, BaliRabu, 21 Agustus 2024e-PaperIklanKalenderPojokSurat PembacaEnglish                       BALIPOST.com       NewsBaliBadungBangliBulelengDenpasarGianyarJembranaKarangasemKlungkungTabananPeristiwaInternasionalNasionalPolitikHukumSosbudBudayaSosialSpiritualEkonomiMakroMikroPertanianPendidikanProfilPariwisataBali Wonderful IndonesiaGayaFashionHiburanKesehatanKulinerOlahragaTeknologiMultimediaPhotoVideoAnimasiInfografisLiveRadio SWIB 106.8 FMRadio Genta Bali FM 96.1Radio Singaraja FM 92.0Radio Global FM 96.5Opini    Ekonomi > Dirut BRI Sunarso Dinobatkan The Best CEO in Digital BrandEkonomiMikroNasionalDirut BRI Sunarso Dinobatkan The Best CEO in Digital Brand Selasa, 2 April 2024 | 15:26:21Dirut BRI Sunarso dinobatkan The Best CEO In Digital Brand. (BP/Istimewa)JAKARTA, BALIPOST.com – Berkat konsistensinya dalam berinovasi dan bertransformasi digital, kinerja gemilang PT Bank Rakyat Indonesia (Persero) Tbk berhasil mengantarkan perseroan memborong 12 penghargaan dalam ajang 13th Infobank-Isentia Digital Brand Recognition 2024. Acara penghargaan yang diinisiasi oleh Infobank Media Group dan Isentia tersebut diselenggarakan pada 1 April 2024 di Jakarta.Pada acara penganugerahan tersebut, Direktur Utama BRI Sunarso dinobatkan sebagai The Best CEO in Digital Brand 2024. Anugerah tersebut diberikan atas keberhasilan transformasi yang dilakukan BRI sehingga perseroan menjadi perusahaan yang memberikan landasan pelayanan berbasis digital kepada publik dengan sangat memuaskan.BRI juga diakui sebagai salah satu perusahaan perbankan terbaik atas hasil penilaian masyarakat dan feedback media sosial pada produk-produk dan layanan perbankan berbasis digitalnya.Baca juga:  BRI Sambut Baik Peningkatan Alokasi KUR di 2022Sementara itu, 11 penghargaan lain yang diterima BRI diantaranya yakni The Best Overall Tabungan Bank Umum Konvensional 2024, The Best Overall Tabungan Bank Umum Konvensional 2024-KBMI 4 (Modal Inti di atas Rp70 triliun), The 2nd Best Overall KPR Bank Umum Konvensional 2024, The 2nd Best Overall Wealth Management Bank Umum Konvensional 2024, The 2nd Best Overall Mobile Banking Bank Umum Konvensional 2024, The 2nd Best Deposito Bank Umum Konvensional 2024-KBMI 4 (Modal Inti di atas Rp70 triliun).Kemudian The 2nd Best Overall Wealth Management Bank Umum Konvensional 2024-KBMI 4 (Modal Inti di atas Rp70 triliun), The 2nd Best Mobile Banking Bank Umum Konvensional 2024-KBMI 4 (Modal Inti di atas Rp70 triliun), The 2nd Best Deposito Bank Umum Konvensional 2024-KBMI 4 (Modal Inti di atas Rp70 triliun), The 3rd Best Overall Bank Umum Konvensional 2024, dan The 3rd Best Overall Bank Umum Konvensional 2024-KBMI 4 (Modal Inti d atas Rp70 triliun).Baca juga:  Kopi Takengon Aceh ke AS, Ini Buah Pemberdayaan UMKM BRITerkait dengan capaian tersebut, Direktur Utama BRI Sunarso mengungkapkan bahwa penghargaan tersebut didedikasikan untuk seluruh Insan BRILian atau pekerja BRI. Pihaknya memberikan apresiasi setinggi-tingginya kepada Insan BRILian karena telah memberikan kontribusi optimal kepada perusahaan dan memberikan pelayanan terbaik untuk nasabah.Ia melanjutkan, BRI sebagai bank dengan jaringan terluas di Indonesia mampu menjalankan transformasi secara berkelanjutan. Transformasi difokuskan pada dua aspek utama, yakni digital & culture.  “Kami terus men-create value baru melalui digitalisasi untuk menjalankan business model”, jelasnya. Seperti diketahui, layanan perbankan saat ini dilakukan melalui beragam produk dan layanan keuangan digital. BRI pun dinilai berhasil menjawab kebutuhan dan perubahan pola transaksi masyarakat secara digital.Baca juga:  Kemenkeu Kembalikan Kelebihan Pembayaran Pajak Sebesar Rp 7,3 MiliarHal ini dibuktikan salah satunya melalui catatan selama tahun 2023, sebanyak 99% dari total transaksi BRI dilakukan melalui kanal digital. Sementara itu, sisanya dilakukan secara konvensional di cabang atau unit kerja BRI. Transformasi digital di BRI mampu menyediakan layanan digital banking yang mudah, praktis, aman dan nyaman.Sunarso pun menambahkan ke depan BRI akan terus berinovasi mengembangkan layanan digital sebagai bagian dari journey transformasinya. “Transformasi digital telah membantu mendongkrak industri perbankan dengan cepat, meningkatkan inklusi keuangan, dan memberdayakan Usaha Ultra Mikro, Mikro, Kecil, dan Menengah yang merupakan salah satu fokus utama BRI,” pungkasnya. (Adv/balipost)  BAGIKAN Facebook Twitter   tweet Ewik Mendala BERITA TERKAITDARI PENULIS EkonomiCiptakan Perputaran Ekonomi Rp10,42 triliun, BRI Kembali Jadi Sponsor Utama Liga 1 2024-2025 EkonomiJadi Perusahaan Pembayar Pajak Terbesar, BRI Diapresiasi Oleh Negara EkonomiBRI Borong Penghargaan di Malam Apresiasi Emiten 2024 EkonomiBrand Value BRI Meroket 30 Persen Jadi USD11,25 Miliar MikroTriwulan II 2024, Simpanan BRI Tumbuh 11,61 Persen EkonomiIndeks Bisnis UMKM BRI Triwulan II 2024: Bisnis UMKM Mulai Membaik dan Prospektif MikroIni, Cerita Desa Cikaso yang Raih Juara Desa BRILian EkonomiDi Bawah Rasio Perbankan Nasional, Ini Jurus BRI Kelola NPL UMKM Tetap Rendah EkonomiBRI Kembali Ditunjuk KSEI Sebagai Bank Pembayaran dan Bank Administrator RDNTINGGALKAN BALASAN Batal balasanPlease enter your comment! Please enter your name here You have entered an incorrect email address!Please enter your email address here CAPCHA *   −  4  =  1          RADIO STREAMINGIkuti Kami173,303FansSuka21,009PengikutMengikuti6,115PengikutMengikuti4,560PelangganBerlangganan  CuacaDenpasarfew clouds   enter location  27.8 ° C  27.8 °  27.8 °  78%  7.7kmh  20%Kam 28 °Jum 28 °Sab 26 °Ming 27 °Sen 27 °  Iklan BarisCLAS-00009-01-12-2019 Ayo mulai pesan! Beriklan baris cetak dan online segera akan tampil di portal balipost.comCLAS-00008-01-12-2019 Ayo mulai pesan! Beriklan baris cetak dan online segera akan tampil di portal balipost.comCLAS-00007-01-12-2019 Ayo mulai pesan! Beriklan baris cetak dan online segera akan tampil di portal balipost.comCLAS-00006-01-12-2019 Ayo mulai pesan! Beriklan baris cetak dan online segera akan tampil di portal balipost.comCLAS-00005-01-12-2019 Ayo mulai pesan! Beriklan baris cetak dan online segera akan tampil di portal balipost.com  Tentang KamiBali Post Portal Media adalah portal berita pertama dengan konten  hiburan, fashion, musik, video dan audio news yang terkini dan terupdate.IKUTI KAMI                    Media SiberMedia PartnerPrivacy PolicyCopyrightDisclaimerTentang Kami © BALIPOST.com   28.8 CDenpasar, BaliRabu, 21 Agustus 2024e-PaperIklanKalenderPojokSurat PembacaEnglish                       BALIPOST.com       NewsBaliBadungBangliBulelengDenpasarGianyarJembranaKarangasemKlungkungTabananPeristiwaInternasionalNasionalPolitikHukumSosbudBudayaSosialSpiritualEkonomiMakroMikroPertanianPendidikanProfilPariwisataBali Wonderful IndonesiaGayaFashionHiburanKesehatanKulinerOlahragaTeknologiMultimediaPhotoVideoAnimasiInfografisLiveRadio SWIB 106.8 FMRadio Genta Bali FM 96.1Radio Singaraja FM 92.0Radio Global FM 96.5Opini    Ekonomi > Dirut BRI Sunarso Dinobatkan The Best CEO in Digital BrandEkonomiMikroNasionalDirut BRI Sunarso Dinobatkan The Best CEO in Digital Brand Selasa, 2 April 2024 | 15:26:21Dirut BRI Sunarso dinobatkan The Best CEO In Digital Brand. (BP/Istimewa)JAKARTA, BALIPOST.com – Berkat konsistensinya dalam berinovasi dan bertransformasi digital, kinerja gemilang PT Bank Rakyat Indonesia (Persero) Tbk berhasil mengantarkan perseroan memborong 12 penghargaan dalam ajang 13th Infobank-Isentia Digital Brand Recognition 2024. Acara penghargaan yang diinisiasi oleh Infobank Media Group dan Isentia tersebut diselenggarakan pada 1 April 2024 di Jakarta.Pada acara penganugerahan tersebut, Direktur Utama BRI Sunarso dinobatkan sebagai The Best CEO in Digital Brand 2024. Anugerah tersebut diberikan atas keberhasilan transformasi yang dilakukan BRI sehingga perseroan menjadi perusahaan yang memberikan landasan pelayanan berbasis digital kepada publik dengan sangat memuaskan.BRI juga diakui sebagai salah satu perusahaan perbankan terbaik atas hasil penilaian masyarakat dan feedback media sosial pada produk-produk dan layanan perbankan berbasis digitalnya.Baca juga:  BRI Sambut Baik Peningkatan Alokasi KUR di 2022Sementara itu, 11 penghargaan lain yang diterima BRI diantaranya yakni The Best Overall Tabungan Bank Umum Konvensional 2024, The Best Overall Tabungan Bank Umum Konvensional 2024-KBMI 4 (Modal Inti di atas Rp70 triliun), The 2nd Best Overall KPR Bank Umum Konvensional 2024, The 2nd Best Overall Wealth Management Bank Umum Konvensional 2024, The 2nd Best Overall Mobile Banking Bank Umum Konvensional 2024, The 2nd Best Deposito Bank Umum Konvensional 2024-KBMI 4 (Modal Inti di atas Rp70 triliun).Kemudian The 2nd Best Overall Wealth Management Bank Umum Konvensional 2024-KBMI 4 (Modal Inti di atas Rp70 triliun), The 2nd Best Mobile Banking Bank Umum Konvensional 2024-KBMI 4 (Modal Inti di atas Rp70 triliun), The 2nd Best Deposito Bank Umum Konvensional 2024-KBMI 4 (Modal Inti di atas Rp70 triliun), The 3rd Best Overall Bank Umum Konvensional 2024, dan The 3rd Best Overall Bank Umum Konvensional 2024-KBMI 4 (Modal Inti d atas Rp70 triliun).Baca juga:  Kopi Takengon Aceh ke AS, Ini Buah Pemberdayaan UMKM BRITerkait dengan capaian tersebut, Direktur Utama BRI Sunarso mengungkapkan bahwa penghargaan tersebut didedikasikan untuk seluruh Insan BRILian atau pekerja BRI. Pihaknya memberikan apresiasi setinggi-tingginya kepada Insan BRILian karena telah memberikan kontribusi optimal kepada perusahaan dan memberikan pelayanan terbaik untuk nasabah.Ia melanjutkan, BRI sebagai bank dengan jaringan terluas di Indonesia mampu menjalankan transformasi secara berkelanjutan. Transformasi difokuskan pada dua aspek utama, yakni digital & culture.  “Kami terus men-create value baru melalui digitalisasi untuk menjalankan business model”, jelasnya. Seperti diketahui, layanan perbankan saat ini dilakukan melalui beragam produk dan layanan keuangan digital. BRI pun dinilai berhasil menjawab kebutuhan dan perubahan pola transaksi masyarakat secara digital.Baca juga:  Kemenkeu Kembalikan Kelebihan Pembayaran Pajak Sebesar Rp 7,3 MiliarHal ini dibuktikan salah satunya melalui catatan selama tahun 2023, sebanyak 99% dari total transaksi BRI dilakukan melalui kanal digital. Sementara itu, sisanya dilakukan secara konvensional di cabang atau unit kerja BRI. Transformasi digital di BRI mampu menyediakan layanan digital banking yang mudah, praktis, aman dan nyaman.Sunarso pun menambahkan ke depan BRI akan terus berinovasi mengembangkan layanan digital sebagai bagian dari journey transformasinya. “Transformasi digital telah membantu mendongkrak industri perbankan dengan cepat, meningkatkan inklusi keuangan, dan memberdayakan Usaha Ultra Mikro, Mikro, Kecil, dan Menengah yang merupakan salah satu fokus utama BRI,” pungkasnya. (Adv/balipost)  BAGIKAN Facebook Twitter   tweet Ewik Mendala BERITA TERKAITDARI PENULIS EkonomiCiptakan Perputaran Ekonomi Rp10,42 triliun, BRI Kembali Jadi Sponsor Utama Liga 1 2024-2025 EkonomiJadi Perusahaan Pembayar Pajak Terbesar, BRI Diapresiasi Oleh Negara EkonomiBRI Borong Penghargaan di Malam Apresiasi Emiten 2024 EkonomiBrand Value BRI Meroket 30 Persen Jadi USD11,25 Miliar MikroTriwulan II 2024, Simpanan BRI Tumbuh 11,61 Persen EkonomiIndeks Bisnis UMKM BRI Triwulan II 2024: Bisnis UMKM Mulai Membaik dan Prospektif MikroIni, Cerita Desa Cikaso yang Raih Juara Desa BRILian EkonomiDi Bawah Rasio Perbankan Nasional, Ini Jurus BRI Kelola NPL UMKM Tetap Rendah EkonomiBRI Kembali Ditunjuk KSEI Sebagai Bank Pembayaran dan Bank Administrator RDNTINGGALKAN BALASAN Batal balasanPlease enter your comment! Please enter your name here You have entered an incorrect email address!Please enter your email address here CAPCHA *   −  4  =  1          RADIO STREAMINGIkuti Kami173,303FansSuka21,009PengikutMengikuti6,115PengikutMengikuti4,560PelangganBerlangganan  CuacaDenpasarfew clouds   enter location  27.8 ° C  27.8 °  27.8 °  78%  7.7kmh  20%Kam 28 °Jum 28 °Sab 26 °Ming 27 °Sen 27 °  Iklan BarisCLAS-00009-01-12-2019 Ayo mulai pesan! Beriklan baris cetak dan online segera akan tampil di portal balipost.comCLAS-00008-01-12-2019 Ayo mulai pesan! Beriklan baris cetak dan online segera akan tampil di portal balipost.comCLAS-00007-01-12-2019 Ayo mulai pesan! Beriklan baris cetak dan online segera akan tampil di portal balipost.comCLAS-00006-01-12-2019 Ayo mulai pesan! Beriklan baris cetak dan online segera akan tampil di portal balipost.comCLAS-00005-01-12-2019 Ayo mulai pesan! Beriklan baris cetak dan online segera akan tampil di portal balipost.com  Tentang KamiBali Post Portal Media adalah portal berita pertama dengan konten  hiburan, fashion, musik, video dan audio news yang terkini dan terupdate.IKUTI KAMI                    Media SiberMedia PartnerPrivacy PolicyCopyrightDisclaimerTentang Kami © BALIPOST.com Ekonomi > Dirut BRI Sunarso Dinobatkan The Best CEO in Digital Brand   Pada acara penganugerahan tersebut, Direktur Utama BRI Sunarso dinobatkan sebagai The Best CEO in Digital Brand 2024. Anugerah tersebut diberikan atas keberhasilan transformasi yang dilakukan BRI sehingga perseroan menjadi perusahaan yang memberikan landasan pelayanan berbasis digital kepada publik dengan sangat memuaskan. BRI juga diakui sebagai salah satu perusahaan perbankan terbaik atas hasil penilaian masyarakat dan feedback media sosial pada produk-produk dan layanan perbankan berbasis digitalnya. Sementara itu, 11 penghargaan lain yang diterima BRI diantaranya yakni The Best Overall Tabungan Bank Umum Konvensional 2024, The Best Overall Tabungan Bank Umum Konvensional 2024-KBMI 4 (Modal Inti di atas Rp70 triliun), The 2nd Best Overall KPR Bank Umum Konvensional 2024, The 2nd Best Overall Wealth Management Bank Umum Konvensional 2024, The 2nd Best Overall Mobile Banking Bank Umum Konvensional 2024, The 2nd Best Deposito Bank Umum Konvensional 2024-KBMI 4 (Modal Inti di atas Rp70 triliun). Kemudian The 2nd Best Overall Wealth Management Bank Umum Konvensional 2024-KBMI 4 (Modal Inti di atas Rp70 triliun), The 2nd Best Mobile Banking Bank Umum Konvensional 2024-KBMI 4 (Modal Inti di atas Rp70 triliun), The 2nd Best Deposito Bank Umum Konvensional 2024-KBMI 4 (Modal Inti di atas Rp70 triliun), The 3rd Best Overall Bank Umum Konvensional 2024, dan The 3rd Best Overall Bank Umum Konvensional 2024-KBMI 4 (Modal Inti d atas Rp70 triliun). Terkait dengan capaian tersebut, Direktur Utama BRI Sunarso mengungkapkan bahwa penghargaan tersebut didedikasikan untuk seluruh Insan BRILian atau pekerja BRI. Pihaknya memberikan apresiasi setinggi-tingginya kepada Insan BRILian karena telah memberikan kontribusi optimal kepada perusahaan dan memberikan pelayanan terbaik untuk nasabah. Ia melanjutkan, BRI sebagai bank dengan jaringan terluas di Indonesia mampu menjalankan transformasi secara berkelanjutan. Transformasi difokuskan pada dua aspek utama, yakni digital & culture.  “Kami terus men-create value baru melalui digitalisasi untuk menjalankan business model”, jelasnya. Seperti diketahui, layanan perbankan saat ini dilakukan melalui beragam produk dan layanan keuangan digital. BRI pun dinilai berhasil menjawab kebutuhan dan perubahan pola transaksi masyarakat secara digital. Hal ini dibuktikan salah satunya melalui catatan selama tahun 2023, sebanyak 99% dari total transaksi BRI dilakukan melalui kanal digital. Sementara itu, sisanya dilakukan secara konvensional di cabang atau unit kerja BRI. Transformasi digital di BRI mampu menyediakan layanan digital banking yang mudah, praktis, aman dan nyaman. Sunarso pun menambahkan ke depan BRI akan terus berinovasi mengembangkan layanan digital sebagai bagian dari journey transformasinya. “Transformasi digital telah membantu mendongkrak industri perbankan dengan cepat, meningkatkan inklusi keuangan, dan memberdayakan Usaha Ultra Mikro, Mikro, Kecil, dan Menengah yang merupakan salah satu fokus utama BRI,” pungkasnya. (Adv/balipost) CAPCHA *   −  4  =  1           "
Sunarso Kembali Ditunjuk Jadi Wakil Dirut BRI,https://www.stabilitas.id/sunarso-kembali-ditunjuk-menjadi-wakil-dirut-bri/,2024-08-21,2019-01-03,"JAKARTA, Stabilitas —  PT Bank Rakyat Indonesia Tbk (BRI) kembali melakukan Rapat Umum Pemegang Saham Luar Biasa (RUPSLB) di Jakarta, Kamis (3/1/2019). Dalam konferensi pers yang diadakan seusai RUPSLB, Handyani selaku Direktur Konsumer memaparkan RUPSLB memutuskan menambah nomenklatur Wakil Direktur Utama dan menetapkan Sunarso sebagai Wakil Direktur Utama BRI. Sebelumnya, jabatan Wakil Direktur Utama secara nomenklatur telah ditiadakan, namun kembali diadakan pada tahun ini. Penunjukan Sunarso sebagai wadirut BRI terbilang cukup mengejutkan. Pasalnya, Suanrso hanya satu tahun menjadi Dirut Pegadaian dan kembali ke jabatan awalnya sebagai Wadirut BRI. Mantan Direktur Commercial & Business Banking Bank Mandiri ini pernah menduduki kursi Wadirut BRI pada 2015-2017.  Selain penunjukan Sunarso menjadi Wakil Direktur Utama Bank BRI, RUPSLB juga menetapkan untuk memberhentikan Jeffry Wurangian sebagai Komisaris dan Kuswiyoto sebagai Direktur di BRI dengan hormat. Berikut Susunan Dewan Komisaris dan Direksi Bank BRI:  Dewan Komisaris Komisaris Utama/Komisaris Independen : Andrinof A. Chaniago Wakil Komisaris Utama/Komisaris : Gatot Trihargo Komisaris : Hadiyanto Komisaris : Nicolaus Teguh Budi Harjanto Komisaris Independen : A. Fuad Rahmany Komisaris Independen : A. Sonny Keraf Komisaris Independen : Mahmud Komisaris Independen : Rofikoh Rokhim   Jajaran Direksi Direktur Utama : Suprajarto Wakil Direktur Utama : Sunarso Direktur Manajemen Risiko : Mohammad Irfan Direktur Human Capital : R. Sophia Alizsa Direktur Keuangan : Haru Koesmahargyo Direktur Hubungan Kelembagaan : Sis Apik Wijayanto Direktur Ritel dan Menengah : Supari Direktur Teknologi Informasi dan Operasi : Indra Utoyo Direktur Mikro dan Kecil : Priyastomo Direktur Jaringan dan Layanan : Osbal Saragi Rumahorbo Direktur Kepatuhan : Achmad Solichin Lutfiyanto Direktur Konsumer : Handayani   “Pengangkatan akan berlaku efektif setelah Uji kemampuan dan kepatutan (fit & proper test) oleh Otoritas Jasa Keuangan (OJK),”tutup Handayani. Alamat email Anda tidak akan dipublikasikan. Ruas yang wajib ditandai * Komentar *  Nama *  Email *  Situs Web   Simpan nama, email, dan situs web saya pada peramban ini untuk komentar saya berikutnya.  

  Δ JAKARTA, Stabilitas – PT Perta Life Insurance (PertaLife Insurance) menjalin sinergi dengan PT Indonesia Epson Industry (IEI) untuk pengelolaan asuransi... JAKARTA, Stabilitas.id – Bank Indonesia menyampaikan perkembangan indikator stabilitas nilai Rupiah, sebagai berikut: Perkembangan Nilai Tukar 12 – 16 Agustus... JAKARTA, Stabilitas.id – Bertepatan dengan HUT ke-79 Republik Indonesia, sekaligus bentuk edukasi Cinta, Bangga, dan Paham (CBP) Rupiah, Bank Indonesia... JAKARTA, Stabilitas.id – Bank Indonesia menyampaikan perkembangan indikator stabilitas nilai Rupiah, sebagai berikut: Perkembangan Nilai Tukar 5 - 9 Agustus... JAKARTA, Stabilitas.id – Industri perdagangan berjangka komoditi (PBK) tetap harus bertransformasi secara digital, karena perkembangan ekonomi mengarah ke perdagangan digital.... JAKARTA, Stabilitas.id - PT Bank CIMB Niaga Tbk (CIMB Niaga), melalui inisiatif #GetWealthSoon, memperkenalkan berbagai pilihan investasi digital melalui aplikasi... Copyright © 2021 – Stabilitas Login to your account below 

 

 

Remember Me
 



 Please enter your username or email address to reset your password. 

 



 Copyright © 2021 Stabilitas - Governance, Risk Management & Compliance"
"Dirut BRI Sofyan Basyir Jadi Dirut PLN, Chandra Hamzah ...",https://setkab.go.id/dirut-bri-sofyan-basyir-jadi-dirut-pln-chandra-hamzah-komisaris-utama/,2024-08-21,2014-12-23,"Menteri BUMN Rini Soemarno didampingi Menteri ESDM Sudirman Said, Sofyan Basyir, dan Chandra Hamzah, saat pengumuman hasil RUPS PT. PLN, di Jakarta, Selasa (23/12) malam Rapat Umum Pemegang Saham (RUPS) PT PLN (Persero) pada Selasa (23/12) memutuskan untuk mengangkat Direktur Utama (Dirut) Bank BRI Sofyan Basyir sebagai Dirut baru menggantikan Dirut sebelumnya Nur Pamudji, yang sudah mengajukan pengunduran diri sejak beberapa waktu lalu. Menteri BUMN Rini Soemarno yang mengumumkan hasil RUPS di kantor Kementerian BUMN, Selasa (23/12) malam,  juga menyebutkan bahwa Sofyan Basyir didampingi oleh 7 (tujuh) orang direktur, yaitu: 1. Sarwono Sudarto; 2. Nicke Widyawati; 3. Murtaqqi Syamsuddin; 4. Supangkat Iwan Santoso; 5. Amin Subekti; 6. Nasri Sebayang; dan 7. Amir Rosidin. Adapun di jajaran Komisaris PT. PLN, RUPS menunjuk Chandra Hamzah, mantan pimpinan Komisi Pemberantasan Korupsi (KPK) sebagai Komisaris Utama; didampingi 2 (dua) komisaris, yaitu Budiman (Mantan KSAD); dan Hasan Bisri (mantan Wakil Ketua BPK). Menteri BUMN Rini Soemarno mengatakan, proses terpilihnya Sofyan Basyir sama dengan pemilihan direksi BUMN lainnya, yaitu melalui assessment. Sofyan dinilai memiliki rekam jejak yang baik selama memimpin Bank BRI. Pak Sofyan telah membuktikan rekam jejaknya dengan membesarkan BRI dengan membuat sistem sampai ke pelosok,” papar Rini yang didampingi Menteri ESDM Sudirman Said. Sofyan juga dinilai telah berhasil membangun sumber daya manusia. “Beliau telah buktikan itu. Beliau akan mampu membesarkan PLN, memberikan service di seluruh pelosok Indonesia,” ucap Rini meyakinkan. Adapun Sofyan Basyir sendiri mengaku bersedia menerima tawaran menjadi Dirut PT PLN meninggalkan Bank BRI karena adanya kesamaan pola bisnis antara kedua BUMN itu, yaitu sama-sama memiliki jangkauan pelayanan yang luas hingga ke pelosok daerah. “Luas bentang kendali BRI dan PLN itu sama, dari Sabang sampai Merauke,” kata Sofyan usai penunjukan dirinya sebagai Dirut PT. PLN (Persero) dalam RUPS yang diselenggarakan di kantor Kementerian BUMN, Jakarta, Selasa (23/12) malam. Sofyan berjanji akan memperbaiki segala kekurangan yang ada di kepemimpinan PLN sebelumnya. “Memang dari direksi sebelumnya ada beberapa kekurangan, dan itu akan kita perbaiki,” kata Sofyan. (*/ES)"
"Dirut BRI Sofyan Basyir Jadi Dirut PLN, Chandra Hamzah ...",https://setkab.go.id/dirut-bri-sofyan-basyir-jadi-dirut-pln-chandra-hamzah-komisaris-utama/,2024-08-21,2014-12-23,"Menteri BUMN Rini Soemarno didampingi Menteri ESDM Sudirman Said, Sofyan Basyir, dan Chandra Hamzah, saat pengumuman hasil RUPS PT. PLN, di Jakarta, Selasa (23/12) malam Rapat Umum Pemegang Saham (RUPS) PT PLN (Persero) pada Selasa (23/12) memutuskan untuk mengangkat Direktur Utama (Dirut) Bank BRI Sofyan Basyir sebagai Dirut baru menggantikan Dirut sebelumnya Nur Pamudji, yang sudah mengajukan pengunduran diri sejak beberapa waktu lalu. Menteri BUMN Rini Soemarno yang mengumumkan hasil RUPS di kantor Kementerian BUMN, Selasa (23/12) malam,  juga menyebutkan bahwa Sofyan Basyir didampingi oleh 7 (tujuh) orang direktur, yaitu: 1. Sarwono Sudarto; 2. Nicke Widyawati; 3. Murtaqqi Syamsuddin; 4. Supangkat Iwan Santoso; 5. Amin Subekti; 6. Nasri Sebayang; dan 7. Amir Rosidin. Adapun di jajaran Komisaris PT. PLN, RUPS menunjuk Chandra Hamzah, mantan pimpinan Komisi Pemberantasan Korupsi (KPK) sebagai Komisaris Utama; didampingi 2 (dua) komisaris, yaitu Budiman (Mantan KSAD); dan Hasan Bisri (mantan Wakil Ketua BPK). Menteri BUMN Rini Soemarno mengatakan, proses terpilihnya Sofyan Basyir sama dengan pemilihan direksi BUMN lainnya, yaitu melalui assessment. Sofyan dinilai memiliki rekam jejak yang baik selama memimpin Bank BRI. Pak Sofyan telah membuktikan rekam jejaknya dengan membesarkan BRI dengan membuat sistem sampai ke pelosok,” papar Rini yang didampingi Menteri ESDM Sudirman Said. Sofyan juga dinilai telah berhasil membangun sumber daya manusia. “Beliau telah buktikan itu. Beliau akan mampu membesarkan PLN, memberikan service di seluruh pelosok Indonesia,” ucap Rini meyakinkan. Adapun Sofyan Basyir sendiri mengaku bersedia menerima tawaran menjadi Dirut PT PLN meninggalkan Bank BRI karena adanya kesamaan pola bisnis antara kedua BUMN itu, yaitu sama-sama memiliki jangkauan pelayanan yang luas hingga ke pelosok daerah. “Luas bentang kendali BRI dan PLN itu sama, dari Sabang sampai Merauke,” kata Sofyan usai penunjukan dirinya sebagai Dirut PT. PLN (Persero) dalam RUPS yang diselenggarakan di kantor Kementerian BUMN, Jakarta, Selasa (23/12) malam. Sofyan berjanji akan memperbaiki segala kekurangan yang ada di kepemimpinan PLN sebelumnya. “Memang dari direksi sebelumnya ada beberapa kekurangan, dan itu akan kita perbaiki,” kata Sofyan. (*/ES)"
Mantan Dirut BRI Suprajarto Wafat - Keuangan - KONTAN,https://keuangan.kontan.co.id/news/mantan-dirut-bri-suprajarto-wafat,2024-08-21,2023-12-19,"Reporter: Khomarul Hidayat | Editor: Khomarul Hidayat KONTAN.CO.ID - JAKARTA. Mantan Direktur Utama Bank Rakyat Indonesia (BRI) Suprajarto meninggal dunia. Bankir senior ini wafat di Singapura pada Selasa (19/12) pukul 09.08 waktu setempat.  ""Mohon dimaafkan segala kesalahan Almarhum. Semoga amal ibadahnya diterima di sisi Allah SWT. Aamiin Allahumma Aamiin,"" demikian kabar duka yang disampaikan pihak keluarga.  Suprajarto berkarier di BRI dari nol. Pria kelahiran Yogyakarta tahun 1956 ini bergabung di bank pelat merah itu sejak 1983 silam.  Tapi, Suprajarto sempat berlabuh di PT Bank Negara Indonesia (BNI) Tbk selama dua tahun. Ia menduduki posisi wakil direktur utama BNI.  Baca Juga: Hingga Awal Desember 2023, Dana Kelolaan Wealth Management BRI Tembus Rp 205 Triliun   Jebolan Fakultas Ekonomi Universitas Pembangunan Nasional ""Veteran"" Yogyakarta ini pernah mendapatkan penghargaan dari The Asian Banker CEO Leadership Achievement Award for Indonesia dan Marketeer of The Year tahun 2018.  Tahun 2019, Suprajarto sempat ditunjuk menjadi Direktur Utama Bank Tabungan Negara (BTN) saat ia masih menjabat Direktur Utama BRI. Namun, Suprajarto menolak penunjukan tersebut.  Cek Berita dan Artikel yang lain di Google News"
Dirut BRI Siap Ikuti Arahan Pemerintah soal Restrukturisasi ...,https://www.viva.co.id/bisnis/1735931-dirut-bri-siap-ikuti-arahan-pemerintah-soal-restrukturisasi-kredit,2024-08-21,2024-07-25,"Jakarta – Presiden Joko Widodo (Jokowi) meminta agar stimulus restrukturisasi kredit COVID-19, yang diberlakukan sejak Maret 2020 dan berakhir pada 31 Maret 2024, bisa dimundurkan hingga tahun 2025 mendatang. Direktur Utama PT Bank Rakyat Indonesia (Persero) Tbk (BBRI), Sunarso menegaskan, pihaknya siap mengikuti instruksi Presiden Jokowi tersebut sambil menunggu Peraturan Otoritas Jasa Keuangan (POJK) sebagai aturan yang melandasinya. ""Tapi seandainya tidak ada aturannya yang mengatur itu, maka BRI akan tetap fokus untuk mengatasi kredit bermasalah,"" kata Sunarso dalam konferensi pers Paparan Kinerja Keuangan Triwulan II-2024 di Jakarta, Kamis, 25 Juli 2024. Dia mengatakan, hingga saat ini masih banyak tantangan di pasar terkait penyaluran kredit yang berkualitas, utamanya di segmen mikro. Karenanya, apabila pemerintah tidak memperpanjang kebijakan stimulus kredit itu, maka BRI akan terus fokus memperkuat pencadangan guna mengantisipasi pemburukan kualitas kredit di segmen UMKM. Selain itu, apabila kebijakan stimulus tidak diperpanjang, BRI juga masih akan melakukan restrukturisasi secara komersial terhadap UMKM yang menghadapi kredit bermasalah. ""Kita memang harus menyelesaikan problem loan itu, dengan ketentuan-ketentuan mengikuti kaidah risk management. Yang paling utama, kalau kita menghapus (write off) kredit, harus cukup cadangannya. Maka yang paling penting adalah menyiapkan cadangannya,"" ujar Sunarso. Dia memastikan, BRI sendiri sebenarnya sudah menyiapkan berbagai bantalan termasuk alokasi biaya pencadangan, jauh sebelum periode kebijakan stimulus restrukturisasi kredit itu berakhir pada akhir Maret lalu. ""Itu (pencadangan) sudah kita lakukan dengan baik, dan sekarang sudah berjalan,"" ujarnya. Diketahui, pada 11 Juli 2024 lalu, Menteri Koordinator bidang Perekonomian, Airlangga Hartarto mengatakan, pemerintah masih mengkaji opsi perpanjangan kebijakan stimulus restrukturisasi kredit tersebut, utamanya bagi kredit usaha rakyat (KUR). Sementara Ketua Dewan Komisioner OJK, Mahendra Siregar mengatakan, pihaknya juga masih mendalami arahan dari Presiden Jokowi terkait opsi perpanjangan restrukturisasi kredit itu."
Dirut BRI Finance Ajak Mahasiswa UGM Mengelola ...,https://marketing.co.id/dirut-bri-finance-ajak-mahasiswa-ugm-mengelola-keuangan-dengan-bijak-di-era-digital/,2024-08-21,2024-06-12,"Marketing.co.id – Berita Financial Services | Beberapa waktu lalu, PT BRI Multifinance Indonesia (BRI Finance) hadir dalam MBA Talks 8.0 – Executive  Series bertajuk “Unlock Your Future with Financial Intelligence“ di Auditorium Sukadji  Ranuwihardjo, MM FEB Universitas Gadjah Mada (UGM). Sebagai  pembicara utama, Direktur Utama BRI Finance Wahyudi Darmawan menyampaikan  pentingnya Financial Planning in the Volatile Market. Kehadirannya sebagai  Direktur Utama BRI Finance merupakan salah satu wujud komitmen Perusahaan untuk  meningkatkan literasi keuangan di kalangan generasi muda Indonesia. BRI Finance percaya  bahwa dengan pengetahuan yang baik tentang pengelolaan kekayaan, masyarakat dapat  mencapai stabilitas finansial yang lebih baik dan berkontribusi pada pertumbuhan ekonomi. “Saya ingin memberikan pemahaman yang mendalam tentang bagaimana mengelola kekayaan  yang dimiliki dengan bijak, khususnya di era digital ini,” kata Wahyudi dihadapan mahasiswa pascasarjana Fakultas Ekonomi dan Bisnis UGM. Dalam kesempatan tersebut, Wahyudi menekankan pentingnya melakukan diversifikasi portofolio sebagai strategi utama dalam mengelola kekayaan. Hal penting lain yang harus diperhatikan dalam wealth management adalah investasi yang berkelanjutan dan manajemen risiko. “Kita harus berhati-hati dan memahami risiko yang ada. Diversifikasi portofolio, pengelolaan risiko dan investasi berkelanjutan adalah kunci untuk mencapai stabilitas finansial jangka panjang. Unlock Your Financial Freedom,” tambahnya. Wahyudi juga menyoroti tiga pilar utama dalam wealth management, yakni  Perlindungan dan Kelestarian Kekayaan, Pertumbuhan dan Akumulasi Kekayaan, serta  Distribusi dan Transisi Kekayaan. Pilar pertama membahas pentingnya perlindungan dan  kelestarian kekayaan di tengah peningkatan angka harapan hidup di Indonesia. Dia menyebut, terdapat fakta bahwa 49% orang usia 60 tahun bergantung pada orang lain, dan hanya 1% yang  kaya raya. Menurut data BPS, angka harapan hidup rata-rata di Indonesia tahun 2023 adalah 70 tahun untuk laki-laki dan 74 tahun untuk perempuan. Oleh karena itu, Wahyudi menekankan pentingnya asuransi jiwa, asuransi umum, dan asuransi  kesehatan untuk melindungi kekayaan di hari tua. Dalam pilar kedua, Pertumbuhan dan Akumulasi Kekayaan, Wahyudi menjelaskan  persepsi risiko investasi di kalangan generasi muda. “Sebanyak 62,7% generasi muda melihat  mata uang kripto sebagai investasi dengan risiko tinggi, sementara 52,8% menganggap saham  memberikan keuntungan besar,” kata Wahyudi. Pilar ketiga, Distribusi dan Transisi Kekayaan, menyoroti fakta di balik pensiun di Indonesia, di  mana hanya 5,06% tenaga kerja yang memiliki dana pensiun. “Empat dari lima orang menunda  pensiun karena tidak memiliki cukup dana,” ungkap Wahyudi. Lewat materi ini, Wahyudi membahas pentingnya manajemen keuangan untuk di hari tua melalui simpanan individu, rencana keuangan pribadi serta asuransi jiwa dan kesehatan. Talkshow ini memberikan kesempatan bagi mahasiswa UGM untuk belajar langsung dari ahli  yang berpengalaman tentang cara mengelola keuangan dengan bijak dan mempersiapkan diri  menghadapi tantangan ekonomi di masa depan. Dengan pemahaman yang lebih baik tentang  wealth management, diharapkan para mahasiswa dapat menerapkan strategi yang efektif  dalam kehidupan pribadi maupun profesional mereka. Dalam penutup seminar, Wahyudi  menegaskan pentingnya memulai investasi sejak dini dan menekankan bahwa  langkah pertama menuju stabilitas finansial adalah dengan memahami dan memanfaatkan berbagai instrumen investasi yang ada. “Jika ingin membangun kekayaan, maka harus berinvestasi,” pungkas Wahyudi. Save my name, email, and website in this browser for the next time I comment.  

  Δ Free e-Magz! Click here to Download!   Edisi Cetak (Rp50.000) bisa dibeli di  Tokopedia Free e-Magz! Click here to Download!   Edisi Cetak (Rp50.000) bisa dibeli di  Tokopedia. Marketing.co.id adalah sebuah portal berita dan info marketing yang mengusung tagline Portal Berita Marketing & Bisnis No. 1 bertujuan sebagai sarana berbagi informasi, belajar, diskusi, serta sharing tentang dunia marketing. Email: redaksi@marketing.co.id
Email: redaksi@majalahmarketing.com
WhatsApp:  0811 1922 9999
 © marketing.co.id | 2023"
Mantan Dirut BRI Temu Kangen: (5-Habis)Wawancara ...,https://republiknews.co.id/mantan-dirut-bri-temu-kangen-5-habiswawancara-sambil-bermain-golf-dengan-wapres/,2024-08-21,2024-05-15,"REPUBLIKNEWS.CO.ID, MAKASSAR — Bagian akhir tulisan ini bukan cerita dalam temu kangen itu sebenarnya, tetapi sekadar bumbu tambahan untuk menambahkan sisi lain silaturahim saya dengan Asmawi yang tidak pernah pudar. Di dalam buku autobiografi saya berjudul “Lorong Waktu” (Penerbit Phinatama Media, 2021), Asmawi Syam sempat menoreh kesannya. Selengkapnya:“Saya mengenal Pak MDA sebagai sosok yang  sangat mencintai dunianya “jurnalisme”, sejak menapakkan kaki di kampus sebagai mahasiswa, sampai dengan saat ini secara totalitas ditekuninya. Diawali ikut membesarkan koran  kampus “Identitas” sampai berkiprah di koran “Pedoman Rakyat.”Secara personal kami berdua sangat dekat sebagai aktivis kampus. Pak MDA bergaulnya luas, sahabatnya banyak, dan merawat persahabatan dengan prinsip friendship for life. Itulah kekuatannya  yang selalu dijunjung tinggi. Jika ada perbedaan tidak mengganggu persahabatan. Kami bersahabat sampai saat ini, tidak hanya saya tapi juga dengan Istri saya yang juga aktivis Kampus. Bahkan keduanya sama-sama diwisuda di Aula Fakultas Kedokteran Unhas pada awal tahun 1981. Pak MDA sangat care dengan sahabat. Hal lain yang mengesankan Pak MDA memiliki kepribadian yang cool, membawa suasana teduh baik dalam pergaulan sehari-hari maupun dalam berbagai interaksi kemahasiswaan dan forum-forum diskusi. Suasananya selalu damai. Menghargai persamaan dan perbedaan. Meskipun kami memilki profesi yang berbeda, Pak MDA sebagai jurnalis profesioanal, saya bankir profesional, tidak membuat kami sulit menemukan persamaan dalam berbagai dialog. Harapannya be your self because that is your strength”. Baca Juga : Obituari Hasyim Ado: Pernah Dibantingi Pistol Hubungan silaturahim saya dengan Asmawi terjalin sejak mahasiswa. Kita sama-sama aktivis. Bedanya, dia aktivis organisasi kemahasiswaan dan aktivis pers kampus. Posisi yang berbeda ini selalu membuka ruang kami selalu berkomunikasi. Posisi saya ini membuat nyaris tidak ada aktivis angkatannya yang saya tidak kenal dan sebaliknya. Setelah barkarier di BRI, saya boleh disebut kerap bertemu dengan sobat Asmawi Syam. Termasuk ketika menjabat Pemimpin BRI Cabang Somba Opu, saat dia mengubah pemandangan di Pantai Losari dengan bantuan gerobak penjual pisang epek berlabel BRI. Ketika saya meliput PSM di Surabaya pada tahun 1990-an, kebetulan Asmawi sedang bertugas di Kota Pahlawan tersebut. Mumpung tidak ada kegiatan pagi, hari Ahad pula, saya dengan almarhum Syarif Usman (TVRI), mengontaknya. Mungkin juga lagi tidak ada acara, kami berdua pun dijemput dengan mengemudi sendiri mobilnya. Tujuan kami adalah sebuah lapangan golf. Kami tidak bermain golf di sini, hanya bersantap siang. Setelah itu kami diantar ke Hotel tempat menginap. Baca Juga : Mantan Dirut BRI Temu Kangen: (4)Satu Malam, Bobol 4 Kantor BRI Unit Setelah itu, pertemuan kami biasanya di Jakarta saat saya belum purnabakti dan ada tugas ke ibu kota. Pernah sekali waktu, tahun 2015, tidak lama setelah terpilih sebagai Direktur Utama Bank BRI, saya mengirim pesan ucapan selamat atas jabatan puncak yang diembannya di Bank tempat dia berkarier dari staf itu. Saya kebetulan sedang di Jakarta bersama putra pertama, Haryadi, dan rekan Basuki Hariyanto, penata letak buku-buku yang saya tulis.“Selamat yang hangat atas jabatan barunya, Dirut Bank BRI,” pesan saya melalui WA dari kediaman sepupu, Prof. Dr. Ahmad Thib Raya, M.A. di Jl. Matraman Dalam Jakarta Pusat, kemudian memberi tahu saya kebetulan sedang di Jakarta.“Oh..ya. Saya tunggu di kantor setelah salat Jumat,” Pak Asmawi membalas.Saya pun memberi tahu ‘rombongan kecil’ saya perihal balasan pesan tersebut.Kami pun meluncur menggunakan taksi ke Menara BRI yang menjulang tinggi di Jl. Sudirman. Tiba di gedung puluhan tingkat itu, kami bertanya kepada Satpam yang berjaga perihal tujuan kami. Dari gesturnya, Satpam sepertinya tidak percaya kalau kami merupakan tamu bosnya. Mungkin melihat penampilan kami yang tidak mengenakan jas atau dasi. Lantaran habis pulang salat Jumat bahkan Heri, putra saya, masih mengenakan baju kaos. Melihat bahasa tubuhnya yang cuek, saya pun langsung menelepon Asmawi dan memberi tahu posisi dengan  telepon dalam posisi “speaker’ (suaranya dibesarkan).“Langsung saja ke lantai..,” Asmawi meminta kami menuju lantai yang dimaksud.“Ini suaranya Pak Dirut yang meminta kami ke tempat beliau,” saya memberi tahu Satpam.“Siap..,” Satpam itu langsung dalam posisi siap dan membuka serta menekan tombol nomor lantai tujuan kami. Baca Juga : Mantan Dirut BRI Temu Kangen: (3)Dari Staf ke Posisi Puncak Kebetulan saat itu Asmawi baru saja kembali dari menunaikan salat Jumat dan belum ada tamu. Kami mungkin boleh jadi, tamu pertama yang bertandang ke ruangannya setelah salat Jumat. Saya pun menyampaikan selamat atas jabatan puncak yang dipangkunya, setelah merintis karier dari bawah.  Setelah beberapa menit menikmati minuman ringan di Menara BRI Jakarta, kami mohon diri karena paham akan kesibukan seorang pejabat puncak bank yang pertama kali berdiri di Purwokerto 16 Desember 1895 tersebut. Asmawi menyelipkan biaya taksi kami kembali ke penginapan. Setelah pertemuan itu, setahun kemudian, tepatnya 2 Juli 2016, saya diajak adik sepupu Hamdan Zoelva menemaninya bermain golf. Saya sudah tiga empat kali diajak ke lapangan golf, tetapi hanya menjadi penonton. Namun kali ini justru kesempatan yang saya tunggu-tunggu karena salah seorang teman satu grup permainan Hamdan selain Pak Jusuf Kalla (JK) yang saat itu baru dua tahun menjabat wakil presiden untuk kedua kalinya, ada  Asmawi Syam. Kebetulan saya memerlukan komentarnya berkaitan dengan sosok Ahmad Amiruddin yang menjadi guru dan ayah ideologinya bersama para aktivis mahasiswa Unhas lain pada masanya. Baca Juga : Mantan Dirut BRI Temu Kangen: (2)Tiga ‘Jimat’ yang Buat ‘Survive’ Untuk memperoleh informasi dari Pak Asmawi, saya harus ikut berjalan dari ‘hole’ ke ‘hole’. Saya terus mepet ke Pak Asmawi yang berjalan bederetan dengan Pak JK. Pemandangan ini menarik perhatian dua orang personel Pasukan Pengamanan Presiden (Paspamres) yang mengawal Pak JK selama permainan golf.“Bapak dari Palang Merah, ya,” tanya  anggota Paspampres pertama.“Oh..bukan. Saya teman dari Pak Asmawi, Pak Hamdan, dan juga tim media Pak JK ketika berpasangan dengan Pak SBY tahun 2004,” jawab saya. Anggota Paspampres itu pun maklum dan menjauh dari saya. Belum lama lagi berjalan, seorang personel Paspampres lainnya merapat ke dekat saya dan mengajukan pertanyaan yang sama. Saya pun memberikan jawaban yang sama dengan personel pertama. Setelah itu tidak terjadi tanya-tanya lagi hingga usai permainan golf menjelang magrib, ernyata selama permainan golf berlangsung, Pak JK juga rupanya bertanya-tanya tentang kehadiran saya.“Kenapa Dahlan itu  hanya jalan-jalan saja mengikuti orang yang main golf,” tanya Pak JK, seperti diungkapkan Pak Asmawi kepada saya.“Oh..dia mewawancarai saya selama kita bermain Pak JK,” jawab Pak Asmawi.Usai bermain golf, kami bersih-bersih di ruang ganti dan kamar mandi Lapangan Golf Senayan. Dari lapangan golf kami  langsung ke kantor Wakil Presiden untuk menghadiri acara buka puasa Ikatan Keluarga Alumni (IKA) Unhas yang kebetulan waktu itu  Pak JK menjabat ketua umum. Karena saya tidak berpakaian gamis, Pak Asmawi memberikan saya pakaian gamis putih lengan panjang untuk mengganti pakaian kasual yang saya pakai selama ikut mendampingi para pemain golf. Pakaian itu hingga kini tetap saya pakai saat salat di masjid. Setelah itu, pada tahun 2017 saya ke Jakarta lagi. Kali ini masih berkaitan dengan wawancara narasumber untuk edisi revisi buku Pak Amiruddin yang sampai saat ini belum juga terbit. Saya pun mengontak Pak Asmawi untuk kelengkapan informasi yang diberikan ketika di lapangan golf. Kami berjanji bertemu di salah satu mal, jika tidak salah  Sarinah Jl. Thamrin Jakarta. Saya diantar  rekan Makhfud Sappe, Pemred Majalah LION MAG. Kami sempat minum kopi bertiga, kemudian Makhfud minta pamit karena ada keperluannya. Baca Juga : Mantan Dirut BRI Temu Kangen: (2)Tiga ‘Jimat’ yang Buat ‘Survive’ Saya diajak Asmawi  menuju lantai puncak Sarinah. Ceritanya melihat toko buku, tetapi nyasar di toko pakaian. Seingat saya,  ada yang dibeli waktu itu. Kalau tidak, satu stelan jas. Setelah itu, saya diantar ke salah satu hotel di dekat Pasar Minggu, yang dipilihkan rekan Lexi Mailoa, sponsor perjalanan saya saat itu. Terakhir, saat peluncuran buku “Leadership in Practice” Selasa 8 Oktober 2019 di Ball Room Hotel JS Luwansa Jl. H.R.Rasuna Said Jakarta Selatan.  Buku itu ditulis tandem dengan Prof.Dr.Rhenald Kasali, guru besar dan pakar Manajemen. Peluncuran yang dimulai pukul 14.00 WIB tersebut  dihadiri Wakil Presiden M.Jusuf Kalla yang juga ikut memberikan testimoni di dalam buku tersebut. Buku setebal lebih dari 338 halaman tersebut berisi 35 bab yang terdiri atas pumpunan bab “SPORTIVE LEADERSHIP, TRANSFORMER, VISIONARY, CREATIVITY, INTEGRITY, DETERMINATION, ROYALTY AND RESPONSIBILITY, PROBLEM SOLVER” yang sarat dengan pesan edukatif, kepemimpinan, integritas, kreativitas, visi, sportif, tanggung jawab, transformatif, dan perubahan. Baca Juga : Mantan Dirut BRI Temu Kangen: (2)Tiga ‘Jimat’ yang Buat ‘Survive’ Mendiang Presiden RI B.J.Habibie, Wakil Presiden M.Jusuf Kalla, Menteri BUMN Rini M.Soemarmo, Dirut Bank BRI (1993-2000) Prof.Dr.Djokosantoso Moeljono dan (2019) Rektor Universitas Muhammadiyah Solo (UMS),  dan Prof.Dr.Komaruddin Hidayat (Rektor Universitas Islam Internasional Indonesia – UIII, ikut memberikan testimoni dalam buku tersebut.  Saya merevisi buku tersebut dengan memilih konten yang sedikit “kocak dan+6 humor” yang merupakan pengalaman empirik Asmawi dalam berkarier di BRI dari waktu ke waktu. Saya benar-benar menikmati kisah yang terkadang saya anggap  terasa “konyol” namun tersembunyi pesan ‘leadership’ yang sangat hakiki. Oleh sebab itu, saya tidak berlebihan jika mereka yang mau dan  sedang menjadi pemimpin, bacalah buku ini. Banyak pesan moral dan etika teriring dalam halaman demi halaman buku ini. Pesan tentang etika yang praktiknya  kita bersama  saksikan mulai pudar di kekinian. (M. Dahlan Abubakar) ©2021 - 2024 • SuryaLoe • all rights reserved"
"Kinerja Cemerlang, Dirut BRI Sunarso Dinobatkan ...",https://m.industry.co.id/read/128789/kinerja-cemerlang-dirut-bri-sunarso-dinobatkan-sebagai-maestro-ceo-of-the-year-dan-bri-menjadi-most-profitable-bank-with-best-gcg,2024-08-21,2023-12-15,"Rabu, 21 Agustus 2024 - 15:13 WIB  Find and Follow Us      Oleh : Wiyanto  | Jumat, 15 Desember 2023 - 00:43 WIB INDUSTRY.co.id- Jakarta — Memasuki penghujung tahun 2023, PT. Bank Rakyat Indonesia (Persero) Tbk terus menorehkan capaian positif di sektor industri perbankan nasional. Yang terbaru, Bank BRI mendapatkan dua penghargaan dari CNBC Indonesia Awards 2023 yakni Maestro CEO of The Year untuk Direktur Utama BRI Sunarso, serta kategori Most Profitable Bank with Best GCG (Good Corporate Governance).  Ada pun penghargaan ini diserahkan Jaksa Agung RI ST. Burhanuddin dan Pemimpin Redaksi CNBC Indonesia Wahyu Daniel kepada Direktur Kepatuhan BRI A. Solichin Lutfiyanto di Jakarta (14/12). Untuk kategori Maestro CEO of The Year, penghargaan diberikan karena Sunarso dianggap berhasil memimpin BRI dan terus menjalankan transformasi berkelanjutan yang menjadi fondasi kesuksesan perseroan dalam menjaga kinerja positif. Selama kepemimpinan Sunarso, saham BRI (BBRI) diapresiasi investor dengan keberhasiannyal menyentuh All Time High pada 27 Juli 2023 di level Rp5.750 per lembar saham. Harga tersebut merupakan harga setelah stock split BRI pada 11 Januari 2011 dengan rasio 1:2 dan pada 10 November 2017 dengan rasio 1:5. Selain itu, dibawah kepemimpinan Sunarso, BRI berhasil menjalankan aksi korporasi dengan skala internasional. Pada 13 September 2021, Bank BRI mendapat mandat baru sebagai induk Holding BUMN Ultra Mikro (UMi) melalui sinergi dengan PT Pegadaian dan PT Permodalan Nasional Madani (PNM).  Hal ini ditandai dengan proses tambah modal lewat rights issue. Melalui aksi korporasi tersebut, BRI berhasil meraih nilai emisi sebesar Rp95,9 triliun. Pencapaian ini menjadikan right issue BRI yang terbesar di Asia Tenggara, kemudian terbesar ke-3 di Asia dan ke-7 di Dunia. Selain itu, Sunarso berhasil menginisiasi transformasi di BRI sejak tahun 2016 dengan fokus pada area digital dan culture.  Sementara itu, untuk kategori Most Profitable Bank with Best GCG, BRI menerapkan prinsip-prinsip GCG dalam menjalankan bisnisnya yakni transparansi (transparency), akuntabilitas (accountability), tanggung jawab (responsibility), independensi (independency), serta kewajaran dan kesetaraan (fairness). Atas penghargaan tersebut, Direktur Utama BRI Sunarso mengungkapkan bahwa penghargaan tersebut didedikasikan untuk seluruh insan BRILiaN (pekerja BRI). “Saya dedikasikan penghargaan ini kepada Insan BRILiaN yang telah memberikan kontribusi terbaiknya kepada BRI dan untuk Indonesia”, ungkapnya. Sunarso menegaskan bahwa pencapaian BRI tersebut tak terlepas dari keberhasilan BRI Group mencatatkan kinerja cemerlang secara berkelanjutan. Berdasarkan laporan keuangan perseroan kuartal III-2023, BRI membukukan laba bersih secara konsolidasian senilai Rp 44,21 triliun sampai dengan periode September 2023. Raihan laba tersebut meningkat 12,47% secara yoy. “Kinerja impresif BRI tersebut tentunya sesuai dengan penerapan Good Corporate Governance (GCG) perseroan yang juga dapat menjaga fundamental perusahaan yang sehat”, jelasnya. CNBC Indonesia Awards 2023 mengusung tema 'Maintaining Optimism Amid Uncertainty' merupakan bentuk apresiasi CNBC Indonesia kepada berbagai sektor usaha dan industri yang memiliki andil dalam membawa dampak positif terhadap kemajuan ekonomi tanah air. Rabu, 21 Agustus 2024 - 14:31 WIB Memahami bahwa produktivitas tenaga kerja Indonesia yang terus meningkat hingga mencapai IDR 86.55 juta per pekerja per tahun pada 2022, serta peningkatan penggunaan internet dengan 77% dari… Rabu, 21 Agustus 2024 - 14:22 WIB Vatikan-Organisasi pemuda lintas agama berkunjung ke Vatikan. Kunjungan ini menandai dimulainya kampanye Dokumen Abu Dhabi oleh kelompok ini. Rombongan dipimpin oleh Ketum GP Ansor, Addin Jauharudin… Rabu, 21 Agustus 2024 - 14:02 WIB Jakarta – Untuk memperkuat hubungan bilateral dan ekonomi antara Indonesia dan China, Kamar Dagang China bersama Peraga Expo menggelar dua pameran dengan tema berbeda yakni pameran Indonesia… Rabu, 21 Agustus 2024 - 13:50 WIB Denpasar - Para pelaku usaha depot air minum isi ulang (DAMIU) di Bali terlihat sangat antusias mengikuti seminar dan pelatihan terkait manajemen higiene dan sanitasi yang diselenggarakan Asosiasi… Rabu, 21 Agustus 2024 - 12:10 WIB Setelah resmi diakuisisi oleh ONE Global Capital, One Global Resorts Green Square telah menunjukkan performa luar biasa dengan mencapai tingkat hunian (okupansi) 100% hanya dalam kurun waktu… Majalah Industry © Copyright 2016 - 2021 Industry.co.id. All Right Reserved  Find and Follow Us       Download Apps on  "
Dirut BRI Sunarso Dinobatkan sebagai Best CEO of ...,https://suarantb.com/2024/03/10/dirut-bri-sunarso-dinobatkan-sebagai-best-ceo-of-communication-bri-raih-4-penghargaan-bcomss-2024/,2024-08-21,2024-03-10,"Jakarta (suarantb.com)– Konsisten untuk terus membangun komunikasi yang berkualitas menjadi komitmen PT Bank Rakyat Indonesia (Persero) Tbk atau BRI dalam menyampaikan keterbukaan informasi kepada masyarakat. Terbaru, pencapaian komunikasi BRI mendapat apresiasi lewat penghargaan BUMN Corporate Communication and Sustainability Summit (BCOMSS) 2024 yang diselenggarakan oleh Kementerian BUMN.
Dalam gelaran yang diselenggarakan di Tennis Indoor, Senayan Jakarta, 8 Maret 2024 tersebut, terdapat 4 penghargaan yang disematkan kepada BRI, diantaranya Direktur Utama BRI sebagai Best CEO of Communication, kemudian tiga penghargaan lainnya, yakni Best Stakeholder Management, Best Social Media and Corporate Campaign, dan Corporate Social Media Ranger Activation. Penghargaan tersebut diterima oleh Wakil Direktur Utama BRI Catur Budi Harto. 
Anugerah BCOMSS Awarding Night 2024 dihadiri oleh Menteri BUMN RI Erick Thohir, Staff Khusus III Menteri BUMN Arya Sinulingga, jajaran Direksi BUMN, Corporate Secretary BUMN, lebih dari 2.000 milenials BUMN, dan tim dewan juri yang terdiri dari Elvera N. Makki, Tirto Prakoso, Aurelie Moeremans, Cinta Laura Kiehl.
Menteri BUMN Erick Thohir mengatakan bahwa pihaknya terus mendorong keterbukaan informasi public di BUMN serta diharapkan lebih siap menghadapi isu-isu ataupun informasi yang positif maupun yang negatif untuk keberlangsungan perusahaan BUMN menjadi lebih baik. “Keterbukaan informasi ini bagian dari tadi yang saya sebut penataan yang coba kita terus dorong untuk bisa berlaku di semua BUMN,” ungkapnya. 
Di samping itu, Erick juga mendorong karyawan BUMN untuk turut serta berpartisipasi aktif menyuarakan kinerja dari BUMN sehingga bisa membangun kebanggaan.
Ajang BCOMSS 2024 sendiri merupakan ajang yang diselenggarakan sebagai bentuk apresiasi Kementerian BUMN atas kinerja komunikasi dan Tanggung Jawab Sosial & Lingkungan (TJSL) berkelanjutan dari seluruh korporasi BUMN serta perusahaan anak. Perhelatan ini bertujuan untuk memberikan pemahaman mengenai campaign media massa maupun media sosial serta update knowledge TJSL berkelanjutan. Hal ini selaras dengan komitmen Kementerian BUMN agar setiap BUMN mampu terus memberikan dampak positif bagi masyarakat. 
Terkait penghargaan tersebut, Direktur Utama BRI Sunarso juga menyampaikan apresiasi setinggi-tingginya kepada Insan Brilian yang telah mengukir prestasi dalam kaitannya membangun komunikasi perseroan yang positif.
“Sebagai salah satu BUMN terbesar tanah air, BRI akan terus membangun pesan yang kuat dalam menyampaikan pesan komunikasi, yang tidak hanya menciptakan economic value namun juga peran BRI dalam membangun social value bagi masyarakat Indonesia,” ujarnya.
(r/*) PT. Suara NTB Pers, Jalan Bangau No. 15 Cakranegara, Mataram, Nusa Tenggara Barat Contact us: admin@suarantb.com © SUARANTB.com 2004 - 2024 PT. Suara NTB Pers (Kelompok Media Bali Post)"
Dirut BRI Sunarso Dinobatkan Sebagai Tokoh Finansial ...,https://www.liputan6.com/bisnis/read/4438189/dirut-bri-sunarso-dinobatkan-sebagai-tokoh-finansial-indonesia-2020,2024-08-21,2020-12-20," liputan6 BRI mendapatkan penghargaan sebagai BUMN Terbaik 2020 sektor keuangan kategori perbankan. Diperbarui 20 Des 2020, 19:07 WIBDiterbitkan 20 Des 2020, 19:05 WIB Liputan6.com, Jakarta - PT Bank Rakyat Indonesia (Persero) Tbk (BRI) kembali meraih penghargaan bergengsi. Kali ini BRI mendapatkan penghargaan sebagai BUMN Terbaik 2020 sektor keuangan kategori perbankan. Sedangkan Direktur Utama BRI Sunarso dinobatkan sebagai Tokoh Finansial Indonesia 2020 kategori Perbankan atau sebagai Top National Banker 2020. Penganugerahan dua penghargaan tersebut diterima oleh Direktur Utama BRI Sunarso pada ajang Penghargaan Tokoh Finansial Indonesia 2020 yang diselenggarakan oleh Majalah Investor. Penyelenggaraan Tokoh Finansial Indonesia (TFI) yang ke-17 ini merupakan penghargaan kepada para CEO terbaik di industri keuangan yang dinilai mempunyai kontribusi penting pada industri dan layak menjadi panutan. Baca Juga Selain itu, penghargaan tersebut merupakan bentuk pengakuan terhadap keberhasilan perusahaan dan CEO dalam merespon tantangan di tahun 2020. Advertisement Pemenang penghargaan ini diperoleh dari hasil poling yang disebarkan kepada para praktisi, pengamat dan analis, serta berdasarkan penjurian secara independen pada November - Desember 2020. Dewan juri TFI menekankan pada strategi para CEO agar perusahaan yang dipimpin punya daya tahan melewati krisis, bahkan mampu bertumbuh di tengah pandemi Covid-19. Pendekatan yang digunakan dalam menilai kinerja perusahaan adalah improvement dan achievement, mengacu pada kinerja perusahaan sampai dengan September 2020. Direktur Utama BRI Sunarso yang hadir secara virtual menyambut baik penghargaan tersebut. “Pandemi ini telah berdampak pada bisnis dan ekonomi, yang menyebabkan situasi yang tidak mudah. Dan saya mengapresiasi tinggi penghargaan ini, karena tidak hanya berdasarkan pertumbuhan bisnis, namun kehati-hatian dan ketepatan dalam menetapkan strategi yang paling tepat dalam merespon situasi yang tidak mudah ini dapat dihargai dan dinilai tinggi”, ujar Sunarso dikutip dari keterangan tertulis, Minggu (20/12/2020). Sunarso menambahkan bahwa strategi yang diambil BRI saat ini adalah fokus untuk menyelamatkan UMKM. “Menyelamatkan UMKM sama saja dengan menyelamatkan BRI, menyelamatkan BRI sama dengan menyelamatkan sustainability dari perekonomian Nasional. Untuk itu BRI akan tetap fokus untuk mendorong UMKM bangkit, yang akan meningkatkan kinerja BRI dan pada akhirnya akan memulihkan perekonomian nasional,” tambah Sunarso.   Pemerintah terus mendorong UMKM untuk sanggup bersaing di pasar global. Ini dibuktikan oleh sejumlah UMKM binaan BRI dengan memamerkan produknya yang ternyata punya kualitas tak kalah dari produk impor. * Follow Official WhatsApp Channel Liputan6.com untuk mendapatkan berita-berita terkini dengan mengklik tautan ini. BRI memiliki komitmen untuk terus fokus terhadap pemberdayaan UMKM di Indonesia tidak tinggal diam melihat kondisi saat ini. Perseroan telah mengimplementasikan berbagai strategi dalam rangka mendukung pemerintah melakukan percepatan dalam penyelamatan ekonomi nasional, khususnya untuk menyelamatkan UMKM. Dalam menjaga keberlangsungan UMKM, BRI saat ini gencar melakukan restrukturisasi kredit, dimana saat ini BRI menjadi bank dengan jumlah restrukturisasi terbesar di Indonesia. Hingga 11 Desember 2020, BRI telah merestrukturisasi kredit terdampak Covid-19 sebesar Rp 209,4 triliun kepada lebih dari 2,9 juta pelaku UMKM. Membangkitkan Usaha Mikro, Kecil dan Menengah (UMKM) memiliki peranan krusial terhadap perekonomian Indonesia. Tercatat UMKM memiliki kontribusi sebesar 60,3% dari total produk domestik bruto (PDB) Indonesia. “Memberdayakan UMKM, menjaga keberlanjutan UMKM itu sama dengan menjaga penyediaan tenaga kerja, penyerapan tenaga kerja, dimana itu adalah cara paling mulia memberikan pekerjaan dan menyejahterakan rakyat. Menyelamatkan UMKM sama saja dengan menyelamatkan perekonomian Indonesia, dan sama artinya menyelamatkan BRI,” ungkap Sunarso. Fokus BRI di segmen UMKM ini terlihat dari terus meningkatnya komposisi kredit UMKM BRI dibandingkan total kredit yang disalurkan BRI. Porsi kredit UMKM BRI pada kuartal III Tahun 2019 sebesar 78,10 persen , telah meningkat signifikan menjadi 80,65 persen pada kuartal III 2020.   * Fakta atau Hoaks? Untuk mengetahui kebenaran informasi yang beredar, silakan WhatsApp ke nomor Cek Fakta Liputan6.com 0811 9787 670 hanya dengan ketik kata kunci yang diinginkan. Advertisement Advertisement Advertisement Advertisement Advertisement"
"Jokowi Sebut Dirut BRI Sunarso Harusnya Dapat Nobel, ...",https://economy.okezone.com/read/2024/03/07/455/2980247/jokowi-sebut-dirut-bri-sunarso-harusnya-dapat-nobel-kok-bisa,2024-08-21,2024-03-07,"JAKARTA - Presiden Joko Widodo (Jokowi) mengatakan, Direktur Utama PT Bank Rakyat Indonesia Tbk (BRI) Sunarso seharusnya bisa mendapatkan penghargaan nobel.
Penilaian itu didasarkan atas kinerja Holding Ultra Mikro (UMi) dalam mendukung pembiayaan bagi usaha mikro, kecil, dan menengah (UMKM).  
Jokowi mencatat, jumlah nasabah Holding Ultra Mikro kini mencapai 8,2 juta orang, sejak diluncurkan pertama kali pada 2021 Adapun nilai kredit untuk setiap nasabah UMi maksimal Rp10 juta.

BACA JUGA:Transaksi Agen BRILink Tembus Rp1.400 Triliun, Jokowi: Sebelumnya Diurusi Rentenir 


Tak hanya itu, Jokowi menyebut nasabah PNM Mekaar naik signifikan hingga menyentuh 15,2 juta orang. Pada 2015, nasabah PNM Mekaar hanya sebesar 400.000-an orang saja.
“Apa yang telah dilakukan dalam hal pembiayaan? Saya senang Ada holding BRI, UMi masuk, UMi ini sudah nasabahnya sudah di angka 8,2 juta yang memberi kredit hanya sampai 10 juta. PNM Mekaar nasabahnya sudah 15,2 juta, saya ingat PNM Mekaar di tahun 2015 itu nasabahnya baru 400.000 kurang lebih, sekarang sudah sampai 15,2 juta,” ucap Jokowi saat membuka BRI Microfinance Outlook 2024, Kamis (7/3/2024).

BACA JUGA:Subsidi Bunga KUR Rp46 Triliun, Jokowi: Bisa Jadi 40 Waduk 


“Kemudian ada PNM Mekaar yang bisa memberikan kredit maksimum di angka Rp 25 juta dan juga KUR yang juga bisa memberikan kredit sampai Rp 500 juta,” sambung Jokowi.
Atas jumlah nasabah yang melonjak itu, Jokowi memandang seharusnya Dirut BRI Sunarso mendapatkan nobel.






Follow Berita Okezone di Google News


Dapatkan berita up to date dengan semua berita terkini dari Okezone hanya dengan satu akun di
ORION, daftar sekarang dengan
klik disini
dan nantikan kejutan menarik lainnya


Dia mencontohkan, Muhammad Yunus, pendiri Grameen Bank yang menyediakan kredit mikro dari Bangladesh yang bisa memenangkan penghargaan Nobel pada 2006 lalu. Padahal, saat itu Grameen Bank baru memiliki 6,5 juta nasabah.
“Grameen Bank, bapak Muhammad Yunus itu dapat nobel karena Grameen Bank memiliki nasabah 6,5 juta, ini harusnya pak Dirut, Pak Sunarso ini sudah diberi nobel, harusnya,” ucapnya.
Jokowi mencatat, penghargaan tersebut bisa saja diperoleh Sunarso, bila ada yang memberikan usulan kepada pihak penyelenggara nobel.
“6,5 juta dapat, masa PNM Mekaar 15,2 juta, kemudian UMi 8,2 juta, KUR-nya berapa? 16 juta, angka yang tidak kecil. Gak tau, belum dapat karena belum ada yang mengusulkan, kan bisa diurus kalau urusan-urusan nobel,” ucap Jokowi. 

 Sebelumnya

1
2

Selanjutnya





Follow WhatsApp Channel Okezone untuk update berita terbaru setiap hari

Follow



#jokowi
#BRI
#Dirut BRI Sunarso
#Dirut BRI
#Nobel





















 Penilaian itu didasarkan atas kinerja Holding Ultra Mikro (UMi) dalam mendukung pembiayaan bagi usaha mikro, kecil, dan menengah (UMKM).  
Jokowi mencatat, jumlah nasabah Holding Ultra Mikro kini mencapai 8,2 juta orang, sejak diluncurkan pertama kali pada 2021 Adapun nilai kredit untuk setiap nasabah UMi maksimal Rp10 juta.

BACA JUGA:Transaksi Agen BRILink Tembus Rp1.400 Triliun, Jokowi: Sebelumnya Diurusi Rentenir 


Tak hanya itu, Jokowi menyebut nasabah PNM Mekaar naik signifikan hingga menyentuh 15,2 juta orang. Pada 2015, nasabah PNM Mekaar hanya sebesar 400.000-an orang saja.
“Apa yang telah dilakukan dalam hal pembiayaan? Saya senang Ada holding BRI, UMi masuk, UMi ini sudah nasabahnya sudah di angka 8,2 juta yang memberi kredit hanya sampai 10 juta. PNM Mekaar nasabahnya sudah 15,2 juta, saya ingat PNM Mekaar di tahun 2015 itu nasabahnya baru 400.000 kurang lebih, sekarang sudah sampai 15,2 juta,” ucap Jokowi saat membuka BRI Microfinance Outlook 2024, Kamis (7/3/2024).

BACA JUGA:Subsidi Bunga KUR Rp46 Triliun, Jokowi: Bisa Jadi 40 Waduk 


“Kemudian ada PNM Mekaar yang bisa memberikan kredit maksimum di angka Rp 25 juta dan juga KUR yang juga bisa memberikan kredit sampai Rp 500 juta,” sambung Jokowi.
Atas jumlah nasabah yang melonjak itu, Jokowi memandang seharusnya Dirut BRI Sunarso mendapatkan nobel.






Follow Berita Okezone di Google News


Dapatkan berita up to date dengan semua berita terkini dari Okezone hanya dengan satu akun di
ORION, daftar sekarang dengan
klik disini
dan nantikan kejutan menarik lainnya


Dia mencontohkan, Muhammad Yunus, pendiri Grameen Bank yang menyediakan kredit mikro dari Bangladesh yang bisa memenangkan penghargaan Nobel pada 2006 lalu. Padahal, saat itu Grameen Bank baru memiliki 6,5 juta nasabah.
“Grameen Bank, bapak Muhammad Yunus itu dapat nobel karena Grameen Bank memiliki nasabah 6,5 juta, ini harusnya pak Dirut, Pak Sunarso ini sudah diberi nobel, harusnya,” ucapnya.
Jokowi mencatat, penghargaan tersebut bisa saja diperoleh Sunarso, bila ada yang memberikan usulan kepada pihak penyelenggara nobel.
“6,5 juta dapat, masa PNM Mekaar 15,2 juta, kemudian UMi 8,2 juta, KUR-nya berapa? 16 juta, angka yang tidak kecil. Gak tau, belum dapat karena belum ada yang mengusulkan, kan bisa diurus kalau urusan-urusan nobel,” ucap Jokowi. 

 Sebelumnya

1
2

Selanjutnya





Follow WhatsApp Channel Okezone untuk update berita terbaru setiap hari

Follow



#jokowi
#BRI
#Dirut BRI Sunarso
#Dirut BRI
#Nobel





















 Jokowi mencatat, jumlah nasabah Holding Ultra Mikro kini mencapai 8,2 juta orang, sejak diluncurkan pertama kali pada 2021 Adapun nilai kredit untuk setiap nasabah UMi maksimal Rp10 juta.

BACA JUGA:Transaksi Agen BRILink Tembus Rp1.400 Triliun, Jokowi: Sebelumnya Diurusi Rentenir 


Tak hanya itu, Jokowi menyebut nasabah PNM Mekaar naik signifikan hingga menyentuh 15,2 juta orang. Pada 2015, nasabah PNM Mekaar hanya sebesar 400.000-an orang saja.
“Apa yang telah dilakukan dalam hal pembiayaan? Saya senang Ada holding BRI, UMi masuk, UMi ini sudah nasabahnya sudah di angka 8,2 juta yang memberi kredit hanya sampai 10 juta. PNM Mekaar nasabahnya sudah 15,2 juta, saya ingat PNM Mekaar di tahun 2015 itu nasabahnya baru 400.000 kurang lebih, sekarang sudah sampai 15,2 juta,” ucap Jokowi saat membuka BRI Microfinance Outlook 2024, Kamis (7/3/2024).

BACA JUGA:Subsidi Bunga KUR Rp46 Triliun, Jokowi: Bisa Jadi 40 Waduk 


“Kemudian ada PNM Mekaar yang bisa memberikan kredit maksimum di angka Rp 25 juta dan juga KUR yang juga bisa memberikan kredit sampai Rp 500 juta,” sambung Jokowi.
Atas jumlah nasabah yang melonjak itu, Jokowi memandang seharusnya Dirut BRI Sunarso mendapatkan nobel.






Follow Berita Okezone di Google News


Dapatkan berita up to date dengan semua berita terkini dari Okezone hanya dengan satu akun di
ORION, daftar sekarang dengan
klik disini
dan nantikan kejutan menarik lainnya


Dia mencontohkan, Muhammad Yunus, pendiri Grameen Bank yang menyediakan kredit mikro dari Bangladesh yang bisa memenangkan penghargaan Nobel pada 2006 lalu. Padahal, saat itu Grameen Bank baru memiliki 6,5 juta nasabah.
“Grameen Bank, bapak Muhammad Yunus itu dapat nobel karena Grameen Bank memiliki nasabah 6,5 juta, ini harusnya pak Dirut, Pak Sunarso ini sudah diberi nobel, harusnya,” ucapnya.
Jokowi mencatat, penghargaan tersebut bisa saja diperoleh Sunarso, bila ada yang memberikan usulan kepada pihak penyelenggara nobel.
“6,5 juta dapat, masa PNM Mekaar 15,2 juta, kemudian UMi 8,2 juta, KUR-nya berapa? 16 juta, angka yang tidak kecil. Gak tau, belum dapat karena belum ada yang mengusulkan, kan bisa diurus kalau urusan-urusan nobel,” ucap Jokowi. 

 Sebelumnya

1
2

Selanjutnya





Follow WhatsApp Channel Okezone untuk update berita terbaru setiap hari

Follow



#jokowi
#BRI
#Dirut BRI Sunarso
#Dirut BRI
#Nobel





















 Tak hanya itu, Jokowi menyebut nasabah PNM Mekaar naik signifikan hingga menyentuh 15,2 juta orang. Pada 2015, nasabah PNM Mekaar hanya sebesar 400.000-an orang saja.
“Apa yang telah dilakukan dalam hal pembiayaan? Saya senang Ada holding BRI, UMi masuk, UMi ini sudah nasabahnya sudah di angka 8,2 juta yang memberi kredit hanya sampai 10 juta. PNM Mekaar nasabahnya sudah 15,2 juta, saya ingat PNM Mekaar di tahun 2015 itu nasabahnya baru 400.000 kurang lebih, sekarang sudah sampai 15,2 juta,” ucap Jokowi saat membuka BRI Microfinance Outlook 2024, Kamis (7/3/2024).

BACA JUGA:Subsidi Bunga KUR Rp46 Triliun, Jokowi: Bisa Jadi 40 Waduk 


“Kemudian ada PNM Mekaar yang bisa memberikan kredit maksimum di angka Rp 25 juta dan juga KUR yang juga bisa memberikan kredit sampai Rp 500 juta,” sambung Jokowi.
Atas jumlah nasabah yang melonjak itu, Jokowi memandang seharusnya Dirut BRI Sunarso mendapatkan nobel.






Follow Berita Okezone di Google News


Dapatkan berita up to date dengan semua berita terkini dari Okezone hanya dengan satu akun di
ORION, daftar sekarang dengan
klik disini
dan nantikan kejutan menarik lainnya


Dia mencontohkan, Muhammad Yunus, pendiri Grameen Bank yang menyediakan kredit mikro dari Bangladesh yang bisa memenangkan penghargaan Nobel pada 2006 lalu. Padahal, saat itu Grameen Bank baru memiliki 6,5 juta nasabah.
“Grameen Bank, bapak Muhammad Yunus itu dapat nobel karena Grameen Bank memiliki nasabah 6,5 juta, ini harusnya pak Dirut, Pak Sunarso ini sudah diberi nobel, harusnya,” ucapnya.
Jokowi mencatat, penghargaan tersebut bisa saja diperoleh Sunarso, bila ada yang memberikan usulan kepada pihak penyelenggara nobel.
“6,5 juta dapat, masa PNM Mekaar 15,2 juta, kemudian UMi 8,2 juta, KUR-nya berapa? 16 juta, angka yang tidak kecil. Gak tau, belum dapat karena belum ada yang mengusulkan, kan bisa diurus kalau urusan-urusan nobel,” ucap Jokowi. 

 Sebelumnya

1
2

Selanjutnya





Follow WhatsApp Channel Okezone untuk update berita terbaru setiap hari

Follow



#jokowi
#BRI
#Dirut BRI Sunarso
#Dirut BRI
#Nobel





















 “Apa yang telah dilakukan dalam hal pembiayaan? Saya senang Ada holding BRI, UMi masuk, UMi ini sudah nasabahnya sudah di angka 8,2 juta yang memberi kredit hanya sampai 10 juta. PNM Mekaar nasabahnya sudah 15,2 juta, saya ingat PNM Mekaar di tahun 2015 itu nasabahnya baru 400.000 kurang lebih, sekarang sudah sampai 15,2 juta,” ucap Jokowi saat membuka BRI Microfinance Outlook 2024, Kamis (7/3/2024).

BACA JUGA:Subsidi Bunga KUR Rp46 Triliun, Jokowi: Bisa Jadi 40 Waduk 


“Kemudian ada PNM Mekaar yang bisa memberikan kredit maksimum di angka Rp 25 juta dan juga KUR yang juga bisa memberikan kredit sampai Rp 500 juta,” sambung Jokowi.
Atas jumlah nasabah yang melonjak itu, Jokowi memandang seharusnya Dirut BRI Sunarso mendapatkan nobel.






Follow Berita Okezone di Google News


Dapatkan berita up to date dengan semua berita terkini dari Okezone hanya dengan satu akun di
ORION, daftar sekarang dengan
klik disini
dan nantikan kejutan menarik lainnya


Dia mencontohkan, Muhammad Yunus, pendiri Grameen Bank yang menyediakan kredit mikro dari Bangladesh yang bisa memenangkan penghargaan Nobel pada 2006 lalu. Padahal, saat itu Grameen Bank baru memiliki 6,5 juta nasabah.
“Grameen Bank, bapak Muhammad Yunus itu dapat nobel karena Grameen Bank memiliki nasabah 6,5 juta, ini harusnya pak Dirut, Pak Sunarso ini sudah diberi nobel, harusnya,” ucapnya.
Jokowi mencatat, penghargaan tersebut bisa saja diperoleh Sunarso, bila ada yang memberikan usulan kepada pihak penyelenggara nobel.
“6,5 juta dapat, masa PNM Mekaar 15,2 juta, kemudian UMi 8,2 juta, KUR-nya berapa? 16 juta, angka yang tidak kecil. Gak tau, belum dapat karena belum ada yang mengusulkan, kan bisa diurus kalau urusan-urusan nobel,” ucap Jokowi. 

 Sebelumnya

1
2

Selanjutnya





Follow WhatsApp Channel Okezone untuk update berita terbaru setiap hari

Follow



#jokowi
#BRI
#Dirut BRI Sunarso
#Dirut BRI
#Nobel





















 “Kemudian ada PNM Mekaar yang bisa memberikan kredit maksimum di angka Rp 25 juta dan juga KUR yang juga bisa memberikan kredit sampai Rp 500 juta,” sambung Jokowi.
Atas jumlah nasabah yang melonjak itu, Jokowi memandang seharusnya Dirut BRI Sunarso mendapatkan nobel.






Follow Berita Okezone di Google News


Dapatkan berita up to date dengan semua berita terkini dari Okezone hanya dengan satu akun di
ORION, daftar sekarang dengan
klik disini
dan nantikan kejutan menarik lainnya


Dia mencontohkan, Muhammad Yunus, pendiri Grameen Bank yang menyediakan kredit mikro dari Bangladesh yang bisa memenangkan penghargaan Nobel pada 2006 lalu. Padahal, saat itu Grameen Bank baru memiliki 6,5 juta nasabah.
“Grameen Bank, bapak Muhammad Yunus itu dapat nobel karena Grameen Bank memiliki nasabah 6,5 juta, ini harusnya pak Dirut, Pak Sunarso ini sudah diberi nobel, harusnya,” ucapnya.
Jokowi mencatat, penghargaan tersebut bisa saja diperoleh Sunarso, bila ada yang memberikan usulan kepada pihak penyelenggara nobel.
“6,5 juta dapat, masa PNM Mekaar 15,2 juta, kemudian UMi 8,2 juta, KUR-nya berapa? 16 juta, angka yang tidak kecil. Gak tau, belum dapat karena belum ada yang mengusulkan, kan bisa diurus kalau urusan-urusan nobel,” ucap Jokowi. 

 Sebelumnya

1
2

Selanjutnya





Follow WhatsApp Channel Okezone untuk update berita terbaru setiap hari

Follow



#jokowi
#BRI
#Dirut BRI Sunarso
#Dirut BRI
#Nobel





















 Atas jumlah nasabah yang melonjak itu, Jokowi memandang seharusnya Dirut BRI Sunarso mendapatkan nobel.






Follow Berita Okezone di Google News


Dapatkan berita up to date dengan semua berita terkini dari Okezone hanya dengan satu akun di
ORION, daftar sekarang dengan
klik disini
dan nantikan kejutan menarik lainnya


Dia mencontohkan, Muhammad Yunus, pendiri Grameen Bank yang menyediakan kredit mikro dari Bangladesh yang bisa memenangkan penghargaan Nobel pada 2006 lalu. Padahal, saat itu Grameen Bank baru memiliki 6,5 juta nasabah.
“Grameen Bank, bapak Muhammad Yunus itu dapat nobel karena Grameen Bank memiliki nasabah 6,5 juta, ini harusnya pak Dirut, Pak Sunarso ini sudah diberi nobel, harusnya,” ucapnya.
Jokowi mencatat, penghargaan tersebut bisa saja diperoleh Sunarso, bila ada yang memberikan usulan kepada pihak penyelenggara nobel.
“6,5 juta dapat, masa PNM Mekaar 15,2 juta, kemudian UMi 8,2 juta, KUR-nya berapa? 16 juta, angka yang tidak kecil. Gak tau, belum dapat karena belum ada yang mengusulkan, kan bisa diurus kalau urusan-urusan nobel,” ucap Jokowi. 

 Sebelumnya

1
2

Selanjutnya





Follow WhatsApp Channel Okezone untuk update berita terbaru setiap hari

Follow



#jokowi
#BRI
#Dirut BRI Sunarso
#Dirut BRI
#Nobel





















  
Follow Berita Okezone di Google News
 
Dapatkan berita up to date dengan semua berita terkini dari Okezone hanya dengan satu akun di
ORION, daftar sekarang dengan
klik disini
dan nantikan kejutan menarik lainnya
 Dia mencontohkan, Muhammad Yunus, pendiri Grameen Bank yang menyediakan kredit mikro dari Bangladesh yang bisa memenangkan penghargaan Nobel pada 2006 lalu. Padahal, saat itu Grameen Bank baru memiliki 6,5 juta nasabah. “Grameen Bank, bapak Muhammad Yunus itu dapat nobel karena Grameen Bank memiliki nasabah 6,5 juta, ini harusnya pak Dirut, Pak Sunarso ini sudah diberi nobel, harusnya,” ucapnya. Jokowi mencatat, penghargaan tersebut bisa saja diperoleh Sunarso, bila ada yang memberikan usulan kepada pihak penyelenggara nobel. “6,5 juta dapat, masa PNM Mekaar 15,2 juta, kemudian UMi 8,2 juta, KUR-nya berapa? 16 juta, angka yang tidak kecil. Gak tau, belum dapat karena belum ada yang mengusulkan, kan bisa diurus kalau urusan-urusan nobel,” ucap Jokowi. Berita Terkait  Bagikan Artikel Ini   Berita Lainnya © 2007 - 2024 Okezone.com, All Rights Reserved"
"Iwan Pasila ke OJK, I Dewa Gede Agung Jadi Plt Dirut BRI ...",https://www.theiconomics.com/change-management/iwan-pasela-ke-ojk-i-dewa-gede-agung-jadi-plt-dirut-bri-life/,2024-08-21,2023-10-10,"© Copyright ICONOMICS. All Rights Reserved. Iwan Pasila/Dok. Iconomics I Dewa Gede Agung diangkat menjadi Pelaksana Tugas (Plt) Direktur Utama merangkap Direktur Kepatuhan BRI Life. Pengangkatan ini dilakukan karena Iwan Pasila yang semula menjabat sebagai Direktur Utama BRI Life diangkat menjadi Deputi Komisioner Otoritas Jasa Keuangan (OJK), yakni Deputi Komisioner Bidang Pengawasan Perasuransian, Penjaminan, dan Dana Pensiun OJK. Iwan adalah salah satu nama pernah mengikuti seleksi Anggota Dewan Komisioner OJK periode 2022-2027. Kala itu, Namanya juga sudah disetor ke Presiden Joko Widodo oleh Panitia Seleksi (Pansel) ADK OJK 2022-2027. Pansel menyerahkan 21 nama hasil seleksi tahap keempat kapada Presiden Joko Widodo untuk dipilih Presiden menjadi 14 calon yang akan diberikan kepada Dewan Perwakilan Rakyat (DPR). Iwan adalah sosok yang sudah panjang kiprahnya di industri perasuransian di Indonesia. Terakhir menjabat sebagai Direktur Utama PT Asuransi BRI Life (BRI Life). Ia pernah menjabat sebagai Kepala Seksi Analisis Laporan Penyelenggaraan Usaha di Direktorat Asuransi Departmen Keuangan Republik Indonesia (1993–2003); Chief Actuary di PT AIG Life (2003–2008); Direktur Keuangan di PT AXA Mandiri Financial Services (2008–2013); Direktur Keuangan di PT CIMB Sunlife, Sun Life Indonesia (2013–2014); Direktur Teknik dan Operasional di PT Asuransi Jiwa Inhealth Indonesia (2014–2015); Direktur Utama Mandiri Inhealth (2015). Pria kelahiran Kendari, Sulawesi Tenggara ini jebolan Sarjana bidang Matematika di ITB. Ia juga meraih gelar Master of Science dari City University London pada 1996.      Save my name, email, and website in this browser for the next time I comment.  

  Δ"
"Jokowi Sebut Dirut BRI Sunarso Harusnya Dapat Nobel, ...",https://economy.okezone.com/read/2024/03/07/455/2980247/jokowi-sebut-dirut-bri-sunarso-harusnya-dapat-nobel-kok-bisa,2024-08-21,2024-03-07,"JAKARTA - Presiden Joko Widodo (Jokowi) mengatakan, Direktur Utama PT Bank Rakyat Indonesia Tbk (BRI) Sunarso seharusnya bisa mendapatkan penghargaan nobel.
Penilaian itu didasarkan atas kinerja Holding Ultra Mikro (UMi) dalam mendukung pembiayaan bagi usaha mikro, kecil, dan menengah (UMKM).  
Jokowi mencatat, jumlah nasabah Holding Ultra Mikro kini mencapai 8,2 juta orang, sejak diluncurkan pertama kali pada 2021 Adapun nilai kredit untuk setiap nasabah UMi maksimal Rp10 juta.

BACA JUGA:Transaksi Agen BRILink Tembus Rp1.400 Triliun, Jokowi: Sebelumnya Diurusi Rentenir 


Tak hanya itu, Jokowi menyebut nasabah PNM Mekaar naik signifikan hingga menyentuh 15,2 juta orang. Pada 2015, nasabah PNM Mekaar hanya sebesar 400.000-an orang saja.
“Apa yang telah dilakukan dalam hal pembiayaan? Saya senang Ada holding BRI, UMi masuk, UMi ini sudah nasabahnya sudah di angka 8,2 juta yang memberi kredit hanya sampai 10 juta. PNM Mekaar nasabahnya sudah 15,2 juta, saya ingat PNM Mekaar di tahun 2015 itu nasabahnya baru 400.000 kurang lebih, sekarang sudah sampai 15,2 juta,” ucap Jokowi saat membuka BRI Microfinance Outlook 2024, Kamis (7/3/2024).

BACA JUGA:Subsidi Bunga KUR Rp46 Triliun, Jokowi: Bisa Jadi 40 Waduk 


“Kemudian ada PNM Mekaar yang bisa memberikan kredit maksimum di angka Rp 25 juta dan juga KUR yang juga bisa memberikan kredit sampai Rp 500 juta,” sambung Jokowi.
Atas jumlah nasabah yang melonjak itu, Jokowi memandang seharusnya Dirut BRI Sunarso mendapatkan nobel.






Follow Berita Okezone di Google News


Dapatkan berita up to date dengan semua berita terkini dari Okezone hanya dengan satu akun di
ORION, daftar sekarang dengan
klik disini
dan nantikan kejutan menarik lainnya


Dia mencontohkan, Muhammad Yunus, pendiri Grameen Bank yang menyediakan kredit mikro dari Bangladesh yang bisa memenangkan penghargaan Nobel pada 2006 lalu. Padahal, saat itu Grameen Bank baru memiliki 6,5 juta nasabah.
“Grameen Bank, bapak Muhammad Yunus itu dapat nobel karena Grameen Bank memiliki nasabah 6,5 juta, ini harusnya pak Dirut, Pak Sunarso ini sudah diberi nobel, harusnya,” ucapnya.
Jokowi mencatat, penghargaan tersebut bisa saja diperoleh Sunarso, bila ada yang memberikan usulan kepada pihak penyelenggara nobel.
“6,5 juta dapat, masa PNM Mekaar 15,2 juta, kemudian UMi 8,2 juta, KUR-nya berapa? 16 juta, angka yang tidak kecil. Gak tau, belum dapat karena belum ada yang mengusulkan, kan bisa diurus kalau urusan-urusan nobel,” ucap Jokowi. 

 Sebelumnya

1
2

Selanjutnya





Follow WhatsApp Channel Okezone untuk update berita terbaru setiap hari

Follow



#jokowi
#BRI
#Dirut BRI Sunarso
#Dirut BRI
#Nobel





















 Penilaian itu didasarkan atas kinerja Holding Ultra Mikro (UMi) dalam mendukung pembiayaan bagi usaha mikro, kecil, dan menengah (UMKM).  
Jokowi mencatat, jumlah nasabah Holding Ultra Mikro kini mencapai 8,2 juta orang, sejak diluncurkan pertama kali pada 2021 Adapun nilai kredit untuk setiap nasabah UMi maksimal Rp10 juta.

BACA JUGA:Transaksi Agen BRILink Tembus Rp1.400 Triliun, Jokowi: Sebelumnya Diurusi Rentenir 


Tak hanya itu, Jokowi menyebut nasabah PNM Mekaar naik signifikan hingga menyentuh 15,2 juta orang. Pada 2015, nasabah PNM Mekaar hanya sebesar 400.000-an orang saja.
“Apa yang telah dilakukan dalam hal pembiayaan? Saya senang Ada holding BRI, UMi masuk, UMi ini sudah nasabahnya sudah di angka 8,2 juta yang memberi kredit hanya sampai 10 juta. PNM Mekaar nasabahnya sudah 15,2 juta, saya ingat PNM Mekaar di tahun 2015 itu nasabahnya baru 400.000 kurang lebih, sekarang sudah sampai 15,2 juta,” ucap Jokowi saat membuka BRI Microfinance Outlook 2024, Kamis (7/3/2024).

BACA JUGA:Subsidi Bunga KUR Rp46 Triliun, Jokowi: Bisa Jadi 40 Waduk 


“Kemudian ada PNM Mekaar yang bisa memberikan kredit maksimum di angka Rp 25 juta dan juga KUR yang juga bisa memberikan kredit sampai Rp 500 juta,” sambung Jokowi.
Atas jumlah nasabah yang melonjak itu, Jokowi memandang seharusnya Dirut BRI Sunarso mendapatkan nobel.






Follow Berita Okezone di Google News


Dapatkan berita up to date dengan semua berita terkini dari Okezone hanya dengan satu akun di
ORION, daftar sekarang dengan
klik disini
dan nantikan kejutan menarik lainnya


Dia mencontohkan, Muhammad Yunus, pendiri Grameen Bank yang menyediakan kredit mikro dari Bangladesh yang bisa memenangkan penghargaan Nobel pada 2006 lalu. Padahal, saat itu Grameen Bank baru memiliki 6,5 juta nasabah.
“Grameen Bank, bapak Muhammad Yunus itu dapat nobel karena Grameen Bank memiliki nasabah 6,5 juta, ini harusnya pak Dirut, Pak Sunarso ini sudah diberi nobel, harusnya,” ucapnya.
Jokowi mencatat, penghargaan tersebut bisa saja diperoleh Sunarso, bila ada yang memberikan usulan kepada pihak penyelenggara nobel.
“6,5 juta dapat, masa PNM Mekaar 15,2 juta, kemudian UMi 8,2 juta, KUR-nya berapa? 16 juta, angka yang tidak kecil. Gak tau, belum dapat karena belum ada yang mengusulkan, kan bisa diurus kalau urusan-urusan nobel,” ucap Jokowi. 

 Sebelumnya

1
2

Selanjutnya





Follow WhatsApp Channel Okezone untuk update berita terbaru setiap hari

Follow



#jokowi
#BRI
#Dirut BRI Sunarso
#Dirut BRI
#Nobel





















 Jokowi mencatat, jumlah nasabah Holding Ultra Mikro kini mencapai 8,2 juta orang, sejak diluncurkan pertama kali pada 2021 Adapun nilai kredit untuk setiap nasabah UMi maksimal Rp10 juta.

BACA JUGA:Transaksi Agen BRILink Tembus Rp1.400 Triliun, Jokowi: Sebelumnya Diurusi Rentenir 


Tak hanya itu, Jokowi menyebut nasabah PNM Mekaar naik signifikan hingga menyentuh 15,2 juta orang. Pada 2015, nasabah PNM Mekaar hanya sebesar 400.000-an orang saja.
“Apa yang telah dilakukan dalam hal pembiayaan? Saya senang Ada holding BRI, UMi masuk, UMi ini sudah nasabahnya sudah di angka 8,2 juta yang memberi kredit hanya sampai 10 juta. PNM Mekaar nasabahnya sudah 15,2 juta, saya ingat PNM Mekaar di tahun 2015 itu nasabahnya baru 400.000 kurang lebih, sekarang sudah sampai 15,2 juta,” ucap Jokowi saat membuka BRI Microfinance Outlook 2024, Kamis (7/3/2024).

BACA JUGA:Subsidi Bunga KUR Rp46 Triliun, Jokowi: Bisa Jadi 40 Waduk 


“Kemudian ada PNM Mekaar yang bisa memberikan kredit maksimum di angka Rp 25 juta dan juga KUR yang juga bisa memberikan kredit sampai Rp 500 juta,” sambung Jokowi.
Atas jumlah nasabah yang melonjak itu, Jokowi memandang seharusnya Dirut BRI Sunarso mendapatkan nobel.






Follow Berita Okezone di Google News


Dapatkan berita up to date dengan semua berita terkini dari Okezone hanya dengan satu akun di
ORION, daftar sekarang dengan
klik disini
dan nantikan kejutan menarik lainnya


Dia mencontohkan, Muhammad Yunus, pendiri Grameen Bank yang menyediakan kredit mikro dari Bangladesh yang bisa memenangkan penghargaan Nobel pada 2006 lalu. Padahal, saat itu Grameen Bank baru memiliki 6,5 juta nasabah.
“Grameen Bank, bapak Muhammad Yunus itu dapat nobel karena Grameen Bank memiliki nasabah 6,5 juta, ini harusnya pak Dirut, Pak Sunarso ini sudah diberi nobel, harusnya,” ucapnya.
Jokowi mencatat, penghargaan tersebut bisa saja diperoleh Sunarso, bila ada yang memberikan usulan kepada pihak penyelenggara nobel.
“6,5 juta dapat, masa PNM Mekaar 15,2 juta, kemudian UMi 8,2 juta, KUR-nya berapa? 16 juta, angka yang tidak kecil. Gak tau, belum dapat karena belum ada yang mengusulkan, kan bisa diurus kalau urusan-urusan nobel,” ucap Jokowi. 

 Sebelumnya

1
2

Selanjutnya





Follow WhatsApp Channel Okezone untuk update berita terbaru setiap hari

Follow



#jokowi
#BRI
#Dirut BRI Sunarso
#Dirut BRI
#Nobel





















 Tak hanya itu, Jokowi menyebut nasabah PNM Mekaar naik signifikan hingga menyentuh 15,2 juta orang. Pada 2015, nasabah PNM Mekaar hanya sebesar 400.000-an orang saja.
“Apa yang telah dilakukan dalam hal pembiayaan? Saya senang Ada holding BRI, UMi masuk, UMi ini sudah nasabahnya sudah di angka 8,2 juta yang memberi kredit hanya sampai 10 juta. PNM Mekaar nasabahnya sudah 15,2 juta, saya ingat PNM Mekaar di tahun 2015 itu nasabahnya baru 400.000 kurang lebih, sekarang sudah sampai 15,2 juta,” ucap Jokowi saat membuka BRI Microfinance Outlook 2024, Kamis (7/3/2024).

BACA JUGA:Subsidi Bunga KUR Rp46 Triliun, Jokowi: Bisa Jadi 40 Waduk 


“Kemudian ada PNM Mekaar yang bisa memberikan kredit maksimum di angka Rp 25 juta dan juga KUR yang juga bisa memberikan kredit sampai Rp 500 juta,” sambung Jokowi.
Atas jumlah nasabah yang melonjak itu, Jokowi memandang seharusnya Dirut BRI Sunarso mendapatkan nobel.






Follow Berita Okezone di Google News


Dapatkan berita up to date dengan semua berita terkini dari Okezone hanya dengan satu akun di
ORION, daftar sekarang dengan
klik disini
dan nantikan kejutan menarik lainnya


Dia mencontohkan, Muhammad Yunus, pendiri Grameen Bank yang menyediakan kredit mikro dari Bangladesh yang bisa memenangkan penghargaan Nobel pada 2006 lalu. Padahal, saat itu Grameen Bank baru memiliki 6,5 juta nasabah.
“Grameen Bank, bapak Muhammad Yunus itu dapat nobel karena Grameen Bank memiliki nasabah 6,5 juta, ini harusnya pak Dirut, Pak Sunarso ini sudah diberi nobel, harusnya,” ucapnya.
Jokowi mencatat, penghargaan tersebut bisa saja diperoleh Sunarso, bila ada yang memberikan usulan kepada pihak penyelenggara nobel.
“6,5 juta dapat, masa PNM Mekaar 15,2 juta, kemudian UMi 8,2 juta, KUR-nya berapa? 16 juta, angka yang tidak kecil. Gak tau, belum dapat karena belum ada yang mengusulkan, kan bisa diurus kalau urusan-urusan nobel,” ucap Jokowi. 

 Sebelumnya

1
2

Selanjutnya





Follow WhatsApp Channel Okezone untuk update berita terbaru setiap hari

Follow



#jokowi
#BRI
#Dirut BRI Sunarso
#Dirut BRI
#Nobel





















 “Apa yang telah dilakukan dalam hal pembiayaan? Saya senang Ada holding BRI, UMi masuk, UMi ini sudah nasabahnya sudah di angka 8,2 juta yang memberi kredit hanya sampai 10 juta. PNM Mekaar nasabahnya sudah 15,2 juta, saya ingat PNM Mekaar di tahun 2015 itu nasabahnya baru 400.000 kurang lebih, sekarang sudah sampai 15,2 juta,” ucap Jokowi saat membuka BRI Microfinance Outlook 2024, Kamis (7/3/2024).

BACA JUGA:Subsidi Bunga KUR Rp46 Triliun, Jokowi: Bisa Jadi 40 Waduk 


“Kemudian ada PNM Mekaar yang bisa memberikan kredit maksimum di angka Rp 25 juta dan juga KUR yang juga bisa memberikan kredit sampai Rp 500 juta,” sambung Jokowi.
Atas jumlah nasabah yang melonjak itu, Jokowi memandang seharusnya Dirut BRI Sunarso mendapatkan nobel.






Follow Berita Okezone di Google News


Dapatkan berita up to date dengan semua berita terkini dari Okezone hanya dengan satu akun di
ORION, daftar sekarang dengan
klik disini
dan nantikan kejutan menarik lainnya


Dia mencontohkan, Muhammad Yunus, pendiri Grameen Bank yang menyediakan kredit mikro dari Bangladesh yang bisa memenangkan penghargaan Nobel pada 2006 lalu. Padahal, saat itu Grameen Bank baru memiliki 6,5 juta nasabah.
“Grameen Bank, bapak Muhammad Yunus itu dapat nobel karena Grameen Bank memiliki nasabah 6,5 juta, ini harusnya pak Dirut, Pak Sunarso ini sudah diberi nobel, harusnya,” ucapnya.
Jokowi mencatat, penghargaan tersebut bisa saja diperoleh Sunarso, bila ada yang memberikan usulan kepada pihak penyelenggara nobel.
“6,5 juta dapat, masa PNM Mekaar 15,2 juta, kemudian UMi 8,2 juta, KUR-nya berapa? 16 juta, angka yang tidak kecil. Gak tau, belum dapat karena belum ada yang mengusulkan, kan bisa diurus kalau urusan-urusan nobel,” ucap Jokowi. 

 Sebelumnya

1
2

Selanjutnya





Follow WhatsApp Channel Okezone untuk update berita terbaru setiap hari

Follow



#jokowi
#BRI
#Dirut BRI Sunarso
#Dirut BRI
#Nobel





















 “Kemudian ada PNM Mekaar yang bisa memberikan kredit maksimum di angka Rp 25 juta dan juga KUR yang juga bisa memberikan kredit sampai Rp 500 juta,” sambung Jokowi.
Atas jumlah nasabah yang melonjak itu, Jokowi memandang seharusnya Dirut BRI Sunarso mendapatkan nobel.






Follow Berita Okezone di Google News


Dapatkan berita up to date dengan semua berita terkini dari Okezone hanya dengan satu akun di
ORION, daftar sekarang dengan
klik disini
dan nantikan kejutan menarik lainnya


Dia mencontohkan, Muhammad Yunus, pendiri Grameen Bank yang menyediakan kredit mikro dari Bangladesh yang bisa memenangkan penghargaan Nobel pada 2006 lalu. Padahal, saat itu Grameen Bank baru memiliki 6,5 juta nasabah.
“Grameen Bank, bapak Muhammad Yunus itu dapat nobel karena Grameen Bank memiliki nasabah 6,5 juta, ini harusnya pak Dirut, Pak Sunarso ini sudah diberi nobel, harusnya,” ucapnya.
Jokowi mencatat, penghargaan tersebut bisa saja diperoleh Sunarso, bila ada yang memberikan usulan kepada pihak penyelenggara nobel.
“6,5 juta dapat, masa PNM Mekaar 15,2 juta, kemudian UMi 8,2 juta, KUR-nya berapa? 16 juta, angka yang tidak kecil. Gak tau, belum dapat karena belum ada yang mengusulkan, kan bisa diurus kalau urusan-urusan nobel,” ucap Jokowi. 

 Sebelumnya

1
2

Selanjutnya





Follow WhatsApp Channel Okezone untuk update berita terbaru setiap hari

Follow



#jokowi
#BRI
#Dirut BRI Sunarso
#Dirut BRI
#Nobel





















 Atas jumlah nasabah yang melonjak itu, Jokowi memandang seharusnya Dirut BRI Sunarso mendapatkan nobel.






Follow Berita Okezone di Google News


Dapatkan berita up to date dengan semua berita terkini dari Okezone hanya dengan satu akun di
ORION, daftar sekarang dengan
klik disini
dan nantikan kejutan menarik lainnya


Dia mencontohkan, Muhammad Yunus, pendiri Grameen Bank yang menyediakan kredit mikro dari Bangladesh yang bisa memenangkan penghargaan Nobel pada 2006 lalu. Padahal, saat itu Grameen Bank baru memiliki 6,5 juta nasabah.
“Grameen Bank, bapak Muhammad Yunus itu dapat nobel karena Grameen Bank memiliki nasabah 6,5 juta, ini harusnya pak Dirut, Pak Sunarso ini sudah diberi nobel, harusnya,” ucapnya.
Jokowi mencatat, penghargaan tersebut bisa saja diperoleh Sunarso, bila ada yang memberikan usulan kepada pihak penyelenggara nobel.
“6,5 juta dapat, masa PNM Mekaar 15,2 juta, kemudian UMi 8,2 juta, KUR-nya berapa? 16 juta, angka yang tidak kecil. Gak tau, belum dapat karena belum ada yang mengusulkan, kan bisa diurus kalau urusan-urusan nobel,” ucap Jokowi. 

 Sebelumnya

1
2

Selanjutnya





Follow WhatsApp Channel Okezone untuk update berita terbaru setiap hari

Follow



#jokowi
#BRI
#Dirut BRI Sunarso
#Dirut BRI
#Nobel





















  
Follow Berita Okezone di Google News
 
Dapatkan berita up to date dengan semua berita terkini dari Okezone hanya dengan satu akun di
ORION, daftar sekarang dengan
klik disini
dan nantikan kejutan menarik lainnya
 Dia mencontohkan, Muhammad Yunus, pendiri Grameen Bank yang menyediakan kredit mikro dari Bangladesh yang bisa memenangkan penghargaan Nobel pada 2006 lalu. Padahal, saat itu Grameen Bank baru memiliki 6,5 juta nasabah. “Grameen Bank, bapak Muhammad Yunus itu dapat nobel karena Grameen Bank memiliki nasabah 6,5 juta, ini harusnya pak Dirut, Pak Sunarso ini sudah diberi nobel, harusnya,” ucapnya. Jokowi mencatat, penghargaan tersebut bisa saja diperoleh Sunarso, bila ada yang memberikan usulan kepada pihak penyelenggara nobel. “6,5 juta dapat, masa PNM Mekaar 15,2 juta, kemudian UMi 8,2 juta, KUR-nya berapa? 16 juta, angka yang tidak kecil. Gak tau, belum dapat karena belum ada yang mengusulkan, kan bisa diurus kalau urusan-urusan nobel,” ucap Jokowi. Berita Terkait  Bagikan Artikel Ini   Berita Lainnya © 2007 - 2024 Okezone.com, All Rights Reserved"
"Dirut BRI Sunarso Raih ""Business Person of the Year""",https://www.balipost.com/news/2022/05/19/269373/Dirut-BRI-Sunarso-Raih-Business...html,2024-08-21,2022-05-19,"    28.8 CDenpasar, BaliRabu, 21 Agustus 2024e-PaperIklanKalenderPojokSurat PembacaEnglish                       BALIPOST.com       NewsBaliBadungBangliBulelengDenpasarGianyarJembranaKarangasemKlungkungTabananPeristiwaInternasionalNasionalPolitikHukumSosbudBudayaSosialSpiritualEkonomiMakroMikroPertanianPendidikanProfilPariwisataBali Wonderful IndonesiaGayaFashionHiburanKesehatanKulinerOlahragaTeknologiMultimediaPhotoVideoAnimasiInfografisLiveRadio SWIB 106.8 FMRadio Genta Bali FM 96.1Radio Singaraja FM 92.0Radio Global FM 96.5Opini    Ekonomi > Dirut BRI Sunarso Raih “Business Person of the Year”EkonomiMikroNasionalDirut BRI Sunarso Raih “Business Person of the Year” Kamis, 19 Mei 2022 | 12:27:57Direktur Utama BRI Sunarso (kanan) dinobatkan sebagai “Business Person of the Year”. (BP/Dokumen BRI)JAKARTA, BALIPOST.com – PT Bank Rakyat Indonesia (Persero) Tbk atau BRI sebagai terus melakukan terobosan dan inovasi untuk memberikan pelayanan terbaik. Bank terbesar di Indonesia ini berhasil mencatatkan kinerja cemerlang dan mendapat sorotan dari berbagai pihak, salah satunya pada acara Fortune Indonesia Summit 2022, Rabu (18/5).Pada acara Fortune Indonesia Summit 2022 tersebut, Direktur Utama BRI Sunarso dinobatkan sebagai “Business Person of the Year”. Sunarso dinilai sebagai salah satu tokoh berpengaruh yang memiliki impact dan peran besar sebagai leadership di kancah business dan finance.Baca juga:  BRI Jalin Kerjasama Layanan Pada Platform AYO SRCSunarso mengungkapkan apresiasinya atas penghargaan tersebut. Menurutnya, pencapaian ini tak terlepas dari peran dan inisiatif yang terus didorong di seluruh unit kerja BRI Group.“Di tengah kondisi pemulihan ekonomi yang masih berlangsung, BRI terus menjalankan strategi transformasi di area digital dan culture yang berkelanjutan,” ujarnya.Ia melanjutkan, strategi pertumbuhan BRI Group ini dilakukan salah satunya dengan mendorong nasabah eksisting naik kelas secara sistematis. Selain itu, perseroan juga memperbesar customer base dengan mencari sumber-sumber pertumbuhan baru, termasuk melalui pembentukan Holding Ultra Mikro (UMi) bersama.Baca juga:  Alumni SMK PGRI 2 Badung Dilatih dan Sertifikasi Mekanik MotorKemampuan BRI dalam menyeimbangkan transformasi dengan tetap fokus pada core business nya tercermin dari kinerja cemerlang yang dibukukan oleh perseroan. Dalam tiga bulan pertama tahun 2022 perseroan mampu mencatatkan laba bersih konsolidasian senilai Rp12,22 triliun atau tumbuh sebesar 78,13 persen year on year.sementara untuk asset, pada akhir Maret 2022 tercatat Aset BRI mencapai sebesar Rp1.650,28 triliun atau tumbuh 8,99 persen yoy. Sunarso pun menyiratkan optimisme kinerja BRI ke depan di tengah kondisi ekonomi yang mulai bangkit. “Saya cukup yakin bahwa BRI akan semakin baik di 2022 dibandingkan tahun 2021, namun tetap antisipatif dengan kemungkinan terburuk dari kondisi perekonomian global,” imbuhnya.Baca juga:  Relaksasi Berakhir, Bali Berpotensi BangkrutSunarso optimistis, BRI dapat terus mengcreate dan mendeliver value sehingga terus tumbuh berkelanjutan. Selain bernilai secara aspek ekonomi/bisnis (economic values), BRI juga senantiasa menghadirkan social values bagi seluruh lapisan masyarakat. (Adv/balipost)  BAGIKAN Facebook Twitter   tweet Ewik Mendala BERITA TERKAITDARI PENULIS EkonomiCiptakan Perputaran Ekonomi Rp10,42 triliun, BRI Kembali Jadi Sponsor Utama Liga 1 2024-2025 EkonomiJadi Perusahaan Pembayar Pajak Terbesar, BRI Diapresiasi Oleh Negara EkonomiBRI Borong Penghargaan di Malam Apresiasi Emiten 2024 EkonomiBrand Value BRI Meroket 30 Persen Jadi USD11,25 Miliar MikroTriwulan II 2024, Simpanan BRI Tumbuh 11,61 Persen EkonomiIndeks Bisnis UMKM BRI Triwulan II 2024: Bisnis UMKM Mulai Membaik dan Prospektif MikroIni, Cerita Desa Cikaso yang Raih Juara Desa BRILian EkonomiDi Bawah Rasio Perbankan Nasional, Ini Jurus BRI Kelola NPL UMKM Tetap Rendah EkonomiBRI Kembali Ditunjuk KSEI Sebagai Bank Pembayaran dan Bank Administrator RDNTINGGALKAN BALASAN Batal balasanPlease enter your comment! Please enter your name here You have entered an incorrect email address!Please enter your email address here CAPCHA * 8  −  3  =            RADIO STREAMINGIkuti Kami173,303FansSuka21,009PengikutMengikuti6,115PengikutMengikuti4,560PelangganBerlangganan  CuacaDenpasarfew clouds   enter location  27.8 ° C  27.8 °  27.8 °  78%  7.7kmh  20%Kam 28 °Jum 28 °Sab 26 °Ming 27 °Sen 27 °  Iklan BarisCLAS-00009-01-12-2019 Ayo mulai pesan! Beriklan baris cetak dan online segera akan tampil di portal balipost.comCLAS-00008-01-12-2019 Ayo mulai pesan! Beriklan baris cetak dan online segera akan tampil di portal balipost.comCLAS-00007-01-12-2019 Ayo mulai pesan! Beriklan baris cetak dan online segera akan tampil di portal balipost.comCLAS-00006-01-12-2019 Ayo mulai pesan! Beriklan baris cetak dan online segera akan tampil di portal balipost.comCLAS-00005-01-12-2019 Ayo mulai pesan! Beriklan baris cetak dan online segera akan tampil di portal balipost.com  Tentang KamiBali Post Portal Media adalah portal berita pertama dengan konten  hiburan, fashion, musik, video dan audio news yang terkini dan terupdate.IKUTI KAMI                    Media SiberMedia PartnerPrivacy PolicyCopyrightDisclaimerTentang Kami © BALIPOST.com   28.8 CDenpasar, BaliRabu, 21 Agustus 2024e-PaperIklanKalenderPojokSurat PembacaEnglish                       BALIPOST.com       NewsBaliBadungBangliBulelengDenpasarGianyarJembranaKarangasemKlungkungTabananPeristiwaInternasionalNasionalPolitikHukumSosbudBudayaSosialSpiritualEkonomiMakroMikroPertanianPendidikanProfilPariwisataBali Wonderful IndonesiaGayaFashionHiburanKesehatanKulinerOlahragaTeknologiMultimediaPhotoVideoAnimasiInfografisLiveRadio SWIB 106.8 FMRadio Genta Bali FM 96.1Radio Singaraja FM 92.0Radio Global FM 96.5Opini    Ekonomi > Dirut BRI Sunarso Raih “Business Person of the Year”EkonomiMikroNasionalDirut BRI Sunarso Raih “Business Person of the Year” Kamis, 19 Mei 2022 | 12:27:57Direktur Utama BRI Sunarso (kanan) dinobatkan sebagai “Business Person of the Year”. (BP/Dokumen BRI)JAKARTA, BALIPOST.com – PT Bank Rakyat Indonesia (Persero) Tbk atau BRI sebagai terus melakukan terobosan dan inovasi untuk memberikan pelayanan terbaik. Bank terbesar di Indonesia ini berhasil mencatatkan kinerja cemerlang dan mendapat sorotan dari berbagai pihak, salah satunya pada acara Fortune Indonesia Summit 2022, Rabu (18/5).Pada acara Fortune Indonesia Summit 2022 tersebut, Direktur Utama BRI Sunarso dinobatkan sebagai “Business Person of the Year”. Sunarso dinilai sebagai salah satu tokoh berpengaruh yang memiliki impact dan peran besar sebagai leadership di kancah business dan finance.Baca juga:  BRI Jalin Kerjasama Layanan Pada Platform AYO SRCSunarso mengungkapkan apresiasinya atas penghargaan tersebut. Menurutnya, pencapaian ini tak terlepas dari peran dan inisiatif yang terus didorong di seluruh unit kerja BRI Group.“Di tengah kondisi pemulihan ekonomi yang masih berlangsung, BRI terus menjalankan strategi transformasi di area digital dan culture yang berkelanjutan,” ujarnya.Ia melanjutkan, strategi pertumbuhan BRI Group ini dilakukan salah satunya dengan mendorong nasabah eksisting naik kelas secara sistematis. Selain itu, perseroan juga memperbesar customer base dengan mencari sumber-sumber pertumbuhan baru, termasuk melalui pembentukan Holding Ultra Mikro (UMi) bersama.Baca juga:  Alumni SMK PGRI 2 Badung Dilatih dan Sertifikasi Mekanik MotorKemampuan BRI dalam menyeimbangkan transformasi dengan tetap fokus pada core business nya tercermin dari kinerja cemerlang yang dibukukan oleh perseroan. Dalam tiga bulan pertama tahun 2022 perseroan mampu mencatatkan laba bersih konsolidasian senilai Rp12,22 triliun atau tumbuh sebesar 78,13 persen year on year.sementara untuk asset, pada akhir Maret 2022 tercatat Aset BRI mencapai sebesar Rp1.650,28 triliun atau tumbuh 8,99 persen yoy. Sunarso pun menyiratkan optimisme kinerja BRI ke depan di tengah kondisi ekonomi yang mulai bangkit. “Saya cukup yakin bahwa BRI akan semakin baik di 2022 dibandingkan tahun 2021, namun tetap antisipatif dengan kemungkinan terburuk dari kondisi perekonomian global,” imbuhnya.Baca juga:  Relaksasi Berakhir, Bali Berpotensi BangkrutSunarso optimistis, BRI dapat terus mengcreate dan mendeliver value sehingga terus tumbuh berkelanjutan. Selain bernilai secara aspek ekonomi/bisnis (economic values), BRI juga senantiasa menghadirkan social values bagi seluruh lapisan masyarakat. (Adv/balipost)  BAGIKAN Facebook Twitter   tweet Ewik Mendala BERITA TERKAITDARI PENULIS EkonomiCiptakan Perputaran Ekonomi Rp10,42 triliun, BRI Kembali Jadi Sponsor Utama Liga 1 2024-2025 EkonomiJadi Perusahaan Pembayar Pajak Terbesar, BRI Diapresiasi Oleh Negara EkonomiBRI Borong Penghargaan di Malam Apresiasi Emiten 2024 EkonomiBrand Value BRI Meroket 30 Persen Jadi USD11,25 Miliar MikroTriwulan II 2024, Simpanan BRI Tumbuh 11,61 Persen EkonomiIndeks Bisnis UMKM BRI Triwulan II 2024: Bisnis UMKM Mulai Membaik dan Prospektif MikroIni, Cerita Desa Cikaso yang Raih Juara Desa BRILian EkonomiDi Bawah Rasio Perbankan Nasional, Ini Jurus BRI Kelola NPL UMKM Tetap Rendah EkonomiBRI Kembali Ditunjuk KSEI Sebagai Bank Pembayaran dan Bank Administrator RDNTINGGALKAN BALASAN Batal balasanPlease enter your comment! Please enter your name here You have entered an incorrect email address!Please enter your email address here CAPCHA * 8  −  3  =            RADIO STREAMINGIkuti Kami173,303FansSuka21,009PengikutMengikuti6,115PengikutMengikuti4,560PelangganBerlangganan  CuacaDenpasarfew clouds   enter location  27.8 ° C  27.8 °  27.8 °  78%  7.7kmh  20%Kam 28 °Jum 28 °Sab 26 °Ming 27 °Sen 27 °  Iklan BarisCLAS-00009-01-12-2019 Ayo mulai pesan! Beriklan baris cetak dan online segera akan tampil di portal balipost.comCLAS-00008-01-12-2019 Ayo mulai pesan! Beriklan baris cetak dan online segera akan tampil di portal balipost.comCLAS-00007-01-12-2019 Ayo mulai pesan! Beriklan baris cetak dan online segera akan tampil di portal balipost.comCLAS-00006-01-12-2019 Ayo mulai pesan! Beriklan baris cetak dan online segera akan tampil di portal balipost.comCLAS-00005-01-12-2019 Ayo mulai pesan! Beriklan baris cetak dan online segera akan tampil di portal balipost.com  Tentang KamiBali Post Portal Media adalah portal berita pertama dengan konten  hiburan, fashion, musik, video dan audio news yang terkini dan terupdate.IKUTI KAMI                    Media SiberMedia PartnerPrivacy PolicyCopyrightDisclaimerTentang Kami © BALIPOST.com Ekonomi > Dirut BRI Sunarso Raih “Business Person of the Year”   Pada acara Fortune Indonesia Summit 2022 tersebut, Direktur Utama BRI Sunarso dinobatkan sebagai “Business Person of the Year”. Sunarso dinilai sebagai salah satu tokoh berpengaruh yang memiliki impact dan peran besar sebagai leadership di kancah business dan finance. Sunarso mengungkapkan apresiasinya atas penghargaan tersebut. Menurutnya, pencapaian ini tak terlepas dari peran dan inisiatif yang terus didorong di seluruh unit kerja BRI Group. “Di tengah kondisi pemulihan ekonomi yang masih berlangsung, BRI terus menjalankan strategi transformasi di area digital dan culture yang berkelanjutan,” ujarnya. Ia melanjutkan, strategi pertumbuhan BRI Group ini dilakukan salah satunya dengan mendorong nasabah eksisting naik kelas secara sistematis. Selain itu, perseroan juga memperbesar customer base dengan mencari sumber-sumber pertumbuhan baru, termasuk melalui pembentukan Holding Ultra Mikro (UMi) bersama. Kemampuan BRI dalam menyeimbangkan transformasi dengan tetap fokus pada core business nya tercermin dari kinerja cemerlang yang dibukukan oleh perseroan. Dalam tiga bulan pertama tahun 2022 perseroan mampu mencatatkan laba bersih konsolidasian senilai Rp12,22 triliun atau tumbuh sebesar 78,13 persen year on year. sementara untuk asset, pada akhir Maret 2022 tercatat Aset BRI mencapai sebesar Rp1.650,28 triliun atau tumbuh 8,99 persen yoy. Sunarso pun menyiratkan optimisme kinerja BRI ke depan di tengah kondisi ekonomi yang mulai bangkit. “Saya cukup yakin bahwa BRI akan semakin baik di 2022 dibandingkan tahun 2021, namun tetap antisipatif dengan kemungkinan terburuk dari kondisi perekonomian global,” imbuhnya. Sunarso optimistis, BRI dapat terus mengcreate dan mendeliver value sehingga terus tumbuh berkelanjutan. Selain bernilai secara aspek ekonomi/bisnis (economic values), BRI juga senantiasa menghadirkan social values bagi seluruh lapisan masyarakat. (Adv/balipost) CAPCHA * 8  −  3  =             "
Mantan Dirut BRI Temu Kangen: (1)Kepemimpinan ...,https://republiknews.co.id/mantan-dirut-bri-temu-kangen-1kepemimpinan-pelayan-versi-habibie/,2024-08-21,2024-05-12,"Pengantar:Jumat (10/5/2024) pagi tiba-tiba masuk pesan whatsapp dari nomor tidak bernama. Di dalam narasi yang disampaikan tertulis nama Kak Taslin Arifin. Di situ tertulis undangan makan malam bersama Asmawi Syam di Rumah Makan Kayu Bangkoa, Jl. Haji Bau Makassar, pukul 19.00 Wita, 10 Mei 2024 malam. Saya membaca komentar yang menyertai undangan itu sampai habis. Pengirim WA menulis begini: “Asmawi Syam yang bankir itu selama kariernya,  hampir tidak punya waktu yang tersisa untuk berbagai hal yang informal, dan sangat kepingin, dan rindu yang terpendam begitu dalam untuk bertemu dengan kerabatnya, seniornya, gurunya, dan teman seperjuangannya saat sebagai mahasiswa dan juga sebagai Ketua Senat Mahasiswa Fakultas Ekonomi Unhas pada tahun 70-an. Asmawi sebelumnya adalah Direktur Utama Bank Rakyat Indonesia (BRI), dan berbagai jabatan di pelbagai Bank, dan Lembaga Keuangan pada tingkat Nasional, dan terakhir sebagai Komisaris Bank BNI sampai dewasa ini. Hal itulah yg dia sampaikan kepada saya saat bertemu di Jakarta tanggal 6 Mei minggu lalu. Dalam kaitan itu saya sekeluarga bersama Asmawi Syam mengundang bapak dan ibu, para senior, yunior, dan kerabat seperjuangan untuk silaturahmi, makan malam bersama, serta menyambung kembali berbagai cerita yg terputus. Atas kehadirannya saya ucapkan banyak terima kasihHormat kamiTaslim Arifin & Asmawi Syam”. Meskipun informasi ini mengesankan bahwa yang mengirim pesan itu pasti orang yang sangat tahu dengan Asmawi Syam, tetapi dasar saya yang darah jurnalismenya selalu mendidih, upaya  “check and re-check” pun harus ditempuh. Soalnya, pesan dengan nomor telepon tak “terdaftar” itu selalu perlakukan sama. Konfirmasi ke orang yang disebutkan di dalam pesan itu. Saya akhirnya mengontak langsung Pak Asmawi Syam. Saya memberi tahu ada undangan itu ketika telepon tersambung. Baca Juga : Obituari Hasyim Ado: Pernah Dibantingi Pistol “Oh..iya.. Datang, ya!,” kata bankir yang dilahirkan 16 Agustus 1955 itu, kemudian saya menutup telepon lalu membuka kembali nomor tak bernama yang mengirim pesan undangan tersebut. Ternyata ada tertulis Kak Taslim Arifin, hanya tidak muncul. Astaga!!! Tiba-tiba saya merasa berdosa.“Insha Allah, saya hadir,” saya pun membalas pesan WA kak Taslim Arifin. Catatan M. Dahlan Abubakar berikut ini merangkum suasana temu kangen yang berlangsung selama tiga jam yang diantarai makan malam bersama itu. (Redaksi). Guru Kehidupan Pertemuan malam itu merupakan wujud rasa rindu Pak Asmawi Syam setelah terpisah selama 40 tahun lebih dengan teman-temannya karena berkecimpung di Bank. Jumpa tersebut dia istilahkan sebagai silaturahim dengan para guru, sahabat, dan kerabat yang menjadi guru kehidupannya. Dari mereka itu, dia memperoleh butir-butir kehidupan yang mengantarnya hingga pada posisi puncak di BRI dan kini tetap saja masih dipercayai sebagai pejabat di Bank plat merah. Baca Juga : Mantan Dirut BRI Temu Kangen: (5-Habis)Wawancara Sambil Bermain Golf dengan Wapres Saya mencatat, beberapa nama penting yang hadir diantaranya (tanpa gelar): Rektor Unhas periode 2006-2014 Idrus A.Paturusi, mantan Direktur Program Pascasarjana Andi Husni Tanra & Nyonya, pakar Ekonomi Unhas Marzuki, Dekan Fakultas Ekonomi dan Bisnis Abdul Rahman Kadir, Guru Besar UIN Alauddin Qasim Mathar, mantan Ketua Bappeda Sulsel S. Ruslan, mantan Ketua Dewan Mahasiswa Unhas Taslim Arifin dan Pudji Astuti Daud, Politisi Yagkin Pajalangi, Niniek Lantara dan Zulkarnain Latief, Syahrir Arief dan Hetty, mantan Dekan Fakultas Kesehatan Masyarakat Unhas Aminuddin Syam, purnabaktiwan Dosen FEB Unhas Tadjuddin Parenta, Anggota DPRD Sulsel Nikmatullah, mantan Dekan Fakultas Kedokteran Gigi Unhas Zulkilfi, mantan Rektor Universitas 45 Andi Jaya Sose, pensiunan karyawan BNI Takwir Kamba, M.Dahlan Abubakar & Nyonya dan mohon maaf beberapa nama lain yang saya tidak ingat. Asmawi yang malam itu ditemni istrinya, Aryani (Ani) Soemarmo. menceritakan, selesai Sarjana, tidak berapa lama setelah  keluar tahanan Kodam XIV Hasanuddin dan Kodim 1408 BS/Ujungpandang. Di dalam tahanan selain Asmawi terdapat sejumlah aktivis mahasiswa Unhas, diantaranya Taslim Arifin (Ketua Dewan Mahasiswa Unhas, dari Fakultas Ekonomi), A.Razak Thaha (Kedokteran), Achmad Ali (Hukum), Nursyamsu Saiman (Sastra),  Fachry Ammari (Sospol) — ketiga yang disebut terakhir sudah meninggal dunia — dan  Qasim Mathar (IAIN Alauddin). Ketika di dalam tahanan, mereka didatangi oleh salah seorang tahanan Politik. Dia banyak bercerita tentang kehidupan di tahanan KIS. Katanya, jika sudah masuk ke rumah tahanan itu tidak jelas kapan keluarnya. Juga kelak tidak tahu mau jadi apa?Mendengar cerita tahanan itu, kata Asmawi, sudah mulai merancang-rancang apa yang akan dilakukan kelak. Misalnya, Nursyamsu Saiman yang akrab disapa Ancu (meninggal 2019 di Bandung),  mengatakan akan menjadi seniman saja. Abdul Razak Taha (Atja) akan menjadi Dokter Swasta, dan Fachri Ammari oleh orang tuanya digadang-gadang jadi Sekretaris Daerah dan dia menangis membayangkan cita-citanya itu di dalam tahanan. “Dia akhirnya menjadi Sekda di tanah kelahirannya, Ternate,“ ujar Asmawi. Baca Juga : Mantan Dirut BRI Temu Kangen: (4)Satu Malam, Bobol 4 Kantor BRI Unit Dalam rekam digitalnya, Fahri Ammari juga tercatat sebagai salah seorang Tokoh pendidikan di Tarnate. Pada peringatan Hari Pendidikan Nasional 2017, sivitas akademika Universitas Khairun (Unkhair) Ternate berziarah ke makam tokoh-tokoh pendidikan di daerah itu, termasuk di antaranya Fahri Ammari. Kepemimpinan pelayan Setelah selesai menulis Skripsi dan meraih Ijazah Sarjana tahun 1979, Asmawi melapor ke Pak JK di PT Haji Kalla.“Kau langsung ke Jakarta, tidak boleh tinggal di Makassar,”  Pak JK berpesan.Pak JK pun memberikan nota kepada Asmawi yang ditujukan kepada Direktur Utama Bank Niaga Abdul Gani. Pak Amiruddin yang ketika itu menjabat Rektor Unhas juga memberikan nota untuk melapor ke B.J. Habibie yang ketika itu menjabat Menteri Riset dan Teknologi dan Badan Pengkajian dan Penerapan Teknologi (BPPT). Pak Habibie yang selalu menyapa Pak Amiruddin dengan Ahmad adalah dua orang yang berteman lama. Pak Amir yang lebih tua dua tahun dari Habibie, saat bersekolah di Bandung, pernah kos di kediaman keluarga Habibie. Masih ada lagi satu nota, diberikan oleh Mustamin Daeng Matutu, dosen Fakultas Hukum Unhas yang kerap berlawanan dengan Pak Amiruddin. Nota Mustamin ini ditujukan kepada salah seorang temannya di Jakarta. Tidak satu pun nota itu Asmawi gunakan.Hanya saja, Asmawi tetap melapor ke Pak Habibie.“Apa pekerjaan kamu selama menjadi mahasiswa?,” tanya Habibie.“Saya seorang aktivis,” jawab Asmawi.“Bagus…bagus. Kamu harus sekolah, ya!” kata pria kelahiran Parapare 25 Januari 1936 dan wafat di Jakarta 11 September 2019 tersebut. Baca Juga : Mantan Dirut BRI Temu Kangen: (3)Dari Staf ke Posisi Puncak Mendengar pesan Habibie tersebut, dalam hati Asmawi berkata, “saya tidak memiliki uang”. Dia pun menghabiskan waktunya membaca sejumlah buku di Perpustakaan. Kebetulan juga pada waktu itu ada Marwah Daud yang kemudian disekolahkan di Amerika Serikat dan setelah meraih Doktor mengabdi di BPPT. Menceritakan kenangannya dengan Habibie, Asmawi menyimpan kesan yang tidak terlupakan. Di dalam buku “Leadership in Practice” yang ditulisnya bersama Rhenald Kasali (Balai Pustaka, 2019), Habibie memberikan sambutan khusus. Bahkan Asmawi memberi satu bab tentang masalah kepemimpinan versi Habibie. Naskah di dalam buku tersebut diketik sendiri oleh Habibie, meskipun ketika itu sedang dirawat. Ketika Asmawi meminta akan mengetik dan Pak Habibie cukup membacakannya, Presiden ke-3 Indonesia itu menolak.“Bapak yang bicara, saya yang mengetik,” usul Asmawi.“Nggak, saya mau ketik sendiri,” balas Habibie kemudian bangun dari berbaring dan duduk mengetik. Padahal, waktu itu tubuhnya kerap tremor (gerakan anggota tubuh yang tak terkontrol).Akhirnya tim dokter memberi tahu Asmawi.“Bapak mau istirahat, bapak boleh di luar dulu,” kata Asmawi menirukan permintaan dokter yang merawat Habibie. Baca Juga : Mantan Dirut BRI Temu Kangen: (3)Dari Staf ke Posisi Puncak Ada satu kisah Habibie yang selalu terngiang di dalam benak Asmawi jika berbicara mengenai masalah kepemimpinan. Suatu hari, setelah beberapa hari dilantik sebagai Presiden RI, Habibie menerima tamu kenegaraan. Tamu yang tidak dikenalnya itu sebenarnya harus diterima oleh Soeharto. Namun pada tanggal 21 Mei 1998, Pak Harto mengundurkan diri, akhirnya Habibie-lah yang menerimanya karena sudah dijadwalkan. Tamu itu diterima pada suatu acara jamuan makan malam di Istana Merdeka.“Itu yang di pojok itu, siapa?,” tiba-tiba saja tamu itu bertanya.“Itu pelayan,” jawab Habibie polos.“Terus yang memakai jas, siapa?,” tamu pun terus bertanya.“Itu para menteri,” balas Habibie.“Mengapa semua pelayan itu pakaiannya sama dengan Anda sebagai Presiden (berkopiah),” cecar sang Tamu.“Iya, saya juga pelayan ‘the people Republic of Indonesia’. Saya pelayan bangsa Indonesia, makanya saya pakai kopiah. Sedangkan yang tidak memakai kopiah, itu pembantu saya,” kata Habibie dengan diplomatis. Asmawi mengaku sangat sedih karena pada peluncuran buku 8 Oktober 2019 di Ball Room Hotel JS Luwansa Jl.Rasuna Raid Jakarta Selatan, Pak Habibie tidak sempat menghadirinya karena berpulang pada 11 September 2019.  Padahal, Asmawi sudah menjadwalkan bahwa peluncuran buku ini dilakukan di lokasi yang berdekatan dengan kediaman Habibie. Baca Juga : Mantan Dirut BRI Temu Kangen: (3)Dari Staf ke Posisi Puncak Asmawi kemudian memberi tahu Pak JK periahal persiapan peluncuran buku ini. Pak JK sendiri memberi sambutan di dalam buku tersebut dan juga saat acara peluncuran buku. (Bersambung) ©2021 - 2024 • SuryaLoe • all rights reserved"
"Tina Meilina Dipercaya jadi Dirut BRI-MI, Berikut Susunan ...",https://www.viva.co.id/bisnis/1724734-tina-meilina-dipercaya-jadi-dirut-bri-mi-berikut-susunan-dewan-komisaris-dan-direksi-terbaru,2024-08-21,2024-06-19,"Jakarta – Pengalaman di industri jasa keuangan, membuat Tina Meilina dipercaya sebagai Direktur Utama PT BRI Manajemen Investasi atau BRI-MI. Harapannya, adalah mampu membawa institusi tumbuh lebih kuat lagi dengan sederet pengalaman tersebut. Dia efektif menjabat per tanggal 11 Juni 2024.  Komisaris Utama BRI-MI, Tri Hartono, menyambut baik. Dengan rekam jejak Tina, dia yakin bis membawa BRI-MI tumbuh menjawab tantangan pasar serta kebutuhan dari investor.  ""Kami antusias menyambut Tina Meilina sebagai Direktur Utama. Kami meyakini pengalaman dan keahlian yang dimilikinya dapat menjadi aset yang sangat berharga bagi perusahaan dalam mencapai tujuan strategis, yakni senantiasa bertumbuh dan semakin kuat dalam menghadapi tantangan ke depan,"" ujarnya. Tina Meilina bergabung dengan BRI-MI sejak Desember 2023 dan menjabat sebagai SEVP Product & Alternative Investment. Dia adalah peraih gelar Sarjana Agribisnis dari Institut Pertanian Bogor (IPB) ini berkarier di PT Bank Rakyat Indonesia (Persero) Tbk sejak 2009. Tina terakhir menjabat di Bank BRI ialah sebagai Executive Vice President Kepala Divisi Wealth Management BRI. Selama menjabat, perempuan kelahiran Bandung itu mampu mengkoordinasikan kegiatan yang strategis dan operasional. Baik pengembangan produk, penyusunan strategi bisnis, serta kemitraan dengan berbagai pihak internal dan eksternal. Tina aktif meningkatkan kemampuan dan keahlian melalui berbagai pelatihan dan sertifikasi profesional. Beberapa di antaranya ialah sebagai pemegang Izin Wakil Manajer Investasi (WMI) pada 2023, Wakil Agen Penjual Efek Reksa Dana (WAPERD) pada 2022, dan Wakil Perantara Pedagang Efek Pemasaran (WPPE-P) pada 2021. Ada juga Certified Wealth Manager (CWM) pada tahun 2019 & Certified Financial Planner (CFP) pada tahun 2014.  Untuk tugas barunya ini, Tina berterima kasih karena dipercaya menduduki posisi yang baru ini. Dia berharap, BRI-MI akan terus memperkuat posisinya dan terpercaya di Tanah Air.  ""Saya juga berterima kasih kepada seluruh pemangku kepentingan atas kepercayaan untuk senantiasa memperkuat BRI-MI sebagai salah satu manajer investasi terbesar dan tepercaya di Indonesia” ujar Tina. Berikut susunan Dewan Komisaris dan Direksi BRI-MI terkini adalah sebagai berikut: Komisaris Utama:  Tri HartonoKomisaris Independen:  Kahlil Rowter   Direktur Utama: Tina MeilinaDirektur Sales & Marketing: Upik SusiyawatiDirektur Finance & Operasi: Ira Irmalia Sjam"
"Borong 11 Penghargaan dari Finance Asia, Dirut BRI ...",https://economy.okezone.com/read/2024/06/27/11/3027052/borong-11-penghargaan-dari-finance-asia-dirut-bri-sunarso-dinobatkan-sebagai-the-best-ceo,2024-08-21,2024-06-27,"JAKARTA - PT Bank Rakyat Indonesia (Persero) Tbk terus menunjukkan kiprah di industri keuangan global. Yang terbaru, berkat kinerja positif di sepanjang tahun lalu membuat BRI mendapatkan 11 penghargaan dari Finance Asia pada ajang The Finance Asia Awards and Asia’s Best Companies Poll Gala Dinner 2024 yang diselenggarakan pada Kamis (27/6) di Hong Kong.
Direktur Utama BRI Sunarso yang hadir menerima langsung pada acara tersebut mengungkapkan penghargaan ini tak lepas dari komitmen perseroan yang terus mengusung misi menciptakan economic value dan social value dengan terus fokus pada pemberdayaan Usaha Mikro, Kecil dan Menengah (UMKM).

BACA JUGA:
One Stop Sevices Bank BRI, Jawaban dari Meningkatnya Kebutuhan Digitalisasi Transaksi

“Penghargaan ini kami persembahkan kepada lebih dari 110 ribu Insan BRILian (Pekerja BRI) yang selama ini telah memberikan komitmen dan dedikasi yang kuat sehingga BRI dapat terus mengambil peran dalam roda perekonomian Indonesia,"" ujar Sunarso.
""Kami juga mempersembahkan penghargaan ini kepada seluruh UMKM yang menjadi tulang punggung ekonomi Indonesia atas semangat berjuang dan pantang menyerah di kondisi yang tidak mudah,” katanya.
Dari 11 penghargaan yang diterima BRI, tujuh penghargaan diantaranya diperoleh dari kategori Asia’s Best Companies dan empat penghargaan diperoleh dalam kategori Finance Asia Awards.
Untuk Asia’s Best Companies BRI mendapatkan Best CEO (gold) untuk Direktur Utama BRI Sunarso, Best Managed Company (gold), Best Investor Relations (gold), Best CFO (silver) untuk Direktur Keuangan BRI Viviana Dyah Ayu, Most Commited to DEI (silver), Most Commited to ESG (silver) dan Best Large Cap Company (Bronze).
Sementara itu, empat penghargaan yang diperoleh dalam kategori FinanceAsia Awards diantaranya Best Bank For Financial Inclusion (winner), Best Commercial Bank – SMEs (winner), Best Sustainable Bank (highly commended) dan Most Innovative Technology (highly commended).

Direktur Utama BRI Sunarso dinobatkan sebagai The Best CEO. (Foto: dok BRI)

Sebagai informasi, Finance Asia merupakan majalah ekonomi dan keuangan terkemuka di Asia Pasifik yang berbasis di Hong Kong. Didirikan pada 1996, FinanceAsia memberikan ulasan mendalam mengenai perkembangan ekonomi di wilayah Asia Pasifik, termasuk aksi-aksi korporasi seperti merger dan akuisisi.
Di sepanjang Juni 2024 tercatat BRI mendapatkan tiga pengakuan dan penghargaan bergengsi di level internasional. Pertama, pada Kamis, 13 Juni BRI dinobatkan oleh Forbes sebagai perusahaan terbesar dalam daftar The Global 2000.
Forbes International mencatat, BRI unggul dengan penjualan sebesar US14,95 miliar, laba USD3,6 miliar, aset mencapai USD125,45 miliar, dan nilai pasar sebesar USD46,5 miliar.
Forbes Global 2000 pada 2024, memuat data kinerja perusahaan dalam 12 bulan terakhir hingga 17 Mei 2024. Pada daftar tersebut, BRI menempati peringkat 308 dunia mengungguli perusahaan multinasional lain seperti Starbucks, Renault, hingga Uber dan Nissan Motor.
Selanjutnya, pada Selasa, 18 Juni Fortune mengumumkan daftar Fortune Southeast Asia 500 untuk pertama kalinya. Daftar ini berisikan 500 perusahaan terbesar di Asia Tenggara yang dinilai berdasarkan revenue, profit dan aset.
Dalam daftar Fortune Southeast Asia 500, prestasi kembali diraih oleh BRI. Perseroan menduduki peringkat pertama untuk industri keuangan di Indonesia.
Di Asia Tenggara, BRI menduduki peringkat 4 untuk kategori keuangan, dan berada di peringkat 15 diantara 500 perusahaan dalam daftar tersebut. Mengutip website Fortune, BRI mencatatkan revenue sebesar USD14,9 milyar, profit sebesar USD3,9 milyar dan aset sebesar USD127,6 milyar.
“Di tengah ketidakpastian ekonomi global serta era suku bunga tinggi, keberhasilan BRI mendapatkan pengakuan dari Forbes, Fortune dan Finance Asia membuktikan bahwa dunia internasional mengakui serta mengapresiasi strategic response yang diambil BRI dalam menghadapi tantangan,"" tutur Sunarso.
Ia menambahkan, hal tersebut terbukti berhasil menjadi landasan dalam pencapaian kinerja yang positif bagi BRI yang menjadi leader di industri perbankan di Indonesia serta semakin menunjukkan pengaruh di industri keuangan regional dan global. 





Follow Berita Okezone di Google News


Dapatkan berita up to date dengan semua berita terkini dari Okezone hanya dengan satu akun di
ORION, daftar sekarang dengan
klik disini
dan nantikan kejutan menarik lainnya

(Wul)




Follow WhatsApp Channel Okezone untuk update berita terbaru setiap hari

Follow



#Finance Asia
#Dirut BRI Sunarso
#BRI
#Forbes Global 2000
#Okezone Stories





















 Direktur Utama BRI Sunarso yang hadir menerima langsung pada acara tersebut mengungkapkan penghargaan ini tak lepas dari komitmen perseroan yang terus mengusung misi menciptakan economic value dan social value dengan terus fokus pada pemberdayaan Usaha Mikro, Kecil dan Menengah (UMKM).

BACA JUGA:
One Stop Sevices Bank BRI, Jawaban dari Meningkatnya Kebutuhan Digitalisasi Transaksi

“Penghargaan ini kami persembahkan kepada lebih dari 110 ribu Insan BRILian (Pekerja BRI) yang selama ini telah memberikan komitmen dan dedikasi yang kuat sehingga BRI dapat terus mengambil peran dalam roda perekonomian Indonesia,"" ujar Sunarso.
""Kami juga mempersembahkan penghargaan ini kepada seluruh UMKM yang menjadi tulang punggung ekonomi Indonesia atas semangat berjuang dan pantang menyerah di kondisi yang tidak mudah,” katanya.
Dari 11 penghargaan yang diterima BRI, tujuh penghargaan diantaranya diperoleh dari kategori Asia’s Best Companies dan empat penghargaan diperoleh dalam kategori Finance Asia Awards.
Untuk Asia’s Best Companies BRI mendapatkan Best CEO (gold) untuk Direktur Utama BRI Sunarso, Best Managed Company (gold), Best Investor Relations (gold), Best CFO (silver) untuk Direktur Keuangan BRI Viviana Dyah Ayu, Most Commited to DEI (silver), Most Commited to ESG (silver) dan Best Large Cap Company (Bronze).
Sementara itu, empat penghargaan yang diperoleh dalam kategori FinanceAsia Awards diantaranya Best Bank For Financial Inclusion (winner), Best Commercial Bank – SMEs (winner), Best Sustainable Bank (highly commended) dan Most Innovative Technology (highly commended).

Direktur Utama BRI Sunarso dinobatkan sebagai The Best CEO. (Foto: dok BRI)

Sebagai informasi, Finance Asia merupakan majalah ekonomi dan keuangan terkemuka di Asia Pasifik yang berbasis di Hong Kong. Didirikan pada 1996, FinanceAsia memberikan ulasan mendalam mengenai perkembangan ekonomi di wilayah Asia Pasifik, termasuk aksi-aksi korporasi seperti merger dan akuisisi.
Di sepanjang Juni 2024 tercatat BRI mendapatkan tiga pengakuan dan penghargaan bergengsi di level internasional. Pertama, pada Kamis, 13 Juni BRI dinobatkan oleh Forbes sebagai perusahaan terbesar dalam daftar The Global 2000.
Forbes International mencatat, BRI unggul dengan penjualan sebesar US14,95 miliar, laba USD3,6 miliar, aset mencapai USD125,45 miliar, dan nilai pasar sebesar USD46,5 miliar.
Forbes Global 2000 pada 2024, memuat data kinerja perusahaan dalam 12 bulan terakhir hingga 17 Mei 2024. Pada daftar tersebut, BRI menempati peringkat 308 dunia mengungguli perusahaan multinasional lain seperti Starbucks, Renault, hingga Uber dan Nissan Motor.
Selanjutnya, pada Selasa, 18 Juni Fortune mengumumkan daftar Fortune Southeast Asia 500 untuk pertama kalinya. Daftar ini berisikan 500 perusahaan terbesar di Asia Tenggara yang dinilai berdasarkan revenue, profit dan aset.
Dalam daftar Fortune Southeast Asia 500, prestasi kembali diraih oleh BRI. Perseroan menduduki peringkat pertama untuk industri keuangan di Indonesia.
Di Asia Tenggara, BRI menduduki peringkat 4 untuk kategori keuangan, dan berada di peringkat 15 diantara 500 perusahaan dalam daftar tersebut. Mengutip website Fortune, BRI mencatatkan revenue sebesar USD14,9 milyar, profit sebesar USD3,9 milyar dan aset sebesar USD127,6 milyar.
“Di tengah ketidakpastian ekonomi global serta era suku bunga tinggi, keberhasilan BRI mendapatkan pengakuan dari Forbes, Fortune dan Finance Asia membuktikan bahwa dunia internasional mengakui serta mengapresiasi strategic response yang diambil BRI dalam menghadapi tantangan,"" tutur Sunarso.
Ia menambahkan, hal tersebut terbukti berhasil menjadi landasan dalam pencapaian kinerja yang positif bagi BRI yang menjadi leader di industri perbankan di Indonesia serta semakin menunjukkan pengaruh di industri keuangan regional dan global. 





Follow Berita Okezone di Google News


Dapatkan berita up to date dengan semua berita terkini dari Okezone hanya dengan satu akun di
ORION, daftar sekarang dengan
klik disini
dan nantikan kejutan menarik lainnya

(Wul)




Follow WhatsApp Channel Okezone untuk update berita terbaru setiap hari

Follow



#Finance Asia
#Dirut BRI Sunarso
#BRI
#Forbes Global 2000
#Okezone Stories





















 “Penghargaan ini kami persembahkan kepada lebih dari 110 ribu Insan BRILian (Pekerja BRI) yang selama ini telah memberikan komitmen dan dedikasi yang kuat sehingga BRI dapat terus mengambil peran dalam roda perekonomian Indonesia,"" ujar Sunarso.
""Kami juga mempersembahkan penghargaan ini kepada seluruh UMKM yang menjadi tulang punggung ekonomi Indonesia atas semangat berjuang dan pantang menyerah di kondisi yang tidak mudah,” katanya.
Dari 11 penghargaan yang diterima BRI, tujuh penghargaan diantaranya diperoleh dari kategori Asia’s Best Companies dan empat penghargaan diperoleh dalam kategori Finance Asia Awards.
Untuk Asia’s Best Companies BRI mendapatkan Best CEO (gold) untuk Direktur Utama BRI Sunarso, Best Managed Company (gold), Best Investor Relations (gold), Best CFO (silver) untuk Direktur Keuangan BRI Viviana Dyah Ayu, Most Commited to DEI (silver), Most Commited to ESG (silver) dan Best Large Cap Company (Bronze).
Sementara itu, empat penghargaan yang diperoleh dalam kategori FinanceAsia Awards diantaranya Best Bank For Financial Inclusion (winner), Best Commercial Bank – SMEs (winner), Best Sustainable Bank (highly commended) dan Most Innovative Technology (highly commended).

Direktur Utama BRI Sunarso dinobatkan sebagai The Best CEO. (Foto: dok BRI)

Sebagai informasi, Finance Asia merupakan majalah ekonomi dan keuangan terkemuka di Asia Pasifik yang berbasis di Hong Kong. Didirikan pada 1996, FinanceAsia memberikan ulasan mendalam mengenai perkembangan ekonomi di wilayah Asia Pasifik, termasuk aksi-aksi korporasi seperti merger dan akuisisi.
Di sepanjang Juni 2024 tercatat BRI mendapatkan tiga pengakuan dan penghargaan bergengsi di level internasional. Pertama, pada Kamis, 13 Juni BRI dinobatkan oleh Forbes sebagai perusahaan terbesar dalam daftar The Global 2000.
Forbes International mencatat, BRI unggul dengan penjualan sebesar US14,95 miliar, laba USD3,6 miliar, aset mencapai USD125,45 miliar, dan nilai pasar sebesar USD46,5 miliar.
Forbes Global 2000 pada 2024, memuat data kinerja perusahaan dalam 12 bulan terakhir hingga 17 Mei 2024. Pada daftar tersebut, BRI menempati peringkat 308 dunia mengungguli perusahaan multinasional lain seperti Starbucks, Renault, hingga Uber dan Nissan Motor.
Selanjutnya, pada Selasa, 18 Juni Fortune mengumumkan daftar Fortune Southeast Asia 500 untuk pertama kalinya. Daftar ini berisikan 500 perusahaan terbesar di Asia Tenggara yang dinilai berdasarkan revenue, profit dan aset.
Dalam daftar Fortune Southeast Asia 500, prestasi kembali diraih oleh BRI. Perseroan menduduki peringkat pertama untuk industri keuangan di Indonesia.
Di Asia Tenggara, BRI menduduki peringkat 4 untuk kategori keuangan, dan berada di peringkat 15 diantara 500 perusahaan dalam daftar tersebut. Mengutip website Fortune, BRI mencatatkan revenue sebesar USD14,9 milyar, profit sebesar USD3,9 milyar dan aset sebesar USD127,6 milyar.
“Di tengah ketidakpastian ekonomi global serta era suku bunga tinggi, keberhasilan BRI mendapatkan pengakuan dari Forbes, Fortune dan Finance Asia membuktikan bahwa dunia internasional mengakui serta mengapresiasi strategic response yang diambil BRI dalam menghadapi tantangan,"" tutur Sunarso.
Ia menambahkan, hal tersebut terbukti berhasil menjadi landasan dalam pencapaian kinerja yang positif bagi BRI yang menjadi leader di industri perbankan di Indonesia serta semakin menunjukkan pengaruh di industri keuangan regional dan global. 





Follow Berita Okezone di Google News


Dapatkan berita up to date dengan semua berita terkini dari Okezone hanya dengan satu akun di
ORION, daftar sekarang dengan
klik disini
dan nantikan kejutan menarik lainnya

(Wul)




Follow WhatsApp Channel Okezone untuk update berita terbaru setiap hari

Follow



#Finance Asia
#Dirut BRI Sunarso
#BRI
#Forbes Global 2000
#Okezone Stories





















 ""Kami juga mempersembahkan penghargaan ini kepada seluruh UMKM yang menjadi tulang punggung ekonomi Indonesia atas semangat berjuang dan pantang menyerah di kondisi yang tidak mudah,” katanya.
Dari 11 penghargaan yang diterima BRI, tujuh penghargaan diantaranya diperoleh dari kategori Asia’s Best Companies dan empat penghargaan diperoleh dalam kategori Finance Asia Awards.
Untuk Asia’s Best Companies BRI mendapatkan Best CEO (gold) untuk Direktur Utama BRI Sunarso, Best Managed Company (gold), Best Investor Relations (gold), Best CFO (silver) untuk Direktur Keuangan BRI Viviana Dyah Ayu, Most Commited to DEI (silver), Most Commited to ESG (silver) dan Best Large Cap Company (Bronze).
Sementara itu, empat penghargaan yang diperoleh dalam kategori FinanceAsia Awards diantaranya Best Bank For Financial Inclusion (winner), Best Commercial Bank – SMEs (winner), Best Sustainable Bank (highly commended) dan Most Innovative Technology (highly commended).

Direktur Utama BRI Sunarso dinobatkan sebagai The Best CEO. (Foto: dok BRI)

Sebagai informasi, Finance Asia merupakan majalah ekonomi dan keuangan terkemuka di Asia Pasifik yang berbasis di Hong Kong. Didirikan pada 1996, FinanceAsia memberikan ulasan mendalam mengenai perkembangan ekonomi di wilayah Asia Pasifik, termasuk aksi-aksi korporasi seperti merger dan akuisisi.
Di sepanjang Juni 2024 tercatat BRI mendapatkan tiga pengakuan dan penghargaan bergengsi di level internasional. Pertama, pada Kamis, 13 Juni BRI dinobatkan oleh Forbes sebagai perusahaan terbesar dalam daftar The Global 2000.
Forbes International mencatat, BRI unggul dengan penjualan sebesar US14,95 miliar, laba USD3,6 miliar, aset mencapai USD125,45 miliar, dan nilai pasar sebesar USD46,5 miliar.
Forbes Global 2000 pada 2024, memuat data kinerja perusahaan dalam 12 bulan terakhir hingga 17 Mei 2024. Pada daftar tersebut, BRI menempati peringkat 308 dunia mengungguli perusahaan multinasional lain seperti Starbucks, Renault, hingga Uber dan Nissan Motor.
Selanjutnya, pada Selasa, 18 Juni Fortune mengumumkan daftar Fortune Southeast Asia 500 untuk pertama kalinya. Daftar ini berisikan 500 perusahaan terbesar di Asia Tenggara yang dinilai berdasarkan revenue, profit dan aset.
Dalam daftar Fortune Southeast Asia 500, prestasi kembali diraih oleh BRI. Perseroan menduduki peringkat pertama untuk industri keuangan di Indonesia.
Di Asia Tenggara, BRI menduduki peringkat 4 untuk kategori keuangan, dan berada di peringkat 15 diantara 500 perusahaan dalam daftar tersebut. Mengutip website Fortune, BRI mencatatkan revenue sebesar USD14,9 milyar, profit sebesar USD3,9 milyar dan aset sebesar USD127,6 milyar.
“Di tengah ketidakpastian ekonomi global serta era suku bunga tinggi, keberhasilan BRI mendapatkan pengakuan dari Forbes, Fortune dan Finance Asia membuktikan bahwa dunia internasional mengakui serta mengapresiasi strategic response yang diambil BRI dalam menghadapi tantangan,"" tutur Sunarso.
Ia menambahkan, hal tersebut terbukti berhasil menjadi landasan dalam pencapaian kinerja yang positif bagi BRI yang menjadi leader di industri perbankan di Indonesia serta semakin menunjukkan pengaruh di industri keuangan regional dan global. 





Follow Berita Okezone di Google News


Dapatkan berita up to date dengan semua berita terkini dari Okezone hanya dengan satu akun di
ORION, daftar sekarang dengan
klik disini
dan nantikan kejutan menarik lainnya

(Wul)




Follow WhatsApp Channel Okezone untuk update berita terbaru setiap hari

Follow



#Finance Asia
#Dirut BRI Sunarso
#BRI
#Forbes Global 2000
#Okezone Stories





















 Dari 11 penghargaan yang diterima BRI, tujuh penghargaan diantaranya diperoleh dari kategori Asia’s Best Companies dan empat penghargaan diperoleh dalam kategori Finance Asia Awards.
Untuk Asia’s Best Companies BRI mendapatkan Best CEO (gold) untuk Direktur Utama BRI Sunarso, Best Managed Company (gold), Best Investor Relations (gold), Best CFO (silver) untuk Direktur Keuangan BRI Viviana Dyah Ayu, Most Commited to DEI (silver), Most Commited to ESG (silver) dan Best Large Cap Company (Bronze).
Sementara itu, empat penghargaan yang diperoleh dalam kategori FinanceAsia Awards diantaranya Best Bank For Financial Inclusion (winner), Best Commercial Bank – SMEs (winner), Best Sustainable Bank (highly commended) dan Most Innovative Technology (highly commended).

Direktur Utama BRI Sunarso dinobatkan sebagai The Best CEO. (Foto: dok BRI)

Sebagai informasi, Finance Asia merupakan majalah ekonomi dan keuangan terkemuka di Asia Pasifik yang berbasis di Hong Kong. Didirikan pada 1996, FinanceAsia memberikan ulasan mendalam mengenai perkembangan ekonomi di wilayah Asia Pasifik, termasuk aksi-aksi korporasi seperti merger dan akuisisi.
Di sepanjang Juni 2024 tercatat BRI mendapatkan tiga pengakuan dan penghargaan bergengsi di level internasional. Pertama, pada Kamis, 13 Juni BRI dinobatkan oleh Forbes sebagai perusahaan terbesar dalam daftar The Global 2000.
Forbes International mencatat, BRI unggul dengan penjualan sebesar US14,95 miliar, laba USD3,6 miliar, aset mencapai USD125,45 miliar, dan nilai pasar sebesar USD46,5 miliar.
Forbes Global 2000 pada 2024, memuat data kinerja perusahaan dalam 12 bulan terakhir hingga 17 Mei 2024. Pada daftar tersebut, BRI menempati peringkat 308 dunia mengungguli perusahaan multinasional lain seperti Starbucks, Renault, hingga Uber dan Nissan Motor.
Selanjutnya, pada Selasa, 18 Juni Fortune mengumumkan daftar Fortune Southeast Asia 500 untuk pertama kalinya. Daftar ini berisikan 500 perusahaan terbesar di Asia Tenggara yang dinilai berdasarkan revenue, profit dan aset.
Dalam daftar Fortune Southeast Asia 500, prestasi kembali diraih oleh BRI. Perseroan menduduki peringkat pertama untuk industri keuangan di Indonesia.
Di Asia Tenggara, BRI menduduki peringkat 4 untuk kategori keuangan, dan berada di peringkat 15 diantara 500 perusahaan dalam daftar tersebut. Mengutip website Fortune, BRI mencatatkan revenue sebesar USD14,9 milyar, profit sebesar USD3,9 milyar dan aset sebesar USD127,6 milyar.
“Di tengah ketidakpastian ekonomi global serta era suku bunga tinggi, keberhasilan BRI mendapatkan pengakuan dari Forbes, Fortune dan Finance Asia membuktikan bahwa dunia internasional mengakui serta mengapresiasi strategic response yang diambil BRI dalam menghadapi tantangan,"" tutur Sunarso.
Ia menambahkan, hal tersebut terbukti berhasil menjadi landasan dalam pencapaian kinerja yang positif bagi BRI yang menjadi leader di industri perbankan di Indonesia serta semakin menunjukkan pengaruh di industri keuangan regional dan global. 





Follow Berita Okezone di Google News


Dapatkan berita up to date dengan semua berita terkini dari Okezone hanya dengan satu akun di
ORION, daftar sekarang dengan
klik disini
dan nantikan kejutan menarik lainnya

(Wul)




Follow WhatsApp Channel Okezone untuk update berita terbaru setiap hari

Follow



#Finance Asia
#Dirut BRI Sunarso
#BRI
#Forbes Global 2000
#Okezone Stories





















 Untuk Asia’s Best Companies BRI mendapatkan Best CEO (gold) untuk Direktur Utama BRI Sunarso, Best Managed Company (gold), Best Investor Relations (gold), Best CFO (silver) untuk Direktur Keuangan BRI Viviana Dyah Ayu, Most Commited to DEI (silver), Most Commited to ESG (silver) dan Best Large Cap Company (Bronze).
Sementara itu, empat penghargaan yang diperoleh dalam kategori FinanceAsia Awards diantaranya Best Bank For Financial Inclusion (winner), Best Commercial Bank – SMEs (winner), Best Sustainable Bank (highly commended) dan Most Innovative Technology (highly commended).

Direktur Utama BRI Sunarso dinobatkan sebagai The Best CEO. (Foto: dok BRI)

Sebagai informasi, Finance Asia merupakan majalah ekonomi dan keuangan terkemuka di Asia Pasifik yang berbasis di Hong Kong. Didirikan pada 1996, FinanceAsia memberikan ulasan mendalam mengenai perkembangan ekonomi di wilayah Asia Pasifik, termasuk aksi-aksi korporasi seperti merger dan akuisisi.
Di sepanjang Juni 2024 tercatat BRI mendapatkan tiga pengakuan dan penghargaan bergengsi di level internasional. Pertama, pada Kamis, 13 Juni BRI dinobatkan oleh Forbes sebagai perusahaan terbesar dalam daftar The Global 2000.
Forbes International mencatat, BRI unggul dengan penjualan sebesar US14,95 miliar, laba USD3,6 miliar, aset mencapai USD125,45 miliar, dan nilai pasar sebesar USD46,5 miliar.
Forbes Global 2000 pada 2024, memuat data kinerja perusahaan dalam 12 bulan terakhir hingga 17 Mei 2024. Pada daftar tersebut, BRI menempati peringkat 308 dunia mengungguli perusahaan multinasional lain seperti Starbucks, Renault, hingga Uber dan Nissan Motor.
Selanjutnya, pada Selasa, 18 Juni Fortune mengumumkan daftar Fortune Southeast Asia 500 untuk pertama kalinya. Daftar ini berisikan 500 perusahaan terbesar di Asia Tenggara yang dinilai berdasarkan revenue, profit dan aset.
Dalam daftar Fortune Southeast Asia 500, prestasi kembali diraih oleh BRI. Perseroan menduduki peringkat pertama untuk industri keuangan di Indonesia.
Di Asia Tenggara, BRI menduduki peringkat 4 untuk kategori keuangan, dan berada di peringkat 15 diantara 500 perusahaan dalam daftar tersebut. Mengutip website Fortune, BRI mencatatkan revenue sebesar USD14,9 milyar, profit sebesar USD3,9 milyar dan aset sebesar USD127,6 milyar.
“Di tengah ketidakpastian ekonomi global serta era suku bunga tinggi, keberhasilan BRI mendapatkan pengakuan dari Forbes, Fortune dan Finance Asia membuktikan bahwa dunia internasional mengakui serta mengapresiasi strategic response yang diambil BRI dalam menghadapi tantangan,"" tutur Sunarso.
Ia menambahkan, hal tersebut terbukti berhasil menjadi landasan dalam pencapaian kinerja yang positif bagi BRI yang menjadi leader di industri perbankan di Indonesia serta semakin menunjukkan pengaruh di industri keuangan regional dan global. 





Follow Berita Okezone di Google News


Dapatkan berita up to date dengan semua berita terkini dari Okezone hanya dengan satu akun di
ORION, daftar sekarang dengan
klik disini
dan nantikan kejutan menarik lainnya

(Wul)




Follow WhatsApp Channel Okezone untuk update berita terbaru setiap hari

Follow



#Finance Asia
#Dirut BRI Sunarso
#BRI
#Forbes Global 2000
#Okezone Stories





















 Sementara itu, empat penghargaan yang diperoleh dalam kategori FinanceAsia Awards diantaranya Best Bank For Financial Inclusion (winner), Best Commercial Bank – SMEs (winner), Best Sustainable Bank (highly commended) dan Most Innovative Technology (highly commended).

Direktur Utama BRI Sunarso dinobatkan sebagai The Best CEO. (Foto: dok BRI)

Sebagai informasi, Finance Asia merupakan majalah ekonomi dan keuangan terkemuka di Asia Pasifik yang berbasis di Hong Kong. Didirikan pada 1996, FinanceAsia memberikan ulasan mendalam mengenai perkembangan ekonomi di wilayah Asia Pasifik, termasuk aksi-aksi korporasi seperti merger dan akuisisi.
Di sepanjang Juni 2024 tercatat BRI mendapatkan tiga pengakuan dan penghargaan bergengsi di level internasional. Pertama, pada Kamis, 13 Juni BRI dinobatkan oleh Forbes sebagai perusahaan terbesar dalam daftar The Global 2000.
Forbes International mencatat, BRI unggul dengan penjualan sebesar US14,95 miliar, laba USD3,6 miliar, aset mencapai USD125,45 miliar, dan nilai pasar sebesar USD46,5 miliar.
Forbes Global 2000 pada 2024, memuat data kinerja perusahaan dalam 12 bulan terakhir hingga 17 Mei 2024. Pada daftar tersebut, BRI menempati peringkat 308 dunia mengungguli perusahaan multinasional lain seperti Starbucks, Renault, hingga Uber dan Nissan Motor.
Selanjutnya, pada Selasa, 18 Juni Fortune mengumumkan daftar Fortune Southeast Asia 500 untuk pertama kalinya. Daftar ini berisikan 500 perusahaan terbesar di Asia Tenggara yang dinilai berdasarkan revenue, profit dan aset.
Dalam daftar Fortune Southeast Asia 500, prestasi kembali diraih oleh BRI. Perseroan menduduki peringkat pertama untuk industri keuangan di Indonesia.
Di Asia Tenggara, BRI menduduki peringkat 4 untuk kategori keuangan, dan berada di peringkat 15 diantara 500 perusahaan dalam daftar tersebut. Mengutip website Fortune, BRI mencatatkan revenue sebesar USD14,9 milyar, profit sebesar USD3,9 milyar dan aset sebesar USD127,6 milyar.
“Di tengah ketidakpastian ekonomi global serta era suku bunga tinggi, keberhasilan BRI mendapatkan pengakuan dari Forbes, Fortune dan Finance Asia membuktikan bahwa dunia internasional mengakui serta mengapresiasi strategic response yang diambil BRI dalam menghadapi tantangan,"" tutur Sunarso.
Ia menambahkan, hal tersebut terbukti berhasil menjadi landasan dalam pencapaian kinerja yang positif bagi BRI yang menjadi leader di industri perbankan di Indonesia serta semakin menunjukkan pengaruh di industri keuangan regional dan global. 





Follow Berita Okezone di Google News


Dapatkan berita up to date dengan semua berita terkini dari Okezone hanya dengan satu akun di
ORION, daftar sekarang dengan
klik disini
dan nantikan kejutan menarik lainnya

(Wul)




Follow WhatsApp Channel Okezone untuk update berita terbaru setiap hari

Follow



#Finance Asia
#Dirut BRI Sunarso
#BRI
#Forbes Global 2000
#Okezone Stories





















 
Direktur Utama BRI Sunarso dinobatkan sebagai The Best CEO. (Foto: dok BRI)

Sebagai informasi, Finance Asia merupakan majalah ekonomi dan keuangan terkemuka di Asia Pasifik yang berbasis di Hong Kong. Didirikan pada 1996, FinanceAsia memberikan ulasan mendalam mengenai perkembangan ekonomi di wilayah Asia Pasifik, termasuk aksi-aksi korporasi seperti merger dan akuisisi.
Di sepanjang Juni 2024 tercatat BRI mendapatkan tiga pengakuan dan penghargaan bergengsi di level internasional. Pertama, pada Kamis, 13 Juni BRI dinobatkan oleh Forbes sebagai perusahaan terbesar dalam daftar The Global 2000.
Forbes International mencatat, BRI unggul dengan penjualan sebesar US14,95 miliar, laba USD3,6 miliar, aset mencapai USD125,45 miliar, dan nilai pasar sebesar USD46,5 miliar.
Forbes Global 2000 pada 2024, memuat data kinerja perusahaan dalam 12 bulan terakhir hingga 17 Mei 2024. Pada daftar tersebut, BRI menempati peringkat 308 dunia mengungguli perusahaan multinasional lain seperti Starbucks, Renault, hingga Uber dan Nissan Motor.
Selanjutnya, pada Selasa, 18 Juni Fortune mengumumkan daftar Fortune Southeast Asia 500 untuk pertama kalinya. Daftar ini berisikan 500 perusahaan terbesar di Asia Tenggara yang dinilai berdasarkan revenue, profit dan aset.
Dalam daftar Fortune Southeast Asia 500, prestasi kembali diraih oleh BRI. Perseroan menduduki peringkat pertama untuk industri keuangan di Indonesia.
Di Asia Tenggara, BRI menduduki peringkat 4 untuk kategori keuangan, dan berada di peringkat 15 diantara 500 perusahaan dalam daftar tersebut. Mengutip website Fortune, BRI mencatatkan revenue sebesar USD14,9 milyar, profit sebesar USD3,9 milyar dan aset sebesar USD127,6 milyar.
“Di tengah ketidakpastian ekonomi global serta era suku bunga tinggi, keberhasilan BRI mendapatkan pengakuan dari Forbes, Fortune dan Finance Asia membuktikan bahwa dunia internasional mengakui serta mengapresiasi strategic response yang diambil BRI dalam menghadapi tantangan,"" tutur Sunarso.
Ia menambahkan, hal tersebut terbukti berhasil menjadi landasan dalam pencapaian kinerja yang positif bagi BRI yang menjadi leader di industri perbankan di Indonesia serta semakin menunjukkan pengaruh di industri keuangan regional dan global. 





Follow Berita Okezone di Google News


Dapatkan berita up to date dengan semua berita terkini dari Okezone hanya dengan satu akun di
ORION, daftar sekarang dengan
klik disini
dan nantikan kejutan menarik lainnya

(Wul)




Follow WhatsApp Channel Okezone untuk update berita terbaru setiap hari

Follow



#Finance Asia
#Dirut BRI Sunarso
#BRI
#Forbes Global 2000
#Okezone Stories





















 Direktur Utama BRI Sunarso dinobatkan sebagai The Best CEO. (Foto: dok BRI)

Sebagai informasi, Finance Asia merupakan majalah ekonomi dan keuangan terkemuka di Asia Pasifik yang berbasis di Hong Kong. Didirikan pada 1996, FinanceAsia memberikan ulasan mendalam mengenai perkembangan ekonomi di wilayah Asia Pasifik, termasuk aksi-aksi korporasi seperti merger dan akuisisi.
Di sepanjang Juni 2024 tercatat BRI mendapatkan tiga pengakuan dan penghargaan bergengsi di level internasional. Pertama, pada Kamis, 13 Juni BRI dinobatkan oleh Forbes sebagai perusahaan terbesar dalam daftar The Global 2000.
Forbes International mencatat, BRI unggul dengan penjualan sebesar US14,95 miliar, laba USD3,6 miliar, aset mencapai USD125,45 miliar, dan nilai pasar sebesar USD46,5 miliar.
Forbes Global 2000 pada 2024, memuat data kinerja perusahaan dalam 12 bulan terakhir hingga 17 Mei 2024. Pada daftar tersebut, BRI menempati peringkat 308 dunia mengungguli perusahaan multinasional lain seperti Starbucks, Renault, hingga Uber dan Nissan Motor.
Selanjutnya, pada Selasa, 18 Juni Fortune mengumumkan daftar Fortune Southeast Asia 500 untuk pertama kalinya. Daftar ini berisikan 500 perusahaan terbesar di Asia Tenggara yang dinilai berdasarkan revenue, profit dan aset.
Dalam daftar Fortune Southeast Asia 500, prestasi kembali diraih oleh BRI. Perseroan menduduki peringkat pertama untuk industri keuangan di Indonesia.
Di Asia Tenggara, BRI menduduki peringkat 4 untuk kategori keuangan, dan berada di peringkat 15 diantara 500 perusahaan dalam daftar tersebut. Mengutip website Fortune, BRI mencatatkan revenue sebesar USD14,9 milyar, profit sebesar USD3,9 milyar dan aset sebesar USD127,6 milyar.
“Di tengah ketidakpastian ekonomi global serta era suku bunga tinggi, keberhasilan BRI mendapatkan pengakuan dari Forbes, Fortune dan Finance Asia membuktikan bahwa dunia internasional mengakui serta mengapresiasi strategic response yang diambil BRI dalam menghadapi tantangan,"" tutur Sunarso.
Ia menambahkan, hal tersebut terbukti berhasil menjadi landasan dalam pencapaian kinerja yang positif bagi BRI yang menjadi leader di industri perbankan di Indonesia serta semakin menunjukkan pengaruh di industri keuangan regional dan global. 





Follow Berita Okezone di Google News


Dapatkan berita up to date dengan semua berita terkini dari Okezone hanya dengan satu akun di
ORION, daftar sekarang dengan
klik disini
dan nantikan kejutan menarik lainnya

(Wul)




Follow WhatsApp Channel Okezone untuk update berita terbaru setiap hari

Follow



#Finance Asia
#Dirut BRI Sunarso
#BRI
#Forbes Global 2000
#Okezone Stories





















 
Sebagai informasi, Finance Asia merupakan majalah ekonomi dan keuangan terkemuka di Asia Pasifik yang berbasis di Hong Kong. Didirikan pada 1996, FinanceAsia memberikan ulasan mendalam mengenai perkembangan ekonomi di wilayah Asia Pasifik, termasuk aksi-aksi korporasi seperti merger dan akuisisi.
Di sepanjang Juni 2024 tercatat BRI mendapatkan tiga pengakuan dan penghargaan bergengsi di level internasional. Pertama, pada Kamis, 13 Juni BRI dinobatkan oleh Forbes sebagai perusahaan terbesar dalam daftar The Global 2000.
Forbes International mencatat, BRI unggul dengan penjualan sebesar US14,95 miliar, laba USD3,6 miliar, aset mencapai USD125,45 miliar, dan nilai pasar sebesar USD46,5 miliar.
Forbes Global 2000 pada 2024, memuat data kinerja perusahaan dalam 12 bulan terakhir hingga 17 Mei 2024. Pada daftar tersebut, BRI menempati peringkat 308 dunia mengungguli perusahaan multinasional lain seperti Starbucks, Renault, hingga Uber dan Nissan Motor.
Selanjutnya, pada Selasa, 18 Juni Fortune mengumumkan daftar Fortune Southeast Asia 500 untuk pertama kalinya. Daftar ini berisikan 500 perusahaan terbesar di Asia Tenggara yang dinilai berdasarkan revenue, profit dan aset.
Dalam daftar Fortune Southeast Asia 500, prestasi kembali diraih oleh BRI. Perseroan menduduki peringkat pertama untuk industri keuangan di Indonesia.
Di Asia Tenggara, BRI menduduki peringkat 4 untuk kategori keuangan, dan berada di peringkat 15 diantara 500 perusahaan dalam daftar tersebut. Mengutip website Fortune, BRI mencatatkan revenue sebesar USD14,9 milyar, profit sebesar USD3,9 milyar dan aset sebesar USD127,6 milyar.
“Di tengah ketidakpastian ekonomi global serta era suku bunga tinggi, keberhasilan BRI mendapatkan pengakuan dari Forbes, Fortune dan Finance Asia membuktikan bahwa dunia internasional mengakui serta mengapresiasi strategic response yang diambil BRI dalam menghadapi tantangan,"" tutur Sunarso.
Ia menambahkan, hal tersebut terbukti berhasil menjadi landasan dalam pencapaian kinerja yang positif bagi BRI yang menjadi leader di industri perbankan di Indonesia serta semakin menunjukkan pengaruh di industri keuangan regional dan global. 





Follow Berita Okezone di Google News


Dapatkan berita up to date dengan semua berita terkini dari Okezone hanya dengan satu akun di
ORION, daftar sekarang dengan
klik disini
dan nantikan kejutan menarik lainnya

(Wul)




Follow WhatsApp Channel Okezone untuk update berita terbaru setiap hari

Follow



#Finance Asia
#Dirut BRI Sunarso
#BRI
#Forbes Global 2000
#Okezone Stories





















 Sebagai informasi, Finance Asia merupakan majalah ekonomi dan keuangan terkemuka di Asia Pasifik yang berbasis di Hong Kong. Didirikan pada 1996, FinanceAsia memberikan ulasan mendalam mengenai perkembangan ekonomi di wilayah Asia Pasifik, termasuk aksi-aksi korporasi seperti merger dan akuisisi.
Di sepanjang Juni 2024 tercatat BRI mendapatkan tiga pengakuan dan penghargaan bergengsi di level internasional. Pertama, pada Kamis, 13 Juni BRI dinobatkan oleh Forbes sebagai perusahaan terbesar dalam daftar The Global 2000.
Forbes International mencatat, BRI unggul dengan penjualan sebesar US14,95 miliar, laba USD3,6 miliar, aset mencapai USD125,45 miliar, dan nilai pasar sebesar USD46,5 miliar.
Forbes Global 2000 pada 2024, memuat data kinerja perusahaan dalam 12 bulan terakhir hingga 17 Mei 2024. Pada daftar tersebut, BRI menempati peringkat 308 dunia mengungguli perusahaan multinasional lain seperti Starbucks, Renault, hingga Uber dan Nissan Motor.
Selanjutnya, pada Selasa, 18 Juni Fortune mengumumkan daftar Fortune Southeast Asia 500 untuk pertama kalinya. Daftar ini berisikan 500 perusahaan terbesar di Asia Tenggara yang dinilai berdasarkan revenue, profit dan aset.
Dalam daftar Fortune Southeast Asia 500, prestasi kembali diraih oleh BRI. Perseroan menduduki peringkat pertama untuk industri keuangan di Indonesia.
Di Asia Tenggara, BRI menduduki peringkat 4 untuk kategori keuangan, dan berada di peringkat 15 diantara 500 perusahaan dalam daftar tersebut. Mengutip website Fortune, BRI mencatatkan revenue sebesar USD14,9 milyar, profit sebesar USD3,9 milyar dan aset sebesar USD127,6 milyar.
“Di tengah ketidakpastian ekonomi global serta era suku bunga tinggi, keberhasilan BRI mendapatkan pengakuan dari Forbes, Fortune dan Finance Asia membuktikan bahwa dunia internasional mengakui serta mengapresiasi strategic response yang diambil BRI dalam menghadapi tantangan,"" tutur Sunarso.
Ia menambahkan, hal tersebut terbukti berhasil menjadi landasan dalam pencapaian kinerja yang positif bagi BRI yang menjadi leader di industri perbankan di Indonesia serta semakin menunjukkan pengaruh di industri keuangan regional dan global. 





Follow Berita Okezone di Google News


Dapatkan berita up to date dengan semua berita terkini dari Okezone hanya dengan satu akun di
ORION, daftar sekarang dengan
klik disini
dan nantikan kejutan menarik lainnya

(Wul)




Follow WhatsApp Channel Okezone untuk update berita terbaru setiap hari

Follow



#Finance Asia
#Dirut BRI Sunarso
#BRI
#Forbes Global 2000
#Okezone Stories





















 Di sepanjang Juni 2024 tercatat BRI mendapatkan tiga pengakuan dan penghargaan bergengsi di level internasional. Pertama, pada Kamis, 13 Juni BRI dinobatkan oleh Forbes sebagai perusahaan terbesar dalam daftar The Global 2000.
Forbes International mencatat, BRI unggul dengan penjualan sebesar US14,95 miliar, laba USD3,6 miliar, aset mencapai USD125,45 miliar, dan nilai pasar sebesar USD46,5 miliar.
Forbes Global 2000 pada 2024, memuat data kinerja perusahaan dalam 12 bulan terakhir hingga 17 Mei 2024. Pada daftar tersebut, BRI menempati peringkat 308 dunia mengungguli perusahaan multinasional lain seperti Starbucks, Renault, hingga Uber dan Nissan Motor.
Selanjutnya, pada Selasa, 18 Juni Fortune mengumumkan daftar Fortune Southeast Asia 500 untuk pertama kalinya. Daftar ini berisikan 500 perusahaan terbesar di Asia Tenggara yang dinilai berdasarkan revenue, profit dan aset.
Dalam daftar Fortune Southeast Asia 500, prestasi kembali diraih oleh BRI. Perseroan menduduki peringkat pertama untuk industri keuangan di Indonesia.
Di Asia Tenggara, BRI menduduki peringkat 4 untuk kategori keuangan, dan berada di peringkat 15 diantara 500 perusahaan dalam daftar tersebut. Mengutip website Fortune, BRI mencatatkan revenue sebesar USD14,9 milyar, profit sebesar USD3,9 milyar dan aset sebesar USD127,6 milyar.
“Di tengah ketidakpastian ekonomi global serta era suku bunga tinggi, keberhasilan BRI mendapatkan pengakuan dari Forbes, Fortune dan Finance Asia membuktikan bahwa dunia internasional mengakui serta mengapresiasi strategic response yang diambil BRI dalam menghadapi tantangan,"" tutur Sunarso.
Ia menambahkan, hal tersebut terbukti berhasil menjadi landasan dalam pencapaian kinerja yang positif bagi BRI yang menjadi leader di industri perbankan di Indonesia serta semakin menunjukkan pengaruh di industri keuangan regional dan global. 





Follow Berita Okezone di Google News


Dapatkan berita up to date dengan semua berita terkini dari Okezone hanya dengan satu akun di
ORION, daftar sekarang dengan
klik disini
dan nantikan kejutan menarik lainnya

(Wul)




Follow WhatsApp Channel Okezone untuk update berita terbaru setiap hari

Follow



#Finance Asia
#Dirut BRI Sunarso
#BRI
#Forbes Global 2000
#Okezone Stories





















 Forbes International mencatat, BRI unggul dengan penjualan sebesar US14,95 miliar, laba USD3,6 miliar, aset mencapai USD125,45 miliar, dan nilai pasar sebesar USD46,5 miliar.
Forbes Global 2000 pada 2024, memuat data kinerja perusahaan dalam 12 bulan terakhir hingga 17 Mei 2024. Pada daftar tersebut, BRI menempati peringkat 308 dunia mengungguli perusahaan multinasional lain seperti Starbucks, Renault, hingga Uber dan Nissan Motor.
Selanjutnya, pada Selasa, 18 Juni Fortune mengumumkan daftar Fortune Southeast Asia 500 untuk pertama kalinya. Daftar ini berisikan 500 perusahaan terbesar di Asia Tenggara yang dinilai berdasarkan revenue, profit dan aset.
Dalam daftar Fortune Southeast Asia 500, prestasi kembali diraih oleh BRI. Perseroan menduduki peringkat pertama untuk industri keuangan di Indonesia.
Di Asia Tenggara, BRI menduduki peringkat 4 untuk kategori keuangan, dan berada di peringkat 15 diantara 500 perusahaan dalam daftar tersebut. Mengutip website Fortune, BRI mencatatkan revenue sebesar USD14,9 milyar, profit sebesar USD3,9 milyar dan aset sebesar USD127,6 milyar.
“Di tengah ketidakpastian ekonomi global serta era suku bunga tinggi, keberhasilan BRI mendapatkan pengakuan dari Forbes, Fortune dan Finance Asia membuktikan bahwa dunia internasional mengakui serta mengapresiasi strategic response yang diambil BRI dalam menghadapi tantangan,"" tutur Sunarso.
Ia menambahkan, hal tersebut terbukti berhasil menjadi landasan dalam pencapaian kinerja yang positif bagi BRI yang menjadi leader di industri perbankan di Indonesia serta semakin menunjukkan pengaruh di industri keuangan regional dan global. 





Follow Berita Okezone di Google News


Dapatkan berita up to date dengan semua berita terkini dari Okezone hanya dengan satu akun di
ORION, daftar sekarang dengan
klik disini
dan nantikan kejutan menarik lainnya

(Wul)




Follow WhatsApp Channel Okezone untuk update berita terbaru setiap hari

Follow



#Finance Asia
#Dirut BRI Sunarso
#BRI
#Forbes Global 2000
#Okezone Stories





















 Forbes Global 2000 pada 2024, memuat data kinerja perusahaan dalam 12 bulan terakhir hingga 17 Mei 2024. Pada daftar tersebut, BRI menempati peringkat 308 dunia mengungguli perusahaan multinasional lain seperti Starbucks, Renault, hingga Uber dan Nissan Motor.
Selanjutnya, pada Selasa, 18 Juni Fortune mengumumkan daftar Fortune Southeast Asia 500 untuk pertama kalinya. Daftar ini berisikan 500 perusahaan terbesar di Asia Tenggara yang dinilai berdasarkan revenue, profit dan aset.
Dalam daftar Fortune Southeast Asia 500, prestasi kembali diraih oleh BRI. Perseroan menduduki peringkat pertama untuk industri keuangan di Indonesia.
Di Asia Tenggara, BRI menduduki peringkat 4 untuk kategori keuangan, dan berada di peringkat 15 diantara 500 perusahaan dalam daftar tersebut. Mengutip website Fortune, BRI mencatatkan revenue sebesar USD14,9 milyar, profit sebesar USD3,9 milyar dan aset sebesar USD127,6 milyar.
“Di tengah ketidakpastian ekonomi global serta era suku bunga tinggi, keberhasilan BRI mendapatkan pengakuan dari Forbes, Fortune dan Finance Asia membuktikan bahwa dunia internasional mengakui serta mengapresiasi strategic response yang diambil BRI dalam menghadapi tantangan,"" tutur Sunarso.
Ia menambahkan, hal tersebut terbukti berhasil menjadi landasan dalam pencapaian kinerja yang positif bagi BRI yang menjadi leader di industri perbankan di Indonesia serta semakin menunjukkan pengaruh di industri keuangan regional dan global. 





Follow Berita Okezone di Google News


Dapatkan berita up to date dengan semua berita terkini dari Okezone hanya dengan satu akun di
ORION, daftar sekarang dengan
klik disini
dan nantikan kejutan menarik lainnya

(Wul)




Follow WhatsApp Channel Okezone untuk update berita terbaru setiap hari

Follow



#Finance Asia
#Dirut BRI Sunarso
#BRI
#Forbes Global 2000
#Okezone Stories





















 Selanjutnya, pada Selasa, 18 Juni Fortune mengumumkan daftar Fortune Southeast Asia 500 untuk pertama kalinya. Daftar ini berisikan 500 perusahaan terbesar di Asia Tenggara yang dinilai berdasarkan revenue, profit dan aset.
Dalam daftar Fortune Southeast Asia 500, prestasi kembali diraih oleh BRI. Perseroan menduduki peringkat pertama untuk industri keuangan di Indonesia.
Di Asia Tenggara, BRI menduduki peringkat 4 untuk kategori keuangan, dan berada di peringkat 15 diantara 500 perusahaan dalam daftar tersebut. Mengutip website Fortune, BRI mencatatkan revenue sebesar USD14,9 milyar, profit sebesar USD3,9 milyar dan aset sebesar USD127,6 milyar.
“Di tengah ketidakpastian ekonomi global serta era suku bunga tinggi, keberhasilan BRI mendapatkan pengakuan dari Forbes, Fortune dan Finance Asia membuktikan bahwa dunia internasional mengakui serta mengapresiasi strategic response yang diambil BRI dalam menghadapi tantangan,"" tutur Sunarso.
Ia menambahkan, hal tersebut terbukti berhasil menjadi landasan dalam pencapaian kinerja yang positif bagi BRI yang menjadi leader di industri perbankan di Indonesia serta semakin menunjukkan pengaruh di industri keuangan regional dan global. 





Follow Berita Okezone di Google News


Dapatkan berita up to date dengan semua berita terkini dari Okezone hanya dengan satu akun di
ORION, daftar sekarang dengan
klik disini
dan nantikan kejutan menarik lainnya

(Wul)




Follow WhatsApp Channel Okezone untuk update berita terbaru setiap hari

Follow



#Finance Asia
#Dirut BRI Sunarso
#BRI
#Forbes Global 2000
#Okezone Stories





















 Dalam daftar Fortune Southeast Asia 500, prestasi kembali diraih oleh BRI. Perseroan menduduki peringkat pertama untuk industri keuangan di Indonesia.
Di Asia Tenggara, BRI menduduki peringkat 4 untuk kategori keuangan, dan berada di peringkat 15 diantara 500 perusahaan dalam daftar tersebut. Mengutip website Fortune, BRI mencatatkan revenue sebesar USD14,9 milyar, profit sebesar USD3,9 milyar dan aset sebesar USD127,6 milyar.
“Di tengah ketidakpastian ekonomi global serta era suku bunga tinggi, keberhasilan BRI mendapatkan pengakuan dari Forbes, Fortune dan Finance Asia membuktikan bahwa dunia internasional mengakui serta mengapresiasi strategic response yang diambil BRI dalam menghadapi tantangan,"" tutur Sunarso.
Ia menambahkan, hal tersebut terbukti berhasil menjadi landasan dalam pencapaian kinerja yang positif bagi BRI yang menjadi leader di industri perbankan di Indonesia serta semakin menunjukkan pengaruh di industri keuangan regional dan global. 





Follow Berita Okezone di Google News


Dapatkan berita up to date dengan semua berita terkini dari Okezone hanya dengan satu akun di
ORION, daftar sekarang dengan
klik disini
dan nantikan kejutan menarik lainnya

(Wul)




Follow WhatsApp Channel Okezone untuk update berita terbaru setiap hari

Follow



#Finance Asia
#Dirut BRI Sunarso
#BRI
#Forbes Global 2000
#Okezone Stories





















 Di Asia Tenggara, BRI menduduki peringkat 4 untuk kategori keuangan, dan berada di peringkat 15 diantara 500 perusahaan dalam daftar tersebut. Mengutip website Fortune, BRI mencatatkan revenue sebesar USD14,9 milyar, profit sebesar USD3,9 milyar dan aset sebesar USD127,6 milyar.
“Di tengah ketidakpastian ekonomi global serta era suku bunga tinggi, keberhasilan BRI mendapatkan pengakuan dari Forbes, Fortune dan Finance Asia membuktikan bahwa dunia internasional mengakui serta mengapresiasi strategic response yang diambil BRI dalam menghadapi tantangan,"" tutur Sunarso.
Ia menambahkan, hal tersebut terbukti berhasil menjadi landasan dalam pencapaian kinerja yang positif bagi BRI yang menjadi leader di industri perbankan di Indonesia serta semakin menunjukkan pengaruh di industri keuangan regional dan global. 





Follow Berita Okezone di Google News


Dapatkan berita up to date dengan semua berita terkini dari Okezone hanya dengan satu akun di
ORION, daftar sekarang dengan
klik disini
dan nantikan kejutan menarik lainnya

(Wul)




Follow WhatsApp Channel Okezone untuk update berita terbaru setiap hari

Follow



#Finance Asia
#Dirut BRI Sunarso
#BRI
#Forbes Global 2000
#Okezone Stories





















 “Di tengah ketidakpastian ekonomi global serta era suku bunga tinggi, keberhasilan BRI mendapatkan pengakuan dari Forbes, Fortune dan Finance Asia membuktikan bahwa dunia internasional mengakui serta mengapresiasi strategic response yang diambil BRI dalam menghadapi tantangan,"" tutur Sunarso.
Ia menambahkan, hal tersebut terbukti berhasil menjadi landasan dalam pencapaian kinerja yang positif bagi BRI yang menjadi leader di industri perbankan di Indonesia serta semakin menunjukkan pengaruh di industri keuangan regional dan global. 





Follow Berita Okezone di Google News


Dapatkan berita up to date dengan semua berita terkini dari Okezone hanya dengan satu akun di
ORION, daftar sekarang dengan
klik disini
dan nantikan kejutan menarik lainnya

(Wul)




Follow WhatsApp Channel Okezone untuk update berita terbaru setiap hari

Follow



#Finance Asia
#Dirut BRI Sunarso
#BRI
#Forbes Global 2000
#Okezone Stories





















 Ia menambahkan, hal tersebut terbukti berhasil menjadi landasan dalam pencapaian kinerja yang positif bagi BRI yang menjadi leader di industri perbankan di Indonesia serta semakin menunjukkan pengaruh di industri keuangan regional dan global. 





Follow Berita Okezone di Google News


Dapatkan berita up to date dengan semua berita terkini dari Okezone hanya dengan satu akun di
ORION, daftar sekarang dengan
klik disini
dan nantikan kejutan menarik lainnya

(Wul)




Follow WhatsApp Channel Okezone untuk update berita terbaru setiap hari

Follow



#Finance Asia
#Dirut BRI Sunarso
#BRI
#Forbes Global 2000
#Okezone Stories





















  
Follow Berita Okezone di Google News
 
Dapatkan berita up to date dengan semua berita terkini dari Okezone hanya dengan satu akun di
ORION, daftar sekarang dengan
klik disini
dan nantikan kejutan menarik lainnya
 (Wul) Berita Terkait  Bagikan Artikel Ini   Berita Lainnya © 2007 - 2024 Okezone.com, All Rights Reserved"
BRI Poso Gelar Upacara Peringatan HUT ke-79 RI,https://www.radarsulteng.net/daerah/18/08/2024/bri-poso-gelar-upacara-peringatan-hut-ke-79-ri/,2024-08-21,2024-08-18,"POSO-PT Bank Rakyat Indonesia (Persero) Tbk Cabang Poso menggelar upacara dalam rangka memperingati hari ulang tahun (HUT) ke-79 Republik Indonesia (RI), Sabtu (17/08/2024). Upacara dilaksanakan di halaman kantor BRI Poso dan diikuti seluruh jajaran manajemen, pegawai dan karyawan BRI. Upacara ini dipimpin langsung Pimpinan Cabang (Pinca) BRI Poso Niko Adiwerna Perdana. Dalam kesempatan tersebut, Pinca Niko membacakan sambutan tertulis Wakil Direktur Utama (Dirut) BRI, Catur Budi Harto. Disebutnya, perayaan HUT ke-79 tahun ini mengangkat tema “Nusantara Baru, Indonesia Maju”. Tema tahun ini merefleksikan 3 transisi penting bagi Indonesia. Yaitu menyongsong Ibu Kota baru, pergantian pemimpin, serta pencanangan Visi Indonesia Emas 2045. Ibu Kota baru merupakan langkah strategis yang diambil Negara untuk mengimbangi perkembangan wilayah dan pemerataan ekonomi. Di tahun ini pula, terdapat proses perpindahan tongkat estafet kepemimpinan nasional (Presiden). Masih kata Niko, pencanangan Visi Indonesia Emas 2045 bertujuan untuk menjadikan Indonesia sebagai salah satu kekuatan ekonomi dan politik dunia. “Dengan semangat baru yang kuat untuk menyukseskan tiga transisi besar, maka persatuan Nusantara yang berprinsip pada nilai luhur terus digaungkan untuk mewujudkan Indonesia maju,” ucap Niko. Pinca lalu mengajak seluruh insan Brilian untuk tidak terlena atas apa yang telah dicapai saat ini. Dia justru meminta capaian yang sudah ada dapat menjadi stimulan bersama untuk tidak henti-hentinya dalam mencreate value bagi BRI sehingga dapat terus kuat dan hebat. Diketahui sepanjang Januari hingga pertengahan Agustus 2024 ini, BRI telah memperoleh 142 penghargaan dan pengakuan baik yang berharap nasional maupun internasional. Diantaranya yakni, BRI dinobatkan sebagai perusahan publik terbesar di indonesia tahun 2023 oleh Forbes global 2000 (two thousand) word’s lagrest publicbud companies. Secara keseluruhan BRI menempati posisi ke 308 diantara 2.000 perusahaan publik di seluruh dunia. BRI juga menempati peringkat 15 secara umum dari 500 perusahaan pada fortun 500 (five hundred) southeast asia oleh fortune dimana BRI menempati peringkat I kategori finansial di Indonesia dan peringkat 4 kategori finansial di asean. BRI pun dinobatkan sebagai bank terbaik di indonesia dan peringkat nomor 110 di dunia dalam daftar top 1.000 words banks 2024 oleh The banker yang merupakan peringkat pertama diantara 26 bank di Indonesia. Terkait tantangan kedepan disisa semester 2024, Niko mengajak seluruh BRIlian agar dapat meresponnya secara tepat dengan cara mengoptimalkan kinerja individu dan perusahaan. “Semoga HUT ke-79 Republik Indonesia kali ini dapat menjadi momentum kita bersama untuk terus melanjutkan transformasi BRI, untuk melaju menjadi The Most Valuable Banking Group in Southeast Asia and Champion of Financial Inclusion,” tutup Niko.(bud) Radarsulteng.net adalah Portal Berita Online koran Harian Umum Radar Sulteng, Sulawesi Tengah dan merupakan Jaringan Media Jawa Pos National Network (JPNN). Email : info@radarsulteng.net

 Email Redaksi : radarsulteng01@gmail.com Email Iklan : iklansulteng@gmail.com Telepon Redaksi : (0451) 454 306 / Iklan : (0451) 424 054 2022 - PT.Radar Sulteng Membangun.All Rights Reserved. Be"
"Rayakan HUT RI ke-79, BRI Hadirkan Bazaar UMKM ...",https://infosumbar.net/berita/berita-nasional/rayakan-hut-ri-ke-79-bri-hadirkan-bazaar-umkm-brilian-pada-gelaran-brilian-independence-week/,2024-08-21,2024-08-20,"Infosumbar.net – PT Bank Rakyat Indonesia (Persero) Tbk turut memeriahkan Hari Ulang Tahun ke-79 Republik Indonesia (RI) dengan menghadirkan suka cita dan semangat kemerdekaan bagi masyarakat, terutama Insan BRILian atau pekerja BRI. Pada tahun ini, perseroan kembali menyelenggarakan kegiatan BRILiaN Independence Week (BIW) dengan tema “Nusantara Baru Indonesia Maju”. Salah satu rangkaian acara tersebut menyajikan berbagai kegiatan yang bermanfaat bagi para nasabah dan pelaku Usaha Mikro, Kecil dan Menengah (UMKM) yang dibalut Bazaar UMKM BRILiaN di Kantor BRI Pusat. Kegiatan ini menghadirkan sembilan klaster unggulan yang secara intensif didampingi oleh Mantri BRI Unit dan mendapatkan dukungan program pemberdayaan dari BRI. Bazaar kali ini diikuti oleh Klaster Ikan Asap Makassar, Klaster Jeruk Sungai Penuh, Klaster Pisang Sale Mades, Klaster Klengkeng, Klaster Jambu Air, Kelompok Wanita Tani Cahaya Suci, Klaster Telur Asin Desa Sujung, Klaster Alpukat Lampung. Bazaar ini diharapkan tidak sekadar memperkenalkan produk masing-masing klaster namun juga menginspirasi lebih banyak UMKM binaan BRI bangkit dan maju bersama. Wakil Direktur Utama BRI Catur Budi Harto mengatakan, BRILiaN Independence Week diselenggarakan setiap tahun sebagai bentuk partisipasi Insan BRILian memeriahkan HUT RI. “Bazar UMKM, berbagai lomba dan aktivasi kegiatan CSR diharapkan dapat memantik semangat Insan BRILiaN untuk semakin meningkatkan kolaborasi dan kekompakkan di luar kegiatan kerja. Selain itu, bazaar UMKM juga menjadi peluang pasar bagi pelaku usaha binaan. untuk mendukung skala bisnis mereka,” jelasnya. Kemudian ada program BRI Peduli lewat aktivasi Green Campaign yang mengajak Insan BRILiaN mengumpulkan sampah-sampah botol plastik yang dilakukan melalui Reverse Vending Machine (RVM). Aktivasi BRI Peduli bertajuk #YOKKITAGAS “Tukar Botolmu, Raih Poinmu!” Special Kemerdekaan ini diikuti oleh Insan BRILiaN dengan cara menukarkan 1 botol dan berhak mendapatkan Rp7.900. Ketentuannya, botol dapat ditukarkan di Mesin Reverse Vending Machine (RVM) Khusus yang ada di lokasi acara BRILiaN Independence Week yang diinisiasi oleh dengan Plasticpay sebagai penyedia satu-satunya di Indonesia untuk RVM. Pada puncaknya, BRI menyelenggarakan Upacara Peringatan HUT ke-79 Kemerdekaan RI pada tanggal 17 Agustus 2024 serentak dengan dikuti oleh seluruh Regional Office dan seluruh Kantor Cabang BRI, baik di dalam negeri maupun di luar negeri. “Semoga HUT ke-79 Republik Indonesia dengan tema “Nusantara Baru, Indonesia Maju” kali ini, juga dapat menjadi momentum kita bersama untuk terus melanjutkan Transformasi BRI, untuk melaju menjadi The Most Valuable Banking Group in Southeast Asia and Champion of Financial Inclusion,” pungkas Catur. (*Ril)  Website ini diterbitkan oleh PT Infosumbar Media Kreasi | © 2010 - 2022  Website ini diterbitkan oleh PT Infosumbar Media Kreasi | © 2010 - 2022"
"Melesat, Volume Transaksi Cash Management di QLola by ...",https://ekbisntb.com/11/03/2024/melesat-volume-transaksi-cash-management-di-qlola-by-bri-tumbuh-339-capai-rp6-788-triliun/,2024-08-21,2024-03-11,"Jakarta (ekbisntb.com) Sebagai upaya untuk memenuhi kebutuhan bisnis segmen wholesale yang terus berkembang di era digital, PT Bank Rakyat Indonesia (Persero) Tbk atau BRI menghadirkan berbagai fitur dan layanan transaksi melalui platform QLola. Setelah diluncurkan pada tahun 2022, Integrated Corporate Solution Platform QLola tercatat mengalami peningkatan volume transaksi cash management nasabah sebesar 33,9% year-on-year (yoy) mencapai Rp6.788 triliun. Peningkatan tersebut terjadi baik di segmen wholesale maupun non-wholesale, dengan penambahan jumlah client QLola lebih dari 4.800 client baru. Direktur Bisnis Wholesale dan Kelembagaan BRI Agus Noorsanto mengungkapkan, peluncuran platform Qlola merupakan salah satu strategi transformasi digital untuk memberikan unique value proposition kepada nasabah. “Transformasi digital tetap menjadi fokus utama khususnya dalam mengantisipasi perkembangan teknologi dan digital di bidang transaction banking, termasuk penggunaan Artificial Intelligence dan Blockchain,” ujarnya. Selain peluncuran platform QLola, BRI juga akan fokus kepada sektor digital melalui kolaborasi dengan perusahaan Fintech untuk meningkatkan layanan transaksi agar dapat tetap kompetitif di pasar, seperti kerjasama dengan payment gateway, dan perusahaan e-commerce. Melalui sinergi ini, harapannya BRI dapat mengkolaborasikan kerjasama teknologi yang dimiliki oleh perusahaan fintech untuk mendukung inovasi dalam layanan transaksi nasabah. Perseroan terus berupaya meningkatkan fitur dan kapabilitas Qlola, seperti pada akhir 2023 telah ditambahkan fitur Global Cash Management System pada QLola yang dapat digunakan oleh nasabah BRI cabang Luar Negeri, antara lain BRI Singapore dan BRI Timor Leste. QLola senantiasa memberikan kemudahan sehingga nasabah dapat memonitor aktivitas bisnisnya mulai dari holding atau principal hingga subsidiary, atau bahkan mitra yang ada di luar negeri. “Kemudahan dalam bertransaksi dan memonitor saldo rekening merupakan hal yang penting, Qlola Cash Maanagement Infopool merupakan solusi bagi nasabah untuk melakukan monitoring atas seluruh rekening perusahaan baik rekening di BRI maupun di Bank lain dalam satu laporan. Nah, itu adalah salah satu fitur yang menarik yang kami siapkan untuk meningkatkan efisiensi nasabah,” tuturnya. (r/*) 

Simpan nama, email, dan situs web saya di browser ini untuk lain kali saya berkomentar.  
 EKBISNTB.com adalah sebuah portal berita lokal yang merupakan bagian dari Kelompok Media Bali Post (KMB) di NTB. EKBISNTB.com didirikan oleh para awak Redaksi Harian Suara NTB, Untuk lebih dekat dengan kami, silakan berkunjung ke Redaksi EKBISNTB.com di Jalan Bangau Nomor 15 Cakranegara, Mataram. Telepon (0370) 639543. (*) Copyright ©2024 EkbisNTB.com - PT. Suara NTB Pers Ketentuan Pengguna Pedoman Media Siber Tentang Kami"
Diskusi Bersama Suporter Persib dan Arema Jelang Laga ...,https://mitrapol.com/2024/08/20/diskusi-bersama-suporter-persib-dan-arema-jelang-laga-bri-liga-1-sepakat-hormati-aturan-pssi/,2024-08-21,2024-08-20,"MITRAPOL.com, Bandung – Pada Selasa, 20 Agustus 2024, sekitar pukul 12.45 WIB, di Ruang Command Center Polresta Bandung, Jl. Bhayangkara No. 1 Soreang, Kabupaten Bandung, telah diadakan diskusi antara perwakilan suporter Persib Bandung dan Arema FC Malang menjelang pertandingan BRI Liga 1 antara kedua tim. Diskusi ini dihadiri oleh Wakapolresta Bandung, AKBP Dr. Maruly Pardede, S.H., S.I.K., M.H., Kasat Intelkam Polresta Bandung, serta perwakilan suporter dari kedua tim. Dalam diskusi tersebut, Ketua Presidium Aremania, Ali Rifki, menegaskan bahwa Aremania sepakat untuk menghormati aturan PSSI yang melarang suporter tandang untuk datang ke stadion. Oleh karena itu, Aremania tidak akan hadir di Stadion Si Jalak Harupat pada pertandingan antara Persib dan Arema FC yang dijadwalkan pada 25 Agustus 2024. Ketua Viking, Tobias, juga mendukung keputusan ini, menekankan pentingnya mematuhi aturan PSSI demi menghindari sanksi yang dapat menimpa Persib Bandung. Kesepakatan ini diabadikan dalam bentuk video himbauan bersama, yang akan disosialisasikan kepada para pendukung kedua tim agar mereka menaati aturan yang berlaku. Diskusi tersebut diakhiri dengan makan siang bersama. “Kami berharap kesepakatan ini dapat menjaga ketertiban dan keselamatan selama pertandingan berlangsung,” ujar AKBP Dr. Maruly Pardede. (Yan) Alamat email Anda tidak akan dipublikasikan. Ruas yang wajib ditandai *      Simpan nama, email, dan situs web saya pada peramban ini untuk komentar saya berikutnya.  
   
    Rukan Sedayu Square Blok L No. 35 Jalan Kamal Raya Outer Ring Road Jakarta Barat Media Network : Aceh, Sumatra Utara, Sumatra Selatan, Kepri, Riau, Bangka Belitung, Metro Lampung, Lampung Tengah, Lampung Timur, Serang, Pandeglang, Lebak, Kota Tangerang, Kabupaten Tangerang, Tangerang Selatan, Subang, Tasikmalaya, Sukabumi, Pekalongan, Kudus, Blora, Ngawi, Demak, Pati, Banyuwangi, Pasuruan, Kalimantan Timur, Kalimantan Utara, Sulawesi Selatan, Sulawesi Utara, Sulawesi Tenggara, Papua Selatan."
BRI Tobelo Gelar Upacara HUT Kemerdekaan RI Ke - 79,https://halmaheraraya.id/bri-tobelo-gelar-upacara-hut-kemerdekaan-ri-ke-79/,2024-08-21,2024-08-17,"TOBELO, HR — Bank Rakyat Indonesia (BRI) Cabang Tobelo menggelar upacara bendera HUT Kemerdekaan RI ke-79 tahun 2024, Sabtu (17/8). Upacara yang dilaksanakan di halaman kantor BRI Cabang itu di ikuti seluruh pegawai/karyawan dengan menggunakan pakaian adat dan di inspekturi langsung Pimpinan Cabang (Pinca), Matthew Spencer. Jalannya upacara berlangsung hikmad dan lancar. Pada upacara tersebut, Pinca BRI Tobelo, Matthew Spencer membacakan sambutan Dirut BRI Sunarso. Dalam sambutannya, Sunarso antara lain menyampaikan HUT RI ke-79 yang mengambil tema “Nusantara Baru, Indonesia Maju” ini merefleksikan 3 transisi penting bagi Indonesia yaitu menyongsong Ibu Kota baru, pergantian pemimpin, serta pencanangan Visi Indonesia Emas 2045. “Ibukota baru merupakan Langkah strategis yang diambil Negara kita untuk mengimbangi perkembangan wilayah dan pemerataan ekonomi. Di tahun ini pula, terdapat proses perpindahan tongkat estafet kepemimpinan Presiden. Selain itu, pencanangan Visi Indonesia Emas 2045 bertujuan untuk menjadikan Indonesia sebagai salah satu kekuatan ekonomi dan politik dunia.” jelasnya “Dengan semangat baru yang kuat untuk menyukseskan 3 transisi besar, maka persatuan Nusantara yang berprinsip pada nilai luhur terus digaungkan untuk mewujudkan Indonesia maju. ” Sambungnya. Pertumbuhan ekonomi Indonesia semakin menunjukan perbaikan yang ditunjukan oleh :  pertumbuhan GDP di kuartal II 2024 sebesar 5,05 % YoY,  inflasi tercatat menurun sebesar 2,51 % YoY pada kuartal II, dan tingkat kemiskinan mengalami penurunan sebesar 0,33 % YoY pada kuartal I 2024 menjadi sebesar 9,03 % dengan total jumlah penduduk miskin sebesar 25,22 juta orang. “Perbaikan kondisi ekonomi Indonesia menunjukkan bahwa peluang-peluang bisnis di Indonesia terus membaik. Kondisi ini harus dijadikan momentum bagi BRI dan insan BRIlian untuk dapat memanfaatkan perbaikan perekonomian Indonesia dengan sebaik-baiknya untuk meningkatkan kinerja individu dan Perusahaan. Sehingga, BRI dapat terus memberikan sumbangsih terhadap perekonomian Indonesia. ” sebutnya Menurut Sunarso, ditengah perbaikan ekonomi Indonesia, BRI telah menunjukkan kinerja positif sepanjang kuartal II 2024. Akan tetapi, kinerja ini terlihat masih belum optimal. Secara konsolidasi tercatat Indikator Nilai Growth YoY Laba Rp 29,90 triliun 1,10 %, total Aset Rp 1.977,37 triliun 9,5 %, kredit Rp 1.336,78 triliun 11,2 %, Simpanan Rp1.389,66 triliun 11,6 %, CASA 63,2 % -2,3 %, NPL 3,05 % – NPL Coverage 211,60 % -, COF 3,64 % -0,8 %, LDR 86,59 % -0,7 %, CAR 25,13 % – 1,5 %. Diharapkan kepada segenap insan BRIIian untuk terus berfokus pada pertumbuhan yang berkualitas, baik pada pertumbuhan dana murah maupun pertumbuhan aset yang berkualitas dengan menguasai nasabah-nasabah prime di masing-masing wilayah kerja BRI, dan fokus pada optimalisasi recovery baik recovery inttakomptible maupun recovery ekstrakomptible. “Dengan fokus pada pertumbuhan tersebut, kinerja BRI akan menjadi optimal dan dapat memberikan manfaat kepada pribadi individu insan Brilian, BRI, dan Indonesia.” ujarnya. Sunarso mengatakan sebagai pekerja, insan Brilian memiliki impian dan ekspektasi. Oleh karena itu, kita harus men-ageate value melalui Economic Value, dengan menciptakan nilai ekonomi bagi para stakeholder dan pemegang saham, dan Social Value, melalui kontribusi BRI terhadap peningkatan inklusi keuangan di Indonesia dengan menjadi champion of financial inclusion. Melalui penciptaan economic value dan social value tersebut, BRI dapat memberi makna kepada seluruh stakeholders yang ditunjukkan dengan kontribusi BRI pada aspek economic value melalui capital gain dan dividen, dimana pada tahun 2024 BRI telah membagikan dividen total sebesar Rp 48,1 T atau sebesar 80,046 dari total laba yang dapat diatribusikan oleh entitas induk. Adapun kontribusi langsung BRI kepada Pemerintah berupa Dividen sebesar Rp25,7 T. “Melalui social, value BRI berkontribusi melalui peningkatan inklusi keuangan di Indonesia (champion of financial inclusion) melalui mempermudah akses pembiayaan dan pemberdayaan sosial kepada masyarakat seperti : tersebarnya jaringan unit kerja BRI sebesar 7.000, Senyum Outlet sebesar 1.000 dan jaringan e-channel sebanyak 740 ribu. diversifikasi produk yang menawarkan kemudahan melalui berbagai macam produk yang disesuaikan dengan kebutuhan nasabah. ” ungkapnya. “BRI secara aktif melakukan pemberdayaan kepada UMKM melalui program-program pemberdayaan diantaranya Desa Brilian, Rumah BUMN, Klasterku Hidupku, UMKM Expo BRiliantpreneur.” Sunarso menyampaikan apresiasi setinggi-tingginya kepada seluruh Insan BRILian yang telah berkontribusi sehingga BRI mencatatkan laba bersih senilai Rp 60,4 Triliun pada tahun 2023. Atas pencapaian tersebut, manajemen BRI memberikan apresiasi kepada pekerja melalui bonus pool senilai Rp 5,3 Tn. Dia memaparkan sepanjang Januari hingga pertengahan Agustus 2024 BRI telah memperoleh 142 penghargaan dan pengakuan baik yang bertaraf nasional maupun internasional, diantaranya adalah, BRI dinobatkan sebagai perusahaan publik terbesar di Indonesia tahun 2023 oleh Forbes Global 2000 (two thousands) World’s Largest Public Companies. Secara keseluruhan, BRI menempati peringkat ke-308 di antara 2.000 perusahaan publik di seluruh dunia. Kemudian BRI meraih peringkat 15 secara umum dari 500 perusahaan pada Fortune 500 (five hundred) Southeast Asia oleh Fortune dimana BRI menduduki peringkat 1 Kategori Finansial di Indonesia dan Peringkat 4 pada Kategori Finansial di Asean. BRI juga dinobatkan sebagai bank terbaik di Indonesia dan peringkat nomor 110 di dunia dalam daftar Top 1000 (thousand) World Banks 2024 oleh The Banker yang merupakan peringkat pertama diantara 26 Bank di Indonesia. Lebih lanjut dia menegaskan menghadapi sisa semester tahun 2024, terdapat tantangan – tantangan yang perlu direspon secara tepat oleh seluruh insan BRllian untuk dapat mengoptimalkan kinerja individu dan perusahaan. Untuk mengoptimalkan kinerja, BRI harus kembali memperkuat pertumbuhan dana retail agar struktur pendanaan BRI kembali menjadi sehat dengan biaya yang lebih murah dan meningkatkan kualitas asset untuk mendukung peningkatan profitabilitas. Sesuai dengan refocusing tema Brivolution tahun 2024 ” Memperkuat Kapabilitas Retail Banking dan Memperbaiki Kualitas Aset”, mari secara kolektif untuk mulai membangun pola pikir, Menciptakan pertumbuhan dana berkualitas melalui penguasaan transaksi dan akuisisi rekening transaksional. Menciptakan pertumbuhan asset berkualitas melalui penguasaan nasabah prime dan memperbaiki kualitas asset untuk nasabah-nasabah yang masih berprospek. Optimalisasi recovery klaim asuransi dan optimalisasi recovery non-klaim asuransi melalui penagihan berkala dan lelang. Dalam bisnis perbankan, insan BRiIlian harus mendapatkan kepercayaan dari nasabah. Untuk dapat meningkatkan kepercayaan tersebut, kita harus memiliki karakter dan kompetensi. Oleh karena itu, mari bersama-sama untuk terus membangun karakter yang baik untuk seluruh stakeholder kita dan terus meningkat kompetensi, sehingga dapat memberikan layanan terbaik dan dibutuhkan oleh nasabah. “Oleh karena itu saya mengajak seluruh insan Brilian untuk tidak terlena atas apa yang telah kita capai saat ini, namun menjadi stimulan bagi kita bersama untuk tidak henti-hentinya dalam mencreate value bagi BRI sehingga dapat terus KUAT & HEBAT.” pungkasnya (man).   Kapolres Bersama Sekda Halmahera Utara Pimpin Apel Gelar Pasukan Mantap Praja Kie Raha 2024 Aksi Proyek Perubahan “Kampung Vokasi” di Apresiasi Sekda Halut NHM Rayakan HUT Kemerdekaan RI ke-79 Dalam Hangatnya Kesederhanaan dan Kebersamaan Berhasil Ungkap Jual Beli Senpi Antar Negara, Personil Polres Halut Terima Penghargaan dari Kapolres dan Pemda Kunjungan Kerja Kajati Malut di Kejaksaan Negeri Halmahera Utara Pemda Halut Buka Rekrutmen CPNS, Ini Jadwal dan Tahapan Alamat email Anda tidak akan dipublikasikan. Ruas yang wajib ditandai * Komentar     Simpan nama, email, dan situs web saya pada peramban ini untuk komentar saya berikutnya.  

"
"Kolaborasi dengan BRI Jayapura, Pertamina Pamalu ...",https://koreri.com/2024/08/20/kolaborasi-dengan-bri-jayapura-pertamina-pamalu-hadirkan-e-voucher-mypertamina/,2024-08-21,2024-08-20,"Koreri.com, Jayapura – Pertamina Patra Niaga Regional Papua Maluku dan Bank Rakyat Indonesia (BRI) Regional Jayapura menandatangani kerja sama dalam menghadirkan layanan pembelian digital E-Voucher BBM MyPertamina di Stasiun Pengisian Bahan Bakar Umum APO, Kota Jayapura, 16 Agustus 2024. Kerja sama ini ditandatangani Executive General Manager Pertamina Patra Niaga Regional Papua Maluku Sunardi bersama CEO BRI Regional Jayapura Pram Purnama Alam. Sunardi mengapresiasi atas sinergi yang terjalin, menurutnya, kerja sama yang dilakukan ini bertujuan untuk memudahkan masyarakat dalam bertransaksi secara cashless atau non tunai. “Kolaborasi atau sinergi BUMN yang terjalin ini untuk menghadirkan kerja sama yang memberikan nilai tambah secara bersama-sama melalui E-Voucher MyPertamina,” ujarnya. Lanjut Sunardi, menyatakan, E-Voucher MyPertamina ini disebut lebih praktis dan efisien sebab tak perlu membawa tunai. “Kami ingin memudahkan masyarakat dengan bertransaksi menggunakan E-Voucher MyPertamina, tidak perlu menggunakan cash lagi, cukup melalui aplikasi MyPertamina,” tandasnya. Di tempat yang sama, Pram Purnama Alam selaku CEO BRI Regional Jayapura mengatakan, kerja sama yang terjalin ini bagian dari sinergitas antar BUMN yang berfokus pada transaksi pembayaran digital. “Rata-rata masyarakat sudah memiliki aplikasi BRIMO, yang mana dengan E-Voucher MyPertamina sangat mendukung sekali mereka transaksi lewat BRIMO dalam hal pembayaran top up E-Voucher di BRI, dan ini salah satu upaya kami bersama Pertamina memudahkan masyarakat dalam bertransaksi secara non tunai,” katanya. Terakhir, Sunardi mengatakan, pihaknya berupaya mendorong masyarakat untuk menggunakan transaksi non tunai di SPBU, namun untuk wilayah pegunungan Papua masih terkendala jaringan internet. CCSR     BRI Regional Jayapura e-Voucher MyPertamina Pertamina Patra Niaga Regional Papua Maluku Pertamina Regional Papua Maluku    Kerja sama ini ditandatangani Executive General Manager Pertamina Patra Niaga Regional Papua Maluku Sunardi bersama CEO BRI Regional Jayapura Pram Purnama Alam. Sunardi mengapresiasi atas sinergi yang terjalin, menurutnya, kerja sama yang dilakukan ini bertujuan untuk memudahkan masyarakat dalam bertransaksi secara cashless atau non tunai. “Kolaborasi atau sinergi BUMN yang terjalin ini untuk menghadirkan kerja sama yang memberikan nilai tambah secara bersama-sama melalui E-Voucher MyPertamina,” ujarnya. Lanjut Sunardi, menyatakan, E-Voucher MyPertamina ini disebut lebih praktis dan efisien sebab tak perlu membawa tunai. “Kami ingin memudahkan masyarakat dengan bertransaksi menggunakan E-Voucher MyPertamina, tidak perlu menggunakan cash lagi, cukup melalui aplikasi MyPertamina,” tandasnya. Di tempat yang sama, Pram Purnama Alam selaku CEO BRI Regional Jayapura mengatakan, kerja sama yang terjalin ini bagian dari sinergitas antar BUMN yang berfokus pada transaksi pembayaran digital. “Rata-rata masyarakat sudah memiliki aplikasi BRIMO, yang mana dengan E-Voucher MyPertamina sangat mendukung sekali mereka transaksi lewat BRIMO dalam hal pembayaran top up E-Voucher di BRI, dan ini salah satu upaya kami bersama Pertamina memudahkan masyarakat dalam bertransaksi secara non tunai,” katanya. Terakhir, Sunardi mengatakan, pihaknya berupaya mendorong masyarakat untuk menggunakan transaksi non tunai di SPBU, namun untuk wilayah pegunungan Papua masih terkendala jaringan internet. CCSR     BRI Regional Jayapura e-Voucher MyPertamina Pertamina Patra Niaga Regional Papua Maluku Pertamina Regional Papua Maluku    “Kolaborasi atau sinergi BUMN yang terjalin ini untuk menghadirkan kerja sama yang memberikan nilai tambah secara bersama-sama melalui E-Voucher MyPertamina,” ujarnya. Lanjut Sunardi, menyatakan, E-Voucher MyPertamina ini disebut lebih praktis dan efisien sebab tak perlu membawa tunai. “Kami ingin memudahkan masyarakat dengan bertransaksi menggunakan E-Voucher MyPertamina, tidak perlu menggunakan cash lagi, cukup melalui aplikasi MyPertamina,” tandasnya. Di tempat yang sama, Pram Purnama Alam selaku CEO BRI Regional Jayapura mengatakan, kerja sama yang terjalin ini bagian dari sinergitas antar BUMN yang berfokus pada transaksi pembayaran digital. “Rata-rata masyarakat sudah memiliki aplikasi BRIMO, yang mana dengan E-Voucher MyPertamina sangat mendukung sekali mereka transaksi lewat BRIMO dalam hal pembayaran top up E-Voucher di BRI, dan ini salah satu upaya kami bersama Pertamina memudahkan masyarakat dalam bertransaksi secara non tunai,” katanya. Terakhir, Sunardi mengatakan, pihaknya berupaya mendorong masyarakat untuk menggunakan transaksi non tunai di SPBU, namun untuk wilayah pegunungan Papua masih terkendala jaringan internet. CCSR     BRI Regional Jayapura e-Voucher MyPertamina Pertamina Patra Niaga Regional Papua Maluku Pertamina Regional Papua Maluku    Lanjut Sunardi, menyatakan, E-Voucher MyPertamina ini disebut lebih praktis dan efisien sebab tak perlu membawa tunai. “Kami ingin memudahkan masyarakat dengan bertransaksi menggunakan E-Voucher MyPertamina, tidak perlu menggunakan cash lagi, cukup melalui aplikasi MyPertamina,” tandasnya. Di tempat yang sama, Pram Purnama Alam selaku CEO BRI Regional Jayapura mengatakan, kerja sama yang terjalin ini bagian dari sinergitas antar BUMN yang berfokus pada transaksi pembayaran digital. “Rata-rata masyarakat sudah memiliki aplikasi BRIMO, yang mana dengan E-Voucher MyPertamina sangat mendukung sekali mereka transaksi lewat BRIMO dalam hal pembayaran top up E-Voucher di BRI, dan ini salah satu upaya kami bersama Pertamina memudahkan masyarakat dalam bertransaksi secara non tunai,” katanya. Terakhir, Sunardi mengatakan, pihaknya berupaya mendorong masyarakat untuk menggunakan transaksi non tunai di SPBU, namun untuk wilayah pegunungan Papua masih terkendala jaringan internet. CCSR     BRI Regional Jayapura e-Voucher MyPertamina Pertamina Patra Niaga Regional Papua Maluku Pertamina Regional Papua Maluku    “Kami ingin memudahkan masyarakat dengan bertransaksi menggunakan E-Voucher MyPertamina, tidak perlu menggunakan cash lagi, cukup melalui aplikasi MyPertamina,” tandasnya. Di tempat yang sama, Pram Purnama Alam selaku CEO BRI Regional Jayapura mengatakan, kerja sama yang terjalin ini bagian dari sinergitas antar BUMN yang berfokus pada transaksi pembayaran digital. “Rata-rata masyarakat sudah memiliki aplikasi BRIMO, yang mana dengan E-Voucher MyPertamina sangat mendukung sekali mereka transaksi lewat BRIMO dalam hal pembayaran top up E-Voucher di BRI, dan ini salah satu upaya kami bersama Pertamina memudahkan masyarakat dalam bertransaksi secara non tunai,” katanya. Terakhir, Sunardi mengatakan, pihaknya berupaya mendorong masyarakat untuk menggunakan transaksi non tunai di SPBU, namun untuk wilayah pegunungan Papua masih terkendala jaringan internet. CCSR     BRI Regional Jayapura e-Voucher MyPertamina Pertamina Patra Niaga Regional Papua Maluku Pertamina Regional Papua Maluku    Di tempat yang sama, Pram Purnama Alam selaku CEO BRI Regional Jayapura mengatakan, kerja sama yang terjalin ini bagian dari sinergitas antar BUMN yang berfokus pada transaksi pembayaran digital. “Rata-rata masyarakat sudah memiliki aplikasi BRIMO, yang mana dengan E-Voucher MyPertamina sangat mendukung sekali mereka transaksi lewat BRIMO dalam hal pembayaran top up E-Voucher di BRI, dan ini salah satu upaya kami bersama Pertamina memudahkan masyarakat dalam bertransaksi secara non tunai,” katanya. Terakhir, Sunardi mengatakan, pihaknya berupaya mendorong masyarakat untuk menggunakan transaksi non tunai di SPBU, namun untuk wilayah pegunungan Papua masih terkendala jaringan internet. CCSR     BRI Regional Jayapura e-Voucher MyPertamina Pertamina Patra Niaga Regional Papua Maluku Pertamina Regional Papua Maluku    “Rata-rata masyarakat sudah memiliki aplikasi BRIMO, yang mana dengan E-Voucher MyPertamina sangat mendukung sekali mereka transaksi lewat BRIMO dalam hal pembayaran top up E-Voucher di BRI, dan ini salah satu upaya kami bersama Pertamina memudahkan masyarakat dalam bertransaksi secara non tunai,” katanya. Terakhir, Sunardi mengatakan, pihaknya berupaya mendorong masyarakat untuk menggunakan transaksi non tunai di SPBU, namun untuk wilayah pegunungan Papua masih terkendala jaringan internet. CCSR     BRI Regional Jayapura e-Voucher MyPertamina Pertamina Patra Niaga Regional Papua Maluku Pertamina Regional Papua Maluku    Terakhir, Sunardi mengatakan, pihaknya berupaya mendorong masyarakat untuk menggunakan transaksi non tunai di SPBU, namun untuk wilayah pegunungan Papua masih terkendala jaringan internet. CCSR     BRI Regional Jayapura e-Voucher MyPertamina Pertamina Patra Niaga Regional Papua Maluku Pertamina Regional Papua Maluku    CCSR     BRI Regional Jayapura e-Voucher MyPertamina Pertamina Patra Niaga Regional Papua Maluku Pertamina Regional Papua Maluku    … … … … … …"
"Anaknya Wafat, Ortu Gantikan Kuliah di UGM",https://aspek.id/anaknya-wafat-ortu-gantikan-kuliah-di-ugm/,2024-08-21,2024-08-16,"  Yogyakarta –  Suasana kuliah prodi Manajemen di pagi Rabu (14/8) di Fakultas Ekonomika dan Bisnis tidak seperti biasanya. Sepasang orang tua duduk di baris kursi paling depan bersama dengan putri sulungnya. Kedua orang itu adalah Sebastian Hutabarat dan Imelda Tiurniari Napitupulu, orang tua dari mahasiswa baru FEB UGM, Marchia R.M. Hutabarat, yang telah berpulang pada 17 Juni 2024 silam. Marchia tercatat sebagai mahasiswa yang baru diterima pada Program Sarjana di Program Studi Manajemen angkatan 2024. Gadis asal Sangkarnihuta, Balige, Toba, Sumatera Utara ini meninggal dunia akibat sakit sehingga belum sempat merasakan hiruk pikuk kegiatan penerimaan mahasiswa baru bahkan perkuliahan. Kehadiran Sebastian bersama istri dan putri sulungnya untuk singgah sejenak merasakan perkuliahan ini menciptakan momen haru yang memenuhi perkuliahan pagi itu. Suara Sebastian yang diberikan kesempatan untuk membagikan kisah sang putri terdengar bergetar di awal ia berbicara. Matanya pun berkaca-kaca saat memperkenalkan diri dan keluarganya. Beberapa kali ia terlihat mengatur nafasnya yang memburu dan menyeka air matanya terus mengalir deras.  “Saya membayangkan Marchia ada duduk di tengah-tengah kalian,” ucapnya sembari terisak. Sebastian menceritakan Marchia yang lahir pada 2006 silam merupakan sosok yang cerdas dan berprestasi. Sang putri selalu langganan juara di kelasnya. Berkat prestasinya itu, Marchia lolos diterima masuk UGM lewat jalur Seleksi Nasional Berdasarkan Prestasi (SNBP). Ia pun tidak pernah menyangka akan berpisah secepat ini dengan putrinya. Ia merasakan kehilangan yang teramat mendalam karena merasa belum bisa selalu ada dalam setiap momen kehidupan Marchia. “Saat itu saya ditelepon istri. Dia mengawali dengan bilang jangan kaget, Marchia meninggal. Sontak perasaan saya berkecamuk saat itu karena posisi jauh di Balige, sementara Marchia di Yogyakarta,” jelasnya. Imelda dengan menahan isak tangis mengungkapkan kronologi meninggalnya putrinya Marchia. Sejak bulan Juni 2024 ia dan Marchia telah berada di Yogyakarta dibersamai dengan putri sulungnya, Nada, yang telah berkuliah di ISI Yogyakarta untuk mempersiapkan kebutuhan menjelang perkuliahan, termasuk mencari kost. Bahkan mereka telah menyempatkan diri berkunjung melihat suasana kampus FEB UGM.“Marchia sempat foto di depan Gedung Pertamina Tower. Dia bilang kampusnya keren dan sempat merasa minder,” tuturnya. Sebagai bentuk merayakan keberhasilan sang putri, Imelda pun merencanakan perayaan kecil. Ia mengajak kedua putrinya untuk berwisata di Nepal Van Java Magelang. Kala itu semua terlihat baik-baik saja, tidak ada sesuatu yang dikeluhkan dari putri bungsunya. Namun hal yang tak terduga terjadi ketika ia tiba di penginapan.  “Saat tiba di penginapan, Marchia bilang akan mandi. Setelah 30 menit lebih kok tidak keluar-keluar, saya ketuk-ketuk tidak ada sahutan dan akhirnya pintu saya buka, Marchia sudah dalam kondisi pingsan,” paparnya. Semula ia mengira bahwa putrinya hanya bercanda. Namun saat dibangunkan tidak merespon, sontak ia segera melakukan pertolongan pertama dan segera membawa ke fasilitas kesehatan terdekat yang berjarak 15 Kilometer dari penginapan.  “Waktu itu yang terdekat Puskesmas, itu pun kondisi sepi karena libur Idul Adha. Saat tiba disana saya sudah merasa kalau Marchia sudah enggak ada dan ternyata benar,” tuturnya. Meski berat ia harus menerima kenyataan itu. Ia tetap merasa bersyukur bisa mendampingi putrinya hingga detik-detik akhir hidupnya. Sebastian kembali menyambung cerita istrinya tentang figur Marchia. Putrinya merupakan anak yang sangat bersemangat dan memiliki tekad kuat untuk meraih impiannya, termasuk masuk ke UGM. Marchia memiliki kebiasaan belajar hingga larut malam dan terkadang kurang memperhatikan pola makan sehingga mengidap asam lambung.  “Jadikan pengalaman dari Marchia ini lebih bersyukur dan peduli. Harapannya ini bisa jadi bahan perenungan, kalian memanfaatkan waktu dengan baik dan jangan menyepelekan soal makan dan lakukan pola hidup sehat,” pesannya. Isak tangis kecil terdengar memenuhi ruangan kelas saat itu. Sebagian mahasiswa baru  yang mengikuti perkuliahan menitikan air mata mendengar kisah Marchia. Bahkan dosen pengampu kelas, Rina Herani, S.E., M.Sc tak kuasa menahan air matanya dan suaranya bergetar hebat saat menyampaikan cerita Marchia ini menjadi pengingat bagi mahasiswa untuk dapat memanfaatkan waktu dengan baik.  “Jangan sia-siakan waktu kalian selama kuliah. Kalian bisa kuliah disini itu privilege yang luar biasa karena tidak semua bisa merasakannya, jadi jangan sia-siakan kesempatan yang ada,” tuturnya. Wakil Dekan FEB UGM Bidang Akademik dan Kemahasiswaan, Bayu Sutikno, S.E., M.S.M., Ph.D., menyampaikan keluarga besar FEB UGM termasuk 605 mahasiswa baru Program Sarjana angkatan 2024, dosen dan civitas akademika turut berduka atas berpulangnya Marchia Hutabarat. Kehadiran orang tua Marchia di pekan pertama perkuliahan memunculkan rasa kehilangan yang begitu mendalam namun di sisi lain menunjukkan komitmen dan semangat untuk memotivasi kolega almarhum untuk memanfaatkan kesempatan terbaik berkuliah di FEB UGM.  “Almarhumah yang diterima di UGM melalui jalur SNBP menunjukkan prestasi yang sangat tinggi dan semangat gigih dari Balige, Sumatera Utara untuk menuntut ilmu di Yogyakarta,” ucapnya. Bayu mengatakan berpulangnya Marchia akibat sakit menjadi pengingat khususnya bagi mahasiswa untuk selalu bersyukur telah diberikan kesempatan berkuliah di salah satu kampus terbaik Indonesia. Kepergian Marchia sekaligus mengingatkan mahasiswa untuk menjaga kesehatan dan menjaga komitmen dari orang tua. “Selamat jalan Marchia, semangat dan perjuanganmu selalu menginspirasi kami,” pungkas Bayu dikuti dari laman UGM. Akademisi menilai kehadiran kecerdasan buatan perlu diimbangi dengan etika. Pasalnya, sebagai mesin yang terus berlajar, artificial intelligence (AI) berpeluang digunakan... Eks Direktur Utama (Dirut) BRI, Suprajarto, meninggal dunia di rumah sakit Mount Elizabeth, Singapura. ""Inna lillahi wa inna ilaihi raji'un.... Mantan Kepala Badan Nasional Penanggulangan Bencana (BNPB) Letjen TNI (Purn) Doni Monardo saat ini masih dirawat di rumah sakit. Tenaga...  © 2024 Aspek.id | PT. Aspek Citra Media  © 2024 Aspek.id | PT. Aspek Citra Media Login to your account below 

 

 

Remember Me
 



 Please enter your username or email address to reset your password. 

 



"
BRI Jadi Bank Terbesar Versi Fortune Indonesia 100 dan ...,https://infosumbar.net/berita/berita-nasional/bri-jadi-bank-terbesar-versi-fortune-indonesia-100-dan-fortune-southeast-asia-500-tahun-2024/,2024-08-21,2024-08-19,"Infosumbar.net – PT Bank Rakyat Indonesia (Persero) Tbk atau BRI kembali mencatatkan prestasi di industri keuangan nasional. BRI berhasil menjadi bank dengan posisi teratas dalam daftar Fortune Indonesia 100 atas kinerja tahun 2023. Dari seluruh Perusahaan BRI sendiri menempati posisi ke-4. Peringkat Fortune Indonesia 100 sendiri ditentukan berdasarkan pendapatan, laba bersih, asset, ekuitas, kapitalisasi pasar dan laba bersih terhadap pendapatan. BRI yang menjadi bank dengan peringkat teratas pada daftar tersebut, tak lepas dari catatan kinerja solid pada tahun 2023. Dimana Perseroan mencatat pendapatan sebesar Rp241 triliun, laba bersih sebesar Rp60,1 triliun, asset sebesar Rp1.965 triliun, ekuitas Rp311 triliun, dan kapitalisasi pasar Rp682 triliun. Sebelumnya pada Juni 2024 lalu dalam Fortune Southeast Asia 500, BRI dinobatkan sebagai perusahaan keempat terbesar untuk kategori finansial dan menduduki peringkat 15 sebagai perusahaan terbesar di Asia Tenggara. Capaian ini menempatkan BRI sebagai bank terbesar di Indonesia sekaligus sebagai salah satu perusahaan terbesar di Asia Tenggara. Keberhasilan BRI dalam mencatatkan prestasi ini turut mendapatkan apresiasi dari Menteri BUMN RI Erick Thohir. “Alhamdulillah 19 BUMN masuk dalam jajaran perusahaan dengan pendapatan terbesar versi Fortune Indonesia 100. Ini menunjukkan BUMN memiliki peran penting sebagai lokomotif penggerak ekonomi Indonesia,” jelas Erick dalam keterangannya, Kamis (15/8/2024). Pada kesempatan terpisah, Direktur Utama BRI Sunarso mengungkapkan bahwa kinerja cemerlang pada tahun 2023 dan capaian positif tersebut juga akan memotivasi BRI untuk kembali mencatatkan kinerja positif di tahun 2024. Hal ini terlihat dari Kinerja Keuangan BRI Group pada Triwulan II 2024 yang berhasil mencatatkan kinerja positif dan berkelanjutan. “Dengan pertumbuhan yang selektif dan prudent, dalam 6 bulan pertama tahun ini BRI secara konsolidasian berhasil mencetak laba Rp29,90 triliun”, jelasnya. Sunarso mengungkapkan bahwa kinerja positif BRI Group tersebut tak terlepas dari pertumbuhan penyaluran kredit dan penghimpunan Dana Pihak Ketiga (DPK) yang tumbuh double digit. “Hingga akhir Triwulan II 2024, penyaluran kredit BRI tercatat Rp1.336,78 triliun atau tumbuh 11,20% year on year (yoy). Segmen UMKM masih mendominasi penyaluran kredit BRI, dengan porsi mencapai 81,96% dari total penyaluran kredit BRI, atau sekitar Rp1.095,64 triliun,” ungkapnya. “Pencapaian dan apresiasi tersebut kami dedikasikan kepada seluruh nasabah BRI, utamanya untuk pelaku UMKM yang menjadi tulang punggung perekonomian Indonesia, serta seluruh Insan BRILian (pekerja BRI) yang telah memberikan kontribusi terbaiknya. Pencapaian tersebut juga akan memotivasi BRI untuk terus meng-create economic value serta men-deliver social value kepada seluruh stakeholders”, pungkas Sunarso. (*Ril)  Website ini diterbitkan oleh PT Infosumbar Media Kreasi | © 2010 - 2022  Website ini diterbitkan oleh PT Infosumbar Media Kreasi | © 2010 - 2022"
"Terkuak Anggaran senilai 21,6 miliar, Dirut RSUD ...",https://mitrapol.com/2024/08/20/terkuak-anggaran-senilai-216-miliar-dirut-rsud-palabuhanratu-sy-cek-trims/,2024-08-21,2024-08-20,"MITRAPOL.com, Sukabumi Jabar – Jawaban seperti ini mungkin sering kita temui dari pejabat yang cenderung tertutup terhadap media. Hal ini terbukti ketika Direktur RSUD (Rumah Sakit Umum Daerah) Palabuhanratu enggan memberikan klarifikasi terkait sejumlah anggaran yang dikelola oleh instansi yang dipimpinnya. Diketahui bahwa anggaran RSUD Palabuhanratu pada tahun 2024 mencapai angka fantastis, yakni Rp. 21.621.832.856. Media ini berusaha untuk mendapatkan informasi lebih lanjut mengenai penggunaan anggaran tersebut, mengingat salah satu fungsi media adalah sebagai kontrol sosial. Anggaran tersebut mencakup berbagai kegiatan seperti konsumsi untuk rapat, jamuan tamu, pegawai, dan pasien, serta belanja obat-obatan dan bahan kimia lainnya yang juga mencapai miliaran rupiah. Selain itu, ada juga anggaran yang dialokasikan untuk proyek pembangunan, rehabilitasi, dan penataan gedung, yang nilainya berkisar dari ratusan juta hingga miliaran rupiah. Oleh karena itu, wajar jika media ini meminta klarifikasi terkait penggunaan anggaran yang besar tersebut, agar tidak timbul dugaan adanya penyelewengan. Dengan padatnya jadwal rapat dan kesibukan seorang pejabat, media ini kemudian mencoba menghubungi Direktur RSUD Palabuhanratu, dr.Rika Mutiara Sukanda,MH,.Kes, melalui pesan WhatsApp di nomor +62 857-2317-xxxx. Namun, sangat disayangkan, tanggapan dari dr.Rika Mutiara Sukanda,MH,.Kes terkesan santai dan tidak memberikan penjelasan yang mendetail. Ini memberikan kesan bahwa sang Direktur enggan menjelaskan secara rinci terkait penggunaan anggaran tersebut kepada awak media. Berikut adalah percakapan media ini melalui WhatsApp dengan dr.Rika Mutiara Sukanda,MH,.Kes, Direktur RSUD Palabuhanratu: Tim media: – Assalamualaikum, selamat pagi, Bu dr. Mohon izin, bisa kami konfirmasi mengenai kebenaran data terkait anggaran makan dan minum yang cukup besar ini? dr.Rika Mutiara Sukanda,MH,.Kes, Direktur RSUD Palabuhanratu: – Waalaikum salam wr. wb. Terima kasih atas informasinya, saya akan cek, terima kasih. Melihat tanggapan tersebut, media ini merasa bahwa dr.Rika Mutiara Sukanda,MH,.Kes enggan untuk ditemui secara langsung. Ke depan, media ini akan berusaha untuk menemui beliau lagi guna mendapatkan kejelasan lebih lanjut terkait penggunaan anggaran tersebut. (Sp, Rayrobbend Swr/Abas) Alamat email Anda tidak akan dipublikasikan. Ruas yang wajib ditandai *      Simpan nama, email, dan situs web saya pada peramban ini untuk komentar saya berikutnya.  
   
    Rukan Sedayu Square Blok L No. 35 Jalan Kamal Raya Outer Ring Road Jakarta Barat Media Network : Aceh, Sumatra Utara, Sumatra Selatan, Kepri, Riau, Bangka Belitung, Metro Lampung, Lampung Tengah, Lampung Timur, Serang, Pandeglang, Lebak, Kota Tangerang, Kabupaten Tangerang, Tangerang Selatan, Subang, Tasikmalaya, Sukabumi, Pekalongan, Kudus, Blora, Ngawi, Demak, Pati, Banyuwangi, Pasuruan, Kalimantan Timur, Kalimantan Utara, Sulawesi Selatan, Sulawesi Utara, Sulawesi Tenggara, Papua Selatan."
"Dirgahayu RI ke-79, Berikut Sederet Kontribusi BRI Untuk ...",https://www.harianaceh.co.id/2024/08/17/dirgahayu-ri-ke-79-berikut-sederet-kontribusi-bri-untuk-negeri/,2024-08-21,2024-08-17,"

ADVERTISEMENTS




         JAKARTA — Memperingati Hari Ulang Tahun (HUT) ke-79 Republik Indonesia, PT Bank Rakyat Indonesia (Persero) Tbk atau BRI terus menunjukkan komitmennya dalam mendukung kemajuan Negeri melalui berbagai inisiatif strategis yang telah memberikan dampak positif bagi rakyat Indonesia.

ADVERTISEMENTS




Direktur Utama BRI Sunarso mengungkapkan bahwa melalui berbagai programnya BRI terus berkontribusi bagi negeri ini dengan terus meng-create economic value serta men-deliver social value.

ADVERTISEMENTS




 “BRI percaya bahwa setiap langkah yang kita ambil, jika dilakukan bersama-sama, akan membawa dampak besar bagi kemajuan bangsa. BRI akan terus berada di garis terdepan dalam mendukung pemerintah dan masyarakat menuju Indonesia yang lebih sejahtera dan berdaya saing di kancah global,” ungkap Sunarso.

ADVERTISEMENTS




Berikut sederet kontribusi nyata BRI untuk negeri:

ADVERTISEMENTS




 1. Dorong Ekonomi Kerakyatan Melalui Holding Ultra Mikro Dengan 36,1 Juta Nasabah Pinjaman dan 176 Juta Rekening Simpanan

ADVERTISEMENTS




Hingga akhir Triwulan II 2024 tercatat ekosistem Ultra Mikro (UMi) BRI Group berhasil menyalurkan pinjaman kepada 36,1 juta debitur dengan portofolio pinjaman yang disalurkan mencapai Rp 622,3 triliun atau tumbuh 7,7 persen secara year on year.



ADVERTISEMENTS




Apabila dirinci, dari total Rp 622,3 triliun tersebut Rp 496,2 triliun di antaranya disalurkan melalui kredit mikro BRI, Rp 77 triliun disalurkan oleh Pegadaian dan sisanya senilai Rp 49,2 triliun disalurkan Permodalan Nasional Madani (PNM). Dari sisi simpanan Holding UMi telah berhasil melayani lebih dari 176 juta rekening simpanan.
Berita Lainnya:Erick Tingkatkan Setoran Pajak BUMN untuk Negara Hingga Rp 439 Triliun 

ADVERTISEMENTS




Di samping itu, Holding UMi yang merupkan sinergi antara BRI, Pegadaian, dan PNM juga menjadi salah satu inisiatif penting dalam pembangunan berkelanjutan di Indonesia, khususnya dalam hal menciptakan kesetaraan gender dan pengentasan kemiskinan.
Holding UMi sendiri dibentuk untuk memperkuat layanan keuangan kepada pelaku usaha ultra mikro, khususnya di kalangan masyarakat berpenghasilan rendah, termasuk perempuan.
2. Garda Terdepan Dorong Inklusi Keuangan Dengan 1 Juta AgenBRILink
BRI berhasil menorehkan pencapaian bersejarah, melalui perluasan layanan perbankan hingga pelosok negeri dalam rangka memperkuat inklusi keuangan. Hal ini ditandai dengan jumlah total AgenBRILink yang mencapai 1 juta agen per 25 Juli 2024.
Satu juta agen tersebut berhasil mencatat transaksi lebih dari 645 juta kali dengan volume transaksi lebih dari Rp800 triliun serta menghasilkan fee based income Rp 895,4 miliar, dimana fee yang diperoleh para agen diproyeksikan dapat mencapai 2-3 kali lipat fee yang diterima BRI.
Dengan adanya 1 juta AgenBRILink, diharapkan semakin memperluas cakupan layanan keuangan dari kota-kota besar hingga desa-desa terpencil. AgenBRILink tersebut tersebar di lebih dari 61 ribu desa. Jumlah tersebut setidaknya meng-cover lebih dari 80 persen dari total desa di Indonesia.
AgenBRILink sendiri merupakan perluasan layanan perbankan BRI, dimana BRI menjalin kerjasama dengan nasabah sebagai agen yang dapat melayani transaksi perbankan secara real time online. Dan selaku Agen BRILink akan mendapatkan keuntungan yang diberikan BRI melalui konsep sharing fee.
3. Beri Kemudahan Bertransaksi Masyarakat, Jumlah User BRImo Capai 35,2 Juta
Berita Lainnya:⁠Ikut Rayakan Anniversary Informa, BRI Beri Promo Spesial Beli Keperluan RumahBRI terus memperkuat ekosistem super apps BRImo sebagai salah satu strategi transformasi digital-nya untuk memberikan berbagai kemudahan masyarakat dalam bertransaksi. Dalam 6 bulan (hingga Juni 2024) tercatat BRImo telah digunakan oleh 35,2 juta user dan berhasil mencatatkan 2,01 miliar transaksi finansial dengan volume transaksi mencapai Rp 2.574 triliun atau tumbuh 35,81 persen yoy.
Saat ini super app BRImo menjadi aplikasi mobile banking dengan rating terbaik dibandingkan aplikasi mobile banking perbankan konvensional lainnya di Indonesia. Data tersebut didapatkan berdasarkan review para pengguna Android (Playstore) yang memberikan rating 4,7 dan pengguna IOS (AppStore) memberikan rating 4,7. Hal tersebut menunjukkan kepuasan nasabah terhadap BRImo.
4. Salurkan Kredit UMKM Terbesar di Indonesia Sebesar Rp 1.095,64 T
Hingga akhir Triwulan II 2024, penyaluran kredit BRI tercatat Rp 1.336,78 triliun atau tumbuh 11,20 persen yoy. Segmen UMKM masih mendominasi penyaluran kredit BRI, dengan porsi mencapai 81,96 persen dari total penyaluran kredit BRI, atau sekitar Rp 1.095,64 triliun. Sunarso mengungkapkan bahwa salah satu bentuk komitmen BRI dalam mendukung pertumbuhan ekonomi nasional yakni dengan tetap mendorong penciptaan lapangan pekerjaan khususnya pada segmen UMKM melalui penyaluran kredit yang berkualitas.

ADVERTISEMENTS








 1 2 3           JAKARTA — Memperingati Hari Ulang Tahun (HUT) ke-79 Republik Indonesia, PT Bank Rakyat Indonesia (Persero) Tbk atau BRI terus menunjukkan komitmennya dalam mendukung kemajuan Negeri melalui berbagai inisiatif strategis yang telah memberikan dampak positif bagi rakyat Indonesia. Direktur Utama BRI Sunarso mengungkapkan bahwa melalui berbagai programnya BRI terus berkontribusi bagi negeri ini dengan terus meng-create economic value serta men-deliver social value.  “BRI percaya bahwa setiap langkah yang kita ambil, jika dilakukan bersama-sama, akan membawa dampak besar bagi kemajuan bangsa. BRI akan terus berada di garis terdepan dalam mendukung pemerintah dan masyarakat menuju Indonesia yang lebih sejahtera dan berdaya saing di kancah global,” ungkap Sunarso. Berikut sederet kontribusi nyata BRI untuk negeri:  1. Dorong Ekonomi Kerakyatan Melalui Holding Ultra Mikro Dengan 36,1 Juta Nasabah Pinjaman dan 176 Juta Rekening Simpanan Hingga akhir Triwulan II 2024 tercatat ekosistem Ultra Mikro (UMi) BRI Group berhasil menyalurkan pinjaman kepada 36,1 juta debitur dengan portofolio pinjaman yang disalurkan mencapai Rp 622,3 triliun atau tumbuh 7,7 persen secara year on year. Apabila dirinci, dari total Rp 622,3 triliun tersebut Rp 496,2 triliun di antaranya disalurkan melalui kredit mikro BRI, Rp 77 triliun disalurkan oleh Pegadaian dan sisanya senilai Rp 49,2 triliun disalurkan Permodalan Nasional Madani (PNM). Dari sisi simpanan Holding UMi telah berhasil melayani lebih dari 176 juta rekening simpanan. Di samping itu, Holding UMi yang merupkan sinergi antara BRI, Pegadaian, dan PNM juga menjadi salah satu inisiatif penting dalam pembangunan berkelanjutan di Indonesia, khususnya dalam hal menciptakan kesetaraan gender dan pengentasan kemiskinan. Holding UMi sendiri dibentuk untuk memperkuat layanan keuangan kepada pelaku usaha ultra mikro, khususnya di kalangan masyarakat berpenghasilan rendah, termasuk perempuan. 2. Garda Terdepan Dorong Inklusi Keuangan Dengan 1 Juta AgenBRILink BRI berhasil menorehkan pencapaian bersejarah, melalui perluasan layanan perbankan hingga pelosok negeri dalam rangka memperkuat inklusi keuangan. Hal ini ditandai dengan jumlah total AgenBRILink yang mencapai 1 juta agen per 25 Juli 2024. Satu juta agen tersebut berhasil mencatat transaksi lebih dari 645 juta kali dengan volume transaksi lebih dari Rp800 triliun serta menghasilkan fee based income Rp 895,4 miliar, dimana fee yang diperoleh para agen diproyeksikan dapat mencapai 2-3 kali lipat fee yang diterima BRI. Dengan adanya 1 juta AgenBRILink, diharapkan semakin memperluas cakupan layanan keuangan dari kota-kota besar hingga desa-desa terpencil. AgenBRILink tersebut tersebar di lebih dari 61 ribu desa. Jumlah tersebut setidaknya meng-cover lebih dari 80 persen dari total desa di Indonesia. AgenBRILink sendiri merupakan perluasan layanan perbankan BRI, dimana BRI menjalin kerjasama dengan nasabah sebagai agen yang dapat melayani transaksi perbankan secara real time online. Dan selaku Agen BRILink akan mendapatkan keuntungan yang diberikan BRI melalui konsep sharing fee. 3. Beri Kemudahan Bertransaksi Masyarakat, Jumlah User BRImo Capai 35,2 Juta BRI terus memperkuat ekosistem super apps BRImo sebagai salah satu strategi transformasi digital-nya untuk memberikan berbagai kemudahan masyarakat dalam bertransaksi. Dalam 6 bulan (hingga Juni 2024) tercatat BRImo telah digunakan oleh 35,2 juta user dan berhasil mencatatkan 2,01 miliar transaksi finansial dengan volume transaksi mencapai Rp 2.574 triliun atau tumbuh 35,81 persen yoy. Saat ini super app BRImo menjadi aplikasi mobile banking dengan rating terbaik dibandingkan aplikasi mobile banking perbankan konvensional lainnya di Indonesia. Data tersebut didapatkan berdasarkan review para pengguna Android (Playstore) yang memberikan rating 4,7 dan pengguna IOS (AppStore) memberikan rating 4,7. Hal tersebut menunjukkan kepuasan nasabah terhadap BRImo. 4. Salurkan Kredit UMKM Terbesar di Indonesia Sebesar Rp 1.095,64 T Hingga akhir Triwulan II 2024, penyaluran kredit BRI tercatat Rp 1.336,78 triliun atau tumbuh 11,20 persen yoy. Segmen UMKM masih mendominasi penyaluran kredit BRI, dengan porsi mencapai 81,96 persen dari total penyaluran kredit BRI, atau sekitar Rp 1.095,64 triliun. Sunarso mengungkapkan bahwa salah satu bentuk komitmen BRI dalam mendukung pertumbuhan ekonomi nasional yakni dengan tetap mendorong penciptaan lapangan pekerjaan khususnya pada segmen UMKM melalui penyaluran kredit yang berkualitas.  JAKARTA -- Ratusan agen perjalanan Thailand begitu antusias saat melihat berbagai program menarik… JAKARTA -- PT Bank Syariah Indonesia Tbk atau BSI menyalurkan pembiayaan kepada sektor usaha mikro,… JAKARTA -- Shopee Indonesia dorong integrasi teknologi digital di Solo, Jawa Tengah, tanpa…  JAKARTA -- Harga emas batangan PT Aneka Tambang Tbk (Antam) yang dipantau dari laman Logam Mulia,… PT Pupuk Indonesia (PI) meminta distributor mengoptimalkan serapan pupuk bersubsidi pada caturwulan…  JAKARTA -- Ekonom sekaligus Chief Economist the Indonesia Economic Intelligence (IEI) Sunarsip…  JAKARTA -- PT Pertamina (Persero) merespons pernyataan Menteri Energi dan Sumber Daya Mineral…  JAKARTA -- Direksi PT Sinergi Gula Nusantara SGN memasang target pembenahan ekosistem gula dan… Saat ditemui awak media di Hotel Mandarin Oriental, Jakarta, Senin (19/8/2024) malam WIB, Wakil… Assalamu'alaikum, Login ke akun kamu. Assalamu'alaikum, Buat akun baru Password akan dikirimkan ke email kamu."
"79 Tahun Indonesia Merdeka, Berikut Sederet Kontribusi ...",https://beritamanado.com/79-tahun-indonesia-merdeka-berikut-sederet-kontribusi-bri-untuk-negeri/,2024-08-21,2024-08-17,"Jakarta, BeritaManado.com – Memperingati Hari Ulang Tahun (HUT) ke-79 Republik Indonesia, PT Bank Rakyat Indonesia (Persero) Tbk atau BRI terus menunjukkan komitmennya dalam mendukung kemajuan Negeri melalui berbagai inisiatif strategis yang telah memberikan dampak positif bagi rakyat Indonesia. Direktur Utama BRI Sunarso mengungkapkan bahwa melalui berbagai programnya BRI terus berkontribusi bagi negeri ini dengan terus meng-create economic value serta men-deliver social value.  “BRI percaya bahwa setiap langkah yang kita ambil, jika dilakukan bersama-sama, akan membawa dampak besar bagi kemajuan bangsa. BRI akan terus berada di garis terdepan dalam mendukung pemerintah dan masyarakat menuju Indonesia yang lebih sejahtera dan berdaya saing di kancah global,” ungkap Sunarso. Berikut sederet kontribusi nyata BRI untuk negeri: Hingga akhir Triwulan II 2024 tercatat ekosistem Ultra Mikro (UMi) BRI Group berhasil menyalurkan pinjaman kepada 36,1 juta debitur dengan portofolio pinjaman yang disalurkan mencapai Rp622,3 triliun atau tumbuh 7,7% secara year on year.  Apabila dirinci, dari total Rp622,3 triliun tersebut Rp496,2 triliun diantaranya disalurkan melalui kredit mikro BRI, Rp77 triliun disalurkan oleh Pegadaian dan sisanya senilai Rp49,2 triliun disalurkan Permodalan Nasional Madani (PNM).  Dari sisi simpanan Holding UMi telah berhasil melayani lebih dari 176 juta rekening simpanan. Disamping itu, Holding UMi yang merupkan sinergi antara BRI, Pegadaian, dan PNM juga menjadi salah satu inisiatif penting dalam pembangunan berkelanjutan di Indonesia, khususnya dalam hal menciptakan kesetaraan gender dan pengentasan kemiskinan.  Holding UMi sendiri dibentuk untuk memperkuat layanan keuangan kepada pelaku usaha ultra mikro, khususnya di kalangan masyarakat berpenghasilan rendah, termasuk perempuan. BRI berhasil menorehkan pencapaian bersejarah, melalui perluasan layanan perbankan hingga pelosok negeri dalam rangka memperkuat inklusi keuangan.  Hal ini ditandai dengan jumlah total AgenBRILink yang mencapai 1 juta agen per 25 Juli 2024.  Satu juta agen tersebut berhasil mencatat transaksi lebih dari 645 juta kali dengan volume transaksi lebih dari Rp800 triliun serta menghasilkan fee based income Rp895,4 miliar, dimana fee yang diperoleh para agen diproyeksikan dapat mencapai 2-3 kali lipat fee yang diterima BRI. Dengan adanya 1 juta AgenBRILink, diharapkan semakin memperluas cakupan layanan keuangan dari kota-kota besar hingga desa-desa terpencil.  AgenBRILink tersebut tersebar di lebih dari 61 ribu desa. Jumlah tersebut setidaknya meng-cover lebih dari 80% dari total desa di Indonesia. AgenBRILink sendiri merupakan perluasan layanan perbankan BRI, dimana BRI menjalin kerjasama dengan nasabah sebagai agen yang dapat melayani transaksi perbankan secara real time online.  Selaku Agen BRILink akan mendapatkan keuntungan yang diberikan BRI melalui konsep sharing fee. BRI terus memperkuat ekosistem super apps BRImo sebagai salah satu strategi transformasi digital-nya untuk memberikan berbagai kemudahan masyarakat dalam bertransaksi.  Dalam 6 bulan (hingga Juni 2024) tercatat BRImo telah digunakan oleh 35,2 juta user dan berhasil mencatatkan 2,01 miliar transaksi finansial dengan volume transaksi mencapai Rp2.574 triliun atau tumbuh 35,81% yoy. Saat ini super app BRImo menjadi aplikasi mobile banking dengan rating terbaik dibandingkan aplikasi mobile banking perbankan konvensional lainnya di Indonesia.  Data tersebut didapatkan berdasarkan review para pengguna Android (Playstore) yang memberikan rating 4,7 dan pengguna IOS (AppStore) memberikan rating 4,7.  Hal tersebut menunjukkan kepuasan nasabah terhadap BRImo. Hingga akhir Triwulan II 2024, penyaluran kredit BRI tercatat Rp1.336,78 triliun atau tumbuh 11,20% year on year (yoy).  Segmen UMKM masih mendominasi penyaluran kredit BRI, dengan porsi mencapai 81,96% dari total penyaluran kredit BRI, atau sekitar Rp1.095,64 triliun.  Sunarso mengungkapkan bahwa salah satu bentuk komitmen BRI dalam mendukung pertumbuhan ekonomi nasional yakni dengan tetap mendorong penciptaan lapangan pekerjaan khususnya pada segmen UMKM melalui penyaluran kredit yang berkualitas. Tak hanya pembiayaan semata, BRI juga memiliki berbagai program pemberdayaan UMKM, diantaranya adalah pemberdayaan melalui program Klasterku Hidupku dan Desa BRILiaN.  Pemberdayaan Klaster Usaha sendiri merupakan pemberdayaan kepada kelompok usaha yang terbentuk berdasarkan kesamaan usaha, dalam satu wilayah sehingga tercipta keakraban dan kebersamaan dalam peningkatan maupun pengembangan usaha para anggotanya.  Hingga akhir Juli 2024 tercatat BRI telah memiliki 31.488 klaster usaha yang tergabung dalam program Klasterku Hidupku.  BRI juga telah menyelenggarakan 2.184 pelatihan dalam program Klasterku Hidupku tersebut. Disamping itu juga ada program Desa BRILiaN. Desa BRILiaN merupakan program pemberdayaan desa yang bertujuan menghasilkan role model dalam pengembangan desa yang diinisiasi BRI sebagai bentuk agent of development dalam mengembangkan desa.  Hingga akhir Juni 2024 tercatat terdapat 3.602 desa yang telah mendapatkan pemberdayaan Desa BRILiaN. Program ini diawali sejak tahun 2020 yang tidak lepas dari strategi perseroan untuk lebih dalam mengenal potensi wilayah dan merupakan salah satu bagian dari integrasi aktivitas pemberdayaan dan eksistensi mantri BRI bersama inisiatif-inistiatif lainnya yakni Klaster usaha binaan BRI, pasar.id, serta Hyperlocal Ecosystem yang merupakan suatu bentuk Ekosistem Konsolidasi Mikro. Hingga Triwulan II 2024 BRI telah membukukan portofolio sustainable financing sebesar Rp793,6 triliun, atau sebesar 65.2% dari total pembiayaan dan investasi corporate bond yang dilakukan BRI.  Dalam menyalurkan kredit berkelanjutan, BRI tetap berfokus pada penyaluran kredit kepada Kredit KKUB (Kategori Kegiatan Usaha Berkelanjutan) yang mencapai Rp699,8 triliun pada periode ini, kemudian disusul kredit KUBL (Kegiatan Usaha Berwawasan Lingkungan) sebesar Rp89,8 triliun, yang terdiri dari penyaluran kredit kepada sektor pengelolaan sumber daya alam hayati dan penggunaan lahan yang berwawasan lingkungan senilai Rp60,83 triliun, transportasi hijau sebesar Rp11,47 triliun, energi terbarukan Rp6,48 triliun, dan sektor KUBL lainnya sebesar Rp11 triliun. Karena komitmennya terhadap sustainable banking, BRI menjadi salah satu First Movers on Sustainable Banking di Indonesia pada 2017.  Selanjutnya, pada 2018, BRI menyusun Rencana Aksi Keuangan Berkelanjutan untuk periode 2019 – 2023.  Sebagai bentuk penerapan sustainability governance, BRI telah membentuk Komite ESG pada tahun 2021, yang merupakan forum bagi jajaran direksi dalam memonitor dan mengevaluasi implementasi ESG di BRI.  Tak hanya itu, BRI juga telah resmi bergabung sebagai anggota di United Nations Global Compact (UNGC) pada 12 Maret 2023.  UNGC merupakan lembaga yang mendorong kebijakan dan implementasi keberlanjutan perusahaan, khususnya pada ranah sustainable development goals (SDGs). Di sepanjang tahun 2023 lalu BRI berhasil mencatatkan laba bersih senilai Rp60,4 triliun, atau tumbuh 16,5% yoy.  Sebagai bentuk komitmen penciptaan economic value, BRI membagikan dividen sebesar 80% dari total laba bersih atau senilai Rp43,49 triliun kepada pemegang saham baik pemerintah maupun publik.  Atas pembagian dividen kepada pemegang saham tersebut, BRI menjadi perusahaan dengan setoran dividen terbesar di tahun 2024.  Kementerian BUMN mencatat total dividen BUMN yang disetorkan ke negara mencapai Rp85,5 triliun, dan sebesar 30% diantaranya atau senilai Rp25,7 triliun merupakan kontribusi BRI. Sementara itu dari sisi pembayaran pajak, pada akhir Juli 2024 lalu BRI mendapatkan apresiasi dari Direktorat Jenderal Pajak Kementerian Keuangan RI.  BRI menjadi salah satu diantara 20 grup perusahaan di Indonesia yang menjadi penyumbang setoran pajak terbesar sepanjang 2023.  Apabila ditarik lebih jauh, terhitung sejak tahun 2019 hingga akhir Kuartal I 2024 BRI telah menyetorkan Rp192,06 triliun kepada kas negara.  Apabila dirinci, pada tahun 2019 BRI menyetorkan Rp26,56 triliun, tahun 2020 menyetorkan Rp28,38 triliun, tahun 2021 menyetorkan Rp27,09 triliun, tahun 2022 menyetorkan Rp34,18 triliun dan tahun 2023 menyetorkan Rp45,34 triliun.  Sedangkan untuk 3 bulan pertama di tahun 2024, BRI telah menyetorkan senilai Rp31,03 triliun ke kas negara.  Setoran ini berasal dari pembayaran Pajak Penghasilan, Pajak Pertambahan Nilai & Bea Materai, Pajak Penghasilan Badan, Dividen dan Pajak Daerah. Kinerja BRI yang sehat dan berkelanjutan mendapatkan pengakuan dari dunia internasional.  Pada pertengahan Juni 2024 lalu, BRI dinobatkan Forbes Internasional sebagai perusahaan terbesar (peringkat 1) di Indonesia dalam daftar Forbes Global 2000 tahun 2024 dan berada di peringkat 308 diantara 2000 perusahaan publik (dari seluruh industri) terbesar di dunia, mengungguli perusahaan multinasional lain seperti Starbucks, Renault, hingga Uber dan Nissan Motor. Dalam pemeringkatan tersebut BRI menduduki peringkat teratas dari 9 perusahaan asal Indonesia yang masuk dalam daftar Forbes Global 2000 tahun 2024 bersama ribuan perusahaan dunia lain.  Secara umum, daftar tersebut berisikan 2 ribu perusahaan publik terbesar di dunia yang disusun berdasarkan penjualan, laba, aset, dan nilai pasar tertinggi dengan keempat variabel yang berbobot sama. Selain Forbes, media ekonomi terkemuka lain, Fortune mengumumkan daftar Fortune Southeast Asia 500 yang menilai 500 perusahaan terbesar di Asia Tenggara berdasarkan revenue, profit dan aset.  Pada daftar tersebut, BRI menduduki peringkat pertama untuk industri perbankan dan keuangan di Indonesia dan berada di urutan keempat untuk kategori finansial di Asia Tenggara. Tak berselang lama, pada 10 Juli 2024 BRI menduduki peringkat teratas dari 26 bank Indonesia yang masuk dalam daftar Top 1.000 Banks 2024 rilisan media ekonomi dan keuangan London, The Banker, serta berperingkat 110 secara global.  Top 1000 Banks 2024 tersebut berisikan 1.000 bank terbaik di seluruh dunia, dinilai berdasarkan parameter penilaian Tier 1 Capital, Aset, Profit pre tax, Capital Asset Ratio, Return on Capital, dan Return on Asset. Dari sisi kapitalisasi pasar perbankan di dunia, BRI menempati urutan ke-54 dari seluruh bank di dunia dengan market cap sebesar USD46,43 billion (data per 17 Agustus 2024, companiesmarketcap.com).  Peringkat tersebut lebih tinggi dibandingkan bank-bank kelas global seperti Barclays (peringkat 57), QNB/Qatar National Bank (peringkat 64), UOB (peringkat 66), dan Deutsche Bank (peringkat 77).   (***/srisurya) 


  © 2008-2024 PT. BMCOM. All rights reserved.  © 2008-2024 PT. BMCOM. All rights reserved."
Sunarso Diangkat Jadi Dirut Bank BRI Gantikan Suprajarto,https://bumntrack.co.id/sunarso-diangkat-jadi-dirut-bank-bri-gantikan-suprajarto/,2024-08-21,2019-09-02,"Jakarta, Bumntrack.co.id – Dalam Rapat Umum Pemegang Saham Luar Biasa (RUPSLB) Bank BRI, pemegang saham menyetujui mundurnya Suprajarto sebagai dirut dan mengangkat Sunarso sebagai Direktur Utama. Selain itu, RUPSLB juga memberhentikan dengan hormat empat direksi lainnya. “RUPSLB Bank BRI menyetujui penunjukan Sunarso sebagai Direktur Utama, menggantikan Suprajarto. Selain itu, juga ditetapkan pengurus baru yaitu Catur Budi Harto, Herdy Rosady Harman, Agus Sudiarto, Agus Noorsanto dan Azizatun Azhimah sebagai Direksi Bank BRI serta Loeke Larasati Agoestina sebagai Komisaris Bank BRI,” kata Corporate Secretary PT BRI, Hari Purnomo di Jakarta, Senin (2/9). Pada saat yang sama, lanjutnya, RUPSLB 2019 juga memberhentikan dengan hormat Sis Apik Wijayanto, Osbal Saragi Rumahorbo, R.Sophia Alizsa dan Mohammad Irfan sebagai Direksi Bank BRI. Atas perubahan tersebut susunan Dewan Komisaris dan Direksi Bank BRI menjadi, sebagai berikut: Dewan Komisaris  Komisaris Utama/Komisaris Independen    : Andrinof A. Chaniago Wakil Komisaris Utama                                   : Wahyu Kuncoro Komisaris Independen                                    : A. Fuad Rahmany Komisaris Independen                                    : Hendrikus Ivo Komisaris Independen                                    : A. Sonny Keraf Komisaris Independen                                    : Rofikoh Rokhim         Komisaris                                                           : Hadiyanto Komisaris                                                           : Nicolaus Teguh Budi Harjanto Komisaris                                                           : Loeke Larasati Agoestina* Direksi  Direktur Utama                                          : Sunarso* Wakil Direktur Utama                              : Catur Budi Harto* Direktur Bisnis Kecil, Ritel dan Menengah : Priyastomo Direktur Bisnis Mikro                                      : Supari Direktur Konsumer                                          : Handayani Direktur Jaringan dan Layanan                    : Ahmad Solichin Lutfiyanto Direktur Keuangan                                          : Haru Koesmahargyo Direktur Digital, Teknologi Informasi dan Operasi  : Indra Utoyo Direktur Hubungan Kelembagaan dan BUMN  : Agus Noorsanto* Direktur Human Capital                                  : Herdy Rosadi Harman* Direktur Manajemen Risiko                            : Agus Sudiarto* Direktur Kepatuhan                                          : Azizatun Azhimah*"
Bank Rakyat Indonesia (BBRI) Batal Rilis Sisa Penerbitan ...,https://keuangan.kontan.co.id/news/bank-rakyat-indonesia-bbri-batal-rilis-sisa-penerbitan-obligasi-rp-15-triliun,2024-08-21,2024-07-12,"Reporter: Avanty Nurdiana | Editor: Avanty Nurdiana KONTAN.CO.ID - JAKARTA. PT Bank Rakyat Indonesia Tbk (BBRI) menghentikan penawaran umum obligasi berwawasan lingkungan berkelanjutan I tahun 2022. Dimana perusahaan ini masih memiliki sisa plafon senilai Rp 1,5 triliun.   Manajemen BRI dalam keterbukaan informasi di Bursa Efek Indonesia (BEI) memaparkan, alasan penghentian dengan sisa target dana yang tidak dihimpun karena suku bunga global diproyeksi mulai turun di akhir 2024. Sehingga BRI memilih menghentikan penerbitan obligasi lantaran akan mempengaruhi cost of fund penerbitan surat berharga. ""Oleh karena itu, penerbitan instrumen jangka panjang saat ini dinilai kurang optimal bagi BRI,"" jelas direksi dalam rilis, Jumat (12/7).   Baca Juga: Kinerja Emiten Poultry Diprediksi Cerah, Cek Rekomendasi Saham CPIN, JPFA dan MAIN   Alasan lain BRI adalah pengelolaan aset treasury yang jatuh tempo di tahun 2024 akan difokuskan untuk memenuhi kebutuhan likuiditas kegiatan usaha BRI.   Sementara itu, izin pelaksanaan penerbitan obligasi berwawasan lingkungan berkelanjutan I tahun 2022 ini sudah berakhir pada tanggal 12 Juli 2024. Oleh karenanya, perusahaan ini bermaksud menghentikan penerbitan PUB Obligasi Berwawasan Lingkungan yang mendapat izin tanggal 12 Juli 2022. PUB efek bersifat utang dan atau sukuk biasanya memiliki periode waktu dua tahun sejak izin dirilis.   Selama periode tersebut, BRI telah merilis tiga tahap obligasi dengan total penerbitan Rp 13,5 triliun dengan target di awal Rp 15 triliun. Penerbitan obligasi berwawasan lingkungan berkelanjutan pada tahap pertama dirilis pada 20 Juli 2022 dengan total emisi Rp 5 triliun.   Pada tahap kedua, BRI menerbitkan pada tanggal 17 Oktober 2023 senilai Rp 6 triliun dan tahap ketiga dirilis pada 20 Maret 2024 senilai Rp 2,5 triliun.   Selanjutnya:  Pernikahan Super Mewah Keluarga Ambani Jadi Ajang Politik dengan Poster PM Modi Menarik Dibaca:  Tangan Buruk Datang, Robert Kiyosaki Sarankan Beli Lebih Banyak 3 Aset Ini Cek Berita dan Artikel yang lain di Google News"
"Sejarah Bank Rakyat Indonesia (BRI), Didirikan di ...",https://www.kompas.com/stori/read/2023/08/25/070000379/sejarah-bank-rakyat-indonesia-bri-didirikan-di-purwokerto?page=all,2024-08-21,2023-08-25,"Sejarah Bank Rakyat Indonesia (BRI), Didirikan di Purwokerto Penulis KOMPAS.com - Bank Rakyat Indonesia (BRI) merupakan bank dengan jaringan kerja terluas di Indonesia, dengan keragaman jenis layanan perbankan yang diperuntukkan bagi seluruh lapisan masyarakat. Sebagai salah satu bank terbesar milik pemerintah (BUMN), BRI telah memiliki kantor cabang sampai ke tingkat kecamatan-kecamatan di seluruh Indonesia. Apabila menilik sejarahnya, bank BRI berdiri sejak tahun 1895, menjadikannya bank tertua di Indonesia yang masih beroperasi hingga kini. Bank BRI ternyata berumur lebih dari satu abad. Berikut ini sejarah bank BRI. Baca juga: Sejarah Bank Indonesia Bank Rakyat Indonesia (BRI) didirikan di Purwokerto, Jawa Tengah, pada 16 Desember 1895. Raden Bei Aria Wirjaatmadja adalah pendiri BRI, yang saat itu masih bernama De Poerwokertosche Hulp en Spaarbank der Inlandsche Hoofden (Bank Bantuan dan Simpanan Milik Pegawai Pangreh Praja Berkebangsaan Pribumi) atau biasa disebut Bank Priayi.  Bank Priayi dibentuk untuk mengelola dana kas masjid untuk disalurkan kepada masyarakat dengan skema yang sangat sederhana. Disebut Bank Priayi karena didirikan oleh pangreh praja dan bertujuan membantu para priayi agar tidak jatuh pada cengkeraman rentenir. Kantor Bank Priayi berada di Purwokerto. Saat ini bangunannya masih dapat dijumpai di kompleks Museum Bank Rakyat Indonesia. Baca juga: Bank Indonesia: Sejarah, Fungsi, dan Tugasnya Kemdikbud Cikal bakal kantor bank BRI di Purwokerto, Jawa Tengah. Seiring waktu, De Poerwokertosche Hulp en Spaarbank der Inlandsche Hoofden mengalami reorganisasi dan beberapa kali berubah nama. Pada 1897, namanya berganti menjadi De Poerwokertosche Hulpen Spaar-en Landbouw Credietbank (Bank Bantuan, Simpanan dan Kredit Usaha Tani Purwokerto) atau dikenal dengan Bank Rakyat, dan berada di bawah pengawasan Asisten Residen Banyumas WPD de Wolff van Westerrode. Setelah itu, Bank Rakyat berubah nama menjadi Centrale Kas Voor Volkscredietwezen Algemene pada 1912 dan menjadi Algemene Volkscredietbak (AVB) pada 1934. Pada masa pendudukan Jepang, bank-bank dilarang beroperasi. AVB diizinkan beroperasi kembali setelah berubah nama menjadi Syomin Ginko (Bank Rakyat). Baca juga: Perampokan De Javasche Bank Tahun 1902 Setelah proklamasi kemerdekaan Indonesia, tepatnya pada 22 Februari 1946, Pemerintah Indonesia mengubah Bank Rakyat menjadi Bank Rakyat Indonesia (BRI) berdasarkan Peraturan Pemerintah No.1 tahun 1946. Peristiwa itu menjadikan BRI sebagai bank pertama yang dimiliki Pemerintah Republik Indonesia. Pada 1960, pemerintah sempat mengubah nama BRI menjadi Bank Koperasi Tani dan Nelayan (BKTN) yang merupakan peleburan dari BRI, Bank Tani dan Nelayan (BTN) dan Nederlandsche Handels Maatschapij (NHM). Kemudian pada 1965, BKTN diintegrasikan ke dalam Bank Indonesia menjadi Bank Indonesia Urusan Koperasi, Tani dan Nelayan (BIUKTN). Setelah mengalami serangkaian perubahan, berdasarkan Undang-Undang No.21 Tahun 1968, Pemerintah RI menetapkan kembali nama Bank Rakyat Indonesia (BRI) sebagai Bank Umum, pada 18 Desember 1968. Baca juga: Nasionalisasi De Javasche Bank Pada 1992, BRI berubah status hukum menjadi PT Bank Rakyat Indonesia (Persero) berdasarkan Undang-Undang Perbankan No. 7 tahun 1992. Selanjutnya, pada 10 November 2003, BRI menjadi Perseroan Terbuka. Pada akhir 2022, BRI telah memiliki 449 unit kantor cabang di Indonesia dan sejumlah kantor di luar negeri, seperti di Amerika Serikat, Hong Kong, Singapura, dan Taiwan.                 Copyright 2008 - 2024 PT. Kompas Cyber Media (Kompas Gramedia Digital Group). All Rights Reserved."
Bank Rakyat Indonesia (BRI) Menyerahkan Bantuan ...,https://tomohon.go.id/bank-rakyat-indonesia-bri-menyerahkan-bantuan-revitalisasi-pasar-beriman/,2024-08-21,2017-12-16,"
					Situs Resmi Pemerintah Kota Tomohon				 
					Situs Resmi Pemerintah Kota Tomohon				  Copyright © 2024 Pemerintah Kota Tomohon"
Bank Rakyat Indonesia (BBRI) Ambil Langkah Hukum Terkait ...,https://keuangan.kontan.co.id/news/bank-rakyat-indonesia-bbri-ambil-langkah-hukum-terkait-isu-uang-hilang-yang-viral,2024-08-21,2024-05-07,"Reporter: Adrianus Octaviano | Editor: Noverius Laoli KONTAN.CO.ID - JAKARTA. PT Bank Rakyat Indonesia Tbk (BBRI) memutuskan sikap tegas dengan mengambil jalur hukum terkait beredarnya video dan konten-konten yang menyebutkan uang nasabah hilang. Dalam hal ini, BRI memastikan isu tersebut tidak dapat dipertanggungjawabkan.  Corporate Secretary BRI Agustya Hendy Bernadi mengungkapkan sikap BRI untuk mengambil jalur hukum karena dalam konten-konten tersebut terdapat ajakan menarik uang dan menimbulkan keresahan.   “BRI pun mengambil tindakan tegas dan mengambil langkah hukum terhadap pihak-pihak terkait, karena konten berisi informasi yang menyesatkan, merusak citra BRI dan berpotensi menimbulkan keresahan di masyarakat,” ujar Hendy, Selasa (7/5).  Baca Juga: Ada Ragam Manfaat Dari Asuransi AURORA BRI    Hendy menambahkan kejadian uang hilang yang diviralkan merupakan kejadian-kejadian lama dengan informasi yang tidak lengkap.  Ambil contoh, video yang diunggah akun Instagram kr1t1k_p3d45 pada platform X merupakan kejadian lama di 12 Juni 2023, di mana ketiga nasabah tersebut merupakan korban tindak kejahatan penipuan online atau social engineering.   “Jadi tidak benar apabila dinarasikan menabung di bank tidak aman, karena dalam kejadian tersebut nasabah menjadi korban pelaku kejahatan social engineering atau kejahatan penipuan perbankan,” imbuh Hendy.  Sementara informasi yang diviralkan kembali di sosial media tiktok @rakyatdotnews terkait kasus investasi bodong Rp 400 juta oleh nasabah bernama Sigit Presetya di BRI Makassar merupakan kejadian pada 29 Agustus 2018.  Baca Juga: Bayar Parkir Lebih Praktis, Tinggal Scan QRIS Pakai BRImo dari BRI   Ia juga melihat konten yang berisi tentang narasi menabung di bank tidak aman serta ajakan untuk menarik semua uang di BRI ini memiliki kemiripan. Di mana, konten tersebut diposting oleh akun-akun tidak kredibel. "
BRI jadi merek bank paling berharga di Indonesia,https://www.antaranews.com/berita/4014153/bri-jadi-merek-bank-paling-berharga-di-indonesia,2024-08-21,2024-03-17,"Pewarta: PR WireEditor: PR Wire								Copyright © ANTARA 2024 

 

Kirim
Komentar menjadi tanggung-jawab Anda sesuai UU ITE.
"
"PT Bank Rakyat Indonesia Tbk, Sejarah, Layanan, dan ...",https://www.liputan6.com/hot/read/5139230/pt-bank-rakyat-indonesia-tbk-sejarah-layanan-dan-anak-perusahaan,2024-08-21,2022-11-29," liputan6 PT Bank Rakyat Indonesia Tbk adalah salah satu BUMN tertua, yang didirikan pertama kali di Purwokerto, Jawa Tengah oleh Raden Bei Aria Wirjaatmadja tanggal 16 Desember 1895. Diperbarui 29 Nov 2022, 13:35 WIBDiterbitkan 29 Nov 2022, 13:35 WIB Liputan6.com, Jakarta PT Bank Rakyat Indonesia Tbk adalah salah satu Badan Usaha Milik Negara (BUMN) yang menjalankan bisnis di bidang perbankan. PT Bank Rakyat Indonesia Tbk adalah salah satu BUMN tertua, yang didirikan pertama kali di Purwokerto, Jawa Tengah oleh Raden Bei Aria Wirjaatmadja tanggal 16 Desember 1895. Sejak pertama kali didirikan, PT Bank Rakyat Indonesia Tbk yang lebih sering dikenal dengan BRI, terus konsisten untuk memberikan layanan perbankan terbaik untuk masyarakat. Adapun layanan perbankan yang disediakan oleh PT Bank Rakyat Indonesia Tbk meliputi layanan simpanan, pinjaman, pembayaran, dan investasi. Baca Juga PT Bank Rakyat Indonesia Tbk merupakan salah satu BUMN yang terus berkembang hingga memiliki anak perusahaan yang memiliki fokus pada jenis layanan yang berbeda-beda, misalnya seperti dana pensiun, asuransi, pegadaian, dan sebagainya. Advertisement Perkembangan PT Bank Rakyat Indonesia Tbk hingga menjadi sekarang ini tentu melawati proses dan sejarah yang panjang. Bahkan sejarah BRI dimulai sejak sebelum Indonesia merdeka. Untuk lebih mengenal PT Bank Rakyat Indonesia Tbk atau BRI, berikut sejarah, anak perusahaan, dan layanan, seperti yang telah dirangkum Liputan6.com dari berbagai sumber, Selasa (29/11/2022). Bank BRI terus berinovasi untuk memberikan kemudahan dan keamanan layanan perbankan. Terbaru, BRI meluncurkan platform ""Digital Saving"" yang melayani pembukaan rekening secara digital yang dapat diakses melalui website bukarekening.bri.co.id. * Follow Official WhatsApp Channel Liputan6.com untuk mendapatkan berita-berita terkini dengan mengklik tautan ini. PT Bank Rakyat Indonesia Tbk adalah salah satu BUMN yang bergerak di bidang perbankan, yang konsisten memberikan layanan terbaik untuk masyarakat hingga saat ini. Bahkan, PT Bank Rakyat Indonesia Tbk menjadi salah satu perusahaan yang sangat berkembang yang dibuktikan dengan banyaknya anak perusahaan yang fokus menyediakan berbagai layanan yang berbeda. Pencapaian BRI sekarang ini tidak lepas dari sejarah panjang yang dimulai sejak Indonesia belum merdeka. Awalnya Bank Rakyat Indonesia (BRI) didirikan di Purwokerto, Jawa Tengah oleh Raden Bei Aria Wirjaatmadja dengan nama De Poerwokertosche Hulp en Spaarbank der Inlandsche Hoofden atau ""Bank Bantuan dan Simpanan Milik Kaum Priyayi Purwokerto."" Lembaga keuangan tersebut berdiri pada  tanggal 16 Desember 1895, yang kemudian dijadikan sebagai hari kelahiran BRI. Pada periode setelah kemerdekaan RI, berdasarkan Peraturan Pemerintah No. 1 tahun 1946 Pasal 1 disebutkan bahwa BRI adalah sebagai Bank Pemerintah pertama di Republik Indonesia. Dalam masa perang mempertahankan kemerdekaan pada tahun 1948, kegiatan BRI sempat terhenti untuk sementara waktu dan baru mulai aktif kembali setelah perjanjian Renville pada tahun 1949 dengan berubah nama menjadi Bank Rakyat Indonesia Serikat. Kemudian pada 1960 BRI menjadi Bank Koperasi Tani dan Nelayan (BKTN), usai merger dengan Bank Tani Nelayan dan Nederlandsche Handel Maatschappij (NHM). Proses merger tersebut didasarkan pada PERPU No. 41 tahun 1960. Selanjutnya Berdasarkan Penetapan Presiden (Penpres) No. 9 tahun 1965, BKTN diintegrasikan ke dalam Bank Indonesia dengan nama Bank Indonesia Urusan Koperasi Tani dan Nelayan. Setelah berjalan satu bulan, keluar Penpres No. 17 tahun 1965 tentang pembentukan bank tunggal dengan nama Bank Negara Indonesia. Dalam ketentuan baru tersebut, Bank Indonesia Urusan Koperasi, Tani dan Nelayan (eks BKTN) diintegrasikan dengan nama Bank Negara Indonesia unit II bidang Rural, sedangkan NHM menjadi Bank Negara Indonesia unit II bidang Ekspor Impor (Exim). Sejak 1 Agustus 1992 berdasarkan Undang-Undang Perbankan No. 7 tahun 1992 dan Peraturan Pemerintah RI No. 21 tahun 1992, status BRI berubah menjadi perseroan terbatas. Kepemilikan BRI saat itu masih 100% di tangan Pemerintah Republik Indonesia. Pada tahun 2003, Pemerintah Indonesia memutuskan untuk menjual 30% saham bank ini, sehingga menjadi perusahaan publik dengan nama resmi PT Bank Rakyat Indonesia (Persero) Tbk., yang masih digunakan sampai dengan saat ini. Advertisement Setelah melalui proses dan sejarah yang panjang, PT Bank Rakyat Indonesia Tbk terus berkembang dan terus berinovasi untuk mengembangkan produk dan layanan terbaik untuk masyarakat. Sekarang, PT Bank Rakyat Indonesia Tbk menyediakan layanan berupa simpanan, pinjaman, PPOB, investasi, dan sebagainya. Layanan simpanan yang disediakan BRI ada tiga macam, yakni tabungan, deposito, dan giro. Tabungan Adapun tabungan yang menjadi produk andalan BRI antara lain adalah Tabungan BRI Simpedes, Tabungan BRI BritAma, dan BritAma Bisnis. Simpedes adalah simpanan masyarakat dalam bentuk tabungan dengan mata uang Rupiah yang dapat dilayani di KC/KCP/BRI Unit/Kantor Kas/Teras BRI yang penyetoran dan pengambilannya tidak dibatasi baik frekuensi maupun jumlahnya sepanjang memenuhi aturan yang berlaku. Untuk membuka Tabungan BRI Simpedes, nasabah hanya perlu melakukan setoran awal hanya dengan Rp50.000,- BritAma adalah produk tabungan yang memberikan berbagai kemudahan dalam melakukan transaksi perbankan dengan didukung fasilitas e-banking dan sistem real time online yang akan memungkinkan nasabah untuk bertransaksi kapanpun dan dimanapun. Nasabah juga akan menerima kartu BritAma  dengan berbagai pilihan design, dilengkapi chip untuk mendukung keamanan kartu. BritAma Bisnis adalah produk tabungan BRI yang diutamakan untuk digunakan dalam bisnis dengan memberikan keleluasaan lebih dalam bertransaksi, kejelasan lebih dalam pencatatan transaksi dan keuntungan yang lebih untuk menunjang transaksi kebutuhan bisnis nasabah. Produk tabungan ini juga gratis biaya admin dengan syarat minimal saldo rata-rata per bulan 5 juta rupiah. Selain tiga produk tabungan itu, masih ada produk tabungan lain, yakni BritAma X, Simpedes TKI, Tabungan Hadi, BritAma Rencana, BritAma Valas, dan Tabungan BRI Junior. Deposito adalah simpanan berjangka dalam mata yang penarikannya hanya dapat dilakukan pada jangka waktu tertentu dengan memberikan bunga yang menarik dan beragam keuntungan lainnya. Layanan deposito BRI mencakup deposito rupiah dan deposito valas. Giro BRI adalah Jenis simpanan yang penarikannya dapat dilakukan sewaktu-waktu dengan menggunakan warkat (Cek/Bilyet Giro), kartu ATM atau surat perintah lainnya. GiroBRI hadir dengan dua jenis simpanan, yakni simpanan dengan layanan, yakni simpanan dengan mata uang rupiah dan valas. PT Bank Rakyat Indonesia Tbk juga menyediakan layanan pinjaman. Layanan pinjaman yang disediakan PT Bank Rakyat Indonesia Tbk mencakup KPR, Pinjaman Modal, Kredit Investasi, Kredit Waralaba, dan sebagainya. PPOB adalah adalah singkatan dari Payment Point Online Bank, artinya sebuah sistem pembayaran online yang memanfaatkan fasilitas perbankan.Layanan ini memungkinkan nasabah maupun non-nasabah melakukan segala jenis pembayaran tagihan, mulai tagihan listrik, telepon, internet, PDAM, melalui BRI. PT Bank Rakyat Indonesia Tbk juga menyediakan layanan investasi, yang memudahkan nasabah untuk melakukan investasi dengan risiko yang seminimal mungkin. Adapun layanan investasi dari BRI mencakup reksadana, DPLK, ORI & SR. Reksadana adalah pasar modal dan bukan merupakan produk Bank sehingga tidak dijamin oleh Bank serta tidak termasuk dalam cakupan obyek program penjaminan Pemerintah atau penjaminan simpanan. DPLK adalah singkatan dari Dana Pensiun Lembaga Keuangan Bank Rakyat Indonesia (DPLK BRI). Ini adalah produk dari BRI yang menyelenggarakan Program Pensiun Iuran Pasti (PPIP) bagi peserta Individu maupun Korporasi, serta Program Pensiun Untuk Kompensasi Pesangon (PPUKP) bagi peserta Korporasi. Layanan investasi dari BRI lainnya adalah Obligasi Negara Ritel (ORI) dan Sukuk Negara Ritel (SR). Layanan investasi ini merupakan Surat Berharga yang dijamin pembayaran bunga, bagi hasil serta pokoknya oleh Pemerintah dan dapat dijadikan sebagai salah satu alternatif investasi bagi investor individu Warga Negara Indonesia. Selain layanan perbankan, BRI juga menyediakan layanan lain, mulai dari asuransi, dana pensiun, pegadaian, dan sebagainya. Layanan di luar layanan perbankan ini ditangani oleh sembilan anak perusahaan PT Bank Rakyat Indonesia Tbk. Adapun sembilan anak perusahaan PT Bank Rakyat Indonesia Tbk, yakni Bank Raya, BRI Remittance, BRI Life, BRI Finance, BRI Danareksa Sekuritas, BRi Venture, BRI Insurance, Pegadaian, dan PNM. * Fakta atau Hoaks? Untuk mengetahui kebenaran informasi yang beredar, silakan WhatsApp ke nomor Cek Fakta Liputan6.com 0811 9787 670 hanya dengan ketik kata kunci yang diinginkan. Advertisement Advertisement Advertisement Advertisement Advertisement"
Kalian Wajib Tau ! Sejarah Bank BRI Dan Perkembangannya,https://www.linkqu.id/artikel/sejarah-bank-bri-dan-perkembangannya/,2024-08-21,2024-06-08," Kalian Wajib Tau ! Sejarah bank BRI Dan Perkembangannya – Bank Rakyat Indonesia (BRI) merupakan bank paling besar milik pemerintahan Republik Indonesia. Akan tetapi siapa sangka, Bank yang mempunyai jaringan terluas di semua daerah Indonesia ini berawal dari kota kecil di Kabupaten Banyumas, Kota Purwokerto. Menurut sejarah dari beragam sumber, Sejarah bank BRI tidak terlepas dari Kota Purwokerto, Jawa Tengah. Karena Kota Satria tersebut menjadi saksi berdirinya bank pemerintahan pertama di Indonesia itu. Bukti sejarah bank BRI itu nampak jelas dari bangunan museum BRI Purwokerto yang disahkan pada 16 Desember 1990. Daftar isi Sejarah Bank BRI (Bank Rakyat Indonesia) didirikan oleh Raden Bei Aria Wirjaatmadja pada tahun 1895 di Purwokerto, Jawa Tengah. Pada saat itu, bank ini didirikan dengan nama De Poerwokertosche Hulp en Spaarbank der Inlandsche Hoofden dengan tujuan untuk membantu masyarakat desa dan pedesaan. Diketahui bahwa Purwokerto merupakan penerus ibukota Karesidenan Banyumas dan pendopo Sang Panji berpindah tempat dari Kota Banyumas ke Kota Purwokerto. Sedangkan tertulis dalam sejarah bank BRI (Bank Rakyat Indonesia), pendiri bank BRI (Raden Bei Aria Wirjaatmadja) adalah keturunan asli dari Kota Banyumas yang berbakti dan dipercayai oleh kolonial Belanda. Oleh karena itu, untuk menolong pengoperasian rakyat Indonesia, Bank Rakyat Indonesia (BRI) lantas didirikan. Teringat dalam sejarah bank BRI selama berdiri, sempat berhenti untuk beberapa waktu karena masa perang mempertahankan kemerdekaan di tahun 1948. Selanjutnya aktif kembali setelah perjanjian Renville pada tahun 1949 dengan berganti nama menjadi Bank Rakyat Indonesia Serikat. Setelah didirikan, Menurut sejarah bank BRI langsung menjadi bank yang penting bagi pembangunan ekonomi dan keuangan di Indonesia. Bank ini memainkan peran penting dalam pembangunan infrastruktur, perkebunan, dan industri di berbagai wilayah di Indonesia. Pada tahun 1959, tercatat sejarah bank BRI menjadi bank pertama di Indonesia yang diberikan status bank umum. Seiring dengan perkembangan ekonomi dan keuangan di Indonesia, BRI terus berkembang dan menjadi salah satu bank terbesar di Indonesia. Pada saat ini, sejarah bank BRI memiliki jaringan yang luas di seluruh negara dan menyediakan berbagai layanan perbankan dan keuangan bagi masyarakat. Dalam sejarah bank BRI (Bank Rakyat Indonesia) saat ini merupakan salah satu bank milik pemerintah yang tertua di Indonesia yang menyediakan berbagai layanan perbankan dan keuangan bagi masyarakat. Selama bertahun-tahun, tercatat dalam sejarah bank BRI telah menjadi bank yang dipercaya dan dapat diandalkan bagi masyarakat Indonesia. Bank ini telah menjadi salah satu pemimpin dalam menyediakan layanan keuangan bagi segmen masyarakat yang kurang mampu, termasuk melalui program-program microfinance dan pembiayaan usaha kecil. Selain itu, BRI juga memiliki program-program yang didesain untuk membantu masyarakat dalam mengatasi masalah-masalah ekonomi yang dihadapi saat ini. BRI telah bermitra dengan berbagai pihak, termasuk pemerintah, lembaga keuangan lainnya, dan organisasi non-pemerintah, untuk menyediakan layanan yang dapat diakses oleh masyarakat. BRI juga terus berinovasi dalam meningkatkan layanan perbankannya dengan mengembangkan teknologi yang membuat transaksi perbankan lebih mudah dan cepat. Bank ini juga memiliki aplikasi mobile banking yang memungkinkan nasabah untuk melakukan transaksi perbankan dengan cepat dan aman. Secara keseluruhan, sejarah Bank Rakyat Indonesia (BRI) menunjukkan bahwa bank ini telah memainkan peran penting dalam pembangunan ekonomi dan keuangan di Indonesia selama bertahun-tahun dan terus berinovasi untuk memenuhi kebutuhan masyarakat saat ini. Dalam sejarah bank BRI juga memiliki jaringan yang luas di seluruh dunia, dengan kantor cabang dan representative office di berbagai negara. BRI juga memiliki anak perusahaan yang beroperasi di bidang-bidang seperti asuransi, pembiayaan perdagangan, pembiayaan infrastruktur, dan lainnya. Bank Rakyat Indonesia (BRI) juga memiliki komitmen yang kuat dalam mendukung pembangunan ekonomi dan sosial di Indonesia. Bank ini terus berupaya untuk menyediakan layanan yang memadai bagi masyarakat, serta berpartisipasi dalam berbagai program pemerintah dan organisasi non-pemerintah yang bertujuan untuk meningkatkan kesejahteraan masyarakat. Sejarah bank BRI (Bank Rakyat Indonesia) juga merupakan salah satu bank yang memiliki kinerja yang baik dalam hal keuangan dan operasional. Bank ini mampu mencapai target laba dan pertumbuhan yang stabil selama bertahun-tahun. Hal ini ditunjukkan dari rasio kesehatan bank yang baik dan tingkat Non Performing Loan yang rendah. Secara keseluruhan, Bank Rakyat Indonesia (BRI) memiliki sejarah yang panjang dan konsisten dalam memberikan layanan perbankan yang berkualitas, meningkatkan kesejahteraan masyarakat dan mendukung pembangunan ekonomi di Indonesia. Selain itu, BRI juga merupakan salah satu bank yang memiliki program-program khusus yang dirancang untuk mendukung pemerintah dalam mengatasi masalah sosial dan ekonomi. BRI memiliki program-program seperti program pembiayaan pendidikan, program pembiayaan rumah, program pembiayaan untuk pengembangan desa, dan program-program lainnya yang bertujuan untuk meningkatkan kesejahteraan masyarakat. BRI juga merupakan bank yang peduli terhadap lingkungan dan berupaya untuk mengurangi dampak negatif dari operasionalnya. Bank ini telah melakukan berbagai upaya untuk meningkatkan efisiensi energi dan mengurangi emisi gas rumah kaca serta merupakan bank pertama yang mengimplementasikan prinsip-prinsip Sustainable Banking di Indonesia. Dikenal dalam sejarah bank BRI (Bank Rakyat Indonesia), BRI juga merupakan salah satu dari segelintir bank yang diakui dan dihormati di tingkat internasional. Secara keseluruhan, sejarah Bank Rakyat Indonesia (BRI) menunjukkan bahwa bank ini telah memainkan peran penting dalam pembangunan ekonomi dan keuangan di Indonesia selama bertahun-tahun, memiliki kinerja yang baik, memiliki program-program yang dirancang untuk mendukung pemerintah dan masyarakat, serta merupakan bank yang peduli terhadap lingkungan dan diakui secara internasional. Menjadi The Most Valuable Banking Group di Asia Tenggara dan Champion of Financial Inclusion Memberikan Yang Terbaik Melakukan kegiatan perbankan yang terbaik dengan mengutamakan pelayanan kepada segmen mikro, kecil, dan menengah untuk menunjang peningkatan ekonomi masyarakat Menyediakan Pelayanan Yang Prima Memberikan pelayanan prima dengan fokus kepada nasabah melalui sumber daya manusia yang profesional dan memiliki budaya berbasis kinerja (performance-driven culture), teknologi informasi yang handal dan future ready, dan jaringan kerja konvensional maupun digital yang produktif dengan menerapkan prinsip operational dan risk management excellence Bekerja dengan Optimal dan Baik Memberikan keuntungan dan manfaat yang optimal kepada pihakpihak yang berkepentingan (stakeholders) dengan memperhatikan prinsip keuangan berkelanjutan dan praktik Good Corporate Governance yang sangat baik Bank Rakyat Indonesia (BRI) mempunyai beberapa anak perusahaan yang bergerak di sektor bidang yang lain. Beberapa di antaranya ialah: Selain banyaknya anak perusahaan bank BRI yang bergerak di berbagai sektor bidang, LinkQu hadir untuk kalian para nasabah sebagai penyedia layanan transfer dana yang mempermudah proses transaksi untuk semua skala sektor bisnis. Kirim dan terima uang bisa lebih efisien dan cepat. Download dan Daftar Sekarang Disini Demikian informasi seputar sejarah singkat serta pemaparan visi dan misi dan beberapa anak perusahaan pada bank BRI (Bank Rakyat Indonesia). Bank ini telah menerima berbagai penghargaan dan predikat dari lembaga-lembaga keuangan dan non-keuangan, yang menunjukkan komitmen BRI dalam menyediakan layanan yang berkualitas dan berperan dalam pembangunan ekonomi dan sosial di Indonesia. Mulai sekarang dan segera rasakan kemudahan transaksi bersama kami. Atau, hubungi kami apabila Anda ingin mengetahui lebih lanjut mengenai produk yang bisa menjadi solusi bagi bisnis Anda. Terkait Lainnya GRHA INFESTA, Komplek Perkantoran Ruko Surya Inti Permata Juanda Super Blok A No. 28 Jln. Raya Bandara Juanda, Sidoarjo, Jawa Timur, Indonesia 61253 Telepon: (031) 99691831WhatsApp: 081 1318 4668E-mail: [email protected] GRHA INFESTA, Komplek Perkantoran Ruko Surya Inti Permata Juanda Super Blok A No. 28 Jln. Raya Bandara Juanda, Sidoarjo, Jawa Timur, Indonesia 61253 Telepon: (031) 99691831WhatsApp: 081 1318 4668E-mail: [email protected] LinkQu adalah perusahaan transfer dana nasional yang terdaftar, diawasi dan mendapat izin dari Bank Indonesia dengan nomor license : 21/250/Sb/7 Copyright © 2023 LinkQu"
Rekrutmen BRILiaN Banking Officer Program (BBOP) Batch 3,https://lokerbumn.com/penerimaan-brilian-banking-officer-program-bbop/22/2024/,2024-08-21,2024-08-20,"PT Bank Rakyat Indonesia (Persero) Tbk adalah salah satu bank milik pemerintah yang terbesar di Indonesia. Bank Rakyat Indonesia (BRI) didirikan di Purwokerto, Jawa Tengah oleh Raden Bei Aria Wirjaatmadja tanggal 16 Desember 1895. Bank BRI memiliki layanan perbankan sampai seluruh penjuru Indonesia dan cukup terkenal oleh masyarakat Indonesia. Berikut ini adalah Lowongan Kerja Rekrutmen BRILiaN Banking Officer Program (BBOP). Berpengalaman lebih dari 120 tahun, Bank BRI senantiasa memberikan kemudahan dan kecepatan dalam merespon berbagai kebutuhan nasabah. Dengan didukung oleh layanan perbankan yang prima, jutaan transaksi nasabah dikelola selama 24 jam sehari 7 hari seminggu melalui fasilitas layanan yang tersebar secara luas di seantero negeri. Dalam menjalankan aktivitas operasional, Bank BRI berpedoman pada visi dan misi yang membantu Perusahaan untuk tetap fokus dalam meraih pencapaian keberhasilan. Visi dan misi ini membantu Bank BRI untuk selalu berupaya mencapai idealisme dengan mengingatkan manajemen serta karyawan bahwa mereka bekerja sama demi tujuan-tujuan yang sama, yang akan menjadi sumbangan dalam keberhasilan jangka panjang Perusahaan. Saat ini Bank Rakyat Indonesia (BRI) memberikan kesempatan lowongan kerja untuk dapat bergabung bersama dengan posisi sebagai berikut: Detil Pekerjaan : Lowongan kerja ini dibuka untuk jabatan Marketing, sebagai berikut : Tugas dan Tanggung Jawab Utama : Lokasi Penempatan : Kualifikasi Kandidat : Tugas dan Tanggung Jawab Utama : Lokasi Penempatan : Kualifikasi Kandidat : Tugas dan Tanggung Jawab Utama : Lokasi Penempatan : Kualifikasi Kandidat : Tugas dan Tanggung Jawab Utama : Tugas dan Tanggung Jawab Utama : Tugas dan Tanggung Jawab Utama : Lokasi Penempatan RO BRI Semarang : Kualifikasi Umum Kandidat : Tugas dan Tanggung Jawab Utama : Tugas dan Tanggung Jawab Utama : Tugas dan Tanggung Jawab Utama : Lokasi Penempatan RO JAKARTA 3 : Kualifikasi Umum Kandidat : Tugas dan Tanggung Jawab Utama : Tugas dan Tanggung Jawab Utama : Lokasi Penempatan Wilayah Kerja : Kualifikasi Umum Kandidat : Tata Cara Melamar: Bagi kalian yang berminat dan memenuhi kualifikasi dapat mendaftarkan diri melalui link yang ada dibawah ini : Posisi 1  DAFTAR Posisi 2 DAFTAR Posisi 3 DAFTAR Posisi 4 – 6  DAFTAR Posisi 7-9  DAFTAR Posisi 10 – 11  DAFTAR   Join channel telegram lokerbumn.com agar tidak ketinggalan berita loker terbaru lainnya"
Rekrutmen BRILiaN Banking Officer Program (BBOP) Batch 3,https://lokerbumn.com/penerimaan-brilian-banking-officer-program-bbop/22/2024/,2024-08-21,2024-08-20,"PT Bank Rakyat Indonesia (Persero) Tbk adalah salah satu bank milik pemerintah yang terbesar di Indonesia. Bank Rakyat Indonesia (BRI) didirikan di Purwokerto, Jawa Tengah oleh Raden Bei Aria Wirjaatmadja tanggal 16 Desember 1895. Bank BRI memiliki layanan perbankan sampai seluruh penjuru Indonesia dan cukup terkenal oleh masyarakat Indonesia. Berikut ini adalah Lowongan Kerja Rekrutmen BRILiaN Banking Officer Program (BBOP). Berpengalaman lebih dari 120 tahun, Bank BRI senantiasa memberikan kemudahan dan kecepatan dalam merespon berbagai kebutuhan nasabah. Dengan didukung oleh layanan perbankan yang prima, jutaan transaksi nasabah dikelola selama 24 jam sehari 7 hari seminggu melalui fasilitas layanan yang tersebar secara luas di seantero negeri. Dalam menjalankan aktivitas operasional, Bank BRI berpedoman pada visi dan misi yang membantu Perusahaan untuk tetap fokus dalam meraih pencapaian keberhasilan. Visi dan misi ini membantu Bank BRI untuk selalu berupaya mencapai idealisme dengan mengingatkan manajemen serta karyawan bahwa mereka bekerja sama demi tujuan-tujuan yang sama, yang akan menjadi sumbangan dalam keberhasilan jangka panjang Perusahaan. Saat ini Bank Rakyat Indonesia (BRI) memberikan kesempatan lowongan kerja untuk dapat bergabung bersama dengan posisi sebagai berikut: Detil Pekerjaan : Lowongan kerja ini dibuka untuk jabatan Marketing, sebagai berikut : Tugas dan Tanggung Jawab Utama : Lokasi Penempatan : Kualifikasi Kandidat : Tugas dan Tanggung Jawab Utama : Lokasi Penempatan : Kualifikasi Kandidat : Tugas dan Tanggung Jawab Utama : Lokasi Penempatan : Kualifikasi Kandidat : Tugas dan Tanggung Jawab Utama : Tugas dan Tanggung Jawab Utama : Tugas dan Tanggung Jawab Utama : Lokasi Penempatan RO BRI Semarang : Kualifikasi Umum Kandidat : Tugas dan Tanggung Jawab Utama : Tugas dan Tanggung Jawab Utama : Tugas dan Tanggung Jawab Utama : Lokasi Penempatan RO JAKARTA 3 : Kualifikasi Umum Kandidat : Tugas dan Tanggung Jawab Utama : Tugas dan Tanggung Jawab Utama : Lokasi Penempatan Wilayah Kerja : Kualifikasi Umum Kandidat : Tata Cara Melamar: Bagi kalian yang berminat dan memenuhi kualifikasi dapat mendaftarkan diri melalui link yang ada dibawah ini : Posisi 1  DAFTAR Posisi 2 DAFTAR Posisi 3 DAFTAR Posisi 4 – 6  DAFTAR Posisi 7-9  DAFTAR Posisi 10 – 11  DAFTAR   Join channel telegram lokerbumn.com agar tidak ketinggalan berita loker terbaru lainnya"
Campus Hiring PT. Bank Rakyat Indonesia di Unila ...,https://www.unila.ac.id/campus-hiring-pt-bank-rakyat-indonesia-di-unila-berlangsung-sukses/,2024-08-21,2023-05-25,"(Unila): UPT Pengembangan Karier dan Kewirausahaan (CCED) Universitas Lampung (Unila) bekerja sama dengan PT. Bank Rakyat Indonesia (BRI) menyelenggarakan acara “Campus Hiring” pada Kamis, 25 Mei 2023, di ruang pelatihan UPT PKK. Campus Hiring yang diikuti 80 peserta dari berbagai jurusan ini bertujuan untuk memberikan kesempatan kepada para alumni Universitas Lampung untuk berkarier di salah satu perbankan terkemuka di Indonesia. Para peserta akan bersaing untuk mengisi posisi marketing di PT. BRI. Tahapan seleksi yang dilakukan meliputi tes tertulis, wawancara, dan psikotes. Kepala CCED Unila Dr. Usep Syaipudin, S.E., M.S., Ak., mengatakan, acara ini merupakan salah satu bentuk kerja sama antara CCED dan PT. BRI dalam rangka membantu para alumni Universitas Lampung mendapatkan pekerjaan yang sesuai dengan minat dan kompetensi mereka. Dr. Usep berharap, para alumni Universitas Lampung melalui acara ini dapat menunjukkan kualitas dan potensi mereka sebagai calon karyawan PT. BRI. “Kami juga berterima kasih kepada PT. BRI yang telah mempercayakan Universitas Lampung sebagai salah satu kampus mitra dalam program Campus Hiring ini,” ujarnya. Ia pun memberikan pesan kepada para peserta agar mengikuti setiap tahapan seleksi dengan serius dan fokus. “Ikuti setiap tahapan dengan baik, tidak perlu tegang, dan harus fokus dengan target yang ditentukan. Mudah-mudahan proses ini bisa menghasilkan lulusan terbaik sesuai harapan PT. BRI,” pungkasnya. Sementara itu, RHCBP Department Head Regional Office PT. BRI Bandarlampung Shoffa Rahma Yulia menyampaikan, PT. BRI memilih Universitas Lampung sebagai salah satu kampus target dalam program Campus Hiring karena melihat kualitas dan prestasi para lulusannya. “Kami melihat banyak karyawan BRI dari Universitas Lampung memiliki kinerja yang baik dan profesional. Oleh karena itu, kami ingin merekrut lebih banyak lagi alumni Universitas Lampung untuk bergabung bersama kami di PT. BRI,” tutur Shoffa. Turut hadir dalam kegiatan, subkoordinator Regional BRI Office, anggota regional BRI office, dan peserta campus hiring. *** Fakultas dan Pascasarjana Fakultas Ekonomi dan BisnisFakultas HukumFakultas PertanianFakultas KIPFakultas TeknikFakultas ISIPFakultas MIPAFakultas KedokteranPascasarjana Biro Biro Perencanaan dan HumasBiro Akademik dan KemahasiswaanBiro Umum dan Keuangan Akses Lain SDGs CenterBadan Pengelola UsahaPPID Unila Lembaga dan Unit Pelaksana Teknis Lembaga Penelitian dan Pengabdian MasyarakatLembaga Pengembangan Pembelajaran dan Penjaminan MutuUPT PerpustakaanUPT BahasaUPT Teknologi Informasi dan KomunikasiUPT Pusat Karir & KewirausahaanUPT Pengembangan Kerja Sama dan Layanan InternasionalUPT Laboratorium Terpadu dan Sentra Inovasi TeknologiUPT Kearsipan"
KUR BRI Beri Dampak Besar Tingkatkan Aspek Kehidupan ...,https://infobanknews.com/kur-bri-beri-dampak-besar-tingkatkan-aspek-kehidupan-masyarakat/,2024-08-21,2022-07-28,"Jakarta – PT Bank Rakyat Indonesia (BRI) secara konsisten terus menciptakan economic & social values secara beriringan dalam upaya mengakselerasi ekonomi Indonesia. BRI dinilai mampu memberikan dampak positif terhadap kesejahteraan masyarakat melalui berbagai program pemberdayaan yang dijalankan, salah satunya ialah penyaluran Kredit Usaha Rakyat (KUR). Temuan tersebut dirilis Badan Riset dan Inovasi Nasional (BRIN) dalam risetnya yang menyebut program stimulus pemerintah ini memperkuat geliat sosial di kala pandemi. Riset tersebut melibatkan sampel dengan proporsi 50% segmen mikro, 30% segmen kecil dan 20% segmen super mikro, melalui 5 sektor produksi. Sekitar 57,62% responden merupakan pelaku usaha yang berada di Pulau Jawa dan 42,38% di luar Pulau Jawa. Hasilnya, penyalur KUR, terutama oleh BRI, memberikan dampak besar terhadap peningkatan berbagai aspek kehidupan masyarakat Indonesia. Penyaluran KUR dinilai mampu mendongkrak kemampuan nasabah untuk mengembangkan usaha, memberikan dampak sosial yang tinggi, seperti meningkatnya kesejahteraan keluarga, dan dampak lanjutan terhadap komunitas usaha. Dari aspek sosial, sebanyak 29,63% nasabah mengalami peningkatan kemampuan dalam membiayai pendidikan keluarganya. Selanjutnya, 27,33% juga menyatakan mengalami peningkatan kemampuan dalam membiayai dana kesehatan keluarga usai mendapat kucuran KUR. Menurut Direktur Utama BRI Sunarso, melalui KUR, usaha mereka yang hampir berhenti pada saat pandemi dapat dipertahankan. Sehingga mendapatkan pemasukan yang sebagian digunakan untuk membiayai pendidikan anak dan kesehatan anggota keluarga. Bagi nasabah KUR, setidaknya dapat mempertahankan usahanya karena ada suntikan permodalan baru. “KUR menjadi sumber modal baru yang memutar roda usaha. Sumber pendapatan usaha ini penting untuk membantu memenuhi kebutuhan sehari-hari. Karena dampak pandemi Covid-19 ini tentunya dirasakan oleh sebagian besar nasabah baik yang berada di perkotaan maupun pedesaan,” ungkap Sunarso. Lebih lanjut, riset tersebut mengungkap adanya peningkatan kegiatan masyarakat yang lebih tinggi pada nasabah KUR Kecil yaitu sebesar 25,73%, dan nasabah KUR Mikro sekitar 24,16%, dibandingkan dengan penerima KUR Super Mikro yang hanya sekitar 18,2%. Dari aspek ekonomi, sekitar 23,43% nasabah KUR meningkatkan keterlibatannya dalam komunitas usaha untuk mengembangkan bisnis. “Terlebih kami di BRI mengembangkan klaster usaha binaan. Sehingga dengan adanya dampak sosial ini juga akan mendorong penguatan ekosistem bisnis oleh pelaku UMKM yang juga merupakan nasabah KUR,” ujarnya. Penyaluran KUR juga berimplikasi positif terhadap meningkatnya produktivitas usaha nasabah dengan peningkatan sebesar 32,94%. Setelah mendapatkan KUR, ada kemampuan untuk membeli bahan baku dan menghasilkan output dalam jumlah yang lebih besar. Selain itu, peningkatan jejaring usaha pun cukup tinggi dengan rata-rata 35,04%. Kondisi ini terjadi karena seiring meningkatnya produktivitas, nasabah menjadi mampu lebih baik dalam membangun jejaring usaha untuk menunjang operasional bisnisnya. Sunarso memandang BRI sebagai bank penyalur KUR terbesar mengemban misi untuk membawa UMKM naik kelas. “Dan selama ini apa yang kami lakukan di BRI ternyata sesuai dengan kebutuhan pelaku usaha. Karena bukan hanya penyaluran kredit, ada juga pembinaan. Journey-nya jelas dan lengkap hingga mendorong digitalisasi untuk perluasan usaha sehingga pelaku usaha ini bisa naik kelas,” pungkasnya. Dengan demikian sebagai bank yang fokus di segmen UMKM, BRI selalu mendapat proporsi penyaluran terbesar dari pemerintah dengan porsi di kisaran 70% dari total alokasi KUR secara nasional. Pada 2022 kuotanya mencapai Rp260 triliun, dengan realisasi penyaluran pada periode Januari-Mei sebesar Rp104,5 triliun. Sementara itu, pada 2021 kuota KUR BRI dinaikan menjadi Rp195,59 triliun, dengan realisasi penyaluran Rp194,9 triliun. Pada 2020 alokasi penyaluran KUR BRI mencapai Rp140,2 triliun dengan realisasi Rp138,5 triliun. (*) Irawati ... ... ... Connect with us Copyright @ 2023 Infobanknews.comAll right reserved News UpdatePerbankanMoneter & FiskalKeuanganPasar Modal Ekonomi & BisnisShariah InsightInfo BPRMarket Update EntertainmentOtomotifPoliticFood & Travel RedaksiPedoman Media SiberKarirIklanMedia PartnerPrivacy PolicyDisclaimer InfobanknewsInfobankstoreInfobankdataInfobankeventInfobanktvUmkm Go Digital"
Proses Seleksi dan Rekrutmen pada PT. Bank Rakyat ...,https://suarausu.or.id/proses-seleksi-dan-rekrutmen-pada-pt-bank-rakyat-indonesia-persero-tbk/,2024-08-21,2023-10-27,"Sumber: brandingkan.com Penulis: Nazlina Dwi Putri / Rizky Febrian / Chairul Azmi Puteh / Elsa Safitri / Angieta Ahsana / Nur Azizah Suara USU, Medan. Pada era globalisasi seperti sekarang ini, perkembangan dan persaingan industri berlangsung secara ketat. Sumber daya manusia menjadi salah satu faktor penting dalam perkembangan perusahaan karena sumber daya manusia pada suatu perusahaan mempunyai peran dalam mencapai tujuan dan kesuksesan perusahaan. Mereka tidak hanya mengelola aspek-aspek ketenagakerjaan, tetapi juga berperan dalam mengembangkan karyawan dan membangun budaya perusahaan yang kuat. Agar menghasilkan karyawan yang sesuai dengan kebutuhan yang diinginkan perusahaan, suatu perusahaan perlu melakukan proses seleksi dan rekrutmen untuk menemukan individu yang memiliki potensi untuk memberikan kontribusi besar dan berintegrasi dengan perusahaan. Untuk itu perusahaan harus bisa memperhatikan proses rekrutmen dan seleksi karyawan dengan baik, karena proses seleksi dan rekrutmen adalah fondasi yang penting dalam membangun tim yang kuat di setiap perusahaan. Ini bukan hanya tentang mempekerjakan orang, tetapi tentang menemukan individu yang memiliki kualifikasi, motivasi, dan nilai-nilai yang sesuai dengan budaya perusahaan. Seleksi adalah proses pemilihan dan penilaian karyawan atau calon karyawan berdasarkan kriteria tertentu yang sesuai dengan kebutuhan dan persyaratan perusahaan. Sedangkan Rekrutmen adalah proses pencarian, penarikan, dan perekrutan calon karyawan untuk mengisi posisi-posisi di dalam organisasi atau perusahaan. Tujuan utama suatu perusahaan melaksanakan rekrutmen dan seleksi adalah untuk menemukan dan menentukan karyawan yang sesuai dengan kriteria perusahaan sehingga nantinya mampu untuk membawa kemajuan bagi perusahaan. Pelaksanaan rekrutmen dan seleksi mendasarkan pada metode tertentu. Metode yang digunakan adalah yang dirasa paling tepat dan efisien untuk mendapatkan karyawan sesuai dengan kebutuhan perusahaan. Salah satu contoh proses seleksi dan rekrutmen yaitu pada PT. Bank Rakyat Indonesia (Persero) Tbk. Bank BRI merupakan suatu lembaga keuangan yang melayani orang-orang berkebangsaan Indonesia (pribumi). Dalam rekrutmen penerimaan, BRI memberitahu dengan menggunakan dua sumber, yaitu sumber internal, merupakan rekrutmen dari internal perusahaan yang dapat memberikan kesempatan kepada para karyawan untuk meniti karir lebih lanjut ke jabatan di atasnya, sehingga dapat menimbulkan gairah motivasi, dan juga sumber eksternal, yaitu tenaga kerja yang direkrut orang-orang yang belum menjadi karyawan suatu perusahaan atau lembaga organisasi. Setelah proses rekrutmen selesai dilakukan, maka tahap berikutnya adalah proses seleksi. Proses seleksi adalah proses pemulihan kandidat-kandidat yang telah terkumpul untuk mengisi suatu posisi atau pekerjaan di dalam organisasi yang dianggap memenuhi kualifikasi dan kompetensi yang dibutuhkan. Seleksi yang diterapkan di PT. Bank BRI terbagi menjadi dua, yaitu seleksi sumber eksternal dan seleksi sumber internal. Seleksi sumber eksternal terbagi menjadi beberapa tahap yaitu: 1. Seleksi Administrasi Lamaran Seleksi administrasi ini dilakukan untuk mendapatkan kandidat yang sesuai dengan kualifikasi yang ditetapkan terhadap deskripsi pekerjaan tertentu. Dalam melakukan sortir data pelamar, Divisi Rekrutmen dan Seleksi Karyawan di BRI sangat teliti sehingga calon karyawan harus memberikan informasi yang selengkap-lengkapnya, diantaranya: 2. Seleksi Interview Tujuan interview yang dilakukan untuk mengenal lebih dekat dengan calon karyawan. Dalam interview ini ada beberapa aspek yang di tanyakan kepada calon karyawan, mulai dari aspek pengetahuan hingga aspek perilaku. 3. Tes Psikotes Dalam melaksanakan tes psikotes, para calon kandidat harus melakukan beberapa tes yaitu: 4. Penandatanganan kontrak Proses seleksi terakhir dari sumber eksternal di BRI adalah penandatangan kontrak. Jika karyawan tersebut langsung jadi karyawan kontrak, calon karyawan tersebut akan menandatangani PKWT (Perjanjian Kerja Waktu Tertentu). Seleksi sumber internal terbagi menjadi beberapa tahap yaitu: 1. Seleksi administrasi Seleksi administrasi dari sumber internal untuk memperkuat data calon karyawan karena sudah teruji dengan kemampuan yang dimiliki saat bekerja. 2. Interview Interview lebih mendalam dan untuk mengenal karyawan lebih dekat dengan calon karyawan. Dikarenakan dalam rekrutmen dari sumber internal merupakan dari karyawannya sendiri, sehingga Divisi Rekrutmen akan lebih mudah menanyakan mengenai pengetahuan yang dimiliki calon karyawan. 3. Psikotes Psikotes ini juga dilakukan pada calon karyawan dari sumber internal maupun eksternal. Tujuannya adalah untuk melihat karakter seseorang, namun dalam tes psikotes tidak terdapat kategori lulus atau tidak lulus. 4. Assessment Dengan menggunakan metode assessment dapat memberikan manfaat kepada perusahaan terutama pada BRI dan karyawan. Bagi BRI sendiri akan mendapatkan efek dari pengembangan karir pada karyawannya dari segi produktivitas dan juga kinerja untuk bank BRI itu sendiri. Sedangkan, untuk karyawan BRI sendiri karyawan akan mengetahui kelemahan dan kekuatan kinerjanya. Hal tersebut perlu dikembangkan sehingga akan memberikan kesempatan pada karyawan untuk tumbuh dan berkembang, serta memberikan semangat di dalam melaksanakan tugasnya. Sistem rekrutmen karyawan pada bank BRI sendiri terdiri dari input, proses, dan output. Input dari sistem rekrutmen, yaitu tim rekrutmen, alokasi dana, sarana prasarana, SOP, dan perencanaan. Tim rekrutmen pada bank BRI adalah dua manajer dan pinca untuk pelamar yang mengisi posisi dasar, sedangkan posisi manajer yang mewawancarai adalah grup head atau kepala divisi dan kepala cabang. Sarana dan prasarana menggunakan fasilitas yang ada di ruang meeting kantor. Alokasi dana, SOP, dan perencanaan sudah ditentukan oleh kantor pusat dan kantor cabang hanya mengajukan dan menjalankannya. Kesimpulan dari penjelasan di atas yaitu proses seleksi dan rekrutmen harus sesuai dengan hukum, etika, dan prinsip-prinsip keadilan untuk memastikan diskriminasi tidak terjadi dan kandidat memiliki peluang yang setara. Kesuksesan organisasi dalam seleksi dan rekrutmen dapat berkontribusi pada produktivitas, budaya kerja yang positif, dan pencapaian tujuan strategis. Proses ini juga harus terus ditingkatkan dan disesuaikan dengan kebutuhan perusahaan serta perubahan di pasar tenaga kerja untuk memastikan organisasi mendapatkan talenta terbaik. Redaktur: Tania A. Putri Subscribe to get the latest posts to your email. 

Type your email… 
  







 
Subscribe 
 Masukkan alamat email Anda untuk berlangganan blog ini dan menerima pemberitahuan tulisan-tulisan baru melalui email. 

Alamat email 

 




 
Langganan 
 Masukkan alamat email Anda untuk berlangganan blog ini dan menerima pemberitahuan tulisan-tulisan baru melalui email. 

Alamat email 

 




 
Langganan 
 Masukkan alamat email Anda untuk berlangganan blog ini dan menerima pemberitahuan tulisan-tulisan baru melalui email. 

Alamat email 

 




 
Langganan 
"
Kejari Kotabaru kembali Tetapkan Seorang Tersangka ...,https://metro7.co.id/daerah/kalimantan-selatan/kejari-kotabaru-kembali-tetapkan-seorang-tersangka-korupsi-di-bank-rakyat-indonesia/2024/,2024-08-21,2024-08-21,"Koran Metro7 Online Pelopor Berita Daerah Untuk Indonesia KOTABARU, metro7.co.id – Kejaksaan Negeri ( Kejari) Kabupaten Kotabaru menetapkan seorang tersangka atas tindak pidana korupsi di PT Bank Rakyat Indonesia (BRI). “Pada Senin 19 Agustus 2024 bertempat di kantor Kejaksaan Negeri Kotabaru jaksa penyidik telah melakukan penahanan terhadap tersangka E,” kata Kepala Kejari Kotabaru, M Fadlan, di kantor Kejari Kotabaru, Rabu (21/8), dalam pers rilis. Fadlan mengatakan perbuatan tersangka E telah secara melawan hukum memperkaya diri sendiri maupun orang lain yaitu terdakwa H, yang menyebabkan PT. Bank Rakyat Indonesia Unit Sengayam Kantor Cabang Batulicin mengalami kerugian yang berindikasi merugikan keuangan negara. Diceritakannya pada 19 Januari 2021 hingga November 2022 tersangka E, bersama-sama dengan terdakwa HPHWS selaku Mantri Pemrakarsa PT. Bank Rakyat Indonesia, Unit Sengayam, Kantor Cabang Batulicin dan terdakwa H mendapatkan calon debitur dengan cara meminjam KTP dan KK. “Kemudian untuk pemenuhan Surat
Keterangan Usaha, Surat Keterangan Tanah, Surat Keterangan Janda/ Duda yang didapat dengan membuatnya secara fiktif kemudian diganti dengan foto debitur yang lain,” terang Fadlan. Dimana tersangka E, sambung Fadlan mengajukan kredit dengan meminjam nama orang lain sebanyak 15 orang. Pada tahap analisa kredit, mantri pemrakarsa tidak melakukan On the Spot “Akan tetapi seolah-olah melakukan On The Spot dikarenakan hal tersebut telah
dikondisikan oleh tersangka E dan pelaku Kredit Topengan/Tempilan, dengan cara
foto usaha debitur di tempat usaha milik orang lain dan juga foto tempat tinggal debitur merupakan tempat tinggal orang lain,” kata Fadlan. “Setelah kredit tersebut disetujui, tersangka E bersama para debitur
datang ke kantor BRI Unit Sengayam untuk melakukan pencairan dan menerima buku
tabungan atau kartu ATM,” ujarnya Selanjutnya kata dia tersangka E mengambil uang pencairan kredit tersebut kemudian memberikan upah kepada debitur dan membagi sebagian kepada terdakwa H. Kerugian Keuangan Negara akibat persekongkolan jahat mereka senilai Rp 750.000.000. Ia menambahkan pada Rabu 21 Agustus 2024 jaksa, penyidik pada Kejari Kotabaru telah melakukan penyelamatan kerugian
Keuangan negara sejumlah Rp. 488.369.280. Pasal yang disangkakan: PRIMAIR
Pasal 2 ayat (1) Juncto Pasal 18 Undang-undang Nomor 31 Tahun 1999 tentang
Pemberantasan Tindak Pidana Korupsi sebagaimana telah diubah dengan Undang – undang Nomor 20 Tahun 2001 tentang Perubahan atas Undang-undang Nomor 31
Tahun 1999 tentang Pemberantasan Tindak Pidana Korupsi Juncto. Pasal 55 Ayat (1) ke-1 KUHP. SUBSIDIAIR ; Pasal 3 Juncto Pasal 18 Undang undang Nomor 31 Tahun 1999 tentang Pemberantasan Tindak Pidana Korupsi sebagaimana telah diubah dengan Undang- undang Nomor 20 Tahun 2001 tentang Perubahan atas Undang-undang Nomor 31 Tahun 1999 tentang Pemberantasan Tindak Pidana Korupsi Juncto. Pasal 55 Ayat (1) ke-1 KUHP. *** Copyright @2022, metro7.co.id – All Right Reserved"
PT. Bank Rakyat Indonesia (Persero) Tbk,https://jadibumn.id/lowongan-kerja-bumn-pt-bank-rakyat-indonesia-persero-tbk-24/,2024-08-21,2023-11-30," Daftarkan Diri Anda Sekarang Juga ke : https://e-recruitment.bri.co.id/jobs Periode Pendaftaran : 29 November – 03 Desember 2023Sumber Lowongan ini Instagram by @bri_regionalpadangAtau bisa klik link berikut ini : Klik Disini Hanya kandidat dengan kualifikasi terbaik yang akan dipanggil untuk mengikuti tahapan seleksi. PT. Bank Rakyat Indonesia (Persero), Tbk berhak menetapkan /memutuskan kandidat-kandidat yang memenuhi kualifikasi dan lolos pada setiap tahapan seleksi dan keputusan ini bersifat mutlak serta tidak dapat diganggu gugat. WASPADA PENIPUAN! Pengumuman ini adalah satu-satunya pengumuman yang SAH dan RESMI dari BRI. Dalam perekrutan Pekerja, Bank BRI TIDAK pernah memungut biaya apapun dan TIDAK bekerja sama dengan Lembaga/Institusi lain termasuk travel agent manapun. JadiBUMN – PT Pertamina Training and Consulting atau PTC merupakan anak perusahaan dari PT Pertamina (Persero), yang berfokus pada pengembangan sumber daya manusia melalui pelatihan jasa, konsultasi, dan manajemen sumber daya manusia sebagai solusi. Didukung oleh para profesional yang kompeten dan dengan jaringan kemitraan domestik dan internasional, PTC siap memberikan SMART Solusi untuk mengembangkan potensi… 

				Read More Lowongan Kerja BUMN – PT Pertamina Training and ConsultingContinue
 
 Loker BUMN Mataram 2024 – Di tengah hiruk-pikuk kehidupan kota Mataram, sebuah kabar gembira melayang bak secercah harapan bagi banyak pencari kerja. Tahun 2024 ini, berbagai Badan Usaha Milik Negara (BUMN) membuka pintu lebar-lebar untuk talenta-talenta terbaik Nusantara. “Jangan Lewatkan!” bukan sekadar ajakan, melainkan sebuah seruan bagi siapa saja yang mendambakan karier gemilang di lingkungan… 

				Read More Loker BUMN Mataram 2024 – Update Terbaru Loker BUMN di Mataram 2024 – Jangan Lewatkan!Continue
 
 Magenta BUMN – PT Pelindo (Persero) Kementerian BUMN dan Forum Human Capital Indonesia (FHCI) bersinergi dengan seluruh BUMN di Indonesia untuk dapat memberikan kesempatan magang bagi mahasiswa dan fresh graduate baik lulusan dalam negeri maupun luar negeri. Magang Generasi Bertalenta (MAGENTA) BUMN adalah program magang terpadu bagi santri, mahasiswa dan fresh graduate untuk mengaplikasikan semua… 

				Read More Magenta BUMN – PT Pelindo (Persero)Continue
 
 Lowongan Kerja BUMN – PT Permodalan Nasional Madani (Persero), selanjutnya disebut PNM, merupakan Lembaga Keuangan Khusus yang didirikan sebagai realisasi komitmen pemerintah untuk mengembangkan, memajukan, serta memelihara Usaha Mikro, Kecil, dan Menengah (UMKM). PNM merupakan solusi strategis pemerintah untuk mengembangkan akses permodalan serta pelatihan bagi para pelaku UMKM yang tersebar di seluruh Indonesia. Dengan 100%… 

				Read More Lowongan Kerja BUMN – PT PNM (Persero)Continue
 
 Tentang IDSurvey IDSurvey adalah BUMN Holding Jasa Testing, Inspection, Certification, Classification dan Statutory (TICCS) dengan Lead Holding adalah PT. Biro Klasifikasi Indonesia (Persero) dengan entitias lainnya yaitu PT. SUCOFINDO dan PT. Surveyor Indonesia. Informasi perihal IDSurvey dapat dipelajari di https://www.idsurvey.id Karier di BKI Bergabung bersama kami membangun karier dibidang klasifikasi dan independent assurance yang menawarkan lingkungan… 

				Read More Lowongan Kerja BUMN – PT Biro Klasifikasi Indonesia (Persero)Continue
 
 Lowongan Kerja Sistem Informasi BUMN – Mencari pekerjaan bisa menjadi sebuah proses yang menantang, terutama dalam industri yang kompetitif seperti sistem informasi di Badan Usaha Milik Negara (BUMN). Salah satu langkah penting dalam proses pencarian kerja adalah pembuatan Curriculum Vitae (CV) yang menarik. CV bukan hanya sekedar dokumen yang mendaftar pengalaman dan pendidikan Anda, tetapi… 

				Read More Lowongan Kerja Sistem Informasi BUMN – Bagaimana Membuat CV yang Menarik untuk Lowongan Kerja Sistem Informasi BUMN?Continue
 
 Your email address will not be published. Required fields are marked * Comment * Name * Email * Website  Save my name, email, and website in this browser for the next time I comment.  

 Copyright ©2023 Jadi BUMN, PT. Kejar Kreasi Semesta"
Nasabah BRI Akui Kredit Usaha Inisiatif Fita - Rakyat Maluku,https://rakyatmaluku.fajar.co.id/2024/08/21/nasabah-bri-akui-kredit-usaha-inisiatif-fita/,2024-08-21,2024-08-21,"RAKYATMALUKU.FAJAR.CO.ID — AMBON, — Tim Penyidik Pidana Khusus (Pidsus) Kejaksaan Tinggi (Maluku) melakukan pemeriksaan terhadap tujuh nasabah Bank Rakyat Indonesia (BRI) Unit Ambon Kota, sebagai saksi dalam perkara dugaan korupsi penyelewengan keuangan BUMN pada BRI Unit Ambon Kota tahun anggaran 2023. Informasi yang berhasil diperoleh media ini, terungkap bahwa ketika diperiksa Jaksa Penyidik, para nasabah telah mengakui bahwa pengajuan dana kredit usaha senilai Rp 10 juta merupakan inisiatif dari FJ alias Fita, pegawai BRI Unit Ambon Kota. Awalnya, sekitar Februari 2023, FJ alias Fita menghubungi mereka untuk meminta bantuan meminjam Kartu Tanda Penduduk (KTP) guna pengajuan kredit usaha. Di mana, saat itu FJ alias Fita menyampaikan bahwa dia terpaksa melakukannya untuk penuhi target nasabah agar bisa naik jabatan menjadi supervisor. “Para nasabah ini memberikan KTP mereka karena FJ alias Fita menjanjikan bahwa ke depan nasabah aman dan tidak akan ditagih pihak bank untuk pembayaran angsuran, sebab semua akan dibayar oleh Fita,” beber sumber media ini yang meminta namanya dirahasiakan, Selasa, 20 Agustus 2024. Setelah kredit cair sebanyak Rp10 juta per nasabah, lanjut sumber itu, mereka disuruh FJ alias Fita untuk kembali mentransfer uang tersebut ke nomor rekening tertentu masing-masing sebesar Rp9.500.000. Dan nasabah diberikan uang masing-masing Rp250 ribu sebagai biaya ganti rugi transportasi dan uang makan selama proses kredit. Seiring berjalan waktu, tambahnya, para nasabah dihubungi oleh pihak BRI lantaran belum membayar angsuran kredit hingga lewat tanggal jatuh tempo. Padahal, sebelumnya FJ alias Fita telah berjanji bahwa dirinya yang akan membayar angsuran nasabah. “Karena merasa dirugikan, para nasabah ini menyampaikan kepada pihak BRI bahwa mereka tidak menggunakan uang kredit usaha tersebut. Dan saat uang cair, Ibu Fita langsung menyuruh nasabah mentransfer uang tersebut ke rekening tertentu,” ungkap sumber itu. “Para nasabah juga sudah didatangi pihak BRI dan telah menandatangani surat penyataan tidak menggunakan uang kredit tersebut,” tambahnya. Terkait pemeriksan tujuh nasabah tersebut, Kepala Seksi Penerangan Hukum (Kasi Penkum) dan Humas Kejati Maluku Ardy, membenarkannya. Menurutnya, pemeriksan tujuh saksi ini untuk mencari serta mengumpulkan bukti yang dengan bukti itu membuat terang tentang tindak pidana yang terjadi dan guna menemukan tersangkanya. “Yang dipanggil hari ini 20 nasabah, yang hadir delapan orang. Tujuh nasabah sudah menjalani pemeriksaan sebagai saksi, sedangkan satu nasabah lainnya sakit, sehingga tidak jadi diperiksa,” kata Ardy, kepada media ini di kantornya, Selasa, 20 Agustus 2024. Ditanya materi pemeriksaan terhadap tujuh nasabah tersebut, Ardy mengaku tidak mengetahuinya. Sebab, selain tidak diberitau oleh Jaksa Penyidik yang memeriksa para saksi, materi pemeriksaan di tahap penyidikan merupakan rahasia penyidikan. “Saya tidak tahu dan saya tidak diberitahu oleh Jaksa Penyidik yang memeriksa saksi. Namun yang pasti para saksi diperiksa sejak pukul 10.00 sampai dengan 16.30 Wit,” jelasnya. Dikatakan Ardy, penyelewengan keuangan BUMN tersebut diduga dilakukan oleh oknum pegawai BRI Unit Ambon Kota pada tahun 2023 melalui kredit fiktif dengan modus nasabah topengan, dengan tujuan untuk menguntungkan diri sendiri. “Akibat penyelewengan keuangan BUMN ini, diduga menimbulkan kerugian keuangan negara pada bank yang bersangkutan (BRI) kurang lebih sebesar Rp1,9 miliar,” pungkasnya. (RIO)"
"Kinerja Solid, BRI Sukses Jadi Bank Terbesar di Indonesia",https://m.industry.co.id/read/135486/kinerja-solid-bri-sukses-jadi-bank-terbesar-di-indonesia,2024-08-21,2024-08-20,"Rabu, 21 Agustus 2024 - 15:17 WIB  Find and Follow Us      Oleh : Candra Mata | Selasa, 20 Agustus 2024 - 06:08 WIB INDUSTRY.co.id - Jakarta - PT Bank Rakyat Indonesia (Persero) Tbk atau BRI kembali mencatatkan prestasi di industri keuangan nasional, setelah menjadi bank dengan posisi teratas dalam daftar Fortune Indonesia 100 atas kinerja tahun 2023. Dari seluruh perusahaan, BRI sendiri menempati posisi ke-4. Peringkat Fortune Indonesia 100 ini ditentukan berdasarkan pendapatan, laba bersih, aset, ekuitas, kapitalisasi pasar, dan laba bersih terhadap pendapatan. BRI yang menjadi bank dengan peringkat teratas pada daftar tersebut, tak lepas dari catatan kinerja solid pada tahun 2023, di mana Perseroan mencatat pendapatan sebesar Rp241 triliun, laba bersih sebesar Rp60,1 triliun, aset sebesar Rp1.965 triliun, ekuitas Rp311 triliun, dan kapitalisasi pasar Rp682 triliun. Sebelumnya pada Juni 2024 lalu dalam Fortune Southeast Asia 500, BRI dinobatkan sebagai perusahaan keempat terbesar untuk kategori finansial dan menduduki peringkat 15 sebagai perusahaan terbesar di Asia Tenggara.  Capaian ini menempatkan BRI sebagai bank terbesar di Indonesia sekaligus sebagai salah satu perusahaan terbesar di Asia Tenggara. Keberhasilan BRI dalam mencatatkan prestasi ini turut mendapatkan apresiasi dari Menteri BUMN RI Erick Thohir. ""Alhamdulillah 19 BUMN masuk dalam jajaran perusahaan dengan pendapatan terbesar versi Fortune Indonesia 100. Ini menunjukkan BUMN memiliki peran penting sebagai lokomotif penggerak ekonomi Indonesia,"" ujar Erick, Kamis (15/8). Pada kesempatan terpisah, Direktur Utama BRI Sunarso mengungkapkan bahwa kinerja cemerlang pada tahun 2023 dan capaian positif tersebut akan memotivasi BRI untuk kembali mencatatkan kinerja positif di tahun 2024. Hal ini terlihat dari Kinerja Keuangan BRI Group pada Triwulan II 2024 yang berhasil mencatatkan kinerja positif dan berkelanjutan. “Dengan pertumbuhan yang selektif dan prudent, dalam 6 bulan pertama tahun ini BRI secara konsolidasian berhasil mencetak laba Rp29,90 triliun”, jelasnya. Sunarso mengungkapkan bahwa kinerja positif BRI Group tersebut tak terlepas dari pertumbuhan penyaluran kredit dan penghimpunan Dana Pihak Ketiga (DPK) yang tumbuh double digit.  “Hingga akhir Triwulan II 2024, penyaluran kredit BRI tercatat Rp1.336,78 triliun atau tumbuh 11,20 persen year on year (yoy). Segmen UMKM masih mendominasi penyaluran kredit BRI, dengan porsi mencapai 81,96 persen dari total penyaluran kredit BRI, atau sekitar Rp1.095,64 triliun,” ungkap Sunarso. Sunarso menambahkan, pencapaian dan apresiasi tersebut dedikasikan kepada seluruh nasabah BRI, utamanya untuk pelaku UMKM yang menjadi tulang punggung perekonomian Indonesia, serta seluruh Insan BRILian (pekerja BRI) yang telah memberikan kontribusi terbaiknya. “Pencapaian tersebut juga akan memotivasi BRI untuk terus meng-create economic value serta men-deliver social value kepada seluruh stakeholders”, pungkasnya. Rabu, 21 Agustus 2024 - 15:12 WIB Jakarta-Digital (Eranyacloud) berkomitmen untuk membantu pelanggan dalam memberikan perlindungan data melalui produk andalan Backup Protect dan Disaster Recovery (DR). Solusi ini dapat mencegah… Rabu, 21 Agustus 2024 - 15:05 WIB Seiring dengan semakin terhubungnya dunia digital dan industri, data telah menjadi aset penting dan berharga yang menjadi dasar bagi proses operasional dan perencanaan strategis dalam berbagai… Rabu, 21 Agustus 2024 - 14:31 WIB Memahami bahwa produktivitas tenaga kerja Indonesia yang terus meningkat hingga mencapai IDR 86.55 juta per pekerja per tahun pada 2022, serta peningkatan penggunaan internet dengan 77% dari… Rabu, 21 Agustus 2024 - 14:22 WIB Vatikan-Organisasi pemuda lintas agama berkunjung ke Vatikan. Kunjungan ini menandai dimulainya kampanye Dokumen Abu Dhabi oleh kelompok ini. Rombongan dipimpin oleh Ketum GP Ansor, Addin Jauharudin… Rabu, 21 Agustus 2024 - 14:02 WIB Jakarta – Untuk memperkuat hubungan bilateral dan ekonomi antara Indonesia dan China, Kamar Dagang China bersama Peraga Expo menggelar dua pameran dengan tema berbeda yakni pameran Indonesia… Majalah Industry © Copyright 2016 - 2021 Industry.co.id. All Right Reserved  Find and Follow Us       Download Apps on  "
Nasabah BRI Akui Kredit Usaha Inisiatif Fita - Rakyat Maluku,https://rakyatmaluku.fajar.co.id/2024/08/21/nasabah-bri-akui-kredit-usaha-inisiatif-fita/,2024-08-21,2024-08-21,"RAKYATMALUKU.FAJAR.CO.ID — AMBON, — Tim Penyidik Pidana Khusus (Pidsus) Kejaksaan Tinggi (Maluku) melakukan pemeriksaan terhadap tujuh nasabah Bank Rakyat Indonesia (BRI) Unit Ambon Kota, sebagai saksi dalam perkara dugaan korupsi penyelewengan keuangan BUMN pada BRI Unit Ambon Kota tahun anggaran 2023. Informasi yang berhasil diperoleh media ini, terungkap bahwa ketika diperiksa Jaksa Penyidik, para nasabah telah mengakui bahwa pengajuan dana kredit usaha senilai Rp 10 juta merupakan inisiatif dari FJ alias Fita, pegawai BRI Unit Ambon Kota. Awalnya, sekitar Februari 2023, FJ alias Fita menghubungi mereka untuk meminta bantuan meminjam Kartu Tanda Penduduk (KTP) guna pengajuan kredit usaha. Di mana, saat itu FJ alias Fita menyampaikan bahwa dia terpaksa melakukannya untuk penuhi target nasabah agar bisa naik jabatan menjadi supervisor. “Para nasabah ini memberikan KTP mereka karena FJ alias Fita menjanjikan bahwa ke depan nasabah aman dan tidak akan ditagih pihak bank untuk pembayaran angsuran, sebab semua akan dibayar oleh Fita,” beber sumber media ini yang meminta namanya dirahasiakan, Selasa, 20 Agustus 2024. Setelah kredit cair sebanyak Rp10 juta per nasabah, lanjut sumber itu, mereka disuruh FJ alias Fita untuk kembali mentransfer uang tersebut ke nomor rekening tertentu masing-masing sebesar Rp9.500.000. Dan nasabah diberikan uang masing-masing Rp250 ribu sebagai biaya ganti rugi transportasi dan uang makan selama proses kredit. Seiring berjalan waktu, tambahnya, para nasabah dihubungi oleh pihak BRI lantaran belum membayar angsuran kredit hingga lewat tanggal jatuh tempo. Padahal, sebelumnya FJ alias Fita telah berjanji bahwa dirinya yang akan membayar angsuran nasabah. “Karena merasa dirugikan, para nasabah ini menyampaikan kepada pihak BRI bahwa mereka tidak menggunakan uang kredit usaha tersebut. Dan saat uang cair, Ibu Fita langsung menyuruh nasabah mentransfer uang tersebut ke rekening tertentu,” ungkap sumber itu. “Para nasabah juga sudah didatangi pihak BRI dan telah menandatangani surat penyataan tidak menggunakan uang kredit tersebut,” tambahnya. Terkait pemeriksan tujuh nasabah tersebut, Kepala Seksi Penerangan Hukum (Kasi Penkum) dan Humas Kejati Maluku Ardy, membenarkannya. Menurutnya, pemeriksan tujuh saksi ini untuk mencari serta mengumpulkan bukti yang dengan bukti itu membuat terang tentang tindak pidana yang terjadi dan guna menemukan tersangkanya. “Yang dipanggil hari ini 20 nasabah, yang hadir delapan orang. Tujuh nasabah sudah menjalani pemeriksaan sebagai saksi, sedangkan satu nasabah lainnya sakit, sehingga tidak jadi diperiksa,” kata Ardy, kepada media ini di kantornya, Selasa, 20 Agustus 2024. Ditanya materi pemeriksaan terhadap tujuh nasabah tersebut, Ardy mengaku tidak mengetahuinya. Sebab, selain tidak diberitau oleh Jaksa Penyidik yang memeriksa para saksi, materi pemeriksaan di tahap penyidikan merupakan rahasia penyidikan. “Saya tidak tahu dan saya tidak diberitahu oleh Jaksa Penyidik yang memeriksa saksi. Namun yang pasti para saksi diperiksa sejak pukul 10.00 sampai dengan 16.30 Wit,” jelasnya. Dikatakan Ardy, penyelewengan keuangan BUMN tersebut diduga dilakukan oleh oknum pegawai BRI Unit Ambon Kota pada tahun 2023 melalui kredit fiktif dengan modus nasabah topengan, dengan tujuan untuk menguntungkan diri sendiri. “Akibat penyelewengan keuangan BUMN ini, diduga menimbulkan kerugian keuangan negara pada bank yang bersangkutan (BRI) kurang lebih sebesar Rp1,9 miliar,” pungkasnya. (RIO)"
"Kinerja Solid, BRI Sukses Jadi Bank Terbesar di Indonesia",https://m.industry.co.id/read/135486/kinerja-solid-bri-sukses-jadi-bank-terbesar-di-indonesia,2024-08-21,2024-08-20,"Rabu, 21 Agustus 2024 - 15:18 WIB  Find and Follow Us      Oleh : Candra Mata | Selasa, 20 Agustus 2024 - 06:08 WIB INDUSTRY.co.id - Jakarta - PT Bank Rakyat Indonesia (Persero) Tbk atau BRI kembali mencatatkan prestasi di industri keuangan nasional, setelah menjadi bank dengan posisi teratas dalam daftar Fortune Indonesia 100 atas kinerja tahun 2023. Dari seluruh perusahaan, BRI sendiri menempati posisi ke-4. Peringkat Fortune Indonesia 100 ini ditentukan berdasarkan pendapatan, laba bersih, aset, ekuitas, kapitalisasi pasar, dan laba bersih terhadap pendapatan. BRI yang menjadi bank dengan peringkat teratas pada daftar tersebut, tak lepas dari catatan kinerja solid pada tahun 2023, di mana Perseroan mencatat pendapatan sebesar Rp241 triliun, laba bersih sebesar Rp60,1 triliun, aset sebesar Rp1.965 triliun, ekuitas Rp311 triliun, dan kapitalisasi pasar Rp682 triliun. Sebelumnya pada Juni 2024 lalu dalam Fortune Southeast Asia 500, BRI dinobatkan sebagai perusahaan keempat terbesar untuk kategori finansial dan menduduki peringkat 15 sebagai perusahaan terbesar di Asia Tenggara.  Capaian ini menempatkan BRI sebagai bank terbesar di Indonesia sekaligus sebagai salah satu perusahaan terbesar di Asia Tenggara. Keberhasilan BRI dalam mencatatkan prestasi ini turut mendapatkan apresiasi dari Menteri BUMN RI Erick Thohir. ""Alhamdulillah 19 BUMN masuk dalam jajaran perusahaan dengan pendapatan terbesar versi Fortune Indonesia 100. Ini menunjukkan BUMN memiliki peran penting sebagai lokomotif penggerak ekonomi Indonesia,"" ujar Erick, Kamis (15/8). Pada kesempatan terpisah, Direktur Utama BRI Sunarso mengungkapkan bahwa kinerja cemerlang pada tahun 2023 dan capaian positif tersebut akan memotivasi BRI untuk kembali mencatatkan kinerja positif di tahun 2024. Hal ini terlihat dari Kinerja Keuangan BRI Group pada Triwulan II 2024 yang berhasil mencatatkan kinerja positif dan berkelanjutan. “Dengan pertumbuhan yang selektif dan prudent, dalam 6 bulan pertama tahun ini BRI secara konsolidasian berhasil mencetak laba Rp29,90 triliun”, jelasnya. Sunarso mengungkapkan bahwa kinerja positif BRI Group tersebut tak terlepas dari pertumbuhan penyaluran kredit dan penghimpunan Dana Pihak Ketiga (DPK) yang tumbuh double digit.  “Hingga akhir Triwulan II 2024, penyaluran kredit BRI tercatat Rp1.336,78 triliun atau tumbuh 11,20 persen year on year (yoy). Segmen UMKM masih mendominasi penyaluran kredit BRI, dengan porsi mencapai 81,96 persen dari total penyaluran kredit BRI, atau sekitar Rp1.095,64 triliun,” ungkap Sunarso. Sunarso menambahkan, pencapaian dan apresiasi tersebut dedikasikan kepada seluruh nasabah BRI, utamanya untuk pelaku UMKM yang menjadi tulang punggung perekonomian Indonesia, serta seluruh Insan BRILian (pekerja BRI) yang telah memberikan kontribusi terbaiknya. “Pencapaian tersebut juga akan memotivasi BRI untuk terus meng-create economic value serta men-deliver social value kepada seluruh stakeholders”, pungkasnya. Rabu, 21 Agustus 2024 - 15:12 WIB Jakarta-Digital (Eranyacloud) berkomitmen untuk membantu pelanggan dalam memberikan perlindungan data melalui produk andalan Backup Protect dan Disaster Recovery (DR). Solusi ini dapat mencegah… Rabu, 21 Agustus 2024 - 15:05 WIB Seiring dengan semakin terhubungnya dunia digital dan industri, data telah menjadi aset penting dan berharga yang menjadi dasar bagi proses operasional dan perencanaan strategis dalam berbagai… Rabu, 21 Agustus 2024 - 14:31 WIB Memahami bahwa produktivitas tenaga kerja Indonesia yang terus meningkat hingga mencapai IDR 86.55 juta per pekerja per tahun pada 2022, serta peningkatan penggunaan internet dengan 77% dari… Rabu, 21 Agustus 2024 - 14:22 WIB Vatikan-Organisasi pemuda lintas agama berkunjung ke Vatikan. Kunjungan ini menandai dimulainya kampanye Dokumen Abu Dhabi oleh kelompok ini. Rombongan dipimpin oleh Ketum GP Ansor, Addin Jauharudin… Rabu, 21 Agustus 2024 - 14:02 WIB Jakarta – Untuk memperkuat hubungan bilateral dan ekonomi antara Indonesia dan China, Kamar Dagang China bersama Peraga Expo menggelar dua pameran dengan tema berbeda yakni pameran Indonesia… Majalah Industry © Copyright 2016 - 2021 Industry.co.id. All Right Reserved  Find and Follow Us       Download Apps on  "
Produk Bank BRI Terlengkap bagi Nasabah Individu ...,https://lifepal.co.id/media/produk-bank-bri-terlengkap/,2024-08-21,2022-02-24,"Bank Rakyat Indonesia (BRI) merupakan salah satu bank di Indonesia yang memiliki kantor cabang terbanyak dan tersebar hingga ke penjuru daerah di tanah air.  Sebagai bank pelat merah, BRI menawarkan beragam produk untuk memenuhi kebutuhan jasa keuangan masyarakat Indonesia. Salah satu produk yang ditawarkan Bank BRI adalah tabungan. Tapi, tahukah kamu bahwa BRI tidak cuma menawarkan produk tabungan? Ya, BRI memiliki segudang produk yang disesuaikan dengan target nasabahnya yaitu individu, korporasi, dan UMKM. UMKM menjadi salah satu nasabah prioritas BRI karena perbankan BUMN ini memang punya fokus bisnis untuk sektor tersebut. Sekadar informasi, terdapat pula produk bank BRI syariah yang bisa disesuaikan dengan kebutuhan nasabah.  Bagi kamu yang ingin mengetahui beragam jenis tabungan hingga produk bank BRI, simak ulasan berikut ini ya! Bank BRI punya banyak produk tabungan yang ditujukan bagi nasabah individu, korporasi, dan UMKM.  Dalam melayani nasabah individu, BRI punya empat kategori produk yaitu simpanan atau tabungan, pinjaman, produk layanan perbankan, dan investasi.  Sebagian besar dari produk simpanan BRI turut memberikan perlindungan asuransi jiwa bagi nasabahnya, salah satunya adalah asuransi kecelakaan. Berikut ini masing-masing penjelasannya. Tabungan Simpedes adalah jenis tabungan masyarakat untuk nasabah individu ataupun UMKM dalam mata uang rupiah. Tabungan ini dilayani di semua kantor cabang (KC), kantor cabang pembantu (KCP), BRI Unit, Kantor Kas, dan Teras BRI. Penyetoran dan pengambilannya tidak dibatasi baik frekuensi maupun jumlahnya selama memenuhi aturan yang berlaku. Untuk membuka tabungan Simpedes pun gak sulit, hanya memerlukan KTP untuk nasabah individu. Sedangkan untuk perusahaan, kamu perlu melengkapi beberapa dokumen seperti:  AD-ART (Anggaran Dasar-Anggaran Rumah Tangga) Akte Pendirian Akte Perubahan Terakhir NPWP (Nomor Pokok Wajib Pajak) Dokumen Identitas Pengurus  Setoran awal yang harus kamu keluarkan untuk membuka tabungan Simpedes yaitu sebesar Rp100 ribu untuk jenis kartu private label atau hanya dapat digunakan pada merchant yang bekerjasama dengan BRI).  Biaya administrasi bulanannya sebesar Rp 5500 dengan dana mengendap yaitu Rp 50 ribu. Tabungan ini diperuntukan bagi para tenaga kerja Indonesia (TKI) agar mempermudah transaksi mereka termasuk untuk penyaluran/penampungan gaji TKI. Untuk membuka tabungan ini, persyaratan yang harus dipenuhi yaitu:  Setoran awal minimal Rp10 ribu Mengisi formulir pembukaan rekening Melampirkan fotokopi identitas diri (KTP/SIM/Paspor) disertai surat rekomendasi dari PPTKIS  Simpedes Usaha merupakan tabungan yang mengakomodir kebutuhan transaksi tinggi untuk pengusaha mikro. Adapun produk tabungan ini menawarkan tiga keunggulan yaitu:  Limit transaksi antar cabang (TAC) lebih tinggi dari Simpedes Umum yaitu Rp1 miliar Buku tabungan dilengkapi detail transaksi Diikutsertakan dalam Undian Simpedes.  Persyaratan mengajukan tabungan ini yaitu:  WNI Menyertakan fotokopi NPWP Menyertakan fotokopi KTP Mengisi formulir pembukaan rekening.  Sementara, biaya-biaya yang wajib kamu ketahui adalah:  Setoran awal Rp500 ribu Setoran minimum selanjutnya Rp10 ribu Biaya administrasi bulanan Rp5,- Biaya administrasi kartu ATM bulanan Rp8.500,-  Produk tabungan yang memberikan beragam kemudahan dalam melakukan transaksi perbankan.  BritAma didukung fasilitas e-banking dan sistem real time online yang akan memungkinkan nasabah untuk bertransaksi kapanpun dan dimanapun. Adapun keunggulan tabungan BritAma adalah:  Transaksi real time di lebih dari 10 ribu Unit Kerja BRI dan 23 ribu ATM BRI seluruh Indonesia Aksesibilitas kartu ATM debit BRI di jaringan BRI, ATM Bersama, Link, Prima, Cirrus, Maestro, dan MasterCard di dalam dan luar negeri Asuransi kecelakaan diri gratis hingga Rp150 juta Fasilitas e-banking termasuk mobile banking, internet banking, sms notifikasi, dll Suku bunga tabungan kompetitif.  Persyaratan membuka tabungan BritAma adalah:  Mengisi form aplikasi pembukaan rekening Melampirkan identitas diri KTP dan NPWP untuk WNI dan Paspor serta KITAS dan surat pendukung lain untuk WNA Menyertakan setoran awal Rp250 ribu.  Produk tabungan dari BRI ini memiliki desain kartu debit khusus untuk target pasar anak muda.  Selain tampilan kartu, BritAma X juga  memberikan beragam kemudahan dalam melakukan transaksi perbankan dengan didukung fasilitas e-banking dan sistem real time online yang akan memungkinkan nasabah untuk bertransaksi kapanpun dan dimanapun. Adapun keunggulan dari BritAma X ini sama dengan BritAma yaitu:  Transaksi real time di lebih dari 10 ribu Unit Kerja BRI dan 23 ribu ATM BRI seluruh Indonesia Aksesibilitas kartu ATM debit BRI di jaringan BRI, ATM Bersama, Link, Prima, Cirrus, Maestro, dan MasterCard di dalam dan luar negeri Asuransi kecelakaan diri gratis hingga Rp150 juta Fasilitas e-banking termasuk mobile banking, internet banking, sms notifikasi, dll Suku bunga tabungan kompetitif.  Sementara, persyaratan membuka tabungan BritAma X agak berbeda yaitu:  Usia 17-35 tahun Mengisi formulir aplikasi pembukaan rekening Melampirkan KTP dan NPWP untuk WNI dan Paspor atau surat keterangan pendukung lainnya untuk WNA Setoran awal mulai Rp100 ribu.  Dapatkan benefit gratis biaya rumah sakit buat satu keluarga dengan memiliki asuransi kesehatan keluarga. Beli polis asuransi di Lifepal bisa hemat hingga 25 persen. 6. BritAma Rencana Sesuai namanya, BritAma Rencana, tabungan ini hadir untuk membantu nasabah mewujudkan rencana atau impiannya seperti membeli kendaraan atau rumah.  Tabungan investasi ini memiliki setoran tetap bulanan yang dilengkapi dengan fasilitas perlindungan asuransi jiwa bagi nasabah. Terdapat dua pilihan rencana menabung yaitu BritAma Rencana Plan A dan BritAma Rencana Plan B. Untuk mendapatkan informasi lebih jelas, kamu bisa mengunjungi Kc atau KCP BRI terdekat. Adapun keunggulan dari produk tabungan BritAma Rencana adalah:  Suku bunga lebih tinggi dibandingkan tabungan umum atau biasa Setoran bulanan bebas ditentukan nasabah dengan angka minimal Rp100 ribu dan maksimal Rp5 juta. Selama masih kelipatan Rp50 ribu, kamu bisa menentukannya lho! Jangka waktunya juga bebas yaitu 1-20 tahun Tersedia manfaat asuransi jiwa hingga Rp1 miliar Tanpa pemeriksaan kesehatan atau medical check up (MCU) Gratis biaya administrasi Laporan mutasi rekening koran via email (e-statement).  Persyaratan untuk membuka tabungan ini adalah:  Usia minimal 17 tahun Mengisi formulir aplikasi pembukaan rekening Melampirkan KTP dan NPWP untuk WNI dan Paspor atau surat keterangan pendukung lainnya untuk WNA Memiliki rekening Tabungan BRI BritAma/BritAma Bisnis/Giro.  7. BritAma Valas Produk ini adalah tabungan dalam mata uang asing yang menawarkan kemudahan transaksi dan nilai tukar yang kompetitif.  Tersedia dalam 10 jenis mata uang meliputi US$, AUD, SGD, CNY, EUR, AED, HKD, JPY, SAR, dan GB. Keunggulan BritAma Valas adalah:  Aksesibilitas kartu ATM/debit BRI untuk cek saldo, tarik tunai, di semua jaringan ATM BRI, ATM Bersama, Link, Prima, Cirrus, dll Nilai tukar kompetitif Asuransi kecelakaan diri hingga Rp150 juta Penyetoran dan penarikan dapat dilakukan dalam rupiah atau mata uang asing sesuai ketersediaan mata uang di kantor BRI Memiliki fitur Installment Britama Valas Rencana.  Persyaratan membuka tabungan ini adalah:  Mengisi formulir pembukaan rekening Melampirkan KTP dan NPWP untuk WNI dan Paspor atau surat keterangan pendukung lainnya untuk WNA Membawa setoran awal yaitu US$50, AUD50, SGD65, EUR50, CNT350, AED175, HKD350, GBP50, JPY55.000, dan SAR300. Jumlah minimum ini berbeda-beda tergantung mata uang yang kamu pilih.  8. BritAma Bisnis Produk ini adalah tabungan BRI yang diutamakan untuk digunakan dalam bisnis. Kenapa diutamakan untuk bisnis?  Karena BritAma Bisnis memberikan keleluasaan lebih dalam bertransaksi, kejelasan lebih dalam pencatatan transaksi, dan keuntungan yang lebih untuk menunjang transaksi kebutuhan bisnis nasabah. Keunggulan BritAma Bisnis yaitu:  Gratis biaya administrasi bulanan dengan syarat saldo rata-rata bulanan minimal Rp5 juta Pencatatan transaksi di Buku Tabungan lebih detail Limit RTGS lewat i-banking hingga Rp1 miliar dan overbooking hingga Rp5 miliar. Transaksi real time online di lebih dari 10 ribu Unit Kerja BRI dan 23 ribu ATM BRI seluruh Indonesia Aksesibilitas kartu ATM. Debit BRI di jaringan BRI, ATM Bersama, Link, Prima, Cirrus, Maestro, dan MasterCard di dalam dan luar negeri Gratis cover asuransi kecelakaan diri hingga Rp150 juta Suku bunga BritAma Bisnis lebih tinggi dibandingkan tabungan umum.  Persyaratan membuka rekening BritAma Bisnis adalah:  Setoran awal minimal Rp1 juta Melampirkan identitas diri dan NPWP bagi WNI dan Paspor atau surat pendukung lain bagi WNA Mengisi formulir aplikasi pembukaan rekening (AR-01).  Lindungi keuanganmu dari pengeluaran yang terlalu membebani dengan santunan tunai dari asuransi penyakit kritis. Dengan adanya proteksi dari asuransi penyakit kritis, tabungan dan investasimu tetap aman. 9. Tabungan Haji Kamu yang masih muda dan berencana menjalankan rukun Islam yang kelima ini bisa memanfaatkan Tabungan Haji BRI.  Produk ini diperuntukkan bagi nasabah individu sebagai persiapan Biaya Penyelenggaraan Ibadah Haji (BPIH). Keunggulan Tabungan Haji BRi antara lain:  Gratis biaya administrasi Gratis asuransi kecelakaan dan jiwa maksimal hingga 120 persen dari saldo akhir atau Rp50 juta Terintegrasi dengan Siskohat Departemen Agama Penarikan tidak dibatasi selama memenuhi batas saldo minimum Mendapat souvenir perlengkapan haji Saldo tabungan mencapai Rp25 juta akan dibantu mendapatkan nomor validasi pendaftaran haji.  Persyaratan membuka rekening Tabungan Haji BRI yaitu:  Mengisi formulir pembukaan rekening Melampirkan KTP dan NPWP bagi WNI dan Paspor serta surat pendukung lain bagi WNA Setoran awal mulai Rp50 ribu (dalam rupiah) atau US$50 (dalam dolar Amerika Serikat).  10. Tabungan BRI Simpel Tabungan untuk siswa/pelajar yang diterbitkan oleh Bank BRI ini menawarkan kemudahan dan kesederhanaan dalam persyaratan serta fitur menarik.  Produk ini sengaja diciptakan untuk menarik minat pelajar dan melestarikan budaya menabung sejak dini. Adapun keunggulan lain dari Tabungan BRI Simpel antara lain:  Gratis biaya administrasi Setoran awal dan setoran lanjutan murah Pembukaan rekening mudah karena pelajar tidak perlu mendatangi bank Lokasi menabung tidak cuma di KC atau KCP BRi, tetapi bisa di sekolah Pembukaan rekening tanpa melalui mekanisme bundling atau harus ada rekening orang tua/wali Nama pada rekening atas nama pelajar yang menabung.  Sementara, persyaratan untuk mengajukan tabungan ini adalah:  Setoran awal mulai Rp5.000,- Melampirkan identitas siswa termasuk kartu pelajar/surat keterangan dari sekolah, fotokopi akta lahir, fotokopi kartu keluarga (KK), fotokopi KTP orang tua/wali. Mengisi formulir aplikasi pembukaan rekening Melampirkan formulir tambahan yaitu persetujuan orang tua/wali.  11. TabunganKu TabunganKu merupakan produk simpanan untuk nasabah perorangan dengan persyaratan mudah dan ringan.  Produk TabunganKu bukan hanya punya BRI ,karena TabunganKu juga diterbitkan secara bersama oleh bank-bank di Indonesia yang bertujuan untuk menumbuhkan budaya menabung serta meningkatkan kesejahteraan masyarakat. Adapun kelebihan dan kekurangan dari TabunganKu antara lain:  Mata uang dalam rupiah Bebas biaya administrasi tabungan Minimum saldo Rp20 ribu Biaya penutupan rekening Rp20 ribu Tidak tersedia kartu ATM Tarik tunai bisa dilakukan di semua kantor Bank BRI di Indonesia Tidak diperkenankan untuk rekening bersama.  12. Junio, produk Bank BRI jenis tabungan untuk anak Bagi orang tua yang ingin melatih anaknya menabung, sangat bisa menggunakan Junio. Produk dari BRI ini memang khusus untuk anak-anak dengan berbagai fitur dan fasilitas menarik khas anak-anak. Keunggulan Junio antara lain:  Transaksi real time online Kemudahan bertransaksi di lebih dari 10.500 Unit Kerja BRI dan 23 ribu ATM BRI di seluruh Indonesia Gratis cover asuransi kecelakaan diri hingga Rp150 juta Dilengkapi fitur Tabungan BRI Junio Rencana Bunga tabungan kompetitif Desain karakter khusus untuk buku tabungan dan kartu debit.  Persyaratan pembukaan tabungan Junio yaitu:  Usia anak 0-12 tahun wajib disertai orang tua yang telah memiliki rekening BRI, mengisi formulir aplikasi pembukaan rekening, melampirkan KK dan Akta Kelahiran, setoran awal mulai Rp100 ribu, fotokopi NPWP orang tua. Usia anak 12-17 tahun:mengisi formulir pembukaan rekening, melampirkan identitas diri yaitu kartu pelajar, setoran awal Rp150 ribu, pembukaan rekening disertai fotokopi KTP orang tua/wali, serta surat pernyataan dari orang tua.  Penasaran dengan berapa uang yang kamu bisa dapatkan dari menabung di bank? Cek dengan kalkulator menabung bulanan Lifepal berikut.             Kalau kamu masih punya pertanyaan terkait manfaat produk simpanan perbankan dan butuh tips pengelolaan keuangan, konsultasikan saja di Lifepal. Produk Bank BRI selain tabungan BRI juga memiliki banyak produk sesuai kebutuhan nasabah selain tabungan. Produk-produk berikut juga menjadi penopang bisnis BRI lho!  Berikut sejumlah produk bank BRI yang perlu kamu tahu dan mungkin bisa kamu manfaatkan kelak. 1. Produk asuransi BRI Sebagai instansi keuangan milik pemerintah yang unggul dalam jasa pelayanan perbankan, Bank BRI juga memiliki produk proteksi asuransi untuk seluruh masyarakat. Asuransi BRI terbagi menjadi tiga jenis produk perlindungan, yaitu:  BRI Life jiwa untuk manfaat santunan tunai untuk keluarga nasabah. BRI Life kesehatan untuk pertanggungan biaya medis di rumah sakit atau klinik. BRINS untuk perlindungan ganti rugi atas aset perusahaan dan kebutuhan lainnya.  2. Produk pinjaman BRI BRI punya banyak produk pinjaman yang bisa mewujudkan impian nasabahnya. Beberapa produk pinjaman BRI adalah:  KPR BRI: pinjaman untuk kredit pemilikan rumah, termasuk rumah subsidi. KPR BRI Syariah: pinjaman untuk kredit pemilikan rumah dengan metode syariah. KKB BRI: pinjaman untuk kepemilikan benda seperti mobil atau motor. BRIGUNA: pinjaman untuk segala kebutuhan seperti membeli mobil hingga biaya pendidikan anak. Micro: pinjaman untuk pelaku UMKM berskala kecil yang terdiri atas KUR dan KUPEDES Retail Menengah: pinjaman yang terdiri atas Kredit Modal Kerja dan Kredit Investasi. Pinjaman Program: pinjaman yang terdiri atas kredit pangan, resi gudang, dan kredit kemitraan. Kredit Waralaba: pinjaman modal kerja plus kredit investasi.  3. Produk investasi BRI Investasi juga menjadi bagian dari produk Bank BRI. Produk investasi yang tersedia di BRI terdiri atas 3 kategori yaitu Dana Pensiun Lembaga Keuangan (DPLK), reksa dana, dan Surat Berharga Negara (SBN) Ritel atau obligasi. Nah itu tadi produk Bank BRI yang ternyata gak cuma tabungan aja. Kamu bisa memilih menggunakan produk BRI yang sesuai kebutuhan ya! Sudah siap pilih? Lindungi keuanganmu dari pengeluaran yang terlalu membebani akibat mahalnya biaya berobat di rumah sakit dengan asuransi kesehatan. Asuransi kesehatan akan memberimu pertanggungan biaya medis hingga puluhan dan bahkan ratusan juta. Tips dari Lifepal! Salah satu produk yang ditawarkan Bank BRI adalah tabungan. Tapi, BRI tidak cuma menawarkan produk tabungan. BRI memiliki segudang produk yang disesuaikan dengan target nasabahnya yaitu individu, korporasi, dan UMKM. UMKM menjadi salah satu nasabah prioritas BRI karena perbankan BUMN ini memang punya fokus bisnis untuk sektor tersebut. Sekadar informasi, terdapat pula produk bank BRI syariah yang bisa disesuaikan dengan kebutuhan nasabah. Jangan lupa untuk selalu menjaga kesehatan tubuh, sebab biaya pengobatan kamu tidaklah murah. Oleh karena itu, mari mulai melakukan gaya hidup sehat. Selain itu, kamu pun tetap harus menjaminnya dengan memiliki asuransi kesehatan. Semoga informasi ini bermanfaat! Uang pertanggungan dari asuransi Produk asuransi akan memberikan uang pertanggungan (UP), berupa sejumlah uang yang akan cair jika terjadi risiko meninggal dunia. Kita bisa mengetahui nilai UP dengan menghitung Nilai Hidup Manusia. Jika kamu ingin mengetahui berapa besarannya, manfaatkan kalkulator berikut ini untuk menghitungnya:             Perlu diketahui, asuransi memiliki sejumlah risiko, terutama mengenai risiko kerugian investasi. Jika produk yang kamu pilih berbentuk unit link, maka ada risiko kerugian investasi di dalamnya. Artinya, ada kemungkinan kamu perlu membayar premi lebih lama dari ketentuan awal jika terjadi risiko kerugian tersebut. Kalau kamu tidak mengisi ulang saldo unit link yang kosong, bisa-bisa polis kamu lapse. Maka dari itu, pastikan sebelum memilih produknya kamu sudah membaca polisnya secara rinci. Mau cara yang lebih simple? Manfaatkan fitur perbandingan asuransi terbaik di Lifepal! Simak video di bawah ini untuk mendapatkan tips memilih asuransi kesehatan terbaik:  Pertanyaan seputar produk Bank BRI Apakah itu BRI Junio? Bagi orang tua yang ingin melatih anaknya menabung, sangat bisa menggunakan Junio. Produk dari BRI ini memang khusus untuk anak-anak dengan berbagai fitur dan fasilitas menarik khas anak-anak. Yuk, cek info selengkapnya di artikel ini. Kenapa penting untuk memiliki asuransi? Perlindungan finansial asuransi penting, agar tidak terbebani pengeluaran mendadak yang menguras tabungan. Pilih produk asuransi sesuai kebutuhan, yaitu asuransi kesehatan, asuransi jiwa, asuransi mobil, asuransi motor, asuransi rumah, dan lainnya. Cari tahu di Lifepal. Sesuai namanya, BritAma Rencana, tabungan ini hadir untuk membantu nasabah mewujudkan rencana atau impiannya seperti membeli kendaraan atau rumah.  Tabungan investasi ini memiliki setoran tetap bulanan yang dilengkapi dengan fasilitas perlindungan asuransi jiwa bagi nasabah. Terdapat dua pilihan rencana menabung yaitu BritAma Rencana Plan A dan BritAma Rencana Plan B. Untuk mendapatkan informasi lebih jelas, kamu bisa mengunjungi Kc atau KCP BRI terdekat. Adapun keunggulan dari produk tabungan BritAma Rencana adalah: Persyaratan untuk membuka tabungan ini adalah: Produk ini adalah tabungan dalam mata uang asing yang menawarkan kemudahan transaksi dan nilai tukar yang kompetitif.  Tersedia dalam 10 jenis mata uang meliputi US$, AUD, SGD, CNY, EUR, AED, HKD, JPY, SAR, dan GB. Keunggulan BritAma Valas adalah: Persyaratan membuka tabungan ini adalah: Produk ini adalah tabungan BRI yang diutamakan untuk digunakan dalam bisnis. Kenapa diutamakan untuk bisnis?  Karena BritAma Bisnis memberikan keleluasaan lebih dalam bertransaksi, kejelasan lebih dalam pencatatan transaksi, dan keuntungan yang lebih untuk menunjang transaksi kebutuhan bisnis nasabah. Keunggulan BritAma Bisnis yaitu: Persyaratan membuka rekening BritAma Bisnis adalah: Kamu yang masih muda dan berencana menjalankan rukun Islam yang kelima ini bisa memanfaatkan Tabungan Haji BRI.  Produk ini diperuntukkan bagi nasabah individu sebagai persiapan Biaya Penyelenggaraan Ibadah Haji (BPIH). Keunggulan Tabungan Haji BRi antara lain: Persyaratan membuka rekening Tabungan Haji BRI yaitu: Tabungan untuk siswa/pelajar yang diterbitkan oleh Bank BRI ini menawarkan kemudahan dan kesederhanaan dalam persyaratan serta fitur menarik.  Produk ini sengaja diciptakan untuk menarik minat pelajar dan melestarikan budaya menabung sejak dini. Adapun keunggulan lain dari Tabungan BRI Simpel antara lain: Sementara, persyaratan untuk mengajukan tabungan ini adalah: TabunganKu merupakan produk simpanan untuk nasabah perorangan dengan persyaratan mudah dan ringan.  Produk TabunganKu bukan hanya punya BRI ,karena TabunganKu juga diterbitkan secara bersama oleh bank-bank di Indonesia yang bertujuan untuk menumbuhkan budaya menabung serta meningkatkan kesejahteraan masyarakat. Adapun kelebihan dan kekurangan dari TabunganKu antara lain: Bagi orang tua yang ingin melatih anaknya menabung, sangat bisa menggunakan Junio. Produk dari BRI ini memang khusus untuk anak-anak dengan berbagai fitur dan fasilitas menarik khas anak-anak. Keunggulan Junio antara lain: Persyaratan pembukaan tabungan Junio yaitu: Penasaran dengan berapa uang yang kamu bisa dapatkan dari menabung di bank? Cek dengan kalkulator menabung bulanan Lifepal berikut. Kalau kamu masih punya pertanyaan terkait manfaat produk simpanan perbankan dan butuh tips pengelolaan keuangan, konsultasikan saja di Lifepal. BRI juga memiliki banyak produk sesuai kebutuhan nasabah selain tabungan. Produk-produk berikut juga menjadi penopang bisnis BRI lho!  Berikut sejumlah produk bank BRI yang perlu kamu tahu dan mungkin bisa kamu manfaatkan kelak. Sebagai instansi keuangan milik pemerintah yang unggul dalam jasa pelayanan perbankan, Bank BRI juga memiliki produk proteksi asuransi untuk seluruh masyarakat. Asuransi BRI terbagi menjadi tiga jenis produk perlindungan, yaitu: BRI punya banyak produk pinjaman yang bisa mewujudkan impian nasabahnya. Beberapa produk pinjaman BRI adalah: Investasi juga menjadi bagian dari produk Bank BRI. Produk investasi yang tersedia di BRI terdiri atas 3 kategori yaitu Dana Pensiun Lembaga Keuangan (DPLK), reksa dana, dan Surat Berharga Negara (SBN) Ritel atau obligasi. Nah itu tadi produk Bank BRI yang ternyata gak cuma tabungan aja. Kamu bisa memilih menggunakan produk BRI yang sesuai kebutuhan ya! Sudah siap pilih? Tips dari Lifepal! Salah satu produk yang ditawarkan Bank BRI adalah tabungan. Tapi, BRI tidak cuma menawarkan produk tabungan. BRI memiliki segudang produk yang disesuaikan dengan target nasabahnya yaitu individu, korporasi, dan UMKM. UMKM menjadi salah satu nasabah prioritas BRI karena perbankan BUMN ini memang punya fokus bisnis untuk sektor tersebut. Sekadar informasi, terdapat pula produk bank BRI syariah yang bisa disesuaikan dengan kebutuhan nasabah. Jangan lupa untuk selalu menjaga kesehatan tubuh, sebab biaya pengobatan kamu tidaklah murah. Oleh karena itu, mari mulai melakukan gaya hidup sehat. Selain itu, kamu pun tetap harus menjaminnya dengan memiliki asuransi kesehatan. Semoga informasi ini bermanfaat! Produk asuransi akan memberikan uang pertanggungan (UP), berupa sejumlah uang yang akan cair jika terjadi risiko meninggal dunia. Kita bisa mengetahui nilai UP dengan menghitung Nilai Hidup Manusia. Jika kamu ingin mengetahui berapa besarannya, manfaatkan kalkulator berikut ini untuk menghitungnya: Perlu diketahui, asuransi memiliki sejumlah risiko, terutama mengenai risiko kerugian investasi. Jika produk yang kamu pilih berbentuk unit link, maka ada risiko kerugian investasi di dalamnya. Artinya, ada kemungkinan kamu perlu membayar premi lebih lama dari ketentuan awal jika terjadi risiko kerugian tersebut. Kalau kamu tidak mengisi ulang saldo unit link yang kosong, bisa-bisa polis kamu lapse. Maka dari itu, pastikan sebelum memilih produknya kamu sudah membaca polisnya secara rinci. Mau cara yang lebih simple? Manfaatkan fitur perbandingan asuransi terbaik di Lifepal! Simak video di bawah ini untuk mendapatkan tips memilih asuransi kesehatan terbaik:  Apakah itu BRI Junio? Bagi orang tua yang ingin melatih anaknya menabung, sangat bisa menggunakan Junio. Produk dari BRI ini memang khusus untuk anak-anak dengan berbagai fitur dan fasilitas menarik khas anak-anak. Yuk, cek info selengkapnya di artikel ini. Kenapa penting untuk memiliki asuransi? Perlindungan finansial asuransi penting, agar tidak terbebani pengeluaran mendadak yang menguras tabungan. Pilih produk asuransi sesuai kebutuhan, yaitu asuransi kesehatan, asuransi jiwa, asuransi mobil, asuransi motor, asuransi rumah, dan lainnya. Cari tahu di Lifepal. Dapatkan Tips dan Informasi Terpercaya untuk Keuangan dan Asuransimu CIBIS 9 17th Floor jl TB Simatupang No.2 Cilandak Timur, Pasar Minggu Jakarta Selatan 12560 Copyright © 2024 Lifepal-- Dikelola oleh PT Anugrah Atma Adiguna, pialang asuransi berizin dan diawasi oleh OJK sesuai KEP-018/KMK.17/1992 dan anggota APPARINDO 060-2001/APPARINDO/2024. Lifepal berusaha untuk menyajikan informasi yang akurat dan terbaru namun dapat berbeda dari informasi yang diberikan oleh penyedia layanan / institusi keuangan. Keseluruhan informasi diberikan tanpa jaminan, kami menyarankan untuk melakukan verifikasi sebelum melakukan keputusan finansial Anda."
PT Bank Rakyat Indonesia (Persero) Tbk.,https://goletskerja.com/pt-bank-rakyat-indonesia-persero-tbk-5/,2024-08-21,2023-08-16,"Lowongan Kerja PT Bank Rakyat Indonesia (Persero) Tbk. – BRI merupakan salah satu bank milik pemerintah yang terbesar di Indonesia. Pada awalnya Bank Rakyat Indonesia (BRI) didirikan di Purwokerto, Jawa Tengah oleh Raden Bei Aria Wirjaatmadja dengan nama De Poerwokertosche Hulp en Spaarbank der Inlandsche Hoofden atau “Bank Bantuan dan Simpanan Milik Kaum Priyayi Purwokerto”, juga terkait dengan orang orang yang berkebangsaan Indonesia (pribumi). Dalam dunia kerja saat ini, persaingan untuk mendapatkan pekerjaan yang diinginkan semakin ketat. Latar belakang persaingan mencari kerja dapat menjadi sebuah tantangan bagi para pencari kerja. Pertama-tama, tingkat pengangguran yang tinggi dan jumlah pelamar yang banyak menyebabkan persaingan yang sengit. Setiap kali sebuah lowongan kerja diumumkan, sering kali ratusan bahkan ribuan orang bersaing untuk mendapatkan posisi tersebut. Dalam menghadapi persaingan ini, penting bagi para pencari kerja baik Experiece atau Fresh Graduate untuk terus mengembangkan diri dan mempersiapkan diri dengan baik. Melakukan riset tentang industri dan perusahaan yang dituju, melatih keterampilan yang diperlukan, dan mempersiapkan diri dengan baik untuk proses seleksi kerja akan meningkatkan peluang mereka untuk sukses dalam mencari pekerjaan di dunia kerja yang kompetitif ini. Goletskerja.com adalah salah satu situs penyedia informasi lowongan kerja Indonesia. kamin dalam hal ini berkonsisten untuk selalu memberikan informasi terkini tentang lowongan pekerjaan yang valid. Semua informasi lowongan kerja di goletskerja.com mulai dari perusahaan BUMN, informasi CPNS dan Perusahaan Swasta ternama, dengan kategori lowongan tingkat SMA, D3, sampai dengan S1-S2, bersumber dari halaman resmi perusahan atau social media terpercaya yang sedang membuka rekrutmen yang mencari kandidat untuk bergabung jadi salah satu bagian dari perusahaannya. PT Bank Rakyat Indonesia (Persero) Tbk. saat ini membuka lowongan kerja terbaru dalam rangka mencari calon pegawai yang siap untuk bergabung sebagai karyawan perusahaan, Siapkan segera berkas lamaran dan CV terbaru anda serta berkas-berkas pendukung lamaran lainnya. Berikut posisi dan persyaratannya, sialahkan simak dibawah ini : Kualifikasi : Persyaratan : BACA JUGA LOWONGAN PERBANKAN : Cara melamar Bagi yang berminat untuk melamar posisi ini, silahkan anda dapat DAFTAR secara online melalui tautan yang telah disediakan. Jadi, tunggu apa lagi? Jika Anda berminat untuk menjadi bagian dari PT Bank Rakyat Indonesia (Persero) Tbk. dan meraih kesuksesan dalam karir Anda, jangan lewatkan kesempatan ini. Segera Daftar melalui tauatan dibawah ini sekarang juga !  Perhatian : Baca Juga : Lowongan Kerja Untuk Lulusan SMK Terbaru Semua Jurusan Join Channel Telegram GOLETSKERJA :"
BRI Jadi Bank Terbesar Versi Fortune Indonesia 100 dan ...,https://ekonomi.republika.co.id/berita/sigcz1423/bri-jadi-bank-terbesar-versi-fortune-indonesia-100-dan-fortune-southeast-asia-500,2024-08-21,2024-08-19,"BRI berhasil menjadi bank dengan posisi teratas dalam daftar Fortune Indonesia.  REPUBLIKA.CO.ID, JAKARTA -- PT Bank Rakyat Indonesia (Persero) Tbk atau BRI kembali mencatatkan prestasi di industri keuangan nasional. BRI berhasil menjadi bank dengan posisi teratas dalam daftar Fortune Indonesia 100 atas kinerja tahun 2023. Dari seluruh Perusahaan BRI sendiri menempati posisi ke-4. Peringkat Fortune Indonesia 100 sendiri ditentukan berdasarkan pendapatan, laba bersih, asset, ekuitas, kapitalisasi pasar dan laba bersih terhadap pendapatan. 



BRI yang menjadi bank dengan peringkat teratas pada daftar tersebut, tak lepas dari catatan kinerja solid pada tahun 2023. Dimana Perseroan mencatat pendapatan sebesar Rp 241 triliun, laba bersih sebesar Rp 60,1 triliun, asset sebesar Rp 1.965 triliun, ekuitas Rp 311 triliun, dan kapitalisasi pasar Rp682 triliun.
Baca Juga
 

Cek Beragam Promo BRI 17 Agustus yang Sayang untuk Dilewatkan!
 
Ini Solusi dari BRI Danareksa Sekuritas untuk Jawab Kebutuhan Trader Pemula
 
Kampoeng Tempo Doeloe 2024 Hadir Lagi, Coba 100 Tenant Makanan Pakai Promo BRI!

 
Sebelumnya pada Juni 2024 lalu dalam Fortune Southeast Asia 500, BRI dinobatkan sebagai perusahaan keempat terbesar untuk kategori finansial dan menduduki peringkat 15 sebagai perusahaan terbesar di Asia Tenggara. Capaian ini menempatkan BRI sebagai bank terbesar di Indonesia sekaligus sebagai salah satu perusahaan terbesar di Asia Tenggara.
Keberhasilan BRI dalam mencatatkan prestasi ini turut mendapatkan apresiasi dari Menteri BUMN RI Erick Thohir. ""Alhamdulillah 19 BUMN masuk dalam jajaran perusahaan dengan pendapatan terbesar versi Fortune Indonesia 100. Ini menunjukkan BUMN memiliki peran penting sebagai lokomotif penggerak ekonomi Indonesia,"" jelas Erick dalam keterangannya, Kamis (15/8/2024). 










BRI berhasil menjadi bank dengan posisi teratas dalam daftar Fortune Indonesia 100 atas kinerja tahun 2023. - (BRI)

Pada kesempatan terpisah, Direktur Utama BRI Sunarso mengungkapkan bahwa kinerja cemerlang pada tahun 2023 dan capaian positif tersebut juga akan memotivasi BRI untuk kembali mencatatkan kinerja positif di tahun 2024. Hal ini terlihat dari Kinerja Keuangan BRI Group pada Triwulan II 2024 yang berhasil mencatatkan kinerja positif dan berkelanjutan. “Dengan pertumbuhan yang selektif dan prudent, dalam 6 bulan pertama tahun ini BRI secara konsolidasian berhasil mencetak laba Rp 29,90 triliun,” jelasnya.
Sunarso mengungkapkan bahwa kinerja positif BRI Group tersebut tak terlepas dari pertumbuhan penyaluran kredit dan penghimpunan Dana Pihak Ketiga (DPK) yang tumbuh double digit. “Hingga akhir Triwulan II 2024, penyaluran kredit BRI tercatat Rp 1.336,78 triliun atau tumbuh 11,20 persen year on year (yoy). Segmen UMKM masih mendominasi penyaluran kredit BRI, dengan porsi mencapai 81,96 persen dari total penyaluran kredit BRI, atau sekitar Rp 1.095,64 triliun,” ungkapnya.
“Pencapaian dan apresiasi tersebut kami dedikasikan kepada seluruh nasabah BRI, utamanya untuk pelaku UMKM yang menjadi tulang punggung perekonomian Indonesia, serta seluruh Insan BRILian (pekerja BRI) yang telah memberikan kontribusi terbaiknya. Pencapaian tersebut juga akan memotivasi BRI untuk terus meng-create economic value serta men-deliver social value kepada seluruh stakeholders,” ujar Sunarso.
 





			Ikuti Whatsapp Channel Republika 

 REPUBLIKA.CO.ID, JAKARTA -- PT Bank Rakyat Indonesia (Persero) Tbk atau BRI kembali mencatatkan prestasi di industri keuangan nasional. BRI berhasil menjadi bank dengan posisi teratas dalam daftar Fortune Indonesia 100 atas kinerja tahun 2023. Dari seluruh Perusahaan BRI sendiri menempati posisi ke-4. Peringkat Fortune Indonesia 100 sendiri ditentukan berdasarkan pendapatan, laba bersih, asset, ekuitas, kapitalisasi pasar dan laba bersih terhadap pendapatan. 
BRI yang menjadi bank dengan peringkat teratas pada daftar tersebut, tak lepas dari catatan kinerja solid pada tahun 2023. Dimana Perseroan mencatat pendapatan sebesar Rp 241 triliun, laba bersih sebesar Rp 60,1 triliun, asset sebesar Rp 1.965 triliun, ekuitas Rp 311 triliun, dan kapitalisasi pasar Rp682 triliun.
Baca Juga
 

Cek Beragam Promo BRI 17 Agustus yang Sayang untuk Dilewatkan!
 
Ini Solusi dari BRI Danareksa Sekuritas untuk Jawab Kebutuhan Trader Pemula
 
Kampoeng Tempo Doeloe 2024 Hadir Lagi, Coba 100 Tenant Makanan Pakai Promo BRI!

 
Sebelumnya pada Juni 2024 lalu dalam Fortune Southeast Asia 500, BRI dinobatkan sebagai perusahaan keempat terbesar untuk kategori finansial dan menduduki peringkat 15 sebagai perusahaan terbesar di Asia Tenggara. Capaian ini menempatkan BRI sebagai bank terbesar di Indonesia sekaligus sebagai salah satu perusahaan terbesar di Asia Tenggara.
Keberhasilan BRI dalam mencatatkan prestasi ini turut mendapatkan apresiasi dari Menteri BUMN RI Erick Thohir. ""Alhamdulillah 19 BUMN masuk dalam jajaran perusahaan dengan pendapatan terbesar versi Fortune Indonesia 100. Ini menunjukkan BUMN memiliki peran penting sebagai lokomotif penggerak ekonomi Indonesia,"" jelas Erick dalam keterangannya, Kamis (15/8/2024). 










BRI berhasil menjadi bank dengan posisi teratas dalam daftar Fortune Indonesia 100 atas kinerja tahun 2023. - (BRI)

Pada kesempatan terpisah, Direktur Utama BRI Sunarso mengungkapkan bahwa kinerja cemerlang pada tahun 2023 dan capaian positif tersebut juga akan memotivasi BRI untuk kembali mencatatkan kinerja positif di tahun 2024. Hal ini terlihat dari Kinerja Keuangan BRI Group pada Triwulan II 2024 yang berhasil mencatatkan kinerja positif dan berkelanjutan. “Dengan pertumbuhan yang selektif dan prudent, dalam 6 bulan pertama tahun ini BRI secara konsolidasian berhasil mencetak laba Rp 29,90 triliun,” jelasnya.
Sunarso mengungkapkan bahwa kinerja positif BRI Group tersebut tak terlepas dari pertumbuhan penyaluran kredit dan penghimpunan Dana Pihak Ketiga (DPK) yang tumbuh double digit. “Hingga akhir Triwulan II 2024, penyaluran kredit BRI tercatat Rp 1.336,78 triliun atau tumbuh 11,20 persen year on year (yoy). Segmen UMKM masih mendominasi penyaluran kredit BRI, dengan porsi mencapai 81,96 persen dari total penyaluran kredit BRI, atau sekitar Rp 1.095,64 triliun,” ungkapnya.
“Pencapaian dan apresiasi tersebut kami dedikasikan kepada seluruh nasabah BRI, utamanya untuk pelaku UMKM yang menjadi tulang punggung perekonomian Indonesia, serta seluruh Insan BRILian (pekerja BRI) yang telah memberikan kontribusi terbaiknya. Pencapaian tersebut juga akan memotivasi BRI untuk terus meng-create economic value serta men-deliver social value kepada seluruh stakeholders,” ujar Sunarso.
 





			Ikuti Whatsapp Channel Republika 

 BRI yang menjadi bank dengan peringkat teratas pada daftar tersebut, tak lepas dari catatan kinerja solid pada tahun 2023. Dimana Perseroan mencatat pendapatan sebesar Rp 241 triliun, laba bersih sebesar Rp 60,1 triliun, asset sebesar Rp 1.965 triliun, ekuitas Rp 311 triliun, dan kapitalisasi pasar Rp682 triliun. 
Sebelumnya pada Juni 2024 lalu dalam Fortune Southeast Asia 500, BRI dinobatkan sebagai perusahaan keempat terbesar untuk kategori finansial dan menduduki peringkat 15 sebagai perusahaan terbesar di Asia Tenggara. Capaian ini menempatkan BRI sebagai bank terbesar di Indonesia sekaligus sebagai salah satu perusahaan terbesar di Asia Tenggara.
Keberhasilan BRI dalam mencatatkan prestasi ini turut mendapatkan apresiasi dari Menteri BUMN RI Erick Thohir. ""Alhamdulillah 19 BUMN masuk dalam jajaran perusahaan dengan pendapatan terbesar versi Fortune Indonesia 100. Ini menunjukkan BUMN memiliki peran penting sebagai lokomotif penggerak ekonomi Indonesia,"" jelas Erick dalam keterangannya, Kamis (15/8/2024). 










BRI berhasil menjadi bank dengan posisi teratas dalam daftar Fortune Indonesia 100 atas kinerja tahun 2023. - (BRI)

Pada kesempatan terpisah, Direktur Utama BRI Sunarso mengungkapkan bahwa kinerja cemerlang pada tahun 2023 dan capaian positif tersebut juga akan memotivasi BRI untuk kembali mencatatkan kinerja positif di tahun 2024. Hal ini terlihat dari Kinerja Keuangan BRI Group pada Triwulan II 2024 yang berhasil mencatatkan kinerja positif dan berkelanjutan. “Dengan pertumbuhan yang selektif dan prudent, dalam 6 bulan pertama tahun ini BRI secara konsolidasian berhasil mencetak laba Rp 29,90 triliun,” jelasnya.
Sunarso mengungkapkan bahwa kinerja positif BRI Group tersebut tak terlepas dari pertumbuhan penyaluran kredit dan penghimpunan Dana Pihak Ketiga (DPK) yang tumbuh double digit. “Hingga akhir Triwulan II 2024, penyaluran kredit BRI tercatat Rp 1.336,78 triliun atau tumbuh 11,20 persen year on year (yoy). Segmen UMKM masih mendominasi penyaluran kredit BRI, dengan porsi mencapai 81,96 persen dari total penyaluran kredit BRI, atau sekitar Rp 1.095,64 triliun,” ungkapnya.
“Pencapaian dan apresiasi tersebut kami dedikasikan kepada seluruh nasabah BRI, utamanya untuk pelaku UMKM yang menjadi tulang punggung perekonomian Indonesia, serta seluruh Insan BRILian (pekerja BRI) yang telah memberikan kontribusi terbaiknya. Pencapaian tersebut juga akan memotivasi BRI untuk terus meng-create economic value serta men-deliver social value kepada seluruh stakeholders,” ujar Sunarso.
 





			Ikuti Whatsapp Channel Republika 

 Sebelumnya pada Juni 2024 lalu dalam Fortune Southeast Asia 500, BRI dinobatkan sebagai perusahaan keempat terbesar untuk kategori finansial dan menduduki peringkat 15 sebagai perusahaan terbesar di Asia Tenggara. Capaian ini menempatkan BRI sebagai bank terbesar di Indonesia sekaligus sebagai salah satu perusahaan terbesar di Asia Tenggara. 
Keberhasilan BRI dalam mencatatkan prestasi ini turut mendapatkan apresiasi dari Menteri BUMN RI Erick Thohir. ""Alhamdulillah 19 BUMN masuk dalam jajaran perusahaan dengan pendapatan terbesar versi Fortune Indonesia 100. Ini menunjukkan BUMN memiliki peran penting sebagai lokomotif penggerak ekonomi Indonesia,"" jelas Erick dalam keterangannya, Kamis (15/8/2024). 










BRI berhasil menjadi bank dengan posisi teratas dalam daftar Fortune Indonesia 100 atas kinerja tahun 2023. - (BRI)

Pada kesempatan terpisah, Direktur Utama BRI Sunarso mengungkapkan bahwa kinerja cemerlang pada tahun 2023 dan capaian positif tersebut juga akan memotivasi BRI untuk kembali mencatatkan kinerja positif di tahun 2024. Hal ini terlihat dari Kinerja Keuangan BRI Group pada Triwulan II 2024 yang berhasil mencatatkan kinerja positif dan berkelanjutan. “Dengan pertumbuhan yang selektif dan prudent, dalam 6 bulan pertama tahun ini BRI secara konsolidasian berhasil mencetak laba Rp 29,90 triliun,” jelasnya.
Sunarso mengungkapkan bahwa kinerja positif BRI Group tersebut tak terlepas dari pertumbuhan penyaluran kredit dan penghimpunan Dana Pihak Ketiga (DPK) yang tumbuh double digit. “Hingga akhir Triwulan II 2024, penyaluran kredit BRI tercatat Rp 1.336,78 triliun atau tumbuh 11,20 persen year on year (yoy). Segmen UMKM masih mendominasi penyaluran kredit BRI, dengan porsi mencapai 81,96 persen dari total penyaluran kredit BRI, atau sekitar Rp 1.095,64 triliun,” ungkapnya.
“Pencapaian dan apresiasi tersebut kami dedikasikan kepada seluruh nasabah BRI, utamanya untuk pelaku UMKM yang menjadi tulang punggung perekonomian Indonesia, serta seluruh Insan BRILian (pekerja BRI) yang telah memberikan kontribusi terbaiknya. Pencapaian tersebut juga akan memotivasi BRI untuk terus meng-create economic value serta men-deliver social value kepada seluruh stakeholders,” ujar Sunarso.
 





			Ikuti Whatsapp Channel Republika 

 Keberhasilan BRI dalam mencatatkan prestasi ini turut mendapatkan apresiasi dari Menteri BUMN RI Erick Thohir. ""Alhamdulillah 19 BUMN masuk dalam jajaran perusahaan dengan pendapatan terbesar versi Fortune Indonesia 100. Ini menunjukkan BUMN memiliki peran penting sebagai lokomotif penggerak ekonomi Indonesia,"" jelas Erick dalam keterangannya, Kamis (15/8/2024). 

BRI berhasil menjadi bank dengan posisi teratas dalam daftar Fortune Indonesia 100 atas kinerja tahun 2023. - (BRI)

Pada kesempatan terpisah, Direktur Utama BRI Sunarso mengungkapkan bahwa kinerja cemerlang pada tahun 2023 dan capaian positif tersebut juga akan memotivasi BRI untuk kembali mencatatkan kinerja positif di tahun 2024. Hal ini terlihat dari Kinerja Keuangan BRI Group pada Triwulan II 2024 yang berhasil mencatatkan kinerja positif dan berkelanjutan. “Dengan pertumbuhan yang selektif dan prudent, dalam 6 bulan pertama tahun ini BRI secara konsolidasian berhasil mencetak laba Rp 29,90 triliun,” jelasnya.
Sunarso mengungkapkan bahwa kinerja positif BRI Group tersebut tak terlepas dari pertumbuhan penyaluran kredit dan penghimpunan Dana Pihak Ketiga (DPK) yang tumbuh double digit. “Hingga akhir Triwulan II 2024, penyaluran kredit BRI tercatat Rp 1.336,78 triliun atau tumbuh 11,20 persen year on year (yoy). Segmen UMKM masih mendominasi penyaluran kredit BRI, dengan porsi mencapai 81,96 persen dari total penyaluran kredit BRI, atau sekitar Rp 1.095,64 triliun,” ungkapnya.
“Pencapaian dan apresiasi tersebut kami dedikasikan kepada seluruh nasabah BRI, utamanya untuk pelaku UMKM yang menjadi tulang punggung perekonomian Indonesia, serta seluruh Insan BRILian (pekerja BRI) yang telah memberikan kontribusi terbaiknya. Pencapaian tersebut juga akan memotivasi BRI untuk terus meng-create economic value serta men-deliver social value kepada seluruh stakeholders,” ujar Sunarso.
 





			Ikuti Whatsapp Channel Republika 

 Pada kesempatan terpisah, Direktur Utama BRI Sunarso mengungkapkan bahwa kinerja cemerlang pada tahun 2023 dan capaian positif tersebut juga akan memotivasi BRI untuk kembali mencatatkan kinerja positif di tahun 2024. Hal ini terlihat dari Kinerja Keuangan BRI Group pada Triwulan II 2024 yang berhasil mencatatkan kinerja positif dan berkelanjutan. “Dengan pertumbuhan yang selektif dan prudent, dalam 6 bulan pertama tahun ini BRI secara konsolidasian berhasil mencetak laba Rp 29,90 triliun,” jelasnya. 
Sunarso mengungkapkan bahwa kinerja positif BRI Group tersebut tak terlepas dari pertumbuhan penyaluran kredit dan penghimpunan Dana Pihak Ketiga (DPK) yang tumbuh double digit. “Hingga akhir Triwulan II 2024, penyaluran kredit BRI tercatat Rp 1.336,78 triliun atau tumbuh 11,20 persen year on year (yoy). Segmen UMKM masih mendominasi penyaluran kredit BRI, dengan porsi mencapai 81,96 persen dari total penyaluran kredit BRI, atau sekitar Rp 1.095,64 triliun,” ungkapnya.
“Pencapaian dan apresiasi tersebut kami dedikasikan kepada seluruh nasabah BRI, utamanya untuk pelaku UMKM yang menjadi tulang punggung perekonomian Indonesia, serta seluruh Insan BRILian (pekerja BRI) yang telah memberikan kontribusi terbaiknya. Pencapaian tersebut juga akan memotivasi BRI untuk terus meng-create economic value serta men-deliver social value kepada seluruh stakeholders,” ujar Sunarso.
 





			Ikuti Whatsapp Channel Republika 

 Sunarso mengungkapkan bahwa kinerja positif BRI Group tersebut tak terlepas dari pertumbuhan penyaluran kredit dan penghimpunan Dana Pihak Ketiga (DPK) yang tumbuh double digit. “Hingga akhir Triwulan II 2024, penyaluran kredit BRI tercatat Rp 1.336,78 triliun atau tumbuh 11,20 persen year on year (yoy). Segmen UMKM masih mendominasi penyaluran kredit BRI, dengan porsi mencapai 81,96 persen dari total penyaluran kredit BRI, atau sekitar Rp 1.095,64 triliun,” ungkapnya. 
“Pencapaian dan apresiasi tersebut kami dedikasikan kepada seluruh nasabah BRI, utamanya untuk pelaku UMKM yang menjadi tulang punggung perekonomian Indonesia, serta seluruh Insan BRILian (pekerja BRI) yang telah memberikan kontribusi terbaiknya. Pencapaian tersebut juga akan memotivasi BRI untuk terus meng-create economic value serta men-deliver social value kepada seluruh stakeholders,” ujar Sunarso.
 





			Ikuti Whatsapp Channel Republika 

 “Pencapaian dan apresiasi tersebut kami dedikasikan kepada seluruh nasabah BRI, utamanya untuk pelaku UMKM yang menjadi tulang punggung perekonomian Indonesia, serta seluruh Insan BRILian (pekerja BRI) yang telah memberikan kontribusi terbaiknya. Pencapaian tersebut juga akan memotivasi BRI untuk terus meng-create economic value serta men-deliver social value kepada seluruh stakeholders,” ujar Sunarso. 
 





			Ikuti Whatsapp Channel Republika 

   (QS. Al-An'am ayat 96) Jl. Warung Buncit Raya No 37 Jakarta Selatan 12510  Phone: 021 780 3747  Email:
[email protected] (Redaksi)
[email protected] ( Marketing ) 
[email protected] ( Kerjasama ) 
[email protected] ( Customer Care )
           Copyright © 2023. Republika.co.id. All rights reserved."
